ID_LOTE,TIPO_SIEMBRA,SEM_TRATADAS,MATERIAL_GENETICO,CULT_ANT,DRENAJE,METODO_COSECHA,ALMACENAMIENTO_FINCA,DIAS_EN_EMERGER,DIAS_EN_EMERGER_A_FLORECER,DIAS_EN_FLORECER_A_COSECHAR,POBLACION_20DIAS_AJT,ALTURA_LOT,ContEnfQui_Emer_Flor,ContEnfQui_Flor_Cose,ContMalMec_Siem_Emer,ContMalMec_Emer_Flor,ContMalMec_Flor_Cose,ContMalQui_Antes_Siem,ContMalQui_Siem_Emer,ContMalQui_Emer_Flor,ContMalQui_Flor_Cose,ContPlaQui_Antes_Siem,ContPlaQui_Siem_Emer,ContPlaQui_Emer_Flor,ContPlaQui_Flor_Cose,TotN_Antes_Siem,TotN_Siem_Emer,TotN_Emer_Flor,TotP_Antes_Siem,TotP_Siem_Emer,TotP_Emer_Flor,TotK_Antes_Siem,TotK_Siem_Emer,TotK_Emer_Flor,FerOrg_Emer_Flor,FerQui_Antes_Siem,FerQui_Siem_Emer,FerQui_Emer_Flor,PENDIENTE_RASTA,TERRENO_CIRCUN_RASTA,POSICION_PERFIL_RASTA,NO_CAPAS_RASTA,PH_RASTA,PEDREG_PERFIL_ROCAS,CAP_ENDURE_RASTA,PROFUND_CAP_ENDURE_RASTA,ESPESOR_CAP_ENDURE_RASTA,MOTEADOS_RASTA,PROFUND_MOTEADOS_RASTA,MOTEADOS_MAS70cm_RASTA,ESTRUCTURA_RASTA,OBSERVA_EROSION_RASTA,OBSERVA_MOHO_RASTA,OBSERVA_COSTRAS_DURAS_RASTA,SITIO_EXPUESTO_SOL_RASTA,OBSERVA_COSTRAS_BLANCAS_RASTA,OBSERVA_COSTAS_NEGRAS_RASTA,REGION_SECA_ARIDA_RASTA,OBSERVA_RAICES_VIVAS_RASTA,PROFUND_RAICES_VIVAS_RASTA,OBSERVA_PLANTAS_PEQUENAS_RASTA,OBSERVA_HOJARASCA_MO_RASTA,SUELO_NEGRO_BLANDO_RASTA,CUCHILLO_PRIMER_HTE_RASTA,CERCA_RIOS_QUEBRADAS_RASTA,RECUBRIMIENTO_VEGETAL_SUELO_RASTA,prof_efectiva,d_interno,drenaje_externo,Porc_A,Porc_Ar,Porc_ArA,Porc_ArL,Porc_FrL,Porc_L,Porc_F,porc_x,porc_y,Porc_AF,Porc_BLANDO,Porc_DURO,Porc_EXT_DURO,Porc_FRIABLE,Porc_FIRME,Porc_EXT_FIRME,Porc_PLASTICO,Porc_MUY_PLASTICO,Temp_Max_Avg_Veg,Temp_Min_Avg_Veg,Temp_Avg_Veg,Diurnal_Range_Avg_Veg,Sol_Ener_Accu_Veg,Temp_Max_34_Freq_Veg,Rain_Accu_Veg,Rain_10_Freq_Veg,Rhum_Avg_Veg,Temp_Max_Avg_For,Temp_Min_Avg_For,Temp_Avg_For,Diurnal_Range_Avg_For,Sol_Ener_Accu_For,Temp_Max_34_Freq_For,Rain_Accu_For,Rain_10_Freq_For,Rhum_Avg_For,Temp_Max_Avg_Mad,Temp_Min_Avg_Mad,Temp_Avg_Mad,Diurnal_Range_Avg_Mad,Sol_Ener_Accu_Mad,Temp_Max_34_Freq_Mad,Rain_Accu_Mad,Rain_10_Freq_Mad,Rhum_Avg_Mad,RDT_AJUSTADO
1910,Manual,NO,Otro,Algodon,SI,Manual,SI,5,46,74,73000,18,0,0,0,0,0,0,1,0,0,0,1,5,0,0,0,57.5,0,0,0,0,0,0,0,0,0,1,4,PLANO O LLANO,PLANO,2,6,SIN ROCAS,NO,-1,-1,NO,-1,NO,GRANULAR,NO,NO,NO HAY,LA MANIANA Y LA TARDE,NO HAY,NO HAY,NO,SI,34,PLANTAS NORMALES,NO,NO,SI,NO,ESPACIADO,60,BUENO,LENTO,0,0,0,0,0,0,0,61.67,38.33,0,0,0,0,100,0,0,0,0,33.83,24.73,29.28,9.1,15505.82,0.42,118.3,0.08,79.27,33.99,24.42,29.2,9.57,22471.86,0.48,306.2,0.19,80.25,33.41,24.48,28.94,8.94,10617.2,0.36,54.8,0.07,82.21,4576.74
1977,Mecanizado,SI,P3966 (Pioneer),Algodon,SI,Manual,SI,5,45,98,60000,10,0,0,0,0,0,0,0,0,1,0,0,0,1,0,0,92,0,0,0,0,0,90,0,0,0,3,1,PLANO O LLANO,PLANO,2,5,SIN ROCAS,NO,-1,-1,NO,-1,NO,ATERRONADA,NO,NO,POCO MARCADAS,LA MANIANA Y LA TARDE,NO HAY,NO HAY,NO,SI,35,PLANTAS NORMALES,NO,NO,SI,SI,MUY BUENO,60,BUENO,NINGUNO,0,0,0,0,58.33,41.67,0,0,0,0,0,100,0,0,0,0,0,0,33.99,24.71,29.35,9.28,15239.28,0.6,189.1,0.15,79.5,34.26,24.68,29.47,9.59,22480.59,0.5,253.4,0.14,78.98,33.72,24.51,29.12,9.21,19483.4,0.43,142.1,0.12,81.22,4465.12
2006,Mecanizado,NO,P4082 (Pioneer),Algodon,SI,Manual,SI,5,48,78,72000,17,0,0,0,0,0,0,1,1,0,0,0,2,0,0,0,92,0,0,0,0,0,60,0,0,0,4,4,PLANO O LLANO,PLANO,2,5.5,SIN ROCAS,NO,-1,-1,NO,-1,NO,GRANULAR,NO,NO,NO HAY,LA MANIANA Y LA TARDE,NO HAY,NO HAY,NO,SI,24,PLANTAS NORMALES,NO,NO,SI,NO,ESPACIADO,60,BUENO,LENTO,0,0,0,0,0,0,0,100,0,0,0,0,0,100,0,0,0,0,33.22,24.32,28.77,8.9,14930.25,0.35,181.3,0.12,80.62,34.39,24.58,29.49,9.82,22703.7,0.55,272.6,0.16,79.3,33.34,24.47,28.91,8.87,12858.1,0.32,88.6,0.12,82.18,4991.86
2093,Mecanizado,SI,Otro,Algodon,SI,Manual,SI,5,45,79,71000,18,0,0,0,0,0,0,2,0,0,0,0,2,0,0,0,92,0,0,0,0,0,30,0,0,0,3,5,PLANO O LLANO,PLANO,2,6,SIN ROCAS,NO,-1,-1,NO,-1,NO,GRANULAR,NO,NO,NO HAY,LA MANIANA Y LA TARDE,NO HAY,NO HAY,NO,SI,31,PLANTAS NORMALES,NO,NO,SI,NO,ESPACIADO,60,BUENO,LENTO,0,0,0,0,0,0,0,56.67,43.33,0,0,0,0,100,0,0,0,0,33.22,24.32,28.77,8.9,14930.25,0.35,181.3,0.12,80.62,34.39,24.58,29.49,9.82,22703.7,0.55,272.6,0.16,79.3,33.31,24.41,28.86,8.9,12072.78,0.31,88.6,0.12,82.19,4672.09
2096,Mecanizado,NO,Otro,Algodon,SI,Manual,SI,5,46,75,70000,18,0,0,0,0,0,0,0,1,0,0,0,6,0,0,0,161,0,0,0,0,0,0,0,0,0,3,4,PLANO O LLANO,PLANO,2,5.5,SIN ROCAS,NO,-1,-1,NO,-1,NO,GRANULAR,NO,NO,NO HAY,LA MANIANA Y LA TARDE,NO HAY,NO HAY,NO,SI,33,PLANTAS NORMALES,NO,NO,SI,NO,ESPACIADO,60,BUENO,LENTO,0,0,0,0,0,0,0,100,0,0,0,0,0,100,0,0,0,0,33.36,24.43,28.9,8.93,15294.89,0.35,145.1,0.1,80.39,34.24,24.49,29.37,9.76,22731.08,0.52,272.6,0.16,79.59,33.28,24.55,28.91,8.73,10746.67,0.34,88.6,0.14,82.31,4576.74
2174,Mecanizado,NO,DK 234,Maiz,SI,Manual,SI,5,77,49,60000,12,0,0,0,0,0,0,0,0,0,0,0,1,0,0,0,46,0,0,0,0,0,30,0,0,0,2,1,PLANO O LLANO,PLANO,1,4.5,SIN ROCAS,NO,-1,-1,NO,-1,NO,GRANULAR,NO,NO,NO HAY,LA MANIANA Y LA TARDE,NO HAY,NO HAY,NO,SI,34,PLANTAS NORMALES,NO,NO,SI,NO,BUENO,50,BUENO,NINGUNO,0,0,0,0,0,0,100,0,0,0,0,0,0,100,0,0,0,0,33.84,24.68,29.25,9.16,15328.78,0.55,191.8,0.15,80.22,34.28,24.69,29.49,9.58,22473.5,0.52,258.5,0.14,79.12,33.64,24.34,28.99,9.3,13056,0.38,118.1,0.18,81.01,4767.44
2262,Mecanizado,SI,PAC 105,Algodon,SI,Manual,SI,5,47,77,60000,13,0,0,0,0,0,0,0,0,0,0,0,1,0,0,0,184,0,0,0,0,0,150,0,0,0,4,1,PLANO O LLANO,PLANO,2,6,SIN ROCAS,NO,-1,-1,NO,-1,NO,GRANULAR,NO,NO,NO HAY,LA MANIANA Y LA TARDE,NO HAY,NO HAY,NO,SI,27,PLANTAS NORMALES,NO,NO,SI,NO,BUENO,45,BUENO,NINGUNO,0,0,0,0,0,0,66.67,33.33,0,0,0,0,0,100,0,0,0,0,34.37,24.89,29.63,9.48,15771.34,0.52,98.2,0.05,77.97,33.68,24.32,29,9.36,22303.83,0.41,317.6,0.21,81.01,33.35,24.57,28.96,8.78,12089.89,0.41,74.7,0.06,82.69,3906.98
2265,Mecanizado,SI,DK 234,Algodon,SI,Manual,SI,4,46,77,66000,13,1,0,0,0,0,0,0,0,0,0,0,0,0,0,0,184,0,0,0,0,0,120,0,0,0,4,1,PLANO O LLANO,PLANO,1,5,SIN ROCAS,SI,30,10,NO,-1,NO,ATERRONADA,NO,NO,NO HAY,LA MANIANA Y LA TARDE,NO HAY,NO HAY,NO,SI,25,POCO AFECTADAS,NO,NO,SI,NO,REGULAR,30,BUENO,NINGUNO,0,0,0,0,0,0,100,0,0,0,0,0,0,100,0,0,0,0,33.33,24.45,28.89,8.88,14920.64,0.42,165.5,0.12,80.83,34.64,24.87,29.75,9.77,22906.79,0.62,260.5,0.14,78.57,33.38,24.14,28.76,9.24,11411.2,0.27,116.8,0.2,81.78,2604.65
2340,Mecanizado,SI,Otro,Algodon,SI,Manual,NO,5,46,79,71000,16,2,0,0,0,0,0,2,2,0,0,1,2,0,0,0,69,0,0,15,0,0,38,0,0,0,6,4,PLANO O LLANO,PLANO,2,5.5,SIN ROCAS,NO,-1,-1,NO,-1,NO,GRANULAR,NO,NO,NO HAY,LA MANIANA Y LA TARDE,NO HAY,NO HAY,NO,SI,20,PLANTAS NORMALES,NO,NO,NO,NO,ESPACIADO,60,BUENO,LENTO,0,0,0,0,0,0,0,100,0,0,58.33,41.67,0,0,0,0,0,0,34.22,24.82,29.52,9.4,15785.73,0.5,98.2,0.05,78.29,33.78,24.32,29.05,9.46,22356.15,0.43,306.6,0.19,80.77,33.5,24.64,29.07,8.86,12539.89,0.42,85.7,0.09,82.42,5804.65
2360,Mecanizado,SI,Otro,Algodon,SI,Manual,SI,5,48,79,71000,16,1,0,0,0,0,0,2,1,0,0,1,1,0,0,0,92,0,0,0,0,0,60,0,0,0,4,4,PLANO O LLANO,PLANO,2,5.5,SIN ROCAS,NO,-1,-1,NO,-1,NO,GRANULAR,NO,NO,NO HAY,LA MANIANA Y LA TARDE,NO HAY,NO HAY,NO,SI,23,PLANTAS NORMALES,NO,NO,SI,NO,ESPACIADO,60,BUENO,LENTO,0,0,0,0,0,0,0,100,0,0,0,0,0,100,0,0,0,0,33.32,24.36,28.84,8.96,14658.39,0.4,198.3,0.15,80.7,34.56,24.82,29.69,9.74,22774.85,0.6,227.2,0.12,78.69,33.55,24.32,28.94,9.23,13408.14,0.34,122.6,0.17,81.53,5511.63
2422,Mecanizado,SI,Otro,Algodon,SI,Manual,NO,5,47,70,70000,14,0,0,0,0,0,0,2,1,0,0,0,4,0,0,0,92,0,0,0,0,0,30,0,0,0,3,5,PLANO O LLANO,PLANO,2,6,SIN ROCAS,NO,-1,-1,NO,-1,NO,GRANULAR,NO,NO,NO HAY,LA MANIANA Y LA TARDE,NO HAY,NO HAY,NO,SI,30,PLANTAS NORMALES,NO,NO,SI,NO,ESPACIADO,60,BUENO,LENTO,0,0,0,0,0,0,0,100,0,0,0,0,0,100,0,0,0,0,34.51,24.98,29.74,9.53,15623.6,0.55,98.2,0.05,77.74,33.62,24.27,28.95,9.35,22322.2,0.4,322.7,0.21,81.13,33.33,24.62,28.98,8.7,9308.23,0.4,39.6,0.04,82.72,3337.21
2436,Mecanizado,NO,NK254 (Syngenta),Algodon,SI,Manual,NO,5,46,66,70000,14,0,0,0,0,0,0,2,1,0,0,0,3,0,0,0,92,0,0,0,0,0,0,0,0,0,3,5,PLANO O LLANO,PLANO,2,6,SIN ROCAS,NO,-1,-1,NO,-1,NO,GRANULAR,NO,NO,NO HAY,LA MANIANA Y LA TARDE,NO HAY,NO HAY,NO,SI,32,PLANTAS NORMALES,NO,NO,SI,NO,ESPACIADO,60,BUENO,LENTO,0,0,0,0,0,0,0,100,0,0,0,0,0,100,0,0,0,0,34.83,25.02,29.92,9.81,15882,0.6,62,0.05,77.14,33.5,24.29,28.9,9.2,21864.16,0.36,320.7,0.21,81.9,33.39,24.67,29.03,8.72,7495.14,0.45,28.3,0,82.15,3337.21
2439,Mecanizado,NO,P3966 (Pioneer),Algodon,SI,Manual,SI,5,47,84,70000,16,1,0,0,0,0,0,2,1,0,0,1,3,0,0,0,92,0,0,0,0,0,60,0,0,0,4,4,PLANO O LLANO,PLANO,2,5.5,SIN ROCAS,NO,-1,-1,NO,-1,NO,GRANULAR,NO,NO,NO HAY,LA MANIANA Y LA TARDE,NO HAY,NO HAY,NO,SI,24,PLANTAS NORMALES,NO,NO,SI,NO,ESPACIADO,60,BUENO,LENTO,0,0,0,0,0,0,0,43.33,56.67,0,0,0,0,100,0,0,0,0,33.32,24.31,28.82,9.01,14614.81,0.38,198.3,0.15,80.5,34.41,24.67,29.54,9.74,22731.31,0.55,260.1,0.14,79.23,33.34,24.43,28.89,8.91,14769.07,0.36,102.4,0.13,82.13,4238.37
2444,Mecanizado,NO,PAC 105,Algodon,SI,Manual,SI,5,46,70,70000,16,1,0,0,0,0,0,1,0,0,0,0,1,0,0,0,96,0,0,2.5,0,0,60,0,0,0,5,4,PLANO O LLANO,PLANO,2,6,SIN ROCAS,NO,-1,-1,NO,-1,NO,GRANULAR,NO,NO,NO HAY,LA MANIANA Y LA TARDE,NO HAY,NO HAY,NO,SI,18,PLANTAS NORMALES,NO,NO,SI,NO,ESPACIADO,60,BUENO,LENTO,0,0,0,0,0,0,0,100,0,0,0,0,0,100,0,0,0,0,33.83,24.73,29.28,9.1,15505.82,0.42,118.3,0.08,79.27,33.99,24.42,29.2,9.57,22471.86,0.48,306.2,0.19,80.25,33.42,24.43,28.93,9,9073.59,0.38,50.3,0.08,82.08,4625.58
2468,Manual,NO,Otro,Algodon,SI,Manual,SI,5,47,83,70000,14,0,0,0,0,0,1,0,1,0,0,0,0,0,0,0,69,0,0,0,0,0,60,0,0,0,4,4,PLANO O LLANO,PLANO,2,5.5,SIN ROCAS,NO,-1,-1,NO,-1,NO,GRANULAR,NO,NO,NO HAY,LA MANIANA Y LA TARDE,NO HAY,NO HAY,NO,SI,24,PLANTAS NORMALES,NO,NO,SI,NO,ESPACIADO,60,BUENO,LENTO,0,0,0,0,0,0,0,48.33,51.67,0,0,0,0,100,0,0,0,0,33.31,24.36,28.83,8.95,15132.61,0.35,181.1,0.12,80.44,34.32,24.54,29.43,9.77,22715.79,0.53,272.6,0.16,79.46,33.32,24.55,28.94,8.77,14238.78,0.37,98.7,0.11,82.39,5441.86
2474,Mecanizado,NO,P4082 (Pioneer),Algodon,SI,Manual,SI,5,48,71,67000,14,0,0,0,0,0,0,1,1,0,0,0,1,0,0,0,46,0,0,0,0,0,60,0,0,0,4,4,PLANO O LLANO,PLANO,2,5.5,SIN ROCAS,NO,-1,-1,NO,-1,NO,GRANULAR,NO,NO,NO HAY,LA MANIANA Y LA TARDE,NO HAY,NO HAY,NO,SI,24,PLANTAS NORMALES,NO,NO,SI,NO,ESPACIADO,60,BUENO,LENTO,0,0,0,0,0,0,0,48.33,51.67,0,0,0,0,100,0,0,0,0,34.22,24.82,29.52,9.4,15785.73,0.5,98.2,0.05,78.29,33.78,24.32,29.05,9.46,22356.15,0.43,306.6,0.19,80.77,33.39,24.65,29.02,8.74,10075.15,0.37,55.7,0.07,82.56,4767.44
2478,Mecanizado,NO,Otro,Algodon,SI,Manual,SI,5,47,76,65000,13,0,0,0,0,0,1,0,1,0,0,0,1,0,0,0,92,0,0,0,0,0,30,0,0,0,3,4,PLANO O LLANO,PLANO,2,5.5,SIN ROCAS,NO,-1,-1,NO,-1,NO,GRANULAR,NO,NO,NO HAY,LA MANIANA Y LA TARDE,NO HAY,NO HAY,NO,SI,20,PLANTAS NORMALES,NO,NO,SI,NO,ESPACIADO,60,BUENO,LENTO,0,0,0,0,0,0,0,38.33,61.67,0,0,0,0,61.67,38.33,0,0,0,34.37,24.89,29.63,9.48,15771.34,0.52,98.2,0.05,77.97,33.68,24.32,29,9.36,22303.83,0.41,317.6,0.21,81.01,33.45,24.58,29.01,8.86,11771.42,0.42,74.7,0.06,82.55,4576.74
2479,Mecanizado,NO,P3966 (Pioneer),Algodon,SI,Manual,NO,5,46,84,71000,16,1,0,0,0,0,0,2,1,0,0,1,3,0,0,0,68.75,0,0,8.75,0,0,72.5,0,0,0,2,5,PLANO O LLANO,LADERA PLANA,2,6,SIN ROCAS,NO,-1,-1,NO,-1,NO,GRANULAR,NO,NO,NO HAY,LA MANIANA Y LA TARDE,NO HAY,NO HAY,NO,SI,25,PLANTAS NORMALES,NO,NO,SI,NO,ESPACIADO,60,BUENO,LENTO,0,0,0,0,0,0,0,100,0,0,0,0,0,51.67,48.33,0,0,0,33.22,24.32,28.77,8.9,14930.25,0.35,181.3,0.12,80.62,34.39,24.58,29.49,9.82,22703.7,0.55,272.6,0.16,79.3,33.26,24.47,28.87,8.79,14287.47,0.34,98.7,0.11,82.47,4684.88
2502,Mecanizado,NO,DK 234,Maiz,SI,Manual,SI,6,50,83,60000,13,0,0,0,0,0,0,0,0,0,0,0,1,0,0,0,161,0,0,0,0,0,30,0,0,0,3,1.3,ONDULADO,PLANO CON ONDULACIONES,2,6,SIN ROCAS,NO,-1,-1,NO,-1,NO,GRANULAR,NO,NO,NO HAY,LA MANIANA Y LA TARDE,NO HAY,NO HAY,NO,SI,25,PLANTAS NORMALES,NO,NO,SI,SI,BUENO,50,BUENO,NINGUNO,0,0,0,0,0,0,100,0,0,0,0,0,0,100,0,0,0,0,33.31,24.36,28.83,8.95,15132.61,0.35,181.1,0.12,80.44,34.32,24.54,29.43,9.77,22715.79,0.53,272.6,0.16,79.46,33.28,24.51,28.89,8.77,15872.84,0.36,119.9,0.12,82.31,4081.4
2516,Mecanizado,NO,PIONEER 30F35,Maiz,SI,Manual,NO,5,47,71,70000,64,1,0,0,0,0,0,1,1,0,0,1,1,0,0,12,69,0,24,0,0,12,60,0,0,1,4,5,PLANO O LLANO,PLANO,2,5,SIN ROCAS,NO,-1,-1,NO,-1,NO,GRANULAR,NO,NO,NO HAY,LA MANIANA Y LA TARDE,NO HAY,NO HAY,NO,SI,18,PLANTAS NORMALES,NO,NO,SI,NO,ESPACIADO,60,BUENO,LENTO,0,0,0,0,0,0,0,46.67,53.33,0,0,0,0,100,0,0,0,0,34.94,23.47,29.2,11.46,16006.31,0.62,95.8,0.08,80.84,35.06,23.22,29.14,11.84,24582.03,0.74,424.4,0.17,81.09,35.2,23.18,29.19,12.02,10507.07,0.77,36.9,0.04,80.76,4744.19
2517,Mecanizado,NO,PIONEER 30F35 HRR,Maiz,SI,Manual,NO,5,47,70,70000,64,1,0,0,0,0,0,1,1,0,0,1,0,0,0,12,69,0,24,0,0,12,60,0,0,1,4,5,PLANO O LLANO,PLANO,2,5,SIN ROCAS,NO,-1,-1,NO,-1,NO,GRANULAR,NO,NO,NO HAY,LA MANIANA Y LA TARDE,NO HAY,NO HAY,NO,SI,20,PLANTAS NORMALES,NO,NO,SI,NO,ESPACIADO,60,BUENO,LENTO,0,0,0,0,0,0,0,100,0,0,0,0,0,100,0,0,0,0,34.94,23.46,29.2,11.48,15962.76,0.65,91.8,0.08,80.86,35.06,23.22,29.14,11.84,24471.75,0.74,427.4,0.17,81.09,35.22,23.2,29.21,12.03,10179.27,0.76,33.9,0.04,80.75,4651.16
2609,Mecanizado,SI,DK 234,Algodon,NO,Manual,NO,6,44,78,62000,19,2,0,0,0,0,0,0,1,0,0,0,1,1,0,0,230,0,0,0,0,0,0,0,0,0,2,3,PLANO O LLANO,PLANO,2,5.5,SIN ROCAS,NO,-1,-1,NO,-1,NO,GRANULAR,NO,NO,NO HAY,LA MANIANA Y LA TARDE,NO HAY,NO HAY,NO,SI,46,PLANTAS NORMALES,NO,NO,SI,NO,REGULAR,70,BUENO,LENTO,0,0,0,0,0,0,0,0,100,0,0,0,0,100,0,0,0,0,33.29,24.35,28.82,8.94,14619.55,0.38,198.3,0.15,80.67,34.52,24.74,29.63,9.78,22745.34,0.59,236,0.12,78.92,33.47,24.32,28.9,9.15,11877.41,0.32,113.8,0.19,81.65,5308.14
3942,Mecanizado,SI,DK 234 YGRR,Algodon,SI,Manual,NO,4,48,80,65000,6,0,0,0,0,0,0,0,1,0,0,0,1,0,0,0,61,0,0,15,0,0,15,0,0,0,2,1,PLANO O LLANO,PLANO,2,6,SIN ROCAS,NO,-1,-1,NO,-1,NO,GRANULAR,NO,NO,NO HAY,LA MANIANA Y LA TARDE,NO HAY,NO HAY,NO,SI,25,PLANTAS NORMALES,NO,NO,SI,SI,ESPACIADO,60,BUENO,NINGUNO,0,0,0,0,0,0,30,0,70,0,100,0,0,0,0,0,0,0,32.75,23.63,28.19,9.12,16404.95,0.22,316.1,0.22,84.11,32.56,23.19,27.87,9.37,23982,0.16,168.5,0.1,83.14,31.68,23.43,27.55,8.25,13621.13,0,90.3,0.06,83.19,5244.19
703,Manual,SI,Otro,Algodon,SI,Manual,NO,6,44,100,64000,7,0,0,0,0,0,0,2,1,0,0,0,3,0,0,0,115,0,0,0,0,0,30,0,0,0,4,4,ONDULADO,PLANO CON ONDULACIONES,2,4.5,SIN ROCAS,NO,-1,-1,NO,-1,NO,ATERRONADA,NO,NO,NO HAY,LA MANIANA Y LA TARDE,NO HAY,NO HAY,NO,SI,23,PLANTAS NORMALES,NO,NO,NO,NO,ESPACIADO,70,BUENO,LENTO,0,100,0,0,0,0,0,0,0,0,0,100,0,0,0,0,0,0,32.98,24.86,28.92,8.12,15658.82,0.12,195,0.12,80.82,33.89,24.99,29.44,8.9,24106.05,0.45,320.9,0.17,80.16,32.32,24.03,28.18,8.3,21190.85,0.15,191,0.11,81.45,4576.74
1799,Mecanizado,SI,Otro,Algodon,SI,Mecanizada,NO,5,45,82,75500,17,1,0,0,0,0,0,2,1,0,0,1,5,0,0,9,92,0,23,0,0,30,30,0,0,2,3,4,PLANO O LLANO,PLANO,2,5.5,SIN ROCAS,NO,-1,-1,NO,-1,NO,GRANULAR,NO,NO,NO HAY,LA MANIANA Y LA TARDE,NO HAY,NO HAY,NO,SI,20,PLANTAS NORMALES,NO,NO,SI,NO,ESPACIADO,60,BUENO,LENTO,0,0,0,0,0,0,0,40,60,0,0,0,0,60,40,0,0,0,34.68,25.07,29.88,9.62,15731.78,0.6,61.7,0.05,77.57,33.48,24.18,28.83,9.31,22218.06,0.36,318,0.21,81.42,33.47,24.7,29.09,8.77,13175.1,0.49,107,0.06,82.09,5547.56
1948,Mecanizado,SI,P4082 (Pioneer),Algodon,SI,Mecanizada,NO,5,48,74,73000,17,1,0,0,0,0,2,0,0,0,1,0,1,0,0,9,131.1,0,23,0,0,75,0,0,0,2,2,4,PLANO O LLANO,PLANO,2,5.5,SIN ROCAS,NO,-1,-1,NO,-1,NO,GRANULAR,NO,NO,NO HAY,LA MANIANA Y LA TARDE,NO HAY,NO HAY,NO,SI,17,PLANTAS NORMALES,NO,NO,SI,NO,ESPACIADO,60,BUENO,LENTO,0,0,0,0,0,0,0,36.67,63.33,0,0,0,0,63.33,36.67,0,0,0,33.38,24.48,28.93,8.9,15307.87,0.45,188,0.15,80.9,34.64,24.8,29.72,9.84,22929.24,0.6,255.9,0.14,78.65,33.27,24.17,28.72,9.1,11401.79,0.27,118.1,0.2,81.48,5695.35
2008,Mecanizado,SI,P4082 (Pioneer),Algodon,SI,Manual,SI,5,45,82,72000,17,0,0,0,0,0,0,2,1,0,0,1,1,0,0,0,92,0,0,0,0,0,60,0,0,0,4,4,PLANO O LLANO,PLANO,2,6,SIN ROCAS,NO,-1,-1,NO,-1,NO,GRANULAR,NO,NO,NO HAY,LA MANIANA Y LA TARDE,NO HAY,NO HAY,NO,SI,28,PLANTAS NORMALES,NO,NO,SI,NO,REGULAR,60,BUENO,LENTO,0,0,0,0,0,0,0,100,0,0,0,0,0,100,0,0,0,0,33.89,24.79,29.34,9.1,15447.88,0.45,118.3,0.08,79.07,33.92,24.34,29.13,9.57,22537.01,0.47,306.6,0.19,80.34,33.45,24.61,29.03,8.84,13265.87,0.4,85.7,0.09,82.49,5339.53
2009,Mecanizado,SI,P4082 (Pioneer),Algodon,SI,Manual,SI,5,47,79,73000,16,0,0,0,0,0,0,2,1,0,0,1,2,0,0,0,115,0,0,0,0,0,30,0,0,0,3,3,PLANO O LLANO,PLANO,2,5,SIN ROCAS,NO,-1,-1,SI,60,NO,GRANULAR,NO,NO,NO HAY,LA MANIANA Y LA TARDE,NO HAY,NO HAY,NO,SI,18,PLANTAS NORMALES,SI,NO,SI,SI,ESPACIADO,60,BUENO,LENTO,0,0,0,0,28.33,0,0,0,71.67,0,0,0,0,100,0,0,0,0,34.37,24.89,29.63,9.48,15771.34,0.52,98.2,0.05,77.97,33.68,24.32,29,9.36,22303.83,0.41,317.6,0.21,81.01,33.36,24.51,28.94,8.85,12959.28,0.41,74.7,0.06,82.38,4897.67
2440,Mecanizado,NO,Otro,Algodon,SI,Mecanizada,NO,5,46,87,71000,15,0,0,0,0,0,0,2,1,0,0,1,3,0,0,0,115,0,0,0,0,0,30,0,0,0,3,4,PLANO O LLANO,PLANO,2,6,SIN ROCAS,NO,-1,-1,NO,-1,NO,GRANULAR,NO,NO,NO HAY,LA MANIANA Y LA TARDE,NO HAY,NO HAY,NO,SI,19,PLANTAS NORMALES,NO,NO,SI,NO,ESPACIADO,60,BUENO,LENTO,0,0,0,0,0,0,0,100,0,0,0,0,0,100,0,0,0,0,33.31,24.36,28.83,8.95,15132.61,0.35,181.1,0.12,80.44,34.32,24.54,29.43,9.77,22715.79,0.53,272.6,0.16,79.46,33.29,24.54,28.91,8.75,15464.9,0.37,119.9,0.12,82.46,5953.49
2454,Mecanizado,NO,Impacto (Syngenta),Maiz,SI,Mecanizada,SI,5,48,83,71000,50,1,0,0,0,0,0,2,1,0,0,1,2,0,0,0,75,0,0,12,0,0,36,0,0,0,4,4,PLANO O LLANO,PLANO,2,5,SIN ROCAS,NO,-1,-1,NO,-1,NO,GRANULAR,NO,NO,NO HAY,LA MANIANA Y LA TARDE,NO HAY,NO HAY,NO,SI,20,PLANTAS NORMALES,NO,NO,SI,NO,ESPACIADO,60,BUENO,LENTO,0,0,0,0,0,0,0,100,0,0,0,0,0,100,0,0,0,0,34.87,23.46,29.16,11.41,15899.72,0.65,116.3,0.1,80.95,35.25,23.38,29.31,11.87,24601.9,0.78,246.5,0.12,81.02,35.17,23.18,29.18,11.99,16212.66,0.74,217.9,0.1,80.81,4850.58
2459,Mecanizado,NO,Impacto (Syngenta),Maiz,SI,Mecanizada,SI,5,46,81,71000,60,1,0,0,0,0,0,1,1,0,0,1,1,0,0,29,72,0,20,10,0,0,30,0,0,2,4,5,PLANO O LLANO,PLANO,2,5,SIN ROCAS,NO,-1,-1,NO,-1,NO,GRANULAR,NO,NO,NO HAY,LA MANIANA Y LA TARDE,NO HAY,NO HAY,NO,SI,21,PLANTAS NORMALES,NO,NO,SI,NO,ESPACIADO,60,BUENO,LENTO,0,0,0,0,0,0,0,100,0,0,0,0,0,100,0,0,0,0,34.86,23.42,29.14,11.44,16017.46,0.65,116.3,0.1,80.87,35.24,23.39,29.32,11.85,24389.59,0.78,240.2,0.12,81.06,35.25,23.23,29.24,12.02,14485.76,0.74,223.2,0.11,80.82,4651.16
2460,Mecanizado,NO,Impacto (Syngenta),Algodon,SI,Manual,SI,6,45,73,70000,61,1,0,0,0,0,0,0,2,0,0,0,3,0,0,0,74.6,0,0,13.25,0,0,60,0,0,0,6,5,ONDULADO,PLANO,2,5,SIN ROCAS,NO,-1,-1,NO,-1,NO,ATERRONADA,NO,NO,NO HAY,LA MANIANA Y LA TARDE,NO HAY,NO HAY,NO,SI,17,PLANTAS NORMALES,NO,NO,SI,NO,ESPACIADO,60,BUENO,LENTO,0,0,0,0,0,0,0,48.33,51.67,0,0,0,0,100,0,0,0,0,35.19,23.44,29.31,11.75,16301.31,0.72,76.7,0.08,80.85,35.03,23.25,29.14,11.78,24249.65,0.72,439.7,0.17,81.2,35.5,23.34,29.42,12.16,11004.59,0.81,16.1,0,80.59,4615.12
2475,Manual,NO,Otro,Algodon,SI,Manual,SI,5,48,77,68000,14,0,0,0,0,0,1,0,1,0,0,0,1,0,0,0,92,0,0,0,0,0,0,0,0,0,2,4,PLANO O LLANO,PLANO,2,5,SIN ROCAS,NO,-1,-1,NO,-1,NO,GRANULAR,NO,NO,NO HAY,LA MANIANA Y LA TARDE,NO HAY,NO HAY,NO,SI,25,PLANTAS NORMALES,SI,NO,SI,NO,ESPACIADO,60,BUENO,LENTO,0,0,0,0,0,0,0,46.67,53.33,0,0,0,0,100,0,0,0,0,33.83,24.73,29.28,9.1,15505.82,0.42,118.3,0.08,79.27,33.99,24.42,29.2,9.57,22471.86,0.48,306.2,0.19,80.25,33.31,24.52,28.91,8.79,12391.87,0.36,64.9,0.06,82.55,4632.56
2514,Mecanizado,SI,Otro,Algodon,SI,Mecanizada,NO,5,46,81,72000,14,1,0,0,0,0,0,1,1,0,0,1,1,0,0,0,69,0,0,0,0,0,60,0,0,0,4,5,PLANO O LLANO,PLANO,2,6,SIN ROCAS,NO,-1,-1,NO,-1,NO,GRANULAR,NO,NO,NO HAY,LA MANIANA Y LA TARDE,NO HAY,NO HAY,NO,SI,19,PLANTAS NORMALES,NO,NO,SI,NO,REGULAR,60,BUENO,LENTO,0,0,0,0,0,0,0,100,0,0,0,0,0,100,0,0,0,0,34.37,24.89,29.63,9.48,15771.34,0.52,98.2,0.05,77.97,33.68,24.32,29,9.36,22303.83,0.41,317.6,0.21,81.01,33.4,24.53,28.96,8.87,13318.45,0.43,74.7,0.06,82.23,5368.6
1946,Mecanizado,SI,P3966 (Pioneer),Algodon,SI,Mecanizada,NO,5,48,76,74000,16,0,1,0,0,0,0,2,1,0,0,1,9,2,0,9,92,0,23,0,0,30,30,0,0,2,3,4,PLANO O LLANO,PLANO,2,5,SIN ROCAS,NO,-1,-1,NO,-1,NO,GRANULAR,NO,NO,NO HAY,LA MANIANA Y LA TARDE,NO HAY,NO HAY,NO,SI,23,PLANTAS NORMALES,SI,NO,SI,NO,ESPACIADO,60,BUENO,LENTO,0,0,0,0,0,0,0,100,0,0,56.67,43.33,0,0,0,0,0,0,33.67,24.65,29.16,9.02,15545.39,0.4,118.3,0.08,79.49,34.09,24.45,29.27,9.64,22560.23,0.5,282.7,0.17,80.06,33.27,24.53,28.9,8.74,11950.48,0.34,79.6,0.09,82.5,6511.63
2437,Mecanizado,SI,NK254 (Syngenta),Algodon,SI,Manual,SI,5,46,60,71000,14,0,0,0,0,0,0,2,2,0,0,0,5,0,0,0,103.5,0,0,0,0,0,30,0,0,0,3,5,PLANO O LLANO,PLANO,3,5.5,SIN ROCAS,NO,-1,-1,SI,43,NO,GRANULAR,NO,NO,NO HAY,LA MANIANA Y LA TARDE,NO HAY,NO HAY,NO,SI,28,PLANTAS NORMALES,NO,NO,SI,SI,BUENO,43,LENTO A MUY LENTO,LENTO,0,0,0,0,0,0,0,71.67,28.33,0,0,0,0,100,0,0,0,0,34.68,25.07,29.88,9.62,15731.78,0.6,61.7,0.05,77.57,33.48,24.18,28.83,9.31,22218.06,0.36,318,0.21,81.42,33.91,24.74,29.33,9.17,5335.77,0.5,13.1,0,81.5,2947.67
2446,Mecanizado,NO,Impacto (Syngenta),Algodon,SI,Mecanizada,NO,5,47,73,71000,48,0,0,0,0,0,0,2,1,0,0,0,1,0,0,12,109.5,0,24,20,0,12,15,0,0,1,4,5,ONDULADO,PLANO,2,5.5,SIN ROCAS,NO,-1,-1,NO,-1,NO,ATERRONADA,NO,NO,NO HAY,LA MANIANA Y LA TARDE,NO HAY,NO HAY,NO,SI,18,PLANTAS NORMALES,NO,NO,SI,NO,ESPACIADO,60,BUENO,LENTO,0,0,0,0,0,0,0,100,0,0,0,0,0,61.67,38.33,0,0,0,34.85,23.44,29.14,11.41,15890.95,0.6,96.4,0.08,80.86,35.06,23.24,29.15,11.82,24624.36,0.74,424.4,0.17,81.04,35.29,23.2,29.25,12.09,11417.78,0.79,36.9,0.04,80.78,4803.49
1819,Mecanizado,SI,P4082 (Pioneer),Algodon,SI,Mecanizada,NO,5,46,76,76000,17,0,1,0,0,0,2,0,2,0,1,0,3,2,0,0,9,0,0,23,0,0,60,0,0,0,3,4,PLANO O LLANO,PLANO,2,5,SIN ROCAS,NO,-1,-1,NO,-1,NO,GRANULAR,NO,NO,NO HAY,LA MANIANA Y LA TARDE,NO HAY,NO HAY,NO,SI,23,PLANTAS NORMALES,SI,NO,SI,NO,ESPACIADO,60,BUENO,LENTO,0,0,0,0,0,0,0,100,0,0,55,45,0,0,0,0,0,0,33.56,24.56,29.06,9,15314.59,0.38,145.1,0.1,79.89,34.19,24.47,29.33,9.72,22685.08,0.52,282.9,0.17,79.87,33.31,24.51,28.91,8.8,11233.79,0.33,78.3,0.1,82.23,6511.63
1909,Manual,NO,Otro,Algodon,SI,Manual,NO,5,47,70,73000,18,0,0,0,0,0,0,2,1,0,0,0,2,0,0,0,126.5,0,0,0,0,0,30,0,0,0,3,5,PLANO O LLANO,PLANO,2,6,SIN ROCAS,NO,-1,-1,NO,-1,NO,GRANULAR,NO,NO,NO HAY,LA MANIANA Y LA TARDE,NO HAY,NO HAY,NO,SI,35,PLANTAS NORMALES,SI,NO,SI,NO,MUY BUENO,60,BUENO,LENTO,0,0,0,0,0,0,0,63.33,36.67,0,0,0,0,100,0,0,0,0,33.83,24.73,29.28,9.1,15505.82,0.42,118.3,0.08,79.27,33.99,24.42,29.2,9.57,22471.86,0.48,306.2,0.19,80.25,33.42,24.44,28.93,8.97,9414,0.36,50.3,0.08,81.92,5372.09
1911,Mecanizado,SI,P4082 (Pioneer),Algodon,SI,Mecanizada,NO,5,47,77,75000,17,1,0,0,0,0,0,2,1,0,0,1,2,0,0,11.25,28,0,11.25,0,0,11.25,30,0,0,1,3,4,PLANO O LLANO,PLANO,2,6,SIN ROCAS,NO,-1,-1,NO,-1,NO,ATERRONADA,NO,NO,NO HAY,LA MANIANA Y LA TARDE,NO HAY,NO HAY,NO,SI,18,PLANTAS NORMALES,NO,NO,SI,NO,ESPACIADO,60,BUENO,LENTO,0,0,0,0,0,0,0,100,0,0,0,0,0,60,40,0,0,0,33.19,24.32,28.75,8.87,14849.71,0.35,198.3,0.15,80.67,34.42,24.57,29.5,9.85,22754.6,0.55,260.1,0.14,79.21,33.33,24.47,28.9,8.86,11974.85,0.34,101.1,0.16,82.16,4988.37
1912,Mecanizado,SI,P4082 (Pioneer),Algodon,SI,Manual,SI,5,46,74,71000,18,0,0,0,0,0,0,1,1,0,0,0,3,0,0,0,0,0,0,0,0,0,60,0,0,0,2,4,PLANO O LLANO,PLANO,3,6.5,SIN ROCAS,NO,-1,-1,SI,42,NO,GRANULAR,NO,NO,NO HAY,LA MANIANA Y LA TARDE,NO HAY,NO HAY,NO,SI,32,PLANTAS NORMALES,SI,NO,SI,SI,ESPACIADO,42,LENTO A MUY LENTO,LENTO,0,0,0,0,0,0,0,100,0,0,0,0,0,100,0,0,0,0,34.22,24.82,29.52,9.4,15785.73,0.5,98.2,0.05,78.29,33.78,24.32,29.05,9.46,22356.15,0.43,306.6,0.19,80.77,33.41,24.64,29.02,8.78,10503.12,0.39,55.7,0.07,82.54,5244.19
2007,Mecanizado,SI,PAC 105,Algodon,SI,Manual,SI,5,48,75,73000,17,0,0,0,0,0,0,2,1,0,0,1,7,0,0,0,92,0,0,0,0,0,60,0,0,0,4,4,PLANO O LLANO,PLANO,2,5.5,SIN ROCAS,NO,-1,-1,NO,-1,NO,GRANULAR,NO,NO,NO HAY,LA MANIANA Y LA TARDE,NO HAY,NO HAY,NO,SI,35,PLANTAS NORMALES,SI,NO,SI,NO,ESPACIADO,60,BUENO,LENTO,0,0,0,0,0,0,0,100,0,0,0,0,0,100,0,0,0,0,34,24.77,29.39,9.23,15588.59,0.48,104.6,0.05,78.77,33.86,24.31,29.08,9.55,22479.53,0.45,306.6,0.19,80.52,33.37,24.65,29.01,8.72,11549.44,0.39,64.5,0.06,82.71,5116.28
2092,Mecanizado,NO,Otro,Algodon,SI,Manual,NO,5,45,79,72000,17,0,0,0,0,0,0,2,1,0,0,1,0,0,0,0,92,0,0,0,0,0,60,0,0,0,4,5,PLANO O LLANO,PLANO,2,6,SIN ROCAS,NO,-1,-1,SI,45,NO,ATERRONADA,NO,NO,NO HAY,LA MANIANA Y LA TARDE,NO HAY,NO HAY,NO,SI,26,PLANTAS NORMALES,NO,NO,SI,NO,ESPACIADO,45,LENTO A MUY LENTO,LENTO,0,0,0,0,0,0,0,100,0,0,0,0,0,56.67,43.33,0,0,0,33.89,24.79,29.34,9.1,15447.88,0.45,118.3,0.08,79.07,33.92,24.34,29.13,9.57,22537.01,0.47,306.6,0.19,80.34,33.34,24.59,28.97,8.75,11958.45,0.38,64.5,0.06,82.69,3527.91
2357,Mecanizado,SI,Otro,Algodon,SI,Manual,SI,5,45,67,70000,16,0,0,0,0,0,0,2,1,0,0,0,4,0,0,0,172.5,0,0,0,0,0,0,0,0,0,3,5,PLANO O LLANO,PLANO,2,5.5,SIN ROCAS,NO,-1,-1,NO,-1,NO,ATERRONADA,NO,NO,NO HAY,LA MANIANA Y LA TARDE,NO HAY,NO HAY,NO,SI,21,PLANTAS NORMALES,NO,NO,SI,NO,ESPACIADO,60,BUENO,LENTO,0,0,0,0,0,0,0,100,0,0,0,0,0,58.33,41.67,0,0,0,33.89,24.79,29.34,9.1,15447.88,0.45,118.3,0.08,79.07,33.92,24.34,29.13,9.57,22537.01,0.47,306.6,0.19,80.34,33.56,24.55,29.05,9.01,7575.24,0.35,43,0.1,82,3579.07
2375,Mecanizado,SI,Otro,Algodon,SI,Mecanizada,NO,5,48,87,71000,16,0,0,0,0,0,0,2,2,0,0,1,1,0,0,0,80,0,0,0,0,0,45,0,0,0,7,4,PLANO O LLANO,PLANO,2,6,SIN ROCAS,NO,-1,-1,NO,-1,NO,GRANULAR,NO,NO,NO HAY,LA MANIANA Y LA TARDE,NO HAY,NO HAY,NO,SI,25,PLANTAS NORMALES,NO,NO,SI,NO,BUENO,60,BUENO,LENTO,0,0,0,0,0,0,0,100,0,0,0,0,0,45,55,0,0,0,34.68,25.07,29.88,9.62,15731.78,0.6,61.7,0.05,77.57,33.48,24.18,28.83,9.31,22218.06,0.36,318,0.21,81.42,33.28,24.57,28.93,8.71,15873.81,0.4,168.8,0.07,82.47,5308.14
2376,Mecanizado,SI,Otro,Algodon,SI,Manual,SI,5,46,76,70000,16,0,0,0,0,0,0,2,1,0,0,0,3,0,0,0,161,0,0,0,0,0,0,0,0,0,3,5,PLANO O LLANO,PLANO,2,6,SIN ROCAS,NO,-1,-1,NO,-1,NO,ATERRONADA,NO,NO,NO HAY,LA MANIANA Y LA TARDE,NO HAY,NO HAY,NO,SI,23,PLANTAS NORMALES,NO,NO,SI,NO,ESPACIADO,60,BUENO,LENTO,0,0,0,0,0,0,0,100,0,0,0,0,0,58.33,41.67,0,0,0,34.37,24.89,29.63,9.48,15771.34,0.52,98.2,0.05,77.97,33.68,24.32,29,9.36,22303.83,0.41,317.6,0.21,81.01,33.43,24.63,29.03,8.81,11306.31,0.43,74.7,0.07,82.7,3579.07
2397,Mecanizado,NO,Otro,Algodon,SI,Manual,SI,5,46,71,62500,13,0,0,0,0,0,0,2,0,0,0,1,0,0,0,0,80,0,0,0,0,0,0,0,0,0,2,4,PLANO O LLANO,PLANO,2,6,SIN ROCAS,NO,-1,-1,NO,-1,NO,ATERRONADA,NO,NO,NO HAY,LA MANIANA Y LA TARDE,NO HAY,NO HAY,NO,SI,21,PLANTAS NORMALES,NO,NO,SI,NO,REGULAR,60,BUENO,LENTO,0,0,0,0,0,0,0,100,0,0,0,0,0,58.33,41.67,0,0,0,34.51,24.98,29.74,9.53,15623.6,0.55,98.2,0.05,77.74,33.62,24.27,28.95,9.35,22322.2,0.4,322.7,0.21,81.13,33.33,24.62,28.98,8.7,9308.23,0.4,39.6,0.04,82.72,4615.12
2438,Mecanizado,SI,PAC 105,Algodon,SI,Manual,SI,5,47,66,71000,14,0,0,0,0,0,0,2,2,0,0,0,6,0,0,0,92,0,0,0,0,0,30,0,0,0,3,5,PLANO O LLANO,PLANO,3,5.5,SIN ROCAS,NO,-1,-1,SI,44,NO,GRANULAR,NO,NO,NO HAY,LA MANIANA Y LA TARDE,NO HAY,NO HAY,NO,SI,30,PLANTAS NORMALES,NO,NO,SI,SI,BUENO,44,LENTO A MUY LENTO,LENTO,0,0,0,0,0,0,0,73.33,26.67,0,0,0,0,100,0,0,0,0,33.83,24.73,29.28,9.1,15505.82,0.42,118.3,0.08,79.27,33.99,24.42,29.2,9.57,22471.86,0.48,306.2,0.19,80.25,33.5,24.43,28.96,9.07,8008.66,0.33,43.4,0.1,81.81,2947.67
2464,Manual,NO,ICA V 305,Algodon,SI,Manual,SI,5,47,69,66000,14,0,0,0,0,0,1,0,1,0,0,0,1,0,0,0,69,0,0,0,0,0,30,0,0,0,3,5,PLANO O LLANO,PLANO,2,6,SIN ROCAS,NO,-1,-1,SI,30,NO,GRANULAR,NO,NO,NO HAY,LA MANIANA Y LA TARDE,NO HAY,NO HAY,NO,SI,31,PLANTAS NORMALES,SI,NO,SI,NO,ESPACIADO,31,LENTO A MUY LENTO,LENTO,0,0,0,0,0,0,0,100,0,0,0,0,0,100,0,0,0,0,34.8,25.07,29.93,9.73,15671.54,0.6,61.1,0.05,77.39,33.48,24.24,28.86,9.24,22079.72,0.36,319,0.21,81.65,33.64,24.74,29.19,8.9,9059.43,0.5,31.7,0,82.08,4238.37
2513,Mecanizado,SI,Otro,Algodon,SI,Mecanizada,NO,5,46,78,73000,12,0,0,0,0,0,0,2,0,0,0,0,1,0,0,0,92,0,0,0,0,0,60,0,0,0,4,4,PLANO O LLANO,PLANO,2,5.5,SIN ROCAS,NO,-1,-1,NO,-1,NO,ATERRONADA,NO,NO,NO HAY,LA MANIANA Y LA TARDE,NO HAY,NO HAY,NO,SI,22,PLANTAS NORMALES,NO,NO,SI,NO,REGULAR,60,BUENO,LENTO,0,0,0,0,0,0,0,100,0,0,0,0,0,60,40,0,0,0,33.89,24.79,29.34,9.1,15447.88,0.45,118.3,0.08,79.07,33.92,24.34,29.13,9.57,22537.01,0.47,306.6,0.19,80.34,33.34,24.59,28.97,8.75,11958.45,0.38,64.5,0.06,82.69,4930.23
1815,Mecanizado,SI,Otro,Algodon,SI,Mecanizada,NO,5,47,74,75000,17,0,0,0,0,0,0,2,2,0,0,0,3,0,0,0,115,0,0,0,0,0,30,0,0,0,3,3,PLANO O LLANO,PLANO,3,5.5,SIN ROCAS,SI,12,0,SI,11,NO,ATERRONADA,NO,NO,NO HAY,LA MANIANA Y LA TARDE,NO HAY,NO HAY,NO,SI,7,PLANTAS NORMALES,NO,NO,NO,NO,REGULAR,11,LENTO A MUY LENTO,LENTO,0,0,0,0,0,0,0,100,0,0,0,0,0,0,66.67,33.33,0,0,34.51,24.98,29.74,9.53,15623.6,0.55,98.2,0.05,77.74,33.62,24.27,28.95,9.35,22322.2,0.4,322.7,0.21,81.13,33.42,24.68,29.05,8.74,10879.89,0.45,69.6,0.07,82.72,5180.23
1818,Mecanizado,SI,P4082 (Pioneer),Algodon,SI,Mecanizada,NO,5,47,72,75500,17,0,0,0,0,0,0,2,2,0,0,0,3,0,0,0,115,0,0,0,0,0,30,0,0,0,3,3,PLANO O LLANO,PLANO,3,5.5,SIN ROCAS,SI,13,9,SI,13,NO,ATERRONADA,NO,NO,NO HAY,LA MANIANA Y LA TARDE,NO HAY,NO HAY,NO,SI,10,PLANTAS NORMALES,NO,NO,NO,NO,REGULAR,13,LENTO A MUY LENTO,LENTO,0,0,0,0,0,0,0,100,0,0,0,0,0,0,66.67,33.33,0,0,34.51,24.98,29.74,9.53,15623.6,0.55,98.2,0.05,77.74,33.62,24.27,28.95,9.35,22322.2,0.4,322.7,0.21,81.13,33.3,24.61,28.96,8.7,10037.58,0.41,48.4,0.04,82.81,5651.16
1872,Mecanizado,SI,P4082 (Pioneer),Algodon,SI,Mecanizada,NO,5,48,70,75000,17,0,1,0,0,0,0,1,2,0,0,2,5,2,0,9,0,0,23,0,0,30,30,0,0,2,1,5,PLANO O LLANO,PLANO,2,6,SIN ROCAS,NO,-1,-1,SI,45,NO,GRANULAR,NO,NO,NO HAY,LA MANIANA Y LA TARDE,NO HAY,NO HAY,NO,SI,33,PLANTAS NORMALES,SI,NO,SI,NO,BUENO,45,LENTO A MUY LENTO,LENTO,0,0,0,0,0,0,0,63.33,36.67,0,0,0,0,100,0,0,0,0,34.37,24.89,29.63,9.48,15771.34,0.52,98.2,0.05,77.97,33.68,24.32,29,9.36,22303.83,0.41,317.6,0.21,81.01,33.35,24.57,28.96,8.78,9734.65,0.38,44.7,0.04,82.69,6626.74
1950,Mecanizado,SI,DK 234,Algodon,SI,Manual,SI,15,36,77,73000,16,1,0,0,0,0,0,1,0,0,0,1,1,0,0,0,92,0,0,0,0,0,60,0,0,0,4,4,PLANO O LLANO,PLANO,2,6,SIN ROCAS,NO,-1,-1,SI,60,NO,ATERRONADA,NO,NO,NO HAY,LA MANIANA Y LA TARDE,NO HAY,NO HAY,NO,SI,41,PLANTAS NORMALES,SI,NO,SI,SI,ESPACIADO,60,BUENO,LENTO,0,0,0,0,0,0,0,100,0,0,100,0,0,0,0,0,0,0,33.83,24.73,29.28,9.1,15505.82,0.42,118.3,0.08,79.27,33.99,24.42,29.2,9.57,22471.86,0.48,306.2,0.19,80.25,33.42,24.54,28.98,8.88,13699.29,0.39,86.1,0.08,82.36,4709.3
2341,Mecanizado,SI,Otro,Maiz,SI,Manual,SI,5,47,78,70000,16,0,0,0,0,0,0,2,1,0,0,0,5,0,0,0,161,0,0,0,0,0,0,0,0,0,3,5,PLANO O LLANO,PLANO,2,6,SIN ROCAS,NO,-1,-1,NO,-1,NO,ATERRONADA,NO,NO,NO HAY,LA MANIANA Y LA TARDE,NO HAY,NO HAY,NO,SI,24,PLANTAS NORMALES,NO,NO,SI,NO,ESPACIADO,60,BUENO,LENTO,0,0,0,0,0,0,0,100,0,0,0,0,0,55,45,0,0,0,34.37,24.89,29.63,9.48,15771.34,0.52,98.2,0.05,77.97,33.68,24.32,29,9.36,22303.83,0.41,317.6,0.21,81.01,33.33,24.53,28.93,8.81,12497.83,0.39,74.7,0.06,82.48,3623.26
2401,Mecanizado,SI,PAC 105,Algodon,SI,Manual,SI,5,48,69,65000,12,0,0,0,0,0,2,0,2,0,0,0,3,0,0,0,106.5,0,0,37.5,0,0,97.5,0,0,0,3,4,PLANO O LLANO,PLANO,2,6,SIN ROCAS,NO,-1,-1,NO,-1,NO,ATERRONADA,NO,NO,NO HAY,LA MANIANA Y LA TARDE,NO HAY,NO HAY,NO,SI,19,PLANTAS NORMALES,NO,NO,SI,NO,BUENO,60,BUENO,LENTO,0,0,0,0,0,0,0,100,0,0,0,0,0,60,40,0,0,0,34.8,25.07,29.93,9.73,15671.54,0.6,61.1,0.05,77.39,33.48,24.24,28.86,9.24,22079.72,0.36,319,0.21,81.65,33.67,24.78,29.23,8.89,9501.98,0.52,52.9,0.04,82.2,4651.16
2445,Manual,NO,Otro,Algodon,SI,Manual,SI,5,47,73,71000,16,0,0,0,0,0,0,2,1,0,0,1,1,0,0,0,115,0,0,0,0,0,30,0,0,0,3,4,PLANO O LLANO,PLANO,3,6,SIN ROCAS,NO,-1,-1,NO,-1,NO,GRANULAR,NO,NO,NO HAY,LA MANIANA Y LA TARDE,NO HAY,NO HAY,NO,SI,25,PLANTAS NORMALES,SI,NO,SI,NO,BUENO,60,BUENO,LENTO,0,0,0,0,0,0,0,68.33,0,31.67,31.67,68.33,0,0,0,0,0,0,34,24.77,29.39,9.23,15588.59,0.48,104.6,0.05,78.77,33.86,24.31,29.08,9.55,22479.53,0.45,306.6,0.19,80.52,33.36,24.68,29.02,8.69,10392.11,0.36,55.7,0.07,82.64,5180.23
2448,Mecanizado,NO,PIONEER 30F35 H,Maiz,SI,Manual,SI,5,47,72,71000,55,0,0,0,0,0,0,2,1,0,0,0,2,0,12,0,86.5,24,0,20,12,0,45,0,1,0,5,5,ONDULADO,PLANO,2,5,SIN ROCAS,NO,-1,-1,NO,-1,NO,ATERRONADA,NO,NO,NO HAY,LA MANIANA Y LA TARDE,NO HAY,NO HAY,NO,SI,21,PLANTAS NORMALES,NO,NO,SI,NO,ESPACIADO,60,BUENO,LENTO,0,0,0,0,0,0,0,100,0,0,0,0,0,60,40,0,0,0,34.94,23.46,29.2,11.48,15962.76,0.65,91.8,0.08,80.86,35.06,23.22,29.14,11.84,24471.75,0.74,427.4,0.17,81.09,35.3,23.24,29.27,12.06,11035.4,0.78,33.9,0.04,80.74,4651.16
3582,Mecanizado,NO,Impacto (Syngenta),Maiz,NO,Manual,SI,5,47,79,74000,60,0,0,0,0,0,0,0,2,0,0,0,0,0,0,12,92,0,40,0,0,0,30,0,0,1,3,5,PLANO O LLANO,PLANO,2,5,SIN ROCAS,NO,-1,-1,NO,-1,NO,GRANULAR,NO,NO,NO HAY,LA MANIANA Y LA TARDE,NO HAY,NO HAY,NO,SI,21,PLANTAS NORMALES,SI,NO,SI,NO,ESPACIADO,60,BUENO,LENTO,0,0,0,0,0,0,0,100,0,0,0,0,0,100,0,0,0,0,33.71,23.56,28.63,10.15,16742.54,0.35,206.4,0.12,81.11,34.72,23.24,28.98,11.48,23693.47,0.74,331.7,0.14,80.9,34.48,23.41,28.94,11.08,14335.57,0.76,267.3,0.15,80.76,6593.02
3586,Mecanizado,SI,Impacto (Syngenta),Maiz,NO,Manual,SI,5,48,82,74000,60,0,0,0,0,0,0,0,2,0,0,0,2,0,0,12,92,0,40,0,0,0,30,0,0,1,3,5,PLANO O LLANO,PLANO,2,5,SIN ROCAS,NO,-1,-1,NO,-1,NO,GRANULAR,NO,NO,NO HAY,LA MANIANA Y LA TARDE,NO HAY,NO HAY,NO,SI,20,PLANTAS NORMALES,SI,NO,SI,NO,ESPACIADO,60,BUENO,LENTO,0,0,0,0,0,0,0,100,0,0,0,0,0,100,0,0,0,0,33.99,23.54,28.77,10.46,16959.89,0.45,158.9,0.1,80.82,34.56,23.24,28.9,11.31,23706.82,0.69,302.7,0.14,80.85,34.93,23.43,29.18,11.49,16172.72,0.87,339.7,0.16,80.64,6511.63
3710,Mecanizado,SI,Otro,Algodon,SI,Manual,SI,5,46,85,70000,13,1,0,0,0,0,0,0,1,0,0,0,0,0,0,0,115,0,0,0,0,0,30,0,0,0,3,4,PLANO O LLANO,PLANO,2,6,SIN ROCAS,NO,-1,-1,NO,-1,NO,GRANULAR,NO,NO,NO HAY,LA MANIANA Y LA TARDE,NO HAY,NO HAY,NO,SI,19,PLANTAS NORMALES,SI,NO,SI,NO,REGULAR,58,BUENO,LENTO,0,0,0,0,0,0,0,100,0,0,0,0,0,58.62,41.38,0,0,0,33.31,24.53,28.92,8.78,15221.06,0.45,380.8,0.22,80.2,33.13,23.9,28.52,9.23,22515.62,0.24,243.1,0.16,79.1,32.82,22.91,27.86,9.91,16153.85,0.13,199.4,0.18,79.03,6027.91
4112,Mecanizado,SI,P3966 (Pioneer),Maiz,SI,Manual,SI,5,46,82,72500,61,0,0,0,0,0,0,0,1,0,0,0,3,0,0,12,92,0,40,0,0,0,30,0,0,1,3,5,PLANO O LLANO,PLANO,2,5.5,SIN ROCAS,NO,-1,-1,NO,-1,NO,GRANULAR,NO,NO,NO HAY,LA MANIANA Y LA TARDE,NO HAY,NO HAY,NO,SI,21,PLANTAS NORMALES,SI,NO,SI,NO,ESPACIADO,60,BUENO,LENTO,0,0,0,0,0,0,0,100,0,0,0,0,0,100,0,0,0,0,33.81,23.49,28.65,10.32,16693.87,0.4,233.6,0.15,81.03,34.75,23.26,29,11.48,23944.44,0.76,309,0.12,80.89,34.34,23.31,28.82,11.03,14840,0.72,261.8,0.14,80.79,5787.21
1905,Manual,NO,DK 234,Algodon,SI,Manual,SI,5,46,85,73000,18,0,0,0,0,0,0,0,1,0,0,0,0,0,0,0,69,0,0,0,0,0,0,0,0,0,1,4,PLANO O LLANO,PLANO,2,6,SIN ROCAS,NO,-1,-1,SI,46,NO,GRANULAR,NO,NO,NO HAY,LA MANIANA Y LA TARDE,NO HAY,NO HAY,NO,SI,36,PLANTAS NORMALES,SI,NO,SI,NO,MUY BUENO,46,LENTO A MUY LENTO,LENTO,0,0,0,0,0,0,0,65,35,0,0,0,0,100,0,0,0,0,33.28,24.32,28.8,8.96,14610.72,0.38,198.3,0.15,80.58,34.59,24.79,29.69,9.8,22622.31,0.62,227.2,0.12,78.67,33.42,24.4,28.91,9.02,14820.08,0.33,134,0.15,81.96,4744.19
1906,Manual,NO,DK 234,Algodon,SI,Manual,SI,5,47,78,73000,18,0,0,0,0,0,0,1,1,0,0,0,0,0,0,0,92,0,0,0,0,0,0,0,0,0,2,4,PLANO O LLANO,PLANO,2,6,SIN ROCAS,NO,-1,-1,SI,46,NO,GRANULAR,NO,NO,NO HAY,LA MANIANA Y LA TARDE,NO HAY,NO HAY,NO,SI,38,PLANTAS NORMALES,SI,NO,SI,NO,MUY BUENO,46,LENTO A MUY LENTO,LENTO,0,0,0,0,0,0,0,65,35,0,0,0,0,100,0,0,0,0,33.32,24.32,28.82,9.01,14608.84,0.38,198.3,0.15,80.55,34.44,24.72,29.58,9.73,22710.93,0.57,242.8,0.12,79.09,33.44,24.32,28.88,9.11,12589.54,0.36,113.9,0.18,81.82,4709.3
2081,Mecanizado,SI,P4082 (Pioneer),Maiz,SI,Manual,SI,5,45,89,70000,17,0,0,0,0,0,0,1,1,0,0,0,0,0,0,0,46,0,0,0,0,0,0,0,0,0,1,4,PLANO O LLANO,PLANO,2,6,SIN ROCAS,NO,-1,-1,SI,28,NO,GRANULAR,NO,NO,NO HAY,LA MANIANA Y LA TARDE,NO HAY,NO HAY,NO,SI,34,PLANTAS NORMALES,SI,NO,SI,NO,REGULAR,34,LENTO A MUY LENTO,LENTO,0,0,0,0,0,0,0,100,0,0,0,0,0,100,0,0,0,0,34.8,25.07,29.93,9.73,15675.07,0.6,61.1,0.05,77.37,33.44,24.21,28.83,9.23,22066.06,0.36,318.7,0.21,81.63,33.37,24.57,28.97,8.8,15631.09,0.4,166.2,0.07,82.19,3813.95
2643,Manual,NO,Otro,Algodon,SI,Manual,SI,5,56,81,58000,12,0,0,0,0,0,0,0,0,0,0,0,1,0,0,0,230,0,0,0,0,0,60,0,0,0,3,1,PLANO O LLANO,PLANO,1,4.5,SIN ROCAS,NO,-1,-1,NO,-1,NO,GRANULAR,NO,NO,NO HAY,LA MANIANA Y LA TARDE,NO HAY,NO HAY,NO,SI,24,POCO AFECTADAS,NO,NO,SI,NO,ESPACIADO,40,BUENO,NINGUNO,0,0,0,0,0,0,100,0,0,0,0,0,0,0,100,0,0,0,33.56,24.56,29.06,9,15314.59,0.38,145.1,0.1,79.89,34.19,24.47,29.33,9.72,22685.08,0.52,282.9,0.17,79.87,33.32,24.58,28.95,8.73,16873.14,0.4,160.8,0.11,82.13,4000
3517,Mecanizado,SI,DK 234 YGRR,Algodon,SI,Mecanizada,SI,6,46,79,72000,14,1,0,0,0,0,0,2,1,0,0,1,1,0,0,15,92,0,15,0,0,15,30,0,0,1,3,4,PLANO O LLANO,PLANO,2,6,SIN ROCAS,NO,-1,-1,NO,-1,NO,ATERRONADA,NO,NO,NO HAY,LA MANIANA Y LA TARDE,NO HAY,NO HAY,NO,SI,21,PLANTAS NORMALES,SI,NO,SI,NO,ESPACIADO,60,BUENO,LENTO,0,0,0,0,0,0,0,100,0,0,0,0,0,58.33,41.67,0,0,0,33.13,24.19,28.66,8.94,15355.27,0.38,426.4,0.28,79.97,33.36,23.72,28.54,9.63,23476.86,0.26,214.1,0.14,78.52,32.11,22.39,27.25,9.73,13478.72,0.06,151.7,0.15,79.83,6102.33
3058,Manual,SI,PIONEER 30F35 H,Maiz,NO,Manual,NO,4,46,86,60000,10,0,0,0,0,0,0,0,2,0,0,0,1,0,0,0,92,0,0,0,0,0,0,0,0,0,2,1,PLANO O LLANO,PLANO,2,5.5,SIN ROCAS,NO,-1,-1,SI,23,NO,GRANULAR,NO,NO,POCO MARCADAS,LA MANIANA Y LA TARDE,NO HAY,POCO MARCADAS,NO,SI,18,PLANTAS NORMALES,NO,NO,SI,NO,ESPACIADO,23,LENTO A MUY LENTO,NINGUNO,0,36.67,0,0,0,0,63.33,0,0,0,100,0,0,0,0,0,0,0,32.09,25.05,28.57,7.04,14733.47,0.02,252.1,0.15,82.55,32.88,25.06,28.97,7.82,21823.25,0.16,159.8,0.09,81.41,32.72,24.88,28.8,7.84,17445.55,0.08,2.2,0,73.97,5597.67
1955,Mecanizado,SI,P4082 (Pioneer),Algodon,SI,Mecanizada,NO,5,42,81,73000,16,1,0,0,0,0,0,2,1,0,0,1,4,0,0,9,115,0,23,0,0,30,30,0,0,2,3,3,PLANO O LLANO,PLANO,3,5,SIN ROCAS,SI,11,20,SI,11,NO,GRANULAR,NO,NO,NO HAY,LA MANIANA Y LA TARDE,NO HAY,NO HAY,NO,SI,12,PLANTAS NORMALES,SI,NO,NO,NO,REGULAR,12,LENTO A MUY LENTO,LENTO,0,0,50,0,0,0,0,50,0,0,50,50,0,0,0,0,0,0,34.8,25.07,29.93,9.73,15671.54,0.6,61.1,0.05,77.39,33.48,24.24,28.86,9.24,22079.72,0.36,319,0.21,81.65,33.64,24.66,29.15,8.98,11880.2,0.52,52.9,0.03,81.58,5368.6
1827,Mecanizado,NO,P4082 (Pioneer),Algodon,SI,Manual,NO,4,49,70,70000,12,0,0,0,0,0,0,1,0,0,0,1,1,0,0,0,92,0,0,0,0,0,60,0,0,0,4,1.2,PLANO O LLANO,PLANO,2,5.5,SIN ROCAS,NO,-1,-1,NO,-1,NO,GRANULAR,NO,NO,NO HAY,LA MANIANA Y LA TARDE,NO HAY,NO HAY,NO,SI,36,POCO AFECTADAS,SI,NO,SI,SI,MUY BUENO,50,BUENO,NINGUNO,0,0,0,32,0,0,0,68,0,0,0,0,0,32,68,0,0,0,33.56,24.56,29.06,9,15314.59,0.38,145.1,0.1,79.89,34.19,24.47,29.33,9.72,22685.08,0.52,282.9,0.17,79.87,33.3,24.47,28.88,8.83,9690.18,0.35,73.8,0.12,82.12,1032.56
1919,Mecanizado,NO,DK 234,Algodon,SI,Manual,NO,5,51,72,75000,10,0,0,0,0,0,0,0,2,0,0,0,1,0,0,0,92,0,0,0,0,0,0,0,0,0,2,1.8,PLANO O LLANO,PLANO,2,6,SIN ROCAS,NO,-1,-1,NO,-1,NO,ATERRONADA,NO,NO,NO HAY,LA MANIANA Y LA TARDE,NO HAY,NO HAY,NO,SI,40,POCO AFECTADAS,SI,NO,SI,SI,MUY BUENO,60,BUENO,NINGUNO,0,0,0,0,100,0,0,0,0,0,0,0,0,100,0,0,0,0,33.83,24.73,29.28,9.1,15505.82,0.42,118.3,0.08,79.27,33.99,24.42,29.2,9.57,22471.86,0.48,306.2,0.19,80.25,33.33,24.52,28.93,8.81,11662.52,0.35,56.1,0.06,82.45,4534.88
681,Mecanizado,NO,Otro,Pastos,SI,Mecanizada,NO,7,42,105,60000,10,0,0,0,0,0,0,1,1,1,0,0,1,1,0,55,46,0,23,0,0,30,0,0,0,3,1,2,PLANO O LLANO,PLANO,2,5,SIN ROCAS,NO,-1,-1,SI,35,NO,MASIVA,NO,NO,NO HAY,LA MANIANA Y LA TARDE,NO HAY,NO HAY,NO,SI,32,PLANTAS NORMALES,NO,NO,NO,NO,BUENO,32,LENTO A MUY LENTO,NINGUNO,0,100,0,0,0,0,0,0,0,0,0,100,0,0,0,0,0,0,32.2,23.59,27.89,8.61,15874.54,0.08,183,0.15,80.67,32.13,23.79,27.96,8.34,19462.94,0.03,341.2,0.19,82.52,32.61,23.82,28.22,8.8,21507.31,0.02,146.3,0.07,80.84,6273.26
1820,Mecanizado,NO,Otro,Frijol,SI,Manual,NO,3,46,88,70000,10,0,0,0,0,0,1,0,0,0,0,0,2,0,0,0,70,0,0,14,0,0,63,0,0,0,2,1.8,PLANO O LLANO,PLANO,2,5.5,SIN ROCAS,NO,-1,-1,SI,13,SI,ATERRONADA,NO,NO,NO HAY,LA MANIANA,NO HAY,NO HAY,NO,SI,30,POCO AFECTADAS,SI,NO,SI,SI,MUY BUENO,30,LENTO A MUY LENTO,NINGUNO,0,0,0,0,26,74,0,0,0,0,0,0,0,0,26,0,74,0,34.51,24.98,29.74,9.53,15623.6,0.55,98.2,0.05,77.74,33.62,24.27,28.95,9.35,22322.2,0.4,322.7,0.21,81.13,33.33,24.48,28.91,8.85,14973.75,0.42,172.2,0.1,82.33,3720.93
2485,Mecanizado,SI,DK 234,Algodon,NO,Manual,SI,6,44,92,65000,11,0,0,0,0,0,0,0,1,0,0,0,1,0,0,0,230,0,0,0,0,0,60,0,0,0,3,1,PLANO O LLANO,PLANO,2,6,SIN ROCAS,SI,30,10,NO,-1,NO,ATERRONADA,NO,NO,NO HAY,LA MANIANA Y LA TARDE,NO HAY,NO HAY,NO,SI,30,PLANTAS NORMALES,SI,NO,NO,SI,BUENO,30,BUENO,NINGUNO,0,0,0,0,0,0,40,60,0,0,0,100,0,0,0,0,0,0,33.47,24.55,29.01,8.92,15325.4,0.48,188.5,0.15,80.9,34.5,24.76,29.63,9.75,22750.85,0.57,255.9,0.14,78.79,33.58,24.37,28.97,9.22,17212.85,0.4,135.2,0.13,81.23,4386.05
2101,Mecanizado,NO,PAC 105,Algodon,NO,Manual,NO,5,51,58,62500,12,0,0,0,0,0,0,1,1,0,0,0,9,0,0,0,161,0,0,0,0,0,0,0,0,0,2,1.6,PLANO O LLANO,PLANO,2,6.5,SIN ROCAS,NO,-1,-1,NO,-1,NO,ATERRONADA,NO,NO,NO HAY,LA MANIANA Y LA TARDE,NO HAY,NO HAY,NO,SI,36,MUY AFECTADAS,SI,NO,SI,SI,MUY BUENO,60,BUENO,NINGUNO,0,0,0,0,0,0,0,100,0,0,0,0,0,63.33,36.67,0,0,0,34.22,24.82,29.52,9.4,15785.73,0.5,98.2,0.05,78.29,33.78,24.32,29.05,9.46,22356.15,0.43,306.6,0.19,80.77,33.55,24.6,29.08,8.95,6431.17,0.35,43,0.12,82.12,3627.91
1976,Mecanizado,NO,DK 234,Pastos,NO,Manual,SI,7,55,73,13500,10,0,0,0,0,0,0,0,1,0,0,0,1,0,0,0,69,0,0,0,0,0,0,0,0,0,2,1,PLANO O LLANO,PLANO,1,5.5,SIN ROCAS,NO,-1,-1,NO,-1,NO,ATERRONADA,NO,NO,NO HAY,LA MANIANA Y LA TARDE,NO HAY,NO HAY,NO,SI,30,PLANTAS NORMALES,SI,NO,SI,SI,MUY BUENO,50,BUENO,NINGUNO,0,0,0,0,0,100,0,0,0,0,0,100,0,0,0,0,0,0,33.89,24.79,29.34,9.1,15447.88,0.45,118.3,0.08,79.07,33.92,24.34,29.13,9.57,22537.01,0.47,306.6,0.19,80.34,33.38,24.55,28.96,8.83,14453.73,0.39,85.7,0.08,82.34,4186.05
2044,Manual,NO,DK 234 YGRR,Algodon,NO,Manual,NO,3,46,84,55000,4,0,0,0,0,0,0,0,1,0,0,0,2,0,0,0,46,0,0,0,0,0,0,0,0,0,1,2,PLANO O LLANO,PLANO,2,6,SIN ROCAS,NO,-1,-1,SI,17,NO,GRANULAR,NO,NO,NO HAY,LA MANIANA Y LA TARDE,NO HAY,NO HAY,NO,SI,17,MUY AFECTADAS,NO,NO,SI,NO,MUY BUENO,17,LENTO A MUY LENTO,NINGUNO,80,0,20,0,0,0,0,0,0,0,100,0,0,0,0,0,0,0,34.38,23.86,29.12,10.52,15896.17,0.5,135.3,0.12,80.15,32.87,23.79,28.33,9.09,22756.15,0.22,398.4,0.21,86.57,32.51,24.43,28.47,8.08,14241.92,0.03,207.5,0.22,86.48,2543.02
3036,Manual,NO,P3966 (Pioneer),Maiz,SI,Manual,SI,5,46,86,71000,4,0,0,0,0,0,1,0,1,0,1,0,2,0,0,0,80.5,0,0,0,0,0,0,0,0,0,2,4,PLANO O LLANO,PLANO,2,5.5,SIN ROCAS,NO,-1,-1,NO,-1,NO,ATERRONADA,NO,NO,NO HAY,LA MANIANA Y LA TARDE,NO HAY,NO HAY,NO,SI,38,PLANTAS NORMALES,SI,NO,SI,NO,ESPACIADO,70,BUENO,LENTO,0,0,0,0,0,0,0,100,0,0,0,0,0,48.57,51.43,0,0,0,32.74,23.99,28.37,8.75,14713.04,0.18,270.2,0.18,82.28,33.63,24.5,29.07,9.13,22406.51,0.5,129.3,0.07,80.28,34.73,23.79,29.26,10.94,17766.47,0.82,0,0,73.42,3579.07
4279,Manual,NO,Otro,Maiz,SI,Manual,SI,5,47,85,70000,7,0,0,0,0,0,0,0,2,0,0,0,2,0,0,0,69,0,0,0,0,0,30,0,0,0,3,4,PLANO O LLANO,PLANO,3,5,SIN ROCAS,NO,-1,-1,SI,25,NO,ATERRONADA,NO,NO,NO HAY,LA MANIANA Y LA TARDE,NO HAY,NO HAY,NO,SI,35,PLANTAS NORMALES,SI,NO,SI,NO,REGULAR,35,LENTO A MUY LENTO,LENTO,0,0,0,0,0,0,0,64.52,35.48,0,0,0,0,35.48,64.52,0,0,0,33.31,24.53,28.92,8.78,15221.06,0.45,380.8,0.22,80.2,33.13,23.9,28.52,9.23,22515.62,0.24,243.1,0.16,79.1,32.79,22.87,27.83,9.91,16542.7,0.12,204.3,0.18,79.05,5368.6
4382,Manual,SI,Otro,Maiz,NO,Manual,NO,7,48,95,65000,17,0,0,0,0,0,0,0,1,0,0,0,2,0,0,0,115,0,0,0,0,0,0,0,0,0,3,2,PLANO O LLANO,PLANO,2,5.5,SIN ROCAS,NO,-1,-1,NO,-1,NO,ATERRONADA,NO,NO,NO HAY,LA MANIANA Y LA TARDE,NO HAY,NO HAY,NO,SI,31,POCO AFECTADAS,NO,NO,SI,NO,REGULAR,60,BUENO,NINGUNO,0,100,0,0,0,0,0,0,0,0,0,0,0,0,100,0,0,0,33.05,24.14,28.59,8.91,15174.77,0.38,422.8,0.28,80.05,33.27,23.59,28.43,9.68,23796.34,0.22,239,0.16,78.63,32.14,22.76,27.45,9.38,20359.52,0.02,340.1,0.19,80.18,5764.19
2944,Manual,NO,ADV 9339 (Syngenta),Pastos,NO,Manual,NO,4,47,87,60000,4,0,0,0,0,0,0,1,0,0,0,0,2,0,0,0,92,0,0,0,0,0,0,0,0,0,2,2,PLANO O LLANO,PLANO,2,6,SIN ROCAS,NO,-1,-1,SI,26,NO,GRANULAR,NO,NO,NO HAY,LA MANIANA Y LA TARDE,POCO MARCADAS,NO HAY,NO,SI,22,PLANTAS NORMALES,NO,NO,SI,NO,REGULAR,26,LENTO A MUY LENTO,NINGUNO,0,31.67,0,0,0,0,68.33,0,0,0,68.33,31.67,0,0,0,0,0,0,31.8,24.73,28.26,7.07,13512.05,0,161,0.15,89,33.25,25.19,29.22,8.07,22336.62,0.19,163.8,0.07,83.97,32.63,24.78,28.7,7.85,15908.82,0.15,15.1,0.02,82.34,4290.7
1894,Mecanizado,NO,DK 234,Frijol,NO,Manual,NO,3,47,81,60000,5,0,0,0,0,0,0,0,1,0,0,0,0,0,0,0,115,0,0,0,0,0,0,0,0,0,2,1,PLANO O LLANO,PLANO,2,5.5,SIN ROCAS,NO,-1,-1,SI,35,NO,GRANULAR,NO,NO,NO HAY,LA MANIANA Y LA TARDE,NO HAY,NO HAY,NO,SI,32,POCO AFECTADAS,SI,NO,SI,NO,ESPACIADO,35,LENTO A MUY LENTO,NINGUNO,0,0,0,0,0,0,46.67,53.33,0,0,100,0,0,0,0,0,0,0,33.9,23.81,28.86,10.09,15001.74,0.4,182.9,0.18,80.72,33.25,23.74,28.5,9.51,23440.79,0.31,389.2,0.21,86.02,32.46,24.24,28.35,8.22,13118.71,0.03,170.7,0.18,85.96,3162.79
2208,Mecanizado,NO,P3966 (Pioneer),Algodon,NO,Manual,SI,4,47,75,60000,9,0,0,0,0,0,0,1,1,0,0,0,2,0,0,0,92,0,0,0,0,0,0,0,0,0,2,1,PLANO O LLANO,PLANO,2,5.5,SIN ROCAS,SI,10,8,SI,21,NO,ATERRONADA,NO,NO,NO HAY,LA MANIANA Y LA TARDE,NO HAY,NO HAY,NO,SI,13,POCO AFECTADAS,NO,NO,NO,NO,REGULAR,13,LENTO A MUY LENTO,NINGUNO,0,30,0,0,0,0,0,70,0,0,70,30,0,0,0,0,0,0,34.51,24.98,29.74,9.53,15623.6,0.55,98.2,0.05,77.74,33.62,24.27,28.95,9.35,22322.2,0.4,322.7,0.21,81.13,33.42,24.68,29.05,8.74,10879.89,0.45,69.6,0.07,82.72,4290.7
4320,Mecanizado,NO,DK 234 YGRR,Algodon,SI,Mecanizada,NO,6,49,80,70000,17,0,0,0,0,0,0,0,1,0,0,0,1,0,0,0,92,0,0,0,0,0,30,0,0,0,4,3,PLANO O LLANO,PLANO,2,6,SIN ROCAS,NO,-1,-1,SI,29,NO,MASIVA,NO,NO,NO HAY,LA MANIANA Y LA TARDE,NO HAY,NO HAY,NO,SI,22,PLANTAS NORMALES,NO,NO,SI,NO,BUENO,22,LENTO A MUY LENTO,LENTO,0,100,0,0,0,0,0,0,0,0,0,0,0,0,100,0,0,0,33.27,24.47,28.87,8.8,15353.37,0.42,414.8,0.25,80.03,33.24,23.83,28.54,9.41,22807.7,0.28,238.7,0.16,78.96,32.46,22.56,27.51,9.9,15498.54,0.05,173.5,0.16,79.23,6216.28
3699,Mecanizado,SI,P3966 (Pioneer),Maiz,SI,Mecanizada,NO,5,46,84,84000,12,0,1,0,0,0,2,0,2,0,1,0,1,2,0,15,92,0,15,0,0,15,30,0,0,1,3,4,PLANO O LLANO,PLANO,3,6.5,SIN ROCAS,NO,-1,-1,SI,43,NO,GRANULAR,NO,NO,NO HAY,LA MANIANA Y LA TARDE,NO HAY,NO HAY,NO,SI,34,PLANTAS NORMALES,SI,NO,SI,SI,BUENO,43,LENTO A MUY LENTO,LENTO,0,0,0,0,0,0,0,100,0,0,0,0,0,100,0,0,0,0,33.07,24.52,28.8,8.55,15082.03,0.4,412.1,0.25,80.78,33.24,23.88,28.56,9.35,22662.63,0.28,221.8,0.14,78.8,32.69,22.79,27.74,9.9,15696.45,0.08,194.3,0.18,79.13,6325.58
1935,Manual,NO,PIONEER 30F35 HRR,Maiz,NO,Manual,NO,4,47,77,55000,6,0,0,0,0,0,0,0,1,0,0,0,1,0,0,0,80.5,0,0,0,0,0,0,0,0,0,3,1,PLANO O LLANO,PLANO,2,7,SIN ROCAS,NO,-1,-1,SI,24,NO,ATERRONADA,NO,NO,NO HAY,LA MANIANA Y LA TARDE,NO HAY,NO HAY,NO,SI,36,PLANTAS NORMALES,NO,NO,SI,NO,ESPACIADO,36,LENTO A MUY LENTO,NINGUNO,0,0,0,0,0,0,31.67,68.33,0,0,68.33,31.67,0,0,0,0,0,0,34.37,24.89,29.63,9.48,15771.34,0.52,98.2,0.05,77.97,33.68,24.32,29,9.36,22303.83,0.41,317.6,0.21,81.01,33.45,24.58,29.01,8.86,11771.42,0.42,74.7,0.06,82.55,4744.19
2933,Manual,NO,PIONEER 30F35 HRR,Maiz,NO,Manual,NO,4,45,94,60000,6,0,0,0,0,0,0,0,1,0,0,0,1,0,0,0,92,0,0,0,0,0,0,0,0,0,2,2,PLANO O LLANO,PLANO,2,5.5,SIN ROCAS,NO,-1,-1,SI,23,NO,GRANULAR,NO,NO,POCO MARCADAS,LA MANIANA Y LA TARDE,POCO MARCADAS,NO HAY,NO,SI,16,PLANTAS NORMALES,NO,NO,SI,NO,REGULAR,23,LENTO A MUY LENTO,NINGUNO,0,36.67,0,0,0,0,63.33,0,0,0,63.33,36.67,0,0,0,0,0,0,32.1,24.87,28.49,7.24,15185,0.02,197.7,0.2,88.98,33.11,25.15,29.13,7.95,21418,0.19,89.1,0.07,85.15,32.59,24.99,28.79,7.6,17547.54,0.11,115.1,0.04,82.45,5079.07
4311,Mecanizado,NO,Otro,Algodon,SI,Mecanizada,NO,7,51,76,61500,17,0,0,0,0,0,0,0,2,0,0,0,1,0,0,0,69,0,0,0,0,0,30,0,0,0,3,3,PLANO O LLANO,PLANO,2,5.5,SIN ROCAS,NO,-1,-1,NO,-1,NO,MASIVA,NO,NO,NO HAY,LA MANIANA Y LA TARDE,NO HAY,NO HAY,NO,SI,24,PLANTAS NORMALES,SI,NO,SI,NO,BUENO,24,BUENO,LENTO,0,61.67,0,38.33,0,0,0,0,0,0,0,0,0,38.33,61.67,0,0,0,32.77,23.61,28.18,9.16,16499.64,0.22,316.1,0.22,83.94,32.51,23.16,27.84,9.35,23989.18,0.14,172.6,0.1,83.06,31.67,23.4,27.54,8.27,14265.3,0,131.9,0.08,83.23,6157.44
4324,Mecanizado,NO,Otro,Algodon,SI,Mecanizada,NO,5,52,80,70000,18,0,0,0,0,0,0,0,0,0,0,0,2,0,0,0,80.5,0,0,0,0,0,0,0,0,0,2,3,PLANO O LLANO,PLANO,2,6,SIN ROCAS,NO,-1,-1,SI,37,NO,ATERRONADA,NO,NO,NO HAY,LA MANIANA Y LA TARDE,NO HAY,NO HAY,NO,SI,33,PLANTAS NORMALES,NO,NO,SI,NO,BUENO,37,LENTO A MUY LENTO,LENTO,0,38.33,0,0,0,0,0,61.67,0,0,0,0,0,61.67,38.33,0,0,0,33.3,24.29,28.8,9.01,15429.55,0.4,395.4,0.25,79.88,33.26,23.69,28.48,9.57,23213.61,0.26,245.1,0.16,78.74,32.08,22.46,27.27,9.62,15767.31,0.05,260,0.18,80.05,6674.42
4127,Mecanizado,SI,Otro,Pastos,SI,Mecanizada,NO,5,47,86,74000,10,2,0,0,0,0,2,0,2,0,1,0,1,0,0,1.5,103.5,0,2.5,0,0,30,30,0,0,2,3,3,PLANO O LLANO,PLANO,2,6,SIN ROCAS,NO,-1,-1,NO,-1,NO,ATERRONADA,NO,NO,NO HAY,LA MANIANA Y LA TARDE,NO HAY,NO HAY,NO,SI,21,PLANTAS NORMALES,SI,NO,SI,NO,REGULAR,61,BUENO,LENTO,0,0,0,0,0,0,0,100,0,0,0,0,0,50.82,49.18,0,0,0,33.3,24.75,29.02,8.55,14874.73,0.42,347,0.18,80.33,33.18,23.96,28.57,9.22,22423.29,0.28,262.5,0.17,79.06,32.89,22.91,27.9,9.98,17211.11,0.12,203.8,0.2,78.92,6593.02
3672,Mecanizado,SI,DK 234,Maiz,SI,Manual,NO,5,47,82,62500,9,0,0,0,0,0,0,0,1,0,0,0,1,0,0,0,0,0,0,0,0,0,0,0,0,0,2,1,PLANO O LLANO,PLANO,2,6,SIN ROCAS,NO,-1,-1,NO,-1,NO,GRANULAR,NO,NO,NO HAY,LA MANIANA Y LA TARDE,POCO MARCADAS,NO HAY,NO,SI,23,PLANTAS NORMALES,NO,NO,SI,SI,REGULAR,60,BUENO,NINGUNO,0,38.33,0,0,0,0,0,61.67,0,0,100,0,0,0,0,0,0,0,32.84,23.86,28.35,8.97,16250.96,0.25,264.9,0.2,84.36,32.7,23.38,28.04,9.32,23946.07,0.21,288.1,0.17,83.39,31.84,23.22,27.53,8.62,16917.78,0,66.2,0.02,82.84,5339.53
2056,Mecanizado,NO,ADV 9339 (Syngenta),Algodon,NO,Manual,NO,4,44,81,55000,7,0,0,0,0,0,0,0,1,0,0,0,1,0,0,0,46,0,0,0,0,0,0,0,0,0,1,1,PLANO O LLANO,PLANO,2,5.5,SIN ROCAS,NO,-1,-1,SI,8,NO,GRANULAR,NO,NO,NO HAY,LA MANIANA Y LA TARDE,NO HAY,NO HAY,NO,SI,33,POCO AFECTADAS,NO,NO,SI,NO,BUENO,33,LENTO A MUY LENTO,NINGUNO,0,20,0,0,0,0,0,0,80,0,100,0,0,0,0,0,0,0,34.07,23.88,28.98,10.19,15308.28,0.45,182.3,0.18,80.7,33.09,23.74,28.41,9.34,23217.74,0.28,389.2,0.21,86.25,32.53,24.23,28.38,8.3,12532,0.03,170.7,0.19,85.96,2002.33
2980,Manual,NO,ADV 9339 (Syngenta),Maiz,NO,Manual,NO,4,46,84,60000,10,0,0,0,0,0,0,1,1,0,0,0,2,0,0,0,46,0,0,0,0,0,0,0,0,0,1,1,PLANO O LLANO,PLANO,2,6,SIN ROCAS,NO,-1,-1,SI,32,NO,GRANULAR,NO,NO,POCO MARCADAS,LA MANIANA Y LA TARDE,POCO MARCADAS,NO HAY,NO,SI,23,PLANTAS NORMALES,NO,NO,SI,NO,ESPACIADO,32,LENTO A MUY LENTO,NINGUNO,0,51.67,0,0,0,0,0,48.33,0,0,100,0,0,0,0,0,0,0,31.96,24.83,28.39,7.13,14508.87,0.02,161,0.15,88.83,33.23,25.19,29.21,8.04,21912.39,0.19,63.8,0.05,84.49,32.44,24.94,28.69,7.5,13962.51,0.08,115.1,0.05,82.3,3051.16
3746,Mecanizado,SI,DK7088,Algodon,NO,Manual,NO,4,48,85,60000,5,0,0,0,0,0,0,0,1,0,0,0,1,0,0,0,92,0,0,0,0,0,0,0,0,0,2,2,PLANO O LLANO,PLANO,2,5.5,SIN ROCAS,NO,-1,-1,SI,25,NO,GRANULAR,NO,NO,NO HAY,LA MANIANA Y LA TARDE,NO HAY,NO HAY,NO,SI,40,PLANTAS NORMALES,NO,NO,SI,NO,REGULAR,40,LENTO A MUY LENTO,NINGUNO,0,0,0,0,38.33,0,0,0,61.67,0,100,0,0,0,0,0,0,0,32.83,23.8,28.32,9.03,16382.42,0.28,332.4,0.22,84.04,32.57,23.21,27.89,9.36,23873.94,0.16,174.8,0.12,83.34,31.73,23.38,27.55,8.35,15766.32,0,132.1,0.08,83.02,5625.58
4225,Mecanizado,NO,P3966 (Pioneer),Algodon,SI,Mecanizada,NO,6,49,85,72000,16,0,0,0,0,0,0,0,1,0,0,0,2,0,0,0,92,0,0,0,0,0,30,0,0,0,4,3,PLANO O LLANO,PLANO,2,6,SIN ROCAS,NO,-1,-1,NO,-1,NO,ATERRONADA,NO,NO,NO HAY,LA MANIANA Y LA TARDE,NO HAY,NO HAY,NO,SI,22,PLANTAS NORMALES,SI,NO,SI,NO,BUENO,60,BUENO,LENTO,0,100,0,0,0,0,0,0,0,0,0,0,0,0,100,0,0,0,33.07,24.19,28.63,8.88,15123.25,0.38,426.4,0.28,79.97,33.32,23.62,28.47,9.7,23832.9,0.24,220.9,0.14,78.6,32.12,22.66,27.39,9.46,16597.53,0.02,289.4,0.21,80.06,6147.79
1962,Mecanizado,SI,P4082 (Pioneer),Algodon,NO,Manual,NO,0,50,77,60000,7,0,0,0,0,0,0,0,1,0,0,0,2,0,0,0,84,0,0,0,0,0,10,0,0,0,2,2,PLANO O LLANO,PLANO,2,6.5,SIN ROCAS,NO,-1,-1,NO,-1,NO,ATERRONADA,NO,NO,NO HAY,LA MANIANA Y LA TARDE,NO HAY,NO HAY,NO,SI,25,POCO AFECTADAS,NO,NO,SI,NO,BUENO,60,BUENO,NINGUNO,0,36.67,0,0,0,0,0,0,63.33,0,63.33,36.67,0,0,0,0,0,0,34.28,24.89,29.59,9.39,15925.34,0.5,98.2,0.05,78.17,33.74,24.32,29.03,9.42,22363.23,0.43,306.6,0.19,80.89,33.41,24.63,29.02,8.79,11203.14,0.4,64.5,0.07,82.53,2825.58
2039,Mecanizado,SI,DK 234 YGRR,Algodon,SI,Manual,NO,4,47,83,55000,9,0,0,0,0,0,0,0,1,0,0,0,2,0,0,0,92,0,0,0,0,0,0,0,0,0,2,1,PLANO O LLANO,PLANO,2,7,SIN ROCAS,SI,13,10,NO,-1,NO,ATERRONADA,NO,NO,NO HAY,LA MANIANA Y LA TARDE,NO HAY,NO HAY,NO,SI,16,MUY AFECTADAS,NO,NO,NO,NO,ESPACIADO,16,BUENO,NINGUNO,0,0,0,0,46.67,0,53.33,0,0,0,0,100,0,0,0,0,0,0,33.31,24.36,28.83,8.95,15132.61,0.35,181.1,0.12,80.44,34.32,24.54,29.43,9.77,22715.79,0.53,272.6,0.16,79.46,33.26,24.53,28.89,8.73,13839.01,0.35,98.7,0.11,82.51,3432.56
2488,Mecanizado,SI,P3966 (Pioneer),Maiz,SI,Manual,SI,5,45,81,72000,10,0,0,0,0,0,0,0,0,0,0,0,1,0,0,0,92,0,0,0,0,0,60,0,0,0,2,1,PLANO O LLANO,PLANO,1,5.5,SIN ROCAS,SI,35,5,NO,-1,NO,GRANULAR,NO,NO,NO HAY,LA MANIANA Y LA TARDE,NO HAY,NO HAY,NO,SI,30,PLANTAS NORMALES,SI,NO,SI,SI,BUENO,35,BUENO,NINGUNO,0,0,0,0,0,0,100,0,0,0,0,0,0,100,0,0,0,0,33.91,24.75,29.33,9.17,15178.36,0.57,189.1,0.15,79.7,34.27,24.68,29.48,9.59,22439.93,0.5,259.6,0.14,79.01,33.88,24.38,29.13,9.49,13296.33,0.44,116.8,0.18,80.63,3813.95
1547,Manual,SI,Otro,Maiz,NO,Manual,NO,4,41,100,59000,16,0,0,0,0,0,0,0,1,0,0,0,1,1,0,0,92,0,0,0,0,0,0,0,0,0,2,2,PLANO O LLANO,PLANO,2,5,SIN ROCAS,NO,-1,-1,NO,-1,NO,MASIVA,NO,NO,NO HAY,LA MANIANA Y LA TARDE,NO HAY,NO HAY,NO,SI,58,PLANTAS NORMALES,NO,NO,SI,NO,BUENO,58,BUENO,NINGUNO,0,0,0,0,0,0,0,0,60,40,0,0,0,40,60,0,0,0,32.67,23.75,28.21,8.91,15136.27,0.22,224.6,0.18,81.25,32.5,24.08,28.29,8.42,20449.97,0.14,264.2,0.12,82.36,33.8,23.57,28.68,10.23,19215.01,0.54,67.4,0.04,77.63,3623.26
2927,Manual,NO,PIONEER 30F35 HRR,Maiz,NO,Manual,NO,5,48,85,6000,4,0,0,0,0,0,0,1,1,0,0,0,2,0,0,0,69,0,0,0,0,0,0,0,0,0,2,1,PLANO O LLANO,PLANO,2,6,SIN ROCAS,NO,-1,-1,SI,23,NO,GRANULAR,NO,NO,POCO MARCADAS,LA MANIANA Y LA TARDE,NO HAY,NO HAY,NO,SI,18,PLANTAS NORMALES,NO,NO,SI,NO,SIN COBERTURA,23,LENTO A MUY LENTO,NINGUNO,0,0,0,36.67,0,0,0,63.33,0,0,63.33,36.67,0,0,0,0,0,0,31.8,24.73,28.26,7.07,13512.05,0,161,0.15,89,33.25,25.19,29.22,8.07,22336.62,0.19,163.8,0.07,83.97,32.63,24.78,28.7,7.85,15908.82,0.15,15.1,0.02,82.34,4439.53
4160,Mecanizado,NO,Otro,Algodon,SI,Mecanizada,NO,5,50,86,70000,17,0,0,0,0,0,0,0,1,0,0,0,2,0,0,0,115,0,0,0,0,0,30,0,0,0,4,2,PLANO O LLANO,PLANO,2,5.5,SIN ROCAS,NO,-1,-1,NO,-1,NO,ATERRONADA,NO,NO,NO HAY,LA MANIANA Y LA TARDE,NO HAY,NO HAY,NO,SI,27,PLANTAS NORMALES,NO,NO,SI,NO,BUENO,65,BUENO,NINGUNO,0,60,0,0,0,0,0,40,0,0,0,0,0,40,60,0,0,0,33.11,24.47,28.79,8.64,15224.75,0.4,414.8,0.25,80.5,33.26,23.86,28.56,9.4,22784.95,0.29,235.5,0.16,78.88,32.28,22.46,27.37,9.82,17639.04,0.05,179.2,0.14,79.57,6674.42
4190,Mecanizado,SI,Otro,Maiz,NO,Mecanizada,NO,5,47,100,73000,6,0,0,0,0,0,0,0,2,0,0,0,1,0,0,0,109,0,0,0,0,0,20,0,0,0,3,3,PLANO O LLANO,PLANO,3,6,SIN ROCAS,NO,-1,-1,SI,21,NO,ATERRONADA,NO,NO,NO HAY,LA MANIANA Y LA TARDE,NO HAY,NO HAY,NO,SI,21,PLANTAS NORMALES,SI,NO,SI,SI,REGULAR,21,LENTO A MUY LENTO,LENTO,0,0,0,0,0,0,0,100,0,0,0,0,0,44.12,55.88,0,0,0,33.28,24.91,29.09,8.37,14700.2,0.4,262.6,0.15,80.03,33.26,24.03,28.64,9.23,22426.52,0.33,324.6,0.17,78.92,32.58,22.62,27.6,9.95,22647.77,0.09,244,0.16,79.19,6027.91
1920,Mecanizado,SI,P4082 (Pioneer),Maiz,SI,Mecanizada,NO,8,46,83,75000,11,0,0,0,0,0,0,2,1,0,0,0,1,0,0,3,92,0,6,0,0,4.5,0,0,0,2,2,3.1,PLANO O LLANO,PLANO,2,6,SIN ROCAS,NO,-1,-1,NO,-1,NO,ATERRONADA,NO,NO,NO HAY,LA MANIANA Y LA TARDE,NO HAY,NO HAY,NO,SI,44,PLANTAS NORMALES,SI,NO,SI,NO,MUY BUENO,50,BUENO,LENTO,0,0,0,0,0,0,0,100,0,0,0,0,0,100,0,0,0,0,33.89,24.79,29.34,9.1,15447.88,0.45,118.3,0.08,79.07,33.92,24.34,29.13,9.57,22537.01,0.47,306.6,0.19,80.34,33.45,24.57,29.01,8.88,15178.99,0.42,85.7,0.08,82.08,6865.12
2664,Manual,NO,P3966 (Pioneer),Algodon,SI,Manual,SI,6,50,87,60000,11,0,0,0,0,0,0,0,0,0,0,0,1,0,0,0,184,0,0,0,0,0,0,0,0,0,2,1,PLANO O LLANO,PLANO,2,6,SIN ROCAS,SI,18,3,NO,-1,NO,ATERRONADA,NO,NO,NO HAY,LA MANIANA Y LA TARDE,NO HAY,NO HAY,NO,SI,18,POCO AFECTADAS,NO,NO,NO,NO,REGULAR,18,BUENO,NINGUNO,0,0,0,0,37.5,62.5,0,0,0,0,0,100,0,0,0,0,0,0,33.35,24.46,28.9,8.89,15070.36,0.45,186.4,0.15,81.05,34.68,24.84,29.76,9.84,22916.17,0.62,254.8,0.14,78.58,33.43,24.32,28.87,9.11,17583.49,0.35,139.7,0.13,81.53,3720.93
2055,Manual,NO,DK 234,Algodon,NO,Manual,NO,5,45,80,55000,6,0,0,0,0,0,0,0,1,0,0,0,0,0,0,0,46,0,0,0,0,0,0,0,0,0,1,1,PLANO O LLANO,PLANO,2,6.5,SIN ROCAS,SI,8,14,SI,12,NO,ATERRONADA,NO,NO,NO HAY,LA MANIANA Y LA TARDE,NO HAY,NO HAY,NO,SI,38,POCO AFECTADAS,NO,NO,NO,NO,ESPACIADO,38,LENTO A MUY LENTO,NINGUNO,0,0,0,0,20,0,0,0,80,0,80,20,0,0,0,0,0,0,33.99,23.82,28.9,10.17,15018.07,0.42,182.9,0.18,80.72,33.16,23.74,28.45,9.42,23451.77,0.29,389.2,0.21,86.12,32.48,24.27,28.38,8.22,12825.37,0.03,170.7,0.18,85.99,2193.02
702,Manual,NO,PAC 105,Algodon,SI,Manual,NO,6,43,77,70000,9,0,0,0,0,0,0,1,1,0,0,0,3,0,0,46,46,0,0,0,0,0,0,0,0,1,1,2,PLANO O LLANO,PLANO,2,6,SIN ROCAS,NO,-1,-1,NO,-1,NO,ATERRONADA,NO,NO,NO HAY,LA MANIANA Y LA TARDE,NO HAY,NO HAY,NO,SI,28,PLANTAS NORMALES,NO,NO,NO,NO,REGULAR,70,BUENO,NINGUNO,0,100,0,0,0,0,0,0,0,0,0,100,0,0,0,0,0,0,31.9,24.62,28.26,7.28,14456.12,0.08,198.6,0.15,81.05,33.6,24.38,28.99,9.22,22617.82,0.4,333.3,0.14,78.43,32.28,23.58,27.93,8.7,10827.11,0.17,186.8,0.21,80.62,4238.37
4085,Mecanizado,NO,P3966 (Pioneer),Algodon,NO,Manual,NO,4,47,89,62000,7,0,0,0,0,0,0,1,1,0,0,0,0,0,0,0,46,0,0,0,0,0,0,0,0,0,1,1,PLANO O LLANO,PLANO,2,6,SIN ROCAS,NO,-1,-1,SI,24,NO,GRANULAR,NO,NO,NO HAY,LA MANIANA Y LA TARDE,POCO MARCADAS,NO HAY,NO,SI,19,PLANTAS NORMALES,NO,NO,SI,SI,ESPACIADO,24,LENTO A MUY LENTO,NINGUNO,0,0,0,0,0,0,61.67,38.33,0,0,100,0,0,0,0,0,0,0,32.7,23.48,28.09,9.21,16468.35,0.2,337.8,0.22,83.79,32.3,23.03,27.66,9.27,23670.08,0.1,143.1,0.09,83.2,31.72,23.84,27.78,7.88,16402.9,0,157.1,0.09,83.21,6006.98
3051,Mecanizado,NO,DK7088,Maiz,NO,Manual,NO,4,48,85,65000,10,1,0,0,0,0,0,0,1,0,0,0,1,0,0,0,61,0,0,15,0,0,15,0,0,0,2,1,PLANO O LLANO,PLANO,2,6,SIN ROCAS,NO,-1,-1,SI,18,NO,GRANULAR,NO,NO,NO HAY,LA MANIANA Y LA TARDE,POCO MARCADAS,NO HAY,NO,SI,22,PLANTAS NORMALES,NO,NO,SI,NO,REGULAR,22,LENTO A MUY LENTO,NINGUNO,0,28.33,0,0,0,0,0,71.67,0,0,100,0,0,0,0,0,0,0,31.9,24.85,28.38,7.05,14390.09,0.02,249,0.15,88.83,33.24,25.17,29.2,8.07,22609.97,0.19,129.3,0.07,84.59,32.55,24.96,28.75,7.58,17864.28,0.12,0,0,82.4,5597.67
4084,Mecanizado,SI,DK 234,Algodon,NO,Manual,NO,4,46,88,62000,7,0,0,0,0,0,0,0,1,0,0,0,1,0,0,0,92,0,0,0,0,0,0,0,0,0,2,1,PLANO O LLANO,PLANO,2,6,SIN ROCAS,NO,-1,-1,SI,37,NO,GRANULAR,NO,NO,NO HAY,LA MANIANA Y LA TARDE,NO HAY,NO HAY,NO,SI,13,PLANTAS NORMALES,NO,NO,SI,SI,REGULAR,37,LENTO A MUY LENTO,NINGUNO,0,0,0,0,0,0,38.33,61.67,0,0,100,0,0,0,0,0,0,0,32.73,23.43,28.08,9.3,16597.03,0.2,334.7,0.22,83.66,32.27,23.03,27.65,9.24,23628.04,0.1,127.8,0.07,83.17,31.78,23.81,27.79,7.97,15752.39,0,157.1,0.1,83.21,5816.28
1987,Mecanizado,NO,P3966 (Pioneer),Algodon,SI,Mecanizada,NO,5,48,71,62500,9,0,0,0,0,0,0,0,2,0,0,0,2,0,0,0,92,0,0,0,0,0,30,0,0,0,3,2.7,PLANO O LLANO,PLANO,2,5.5,SIN ROCAS,NO,-1,-1,NO,-1,NO,ATERRONADA,NO,NO,NO HAY,LA MANIANA Y LA TARDE,NO HAY,NO HAY,NO,SI,35,POCO AFECTADAS,SI,NO,SI,SI,MUY BUENO,60,BUENO,NINGUNO,0,0,0,0,33.33,0,0,66.67,0,0,0,0,0,100,0,0,0,0,34.51,24.98,29.74,9.53,15623.6,0.55,98.2,0.05,77.74,33.62,24.27,28.95,9.35,22322.2,0.4,322.7,0.21,81.13,33.3,24.61,28.96,8.7,10037.58,0.41,48.4,0.04,82.81,2250
4181,Mecanizado,NO,P4082 (Pioneer),Algodon,SI,Mecanizada,NO,4,49,90,68000,13,0,0,0,0,0,0,0,1,0,0,0,2,0,0,0,61,0,0,15,0,0,45,0,0,0,3,4,PLANO O LLANO,PLANO CON ONDULACIONES,2,5.5,SIN ROCAS,NO,-1,-1,NO,-1,NO,SUELTA O POLVOSA,NO,NO,NO HAY,LA MANIANA Y LA TARDE,NO HAY,NO HAY,NO,SI,15,POCO AFECTADAS,NO,NO,SI,NO,REGULAR,60,EXCESIVO,LENTO,0,0,0,0,0,0,61.67,0,0,38.33,0,0,0,100,0,0,0,0,33.07,24.19,28.63,8.88,15123.25,0.38,426.4,0.28,79.97,33.32,23.62,28.47,9.7,23832.9,0.24,220.9,0.14,78.6,32.2,22.77,27.49,9.43,17759.32,0.02,347,0.24,80.03,7063.95
2057,Mecanizado,SI,DK 234 YGRR,Algodon,NO,Manual,NO,4,47,80,60000,6,0,0,0,0,0,0,0,1,0,0,0,0,0,0,0,46,0,0,0,0,0,0,0,0,0,1,1,PLANO O LLANO,PLANO,2,6,SIN ROCAS,NO,-1,-1,SI,12,NO,GRANULAR,NO,NO,NO HAY,LA MANIANA Y LA TARDE,NO HAY,NO HAY,NO,SI,34,MUY AFECTADAS,NO,NO,SI,NO,BUENO,34,LENTO A MUY LENTO,NINGUNO,0,30,0,0,0,0,0,0,70,0,100,0,0,0,0,0,0,0,33.9,23.81,28.86,10.09,15001.74,0.4,182.9,0.18,80.72,33.25,23.74,28.5,9.51,23440.79,0.31,389.2,0.21,86.02,32.46,24.24,28.35,8.22,13118.71,0.03,170.7,0.18,85.96,3202.33
2919,Mecanizado,SI,DK 234 YGRR,Maiz,SI,Mecanizada,NO,5,46,96,72000,4,0,0,0,0,0,0,2,1,0,0,1,2,0,0,0,76,0,0,0,0,0,20,0,0,0,2,3,PLANO O LLANO,PLANO,3,6,SIN ROCAS,NO,-1,-1,SI,22,NO,ATERRONADA,NO,NO,NO HAY,LA MANIANA Y LA TARDE,NO HAY,NO HAY,NO,SI,32,PLANTAS NORMALES,SI,NO,SI,SI,REGULAR,32,LENTO A MUY LENTO,LENTO,0,0,0,0,0,0,0,100,0,0,0,0,0,51.43,48.57,0,0,0,32.6,23.96,28.28,8.65,14397.48,0.12,268.6,0.18,82.58,33.82,24.57,29.2,9.26,22613.73,0.55,109.7,0.05,79.71,35.03,24.02,29.52,11,22319.97,0.88,0,0,72.96,4930.23
4174,Mecanizado,SI,P3966 (Pioneer),Algodon,NO,Mecanizada,NO,5,46,88,74000,11,2,0,0,0,0,2,0,2,0,0,0,8,0,0,7.5,92,0,7.5,0,0,37.5,60,0,0,2,4,4,PLANO O LLANO,PLANO,2,6,SIN ROCAS,NO,-1,-1,SI,42,NO,GRANULAR,NO,NO,NO HAY,LA MANIANA Y LA TARDE,NO HAY,NO HAY,NO,SI,33,PLANTAS NORMALES,SI,NO,SI,NO,BUENO,42,LENTO A MUY LENTO,LENTO,0,0,0,0,0,0,0,100,0,0,0,0,0,100,0,0,0,0,33.08,24.47,28.77,8.61,15128.73,0.4,411.7,0.25,80.58,33.27,23.88,28.58,9.39,22776.3,0.29,239.9,0.16,78.76,32.46,22.51,27.48,9.95,17147.14,0.05,179.2,0.14,79.29,6232.56
2483,Mecanizado,NO,P3966 (Pioneer),Algodon,NO,Manual,SI,5,26,100,65000,10,0,0,0,0,0,0,1,1,0,0,0,1,0,0,0,92,0,0,0,0,0,120,0,0,0,4,1,PLANO O LLANO,PLANO,1,4.5,SIN ROCAS,SI,30,8,NO,-1,NO,GRANULAR,NO,NO,NO HAY,LA MANIANA Y LA TARDE,NO HAY,NO HAY,NO,SI,25,PLANTAS NORMALES,SI,NO,SI,NO,BUENO,30,BUENO,NINGUNO,0,0,0,0,0,0,100,0,0,0,0,0,0,100,0,0,0,0,33.83,24.73,29.28,9.1,15505.82,0.42,118.3,0.08,79.27,33.99,24.42,29.2,9.57,22471.86,0.48,306.2,0.19,80.25,33.38,24.54,28.96,8.84,12791.64,0.38,64.9,0.06,82.41,4186.05
3668,Manual,SI,DK 234,Maiz,NO,Manual,NO,4,49,85,62000,6,0,0,0,0,0,0,1,1,0,0,0,0,0,0,0,92,0,0,0,0,0,0,0,0,0,2,2,PLANO O LLANO,PLANO,2,6.5,SIN ROCAS,NO,-1,-1,SI,32,NO,GRANULAR,NO,NO,NO HAY,LA MANIANA Y LA TARDE,NO HAY,NO HAY,NO,SI,13,PLANTAS NORMALES,NO,NO,SI,SI,REGULAR,32,LENTO A MUY LENTO,NINGUNO,0,0,0,0,0,0,48.33,51.67,0,0,100,0,0,0,0,0,0,0,33.31,24.53,28.92,8.78,15221.06,0.45,380.8,0.22,80.2,33.13,23.9,28.52,9.23,22515.62,0.24,243.1,0.16,79.1,32.72,22.85,27.79,9.88,16857.47,0.12,204.3,0.17,79.14,5651.16
2364,Mecanizado,SI,Otro,Algodon,SI,Mecanizada,NO,5,46,77,71000,16,0,0,0,0,0,0,2,1,0,0,1,3,0,0,0,96,0,0,0,0,0,15,0,0,0,4,4,PLANO O LLANO,PLANO,2,5.5,SIN ROCAS,NO,-1,-1,NO,-1,NO,GRANULAR,NO,NO,NO HAY,LA MANIANA Y LA TARDE,NO HAY,NO HAY,NO,SI,19,PLANTAS NORMALES,NO,NO,SI,NO,REGULAR,60,BUENO,LENTO,0,0,0,0,0,0,0,100,0,0,0,0,0,100,0,0,0,0,34,24.77,29.39,9.23,15588.59,0.48,104.6,0.05,78.77,33.86,24.31,29.08,9.55,22479.53,0.45,306.6,0.19,80.52,33.37,24.65,29.01,8.72,11549.44,0.39,64.5,0.06,82.71,5577.91
4277,Mecanizado,NO,Otro,Algodon,SI,Mecanizada,NO,4,50,83,69000,17,0,0,0,0,0,0,0,1,0,0,0,2,0,0,0,61,0,0,15,0,0,45,0,0,0,4,2,PLANO O LLANO,PLANO,2,6,SIN ROCAS,NO,-1,-1,NO,-1,NO,ATERRONADA,NO,NO,NO HAY,LA MANIANA Y LA TARDE,NO HAY,NO HAY,NO,SI,28,PLANTAS NORMALES,SI,NO,SI,NO,BUENO,60,BUENO,NINGUNO,0,100,0,0,0,0,0,0,0,0,0,0,0,0,100,0,0,0,33.31,24.45,28.88,8.86,15301.82,0.42,412.8,0.28,80.03,33.29,23.77,28.53,9.53,23027.95,0.28,237.7,0.14,78.82,32.21,22.44,27.32,9.77,16034.5,0.05,166,0.15,79.67,6466.28
2100,Mecanizado,SI,P4082 (Pioneer),Algodon,SI,Mecanizada,NO,5,55,70,75000,11,1,1,0,0,0,0,0,2,0,0,0,2,0,0,0,92,0,0,0,0,0,30,0,0,0,4,2.2,PLANO O LLANO,PLANO,2,6.5,SIN ROCAS,NO,-1,-1,NO,-1,NO,ATERRONADA,NO,NO,NO HAY,LA MANIANA Y LA TARDE,NO HAY,NO HAY,NO,SI,20,POCO AFECTADAS,SI,NO,SI,SI,MUY BUENO,60,BUENO,NINGUNO,0,0,0,0,0,0,0,100,0,0,0,0,0,66.67,33.33,0,0,0,33.56,24.56,29.06,9,15314.59,0.38,145.1,0.1,79.89,34.19,24.47,29.33,9.72,22685.08,0.52,282.9,0.17,79.87,33.24,24.55,28.89,8.68,12279.11,0.33,79.6,0.09,82.45,5895.35
268,Manual,SI,PIONEER 30F32,Algodon,SI,Manual,NO,5,42,89,60000,12,0,0,0,0,0,0,0,1,0,0,0,1,0,0,0,92,0,0,0,0,0,0,0,0,0,2,2,PLANO O LLANO,PLANO,3,6,SIN ROCAS,SI,11,1.5,SI,55,NO,GRANULAR,NO,NO,NO HAY,LA MANIANA Y LA TARDE,NO HAY,NO HAY,NO,NO,-1,PLANTAS NORMALES,SI,NO,NO,NO,MUY BUENO,11,BUENO,NINGUNO,0,0,0,0,0,0,0,100,0,0,100,0,0,0,0,0,0,0,32.44,24.36,28.4,8.08,14753.41,0.15,183.6,0.1,81.58,32.57,23.77,28.17,8.8,23987.09,0.16,281.4,0.16,80.36,32.17,23.67,27.92,8.5,13635.4,0.03,232,0.23,82.23,5790.7
2950,Manual,NO,Otro,Maiz,NO,Manual,NO,4,47,87,55000,4,0,0,0,0,0,0,2,1,0,0,0,2,0,0,0,69,0,0,0,0,0,0,0,0,0,2,2,PLANO O LLANO,PLANO,2,6,SIN ROCAS,SI,12,5,SI,24,NO,GRANULAR,NO,NO,POCO MARCADAS,LA MANIANA Y LA TARDE,NO HAY,NO HAY,NO,SI,11,POCO AFECTADAS,NO,NO,SI,NO,ESPACIADO,12,LENTO A MUY LENTO,NINGUNO,0,0,0,0,0,0,61.67,38.33,0,0,100,0,0,0,0,0,0,0,31.95,24.8,28.38,7.16,14550.35,0.02,174,0.18,88.88,33.21,25.17,29.19,8.04,21873.43,0.19,63.8,0.05,84.63,32.53,24.99,28.76,7.55,15547.33,0.12,115.1,0.05,82.44,1158.14
2922,Mecanizado,NO,Impacto (Syngenta),Maiz,NO,Manual,NO,3,45,85,62000,4,0,0,0,0,0,0,1,0,1,0,0,1,1,0,0,92,0,0,0,0,0,0,0,0,0,2,2,PLANO O LLANO,PLANO,2,6,SIN ROCAS,SI,13,4,SI,18,NO,GRANULAR,NO,NO,POCO MARCADAS,LA MANIANA Y LA TARDE,NO HAY,NO HAY,NO,SI,16,PLANTAS NORMALES,NO,NO,NO,NO,BUENO,16,LENTO A MUY LENTO,NINGUNO,0,28.33,0,0,0,0,71.67,0,0,0,71.67,28.33,0,0,0,0,0,0,31.95,24.8,28.38,7.16,14550.35,0.02,174,0.18,88.88,33.21,25.17,29.19,8.04,21873.43,0.19,63.8,0.05,84.63,32.29,24.98,28.64,7.31,13349.69,0.03,115.1,0.06,82.31,4343.02
2827,Manual,NO,CORPOICA V 114,Maiz,NO,Manual,NO,3,50,77,58000,16,0,0,0,0,0,0,0,1,0,0,0,2,0,0,0,92,0,0,0,0,0,0,0,0,0,2,3,PLANO O LLANO,PLANO,2,5,SIN ROCAS,SI,12,20,NO,-1,NO,ATERRONADA,NO,NO,NO HAY,LA MANIANA Y LA TARDE,NO HAY,NO HAY,NO,SI,36,MUY AFECTADAS,SI,NO,SI,SI,BUENO,36,BUENO,LENTO,0,0,0,0,0,0,0,37.7,62.3,0,0,0,0,62.3,0,0,37.7,0,33.3,24.39,28.85,8.91,15029.3,0.4,176.9,0.1,82.05,32.82,24.4,28.61,8.42,21310.69,0.24,241.9,0.12,82.47,34.85,23.97,29.41,10.88,14463.34,0.85,2.2,0,74.61,2412.79
4176,Mecanizado,NO,DK 234 YGRR,Algodon,SI,Mecanizada,NO,6,49,85,60000,19,0,0,0,0,0,0,0,3,0,0,0,1,0,0,0,92,0,0,0,0,0,30,0,0,0,3,3,PLANO O LLANO,PLANO,2,6,SIN ROCAS,NO,-1,-1,NO,-1,NO,ATERRONADA,NO,NO,NO HAY,LA MANIANA Y LA TARDE,NO HAY,NO HAY,NO,SI,28,PLANTAS NORMALES,NO,NO,SI,NO,BUENO,60,BUENO,LENTO,0,100,0,0,0,0,0,0,0,0,0,0,0,0,100,0,0,0,33.11,24.47,28.79,8.64,15224.75,0.4,414.8,0.25,80.5,33.26,23.86,28.56,9.4,22784.95,0.29,235.5,0.16,78.88,32.32,22.45,27.38,9.88,17308.8,0.05,179.2,0.14,79.5,7151.16
4221,Mecanizado,NO,Sinko (Syngenta),Maiz,SI,Mecanizada,NO,7,42,90,66000,16,0,0,0,0,0,0,0,1,0,0,0,1,1,0,0,92,0,0,0,0,0,0,0,0,0,2,2,PLANO O LLANO,PLANO,2,6,SIN ROCAS,NO,-1,-1,NO,-1,NO,ATERRONADA,NO,NO,NO HAY,LA MANIANA Y LA TARDE,NO HAY,NO HAY,NO,SI,24,PLANTAS NORMALES,NO,NO,SI,NO,BUENO,60,BUENO,NINGUNO,0,0,0,0,0,0,0,100,0,0,0,0,0,45,55,0,0,0,33.11,24.18,28.64,8.93,15207.06,0.38,426.4,0.28,80,33.34,23.66,28.5,9.68,23722.32,0.26,214.1,0.14,78.51,32.1,22.59,27.34,9.52,16288.59,0.02,283.3,0.19,80.07,6769.77
693,Mecanizado,SI,DK7088,Algodon,SI,Manual,NO,8,41,86,75000,12,0,0,0,0,0,0,1,0,1,0,1,2,0,0,0,124,0,0,23,0,0,0,0,0,0,4,2,PLANO O LLANO,PLANO,2,5,SIN ROCAS,NO,-1,-1,NO,-1,NO,MASIVA,NO,NO,MUY MARCADAS,LA MANIANA Y LA TARDE,NO HAY,NO HAY,NO,SI,28,PLANTAS NORMALES,NO,NO,SI,NO,BUENO,28,BUENO,NINGUNO,0,100,0,0,0,0,0,0,0,0,0,100,0,0,0,0,0,0,32.12,24.62,28.37,7.49,14710.63,0.1,166,0.1,80.53,33.32,24.53,28.93,8.79,22090.73,0.38,315.1,0.14,78.48,32.49,23.6,28.04,8.88,14418.03,0.16,253.6,0.21,80.63,3720.93
3693,Mecanizado,NO,Otro,Algodon,SI,Manual,SI,5,46,85,71000,14,1,0,0,0,0,0,0,2,0,0,0,1,0,0,15,115,0,15,0,0,15,0,0,0,1,2,4,PLANO O LLANO,PLANO,2,5.5,SIN ROCAS,NO,-1,-1,NO,-1,NO,GRANULAR,NO,NO,NO HAY,LA MANIANA Y LA TARDE,NO HAY,NO HAY,NO,SI,18,PLANTAS NORMALES,SI,NO,SI,NO,BUENO,60,BUENO,LENTO,0,0,0,0,0,0,0,100,0,0,0,0,0,0,100,0,0,0,33.11,24.18,28.64,8.93,15207.06,0.38,426.4,0.28,80,33.34,23.66,28.5,9.68,23722.32,0.26,214.1,0.14,78.51,32.03,22.48,27.25,9.55,15129.17,0.03,271.6,0.18,80.08,6046.51
1549,Manual,NO,Otro,Maiz,NO,Manual,NO,7,37,84,58000,16,0,0,0,0,0,1,0,2,0,0,0,1,0,0,0,69,0,0,0,0,0,0,0,0,0,2,2,PLANO O LLANO,PLANO,2,6,SIN ROCAS,NO,-1,-1,NO,-1,NO,ATERRONADA,NO,NO,NO HAY,LA MANIANA Y LA TARDE,NO HAY,NO HAY,NO,SI,35,PLANTAS NORMALES,NO,NO,NO,NO,REGULAR,70,BUENO,NINGUNO,0,48.57,0,0,0,0,0,51.43,0,0,0,51.43,48.57,0,0,0,0,0,32.22,23.98,28.1,8.23,13824.92,0.08,269.6,0.18,83.35,33.41,23.85,28.63,9.55,22862.63,0.38,96.6,0.05,79.3,34.41,23.63,29.02,10.78,12553.9,0.65,7.9,0,75.65,3348.84
2985,Manual,NO,PIONEER 30F35 HRR,Maiz,NO,Manual,NO,4,46,79,50000,9,0,0,0,0,0,0,1,1,0,0,0,1,0,0,0,15,0,0,15,0,0,15,0,0,0,1,2,PLANO O LLANO,PLANO,2,6,SIN ROCAS,NO,-1,-1,SI,26,NO,GRANULAR,NO,NO,POCO MARCADAS,LA MANIANA Y LA TARDE,NO HAY,NO HAY,NO,SI,12,PLANTAS NORMALES,NO,NO,SI,NO,ESPACIADO,26,LENTO A MUY LENTO,NINGUNO,0,43.33,0,0,0,0,0,56.67,0,0,56.67,43.33,0,0,0,0,0,0,32.52,25.06,28.79,7.46,13753.34,0.08,100.7,0.1,87.23,32.98,24.93,28.96,8.05,22718.68,0.16,113.8,0.03,82.81,32.64,24.73,28.68,7.91,12461.16,0.16,15.1,0.03,82.25,4576.74
2691,Manual,NO,Otro,Maiz,NO,Manual,SI,6,54,82,55000,10,0,0,0,0,0,0,0,0,0,0,0,1,0,0,0,184,0,0,0,0,0,0,0,0,0,2,1,PLANO O LLANO,PLANO,2,5.5,SIN ROCAS,NO,-1,-1,NO,-1,NO,ATERRONADA,NO,NO,NO HAY,LA MANIANA Y LA TARDE,NO HAY,NO HAY,NO,SI,26,POCO AFECTADAS,NO,NO,SI,NO,BUENO,42,BUENO,NINGUNO,0,66.67,0,0,0,0,0,33.33,0,0,0,100,0,0,0,0,0,0,33.62,24.59,29.11,9.02,15396.86,0.5,187.7,0.15,80.6,34.43,24.74,29.58,9.69,22635.64,0.55,257.8,0.14,78.94,33.6,24.42,29.01,9.18,17193.33,0.4,134.3,0.13,81.14,4279.07
1886,Manual,NO,PAC 105,Algodon,SI,Manual,NO,4,46,78,60000,4,0,0,0,0,0,0,0,1,0,0,0,3,0,0,0,69,0,0,0,0,0,0,0,0,0,2,1,PLANO O LLANO,PLANO,2,6,SIN ROCAS,NO,-1,-1,SI,35,NO,GRANULAR,NO,NO,NO HAY,LA MANIANA Y LA TARDE,NO HAY,NO HAY,NO,NO,-1,MUY AFECTADAS,NO,NO,SI,NO,REGULAR,35,LENTO A MUY LENTO,NINGUNO,0,0,0,0,55,0,45,0,0,0,100,0,0,0,0,0,0,0,34.28,23.9,29.09,10.39,15633.48,0.48,160.3,0.15,80.48,32.99,23.73,28.36,9.25,22941.95,0.26,389.2,0.21,86.37,32.53,24.22,28.37,8.31,12231.3,0.03,170.7,0.19,86.02,2883.72
2746,Mecanizado,SI,DK 234 YGRR,Maiz,NO,Mecanizada,NO,4,47,80,63000,8,0,0,0,0,0,0,0,1,0,0,0,1,0,0,0,92,0,0,0,0,0,0,0,0,0,2,2,PLANO O LLANO,PLANO,2,6.5,SIN ROCAS,NO,-1,-1,SI,20,NO,GRANULAR,NO,NO,NO HAY,LA MANIANA Y LA TARDE,NO HAY,NO HAY,NO,SI,17,PLANTAS NORMALES,NO,NO,SI,SI,ESPACIADO,20,LENTO A MUY LENTO,NINGUNO,0,0,0,0,0,0,68.33,31.67,0,0,100,0,0,0,0,0,0,0,32.28,24.7,28.49,7.59,15428.23,0.05,244.9,0.22,88.06,32.56,24.95,28.75,7.62,20859.13,0.07,136.6,0.09,87.14,33.19,25.05,29.12,8.14,13471.73,0.21,112.4,0.06,82.6,5308.14
4313,Mecanizado,NO,Otro,Algodon,SI,Mecanizada,NO,6,50,81,59800,16,0,0,0,0,0,0,0,1,0,0,0,2,0,0,0,84,0,0,15,0,0,15,0,0,0,3,2,PLANO O LLANO,PLANO,2,5.5,SIN ROCAS,NO,-1,-1,NO,-1,NO,MASIVA,NO,NO,NO HAY,LA MANIANA Y LA TARDE,NO HAY,NO HAY,NO,SI,16,POCO AFECTADAS,NO,NO,NO,NO,REGULAR,16,BUENO,NINGUNO,0,100,0,0,0,0,0,0,0,0,0,0,0,0,100,0,0,0,32.7,23.62,28.16,9.08,16427.75,0.2,316.1,0.22,83.96,32.55,23.18,27.87,9.37,23961.04,0.16,168.5,0.1,83.16,31.71,23.47,27.59,8.23,15540.15,0,154,0.1,83.21,6722.09
3019,Manual,NO,Otro,Maiz,NO,Manual,NO,5,49,83,33000,48,0,0,0,1,0,1,0,0,0,0,0,0,0,0,0,23,0,0,0,0,0,0,0,0,0,1,2,ONDULADO Y MONTANIOSO,LADERA CONCAVA,2,5.5,SIN ROCAS,NO,-1,-1,SI,22,NO,ATERRONADA,NO,NO,POCO MARCADAS,LA MANIANA Y LA TARDE,NO HAY,NO HAY,NO,SI,17,PLANTAS NORMALES,NO,NO,SI,NO,BUENO,22,LENTO A MUY LENTO,NINGUNO,0,35,0,0,65,0,0,0,0,0,65,35,0,0,0,0,0,0,32.34,25.17,28.76,7.17,15569.62,0.05,245.3,0.22,88.57,32.56,24.99,28.77,7.57,20243.17,0.09,122.4,0.07,86.98,33.07,24.87,28.97,8.2,16182.67,0.18,112.4,0.05,81.76,1716.28
1898,Mecanizado,NO,DK 234,Algodon,NO,Manual,NO,4,48,81,60000,11,0,0,0,0,0,0,0,1,0,0,0,0,0,0,0,71,0,0,4,0,0,24,0,0,0,2,1,PLANO O LLANO,PLANO,2,6.5,SIN ROCAS,NO,-1,-1,NO,-1,NO,GRANULAR,NO,NO,NO HAY,LA MANIANA Y LA TARDE,NO HAY,NO HAY,NO,SI,25,MUY AFECTADAS,SI,NO,SI,NO,REGULAR,60,BUENO,NINGUNO,0,0,0,0,0,0,46.67,0,53.33,0,100,0,0,0,0,0,0,0,33.56,24.56,29.06,9,15314.59,0.38,145.1,0.1,79.89,34.19,24.47,29.33,9.72,22685.08,0.52,282.9,0.17,79.87,33.29,24.57,28.93,8.72,13408.23,0.36,88.4,0.08,82.42,2790.7
2212,Manual,NO,Otro,Algodon,SI,Manual,NO,4,47,89,60000,4,0,0,0,0,0,0,1,1,0,0,0,2,0,0,0,92,0,0,0,0,0,0,0,0,0,2,2,PLANO O LLANO,PLANO,2,5,SIN ROCAS,NO,-1,-1,SI,20,NO,GRANULAR,NO,NO,NO HAY,LA MANIANA Y LA TARDE,NO HAY,NO HAY,NO,SI,18,PLANTAS NORMALES,NO,NO,SI,NO,REGULAR,20,LENTO A MUY LENTO,NINGUNO,0,30,0,0,0,0,0,70,0,0,100,0,0,0,0,0,0,0,33.56,24.56,29.06,9,15314.59,0.38,145.1,0.1,79.89,34.19,24.47,29.33,9.72,22685.08,0.52,282.9,0.17,79.87,33.34,24.53,28.94,8.81,16229,0.4,109.6,0.09,82,4004.65
2487,Mecanizado,NO,DK 234,Maiz,SI,Manual,SI,5,46,82,72000,10,0,0,0,0,0,0,0,1,0,0,0,1,0,0,0,138,0,0,0,0,0,60,0,0,0,2,1,PLANO O LLANO,PLANO,2,6,SIN ROCAS,NO,-1,-1,NO,-1,NO,GRANULAR,NO,NO,NO HAY,LA MANIANA Y LA TARDE,NO HAY,NO HAY,NO,SI,30,PLANTAS NORMALES,NO,NO,SI,SI,BUENO,50,BUENO,NINGUNO,0,0,0,0,0,0,100,0,0,0,0,0,0,100,0,0,0,0,33.35,24.44,28.89,8.91,14696.52,0.42,198.3,0.15,80.8,34.57,24.79,29.68,9.77,22891.43,0.6,227.2,0.12,78.65,33.55,24.31,28.93,9.24,13792.23,0.33,122.6,0.17,81.4,4004.65
4371,Mecanizado,NO,P3966 (Pioneer),Maiz,NO,Mecanizada,NO,6,41,82,60000,17,0,1,0,0,0,0,0,0,1,0,0,2,1,0,0,92,0,0,0,0,0,0,0,0,0,2,3,PLANO O LLANO,PLANO,2,6,SIN ROCAS,NO,-1,-1,NO,-1,NO,MASIVA,NO,NO,NO HAY,LA MANIANA Y LA TARDE,NO HAY,NO HAY,NO,SI,31,PLANTAS NORMALES,NO,NO,SI,NO,REGULAR,31,BUENO,LENTO,0,100,0,0,0,0,0,0,0,0,0,0,0,0,100,0,0,0,33.13,24.19,28.66,8.94,15355.27,0.38,426.4,0.28,79.97,33.36,23.72,28.54,9.63,23476.86,0.26,214.1,0.14,78.52,32.25,22.44,27.34,9.81,12866.84,0.06,151.7,0.16,79.54,5987.91
4355,Mecanizado,NO,P3966 (Pioneer),Maiz,SI,Mecanizada,NO,5,52,80,70000,17,0,0,0,0,0,0,0,1,0,0,0,1,0,0,0,120.5,0,0,0,0,0,20,0,0,0,3,3,PLANO O LLANO,PLANO,2,5.5,SIN ROCAS,NO,-1,-1,NO,-1,NO,ATERRONADA,NO,NO,NO HAY,LA MANIANA Y LA TARDE,NO HAY,NO HAY,NO,SI,29,PLANTAS NORMALES,SI,NO,SI,NO,BUENO,60,BUENO,LENTO,0,100,0,0,0,0,0,0,0,0,0,0,0,0,100,0,0,0,33.11,24.18,28.64,8.93,15207.06,0.38,426.4,0.28,80,33.34,23.66,28.5,9.68,23722.32,0.26,214.1,0.14,78.51,32.03,22.5,27.27,9.52,15465.93,0.02,273.1,0.18,80.1,6436.05
4370,Mecanizado,NO,DK 234 YGRR,Maiz,SI,Mecanizada,NO,6,48,85,60000,15,0,0,0,0,0,0,0,1,0,0,0,2,0,0,0,92,0,0,0,0,0,30,0,0,0,3,2,PLANO O LLANO,PLANO,2,6,SIN ROCAS,NO,-1,-1,SI,42,NO,MASIVA,NO,NO,NO HAY,LA MANIANA Y LA TARDE,NO HAY,NO HAY,NO,NO,-1,PLANTAS NORMALES,NO,NO,SI,NO,BUENO,0,LENTO A MUY LENTO,NINGUNO,0,100,0,0,0,0,0,0,0,0,0,0,0,0,100,0,0,0,33.14,24.23,28.69,8.91,15322.65,0.38,395.4,0.25,79.92,33.33,23.72,28.53,9.61,23404.95,0.26,245.1,0.16,78.59,32.13,22.5,27.32,9.63,16515.2,0.05,271.6,0.17,79.99,5925.81
4194,Mecanizado,SI,Otro,Maiz,SI,Mecanizada,NO,5,47,98,72500,5,0,0,0,0,0,0,2,1,0,0,0,1,0,0,0,132,0,0,0,0,0,20,0,0,0,3,3,PLANO O LLANO,PLANO,3,5.5,SIN ROCAS,NO,-1,-1,SI,41,NO,ATERRONADA,NO,NO,NO HAY,LA MANIANA Y LA TARDE,NO HAY,NO HAY,NO,SI,38,PLANTAS NORMALES,SI,NO,SI,NO,BUENO,41,LENTO A MUY LENTO,LENTO,0,0,0,0,0,0,0,100,0,0,0,0,0,51.43,48.57,0,0,0,33.08,24.47,28.77,8.61,15128.73,0.4,411.7,0.25,80.58,33.27,23.88,28.58,9.39,22776.3,0.29,239.9,0.16,78.76,32.32,22.6,27.46,9.72,21081.97,0.04,300.6,0.15,79.73,5767.44
2957,Mecanizado,SI,P3966 (Pioneer),Maiz,SI,Manual,SI,5,48,75,71000,7,0,0,0,0,0,1,0,1,0,1,0,3,0,0,0,76,0,0,0,0,0,20,0,0,0,2,4,PLANO O LLANO,PLANO,1,5,SIN ROCAS,NO,-1,-1,SI,20,SI,GRANULAR,NO,NO,NO HAY,LA MANIANA Y LA TARDE,NO HAY,NO HAY,NO,SI,20,PLANTAS NORMALES,SI,NO,SI,NO,REGULAR,20,LENTO A MUY LENTO,LENTO,0,0,0,0,0,0,0,100,0,0,0,0,0,0,100,0,0,0,32.66,23.97,28.32,8.7,14575.71,0.15,249,0.15,82.25,33.66,24.5,29.08,9.16,22478.02,0.5,129.3,0.07,80.19,34.63,23.66,29.14,10.97,14000.71,0.81,0,0,73.32,5488.37
3681,Manual,SI,PIONEER 30F35,Maiz,NO,Manual,NO,4,45,86,56000,9,0,0,0,0,0,0,0,1,0,0,0,1,0,0,0,92,0,0,0,0,0,0,0,0,0,2,1,PLANO O LLANO,PLANO,2,6,SIN ROCAS,NO,-1,-1,NO,-1,NO,GRANULAR,NO,NO,NO HAY,LA MANIANA Y LA TARDE,NO HAY,NO HAY,NO,SI,50,PLANTAS NORMALES,NO,NO,SI,NO,ESPACIADO,60,BUENO,NINGUNO,0,0,0,0,41.67,58.33,0,0,0,0,0,0,0,0,100,0,0,0,32.85,23.93,28.39,8.91,16235.3,0.25,263.9,0.2,84.36,32.71,23.35,28.03,9.37,23897.37,0.21,284,0.17,83.5,31.79,23.14,27.46,8.66,15270.49,0,53.4,0,82.92,5720.93
3695,Mecanizado,SI,P3966 (Pioneer),Maiz,SI,Manual,NO,5,46,83,72000,14,1,0,0,0,0,1,0,3,0,1,0,1,0,0,0,138,0,0,0,0,0,60,0,0,0,5,4,PLANO O LLANO,PLANO,2,6,SIN ROCAS,NO,-1,-1,SI,25,NO,GRANULAR,NO,NO,NO HAY,LA MANIANA Y LA TARDE,NO HAY,NO HAY,NO,SI,19,PLANTAS NORMALES,SI,NO,SI,NO,BUENO,25,LENTO A MUY LENTO,LENTO,0,0,0,0,0,0,0,100,0,0,0,0,0,55.74,44.26,0,0,0,33.27,24.47,28.87,8.8,15320.63,0.42,413.8,0.25,80,33.24,23.8,28.52,9.44,22778.46,0.28,239,0.16,78.98,32.45,22.57,27.51,9.88,15162.35,0.05,173,0.16,79.23,5933.72
1929,Manual,NO,DK 234 YGRR,Frijol,SI,Manual,NO,5,56,57,62000,8,0,0,0,0,0,1,0,0,0,0,0,0,0,0,0,138,0,0,0,0,0,0,0,0,0,2,2,PLANO O LLANO,PLANO,3,5.5,SIN ROCAS,NO,-1,-1,SI,20,SI,ATERRONADA,NO,NO,NO HAY,LA MANIANA Y LA TARDE,NO HAY,NO HAY,NO,SI,40,PLANTAS NORMALES,SI,NO,SI,SI,MUY BUENO,40,LENTO A MUY LENTO,NINGUNO,0,0,0,0,85,0,0,15,0,0,0,0,0,48.33,51.67,0,0,0,34.37,24.89,29.63,9.48,15771.34,0.52,98.2,0.05,77.97,33.68,24.32,29,9.36,22303.83,0.41,317.6,0.21,81.01,33.37,24.53,28.95,8.84,7786.65,0.38,43.4,0.05,82.57,3255.81
2481,Mecanizado,SI,DK 234,Maiz,SI,Manual,SI,6,45,77,54000,11,0,0,0,0,0,0,0,1,0,0,0,1,0,0,0,184,0,0,0,0,0,120,0,0,0,4,1,PLANO O LLANO,PLANO,2,5,SIN ROCAS,SI,30,10,NO,-1,NO,GRANULAR,NO,NO,NO HAY,LA MANIANA Y LA TARDE,NO HAY,NO HAY,NO,SI,20,PLANTAS NORMALES,NO,NO,SI,NO,REGULAR,30,BUENO,NINGUNO,0,40,0,0,0,0,0,60,0,0,0,100,0,0,0,0,0,0,33.31,24.34,28.83,8.97,14594.58,0.4,198.3,0.15,80.53,34.56,24.78,29.67,9.78,22680.32,0.6,227.2,0.12,78.7,33.35,24.36,28.86,8.98,11677.91,0.26,122.6,0.19,82.01,3813.95
2543,Manual,NO,Impacto (Syngenta),Maiz,NO,Manual,SI,5,51,80,60000,25,0,0,0,0,0,0,0,1,0,0,0,2,0,0,0,0,0,0,0,0,0,0,0,0,0,2,2,ONDULADO,PLANO,2,5,SIN ROCAS,SI,23,5,NO,-1,NO,ATERRONADA,NO,NO,NO HAY,LA MANIANA Y LA TARDE,NO HAY,NO HAY,NO,SI,25,POCO AFECTADAS,NO,NO,SI,NO,REGULAR,25,BUENO,NINGUNO,0,0,0,0,100,0,0,0,0,0,0,0,0,0,100,0,0,0,33.38,24.48,28.93,8.9,15307.87,0.45,188,0.15,80.9,34.64,24.8,29.72,9.84,22929.24,0.6,255.9,0.14,78.65,33.46,24.3,28.88,9.16,14905.22,0.33,128.3,0.15,81.24,3255.81
43,Mecanizado,SI,DK 234,Maiz,SI,Manual,NO,5,64,63,60000,15,0,0,0,0,0,0,0,1,0,0,0,1,0,0,0,92,0,0,0,0,0,0,0,0,0,2,1,PLANO O LLANO,PLANO,3,7,SIN ROCAS,SI,20,2,SI,30,NO,GRANULAR,NO,NO,NO HAY,LA MANIANA Y LA TARDE,NO HAY,NO HAY,NO,NO,-1,PLANTAS NORMALES,SI,NO,SI,NO,BUENO,20,LENTO A MUY LENTO,NINGUNO,0,0,0,51.43,0,0,0,48.57,0,0,100,0,0,0,0,0,0,0,32.05,24.25,28.15,7.8,14546.31,0.1,248.6,0.12,81.3,32.67,23.91,28.29,8.76,24396.64,0.21,271.2,0.14,80.52,32.37,23.49,27.93,8.89,12436.49,0.03,221.2,0.26,81.86,4651.16
274,Manual,NO,PIONEER 30F32,Maiz,SI,Mecanizada,NO,5,59,69,60000,16,0,0,0,0,0,0,1,1,0,0,1,1,0,0,46,46,0,0,0,0,30,0,0,0,2,1,1,PLANO O LLANO,PLANO,3,6,SIN ROCAS,SI,19,1,SI,37,NO,GRANULAR,NO,NO,NO HAY,LA MANIANA Y LA TARDE,NO HAY,NO HAY,NO,NO,-1,PLANTAS NORMALES,SI,NO,SI,NO,BUENO,19,LENTO A MUY LENTO,NINGUNO,0,19.23,0,0,56.41,0,0,24.36,0,0,100,0,0,0,0,0,0,0,32.49,24.12,28.31,8.37,14959.23,0.18,213.5,0.1,81.78,32.33,23.71,28.02,8.62,24028.57,0.12,243,0.16,80.17,32.25,23.65,27.95,8.6,11980.46,0.06,270.3,0.22,82.42,5790.7
1880,Mecanizado,SI,Impacto (Syngenta),Algodon,SI,Mecanizada,NO,6,50,77,60000,4,0,0,0,0,0,0,0,1,0,0,0,2,0,0,0,46,0,0,0,0,0,0,0,0,0,1,1,PLANO O LLANO,PLANO,2,6,SIN ROCAS,SI,18,12,SI,20,NO,GRANULAR,NO,NO,NO HAY,LA MANIANA Y LA TARDE,NO HAY,NO HAY,NO,SI,20,POCO AFECTADAS,SI,NO,NO,NO,REGULAR,20,LENTO A MUY LENTO,NINGUNO,0,0,0,0,0,0,0,30,70,0,0,100,0,0,0,0,0,0,33.18,24.05,28.61,9.13,14490.53,0.3,236.5,0.2,81.42,33.83,23.73,28.78,10.1,24036.13,0.43,329.2,0.16,84.76,32.52,23.85,28.18,8.67,13937.78,0.03,183.7,0.19,85.52,3069.77
1936,Mecanizado,SI,DK7088,Algodon,SI,Mecanizada,NO,4,80,46,62000,4,0,0,0,0,0,0,0,1,0,0,0,1,0,0,0,92,0,0,0,0,0,0,0,0,0,2,1,PLANO O LLANO,PLANO,2,5.5,SIN ROCAS,SI,22,38,SI,23,NO,GRANULAR,NO,NO,NO HAY,LA MANIANA Y LA TARDE,NO HAY,NO HAY,NO,SI,22,PLANTAS NORMALES,NO,NO,SI,NO,REGULAR,22,LENTO A MUY LENTO,NINGUNO,0,0,0,0,0,0,63.33,36.67,0,0,100,0,0,0,0,0,0,0,33.99,23.82,28.9,10.17,15018.07,0.42,182.9,0.18,80.72,33.16,23.74,28.45,9.42,23451.77,0.29,389.2,0.21,86.12,32.48,24.27,28.38,8.22,12825.37,0.03,170.7,0.18,85.99,3013.95
2214,Manual,NO,Otro,Maiz,NO,Manual,NO,5,49,83,55000,6,0,0,0,0,0,0,0,1,0,0,0,3,0,0,0,46,0,0,0,0,0,0,0,0,0,1,1,PLANO O LLANO,PLANO,3,5,SIN ROCAS,NO,-1,-1,SI,48,NO,GRANULAR,NO,NO,NO HAY,LA MANIANA Y LA TARDE,NO HAY,NO HAY,NO,SI,22,PLANTAS NORMALES,NO,NO,SI,NO,BUENO,48,LENTO A MUY LENTO,NINGUNO,0,78.33,0,0,0,0,0,21.67,0,0,100,0,0,0,0,0,0,0,33.28,24.32,28.8,8.96,14610.72,0.38,198.3,0.15,80.58,34.59,24.79,29.69,9.8,22622.31,0.62,227.2,0.12,78.67,33.44,24.38,28.91,9.05,15282.75,0.32,134,0.15,81.91,2097.67
2766,Mecanizado,NO,PAC 105,Maiz,NO,Manual,NO,4,46,75,60000,6,0,0,0,0,0,0,1,0,0,0,0,1,0,0,0,92,0,0,0,0,0,0,0,0,0,2,1,PLANO O LLANO,PLANO,2,6.5,SIN ROCAS,NO,-1,-1,SI,18,NO,GRANULAR,NO,NO,NO HAY,LA MANIANA Y LA TARDE,NO HAY,NO HAY,NO,SI,15,PLANTAS NORMALES,NO,NO,SI,NO,REGULAR,18,LENTO A MUY LENTO,NINGUNO,0,26.67,0,0,0,0,0,73.33,0,0,100,0,0,0,0,0,0,0,32.3,24.67,28.49,7.63,15256.64,0.05,251,0.22,82.38,32.54,24.93,28.74,7.61,20862.67,0.07,149.4,0.1,82.21,33.35,25.14,29.24,8.21,11220.9,0.25,112.4,0.07,77.25,2860.47
2770,Mecanizado,NO,DK7088,Maiz,NO,Mecanizada,NO,4,46,77,60000,8,0,0,0,0,0,0,0,1,0,0,0,2,0,0,0,61,0,0,15,0,0,15,0,0,0,2,1,PLANO O LLANO,PLANO,2,6,SIN ROCAS,NO,-1,-1,SI,22,NO,GRANULAR,NO,NO,NO HAY,LA MANIANA Y LA TARDE,NO HAY,NO HAY,NO,SI,22,PLANTAS NORMALES,NO,NO,SI,NO,BUENO,22,LENTO A MUY LENTO,NINGUNO,0,35,0,0,0,0,0,65,0,0,100,0,0,0,0,0,0,0,32.17,24.95,28.56,7.22,15210.99,0.05,256.8,0.25,88.33,32.54,25.03,28.79,7.5,20497.21,0.07,122.4,0.07,87.1,33.34,24.96,29.15,8.37,12188.24,0.23,112.4,0.07,82.02,4767.44
2771,Mecanizado,NO,PIONEER 30F35 HRR,Maiz,NO,Manual,NO,5,45,78,62000,10,0,0,0,0,0,0,0,1,0,0,0,1,0,0,0,92,0,0,0,0,0,0,0,0,0,2,2,PLANO O LLANO,PLANO,2,6,SIN ROCAS,NO,-1,-1,SI,27,NO,GRANULAR,NO,NO,NO HAY,LA MANIANA Y LA TARDE,NO HAY,NO HAY,NO,SI,21,PLANTAS NORMALES,NO,NO,SI,NO,BUENO,27,LENTO A MUY LENTO,NINGUNO,0,45,0,0,0,0,0,55,0,0,100,0,0,0,0,0,0,0,32.64,24.95,28.79,7.69,13972.72,0.08,100.7,0.1,87,32.96,25,28.98,7.96,22682.23,0.16,113.8,0.03,82.84,32.64,24.74,28.69,7.9,12073.07,0.16,15.1,0.03,82.23,3909.3
2772,Mecanizado,NO,PIONEER 30F35 HRR,Maiz,NO,Manual,NO,6,43,83,60000,7,0,0,0,0,0,0,0,2,0,0,0,1,0,0,0,92,0,0,0,0,0,0,0,0,0,2,1,PLANO O LLANO,PLANO,2,5.5,SIN ROCAS,NO,-1,-1,SI,29,NO,GRANULAR,NO,NO,NO HAY,LA MANIANA Y LA TARDE,NO HAY,NO HAY,NO,NO,-1,PLANTAS NORMALES,NO,NO,SI,NO,BUENO,29,LENTO A MUY LENTO,NINGUNO,0,46.67,0,0,0,0,0,53.33,0,0,100,0,0,0,0,0,0,0,32.64,24.95,28.79,7.69,13972.72,0.08,100.7,0.1,87,32.96,25,28.98,7.96,22682.23,0.16,113.8,0.03,82.84,32.59,24.73,28.66,7.86,13617.49,0.14,35.2,0.06,82.26,4958.14
2930,Mecanizado,SI,PIONEER 30F35 HRR,Maiz,NO,Manual,NO,4,46,79,62000,3,0,0,0,0,0,0,1,1,0,0,0,1,0,0,0,61,0,0,15,0,0,15,0,0,0,2,1,PLANO O LLANO,PLANO,2,6,SIN ROCAS,NO,-1,-1,SI,25,NO,GRANULAR,NO,NO,POCO MARCADAS,LA MANIANA Y LA TARDE,POCO MARCADAS,NO HAY,NO,SI,16,PLANTAS NORMALES,NO,NO,SI,NO,BUENO,25,LENTO A MUY LENTO,NINGUNO,0,40,0,0,0,0,0,60,0,0,60,40,0,0,0,0,0,0,32.53,25.01,28.77,7.52,13866.45,0.08,106,0.1,87.18,33.01,24.93,28.97,8.08,22776.77,0.16,113.8,0.03,82.91,32.62,24.73,28.67,7.89,12398.06,0.16,15.1,0.03,82.28,3860.47
2934,Mecanizado,SI,PIONEER 30F35 HRR,Maiz,NO,Manual,NO,4,47,87,60000,6,0,0,0,0,0,0,0,2,0,0,0,1,0,0,0,61,0,0,15,0,0,15,0,0,0,2,1,PLANO O LLANO,PLANO,2,5.5,SIN ROCAS,NO,-1,-1,SI,24,NO,GRANULAR,NO,NO,POCO MARCADAS,LA MANIANA Y LA TARDE,NO HAY,NO HAY,NO,SI,24,PLANTAS NORMALES,NO,NO,SI,NO,ESPACIADO,24,LENTO A MUY LENTO,NINGUNO,0,38.33,0,0,0,0,0,61.67,0,0,61.67,38.33,0,0,0,0,0,0,31.95,24.8,28.38,7.16,14550.35,0.02,174,0.18,88.88,33.21,25.17,29.19,8.04,21873.43,0.19,63.8,0.05,84.63,32.53,24.99,28.76,7.55,15547.33,0.12,115.1,0.05,82.44,4862.79
2984,Mecanizado,NO,PIONEER 30F35 HRR,Maiz,NO,Manual,NO,4,47,83,60000,10,0,0,0,0,0,0,1,1,0,0,0,1,0,0,0,92,0,0,0,0,0,0,0,0,0,2,2,PLANO O LLANO,PLANO,2,6,SIN ROCAS,NO,-1,-1,SI,26,NO,GRANULAR,NO,NO,POCO MARCADAS,LA MANIANA Y LA TARDE,NO HAY,NO HAY,NO,SI,12,PLANTAS NORMALES,NO,NO,SI,NO,ESPACIADO,26,LENTO A MUY LENTO,NINGUNO,0,43.33,0,0,0,0,0,56.67,0,0,56.67,43.33,0,0,0,0,0,0,32.34,24.88,28.61,7.46,13704.18,0.08,121,0.1,87.51,33.07,25,29.03,8.07,22770.26,0.16,113.8,0.03,83.26,32.58,24.78,28.68,7.8,14326.54,0.14,15.1,0.03,82.24,4536.05
2998,Manual,NO,Impacto (Syngenta),Maiz,NO,Manual,NO,4,44,86,55000,9,0,0,0,0,0,0,1,1,0,0,0,2,0,0,0,92,0,0,0,0,0,0,0,0,0,2,1,PLANO O LLANO,PLANO,2,6,SIN ROCAS,NO,-1,-1,SI,30,NO,GRANULAR,NO,NO,NO HAY,LA MANIANA Y LA TARDE,NO HAY,NO HAY,NO,SI,21,PLANTAS NORMALES,NO,NO,SI,NO,BUENO,30,LENTO A MUY LENTO,NINGUNO,0,50,0,0,0,0,0,50,0,0,100,0,0,0,0,0,0,0,32,24.86,28.43,7.13,14785.2,0.02,207,0.2,88.93,33.19,25.15,29.17,8.04,21887.81,0.19,63.8,0.05,84.8,32.36,24.98,28.67,7.37,13737.44,0.03,115.1,0.05,82.38,5339.53
3049,Mecanizado,NO,DK 234,Maiz,NO,Manual,NO,4,47,82,55000,10,0,0,0,0,0,0,0,1,0,0,0,1,0,0,0,61,0,0,15,0,0,15,0,0,0,2,1,PLANO O LLANO,PLANO,2,5.5,SIN ROCAS,NO,-1,-1,SI,24,SI,GRANULAR,NO,NO,NO HAY,LA MANIANA Y LA TARDE,POCO MARCADAS,NO HAY,NO,SI,25,PLANTAS NORMALES,NO,NO,SI,NO,ESPACIADO,25,LENTO A MUY LENTO,NINGUNO,0,0,0,0,0,0,61.67,38.33,0,0,100,0,0,0,0,0,0,0,31.96,24.83,28.39,7.13,14508.87,0.02,161,0.15,88.83,33.23,25.19,29.21,8.04,21912.39,0.19,63.8,0.05,84.49,32.45,24.94,28.7,7.51,13609.78,0.08,115.1,0.06,82.25,4922.09
3054,Mecanizado,NO,DK7088,Maiz,NO,Manual,NO,2,49,89,55000,8,0,0,0,0,0,0,0,2,0,0,0,1,0,0,0,22.5,0,0,22.5,0,0,22.5,0,0,0,1,2,PLANO O LLANO,PLANO,2,6,SIN ROCAS,NO,-1,-1,SI,25,NO,GRANULAR,NO,NO,NO HAY,LA MANIANA Y LA TARDE,POCO MARCADAS,NO HAY,NO,NO,-1,PLANTAS NORMALES,NO,NO,SI,NO,BUENO,25,LENTO A MUY LENTO,NINGUNO,0,0,0,0,0,0,60,40,0,0,60,40,0,0,0,0,0,0,32.05,24.95,28.5,7.11,14606.62,0.02,250.8,0.15,89.01,32.97,25.09,29.03,7.88,22132.6,0.16,156.6,0.09,85.41,32.53,25,28.76,7.53,19027.23,0.07,2.2,0,82.24,4922.09
3061,Mecanizado,SI,PIONEER 30F35 HRR,Maiz,NO,Manual,NO,4,47,83,55000,12,0,0,0,0,0,0,1,1,0,0,0,1,0,0,0,115,0,0,0,0,0,0,0,0,0,2,1,PLANO O LLANO,PLANO,2,6,SIN ROCAS,NO,-1,-1,SI,32,NO,GRANULAR,NO,NO,POCO MARCADAS,LA MANIANA Y LA TARDE,NO HAY,NO HAY,NO,SI,21,PLANTAS NORMALES,NO,NO,SI,NO,REGULAR,32,LENTO A MUY LENTO,NINGUNO,0,51.67,0,0,0,0,0,0,48.33,0,48.33,51.67,0,0,0,0,0,0,31.89,24.77,28.33,7.12,14057.88,0.02,161,0.15,89.03,33.23,25.23,29.23,8.01,21941.39,0.19,163.8,0.07,84.16,32.58,24.9,28.74,7.68,14188.86,0.14,15.1,0.03,82.46,5308.14
3066,Manual,SI,PIONEER 30F35 HRR,Maiz,NO,Manual,NO,4,47,83,60000,9,1,0,0,0,0,0,0,1,0,0,0,1,0,0,0,61,0,0,15,0,0,15,0,0,0,2,1,PLANO O LLANO,PLANO,2,6,SIN ROCAS,NO,-1,-1,SI,18,NO,GRANULAR,NO,NO,NO HAY,LA MANIANA Y LA TARDE,POCO MARCADAS,NO HAY,NO,SI,23,PLANTAS NORMALES,NO,NO,SI,NO,ESPACIADO,23,LENTO A MUY LENTO,NINGUNO,0,28.33,0,0,0,0,71.67,0,0,0,71.67,28.33,0,0,0,0,0,0,32,24.86,28.43,7.13,14785.2,0.02,207,0.2,88.93,33.19,25.15,29.17,8.04,21887.81,0.19,63.8,0.05,84.8,32.36,24.98,28.67,7.37,13737.44,0.03,115.1,0.05,82.38,5339.53
3559,Manual,SI,ADV 9339 (Syngenta),Maiz,NO,Manual,NO,4,47,78,62000,7,0,0,0,0,0,0,0,1,0,0,0,1,0,0,0,46,0,0,0,0,0,30,0,0,0,2,1,PLANO O LLANO,PLANO,2,6.5,SIN ROCAS,NO,-1,-1,SI,16,NO,GRANULAR,NO,NO,POCO MARCADAS,LA MANIANA Y LA TARDE,NO HAY,NO HAY,NO,SI,13,PLANTAS NORMALES,NO,NO,SI,SI,REGULAR,16,LENTO A MUY LENTO,NINGUNO,0,25,0,0,0,0,75,0,0,0,100,0,0,0,0,0,0,0,33.23,24.4,28.82,8.83,15261.3,0.4,410.8,0.28,80.17,33.3,23.76,28.53,9.54,23106.43,0.28,235.7,0.14,78.74,32.51,22.74,27.62,9.77,13075.41,0.06,159.7,0.19,79.3,4767.44
3571,Manual,SI,ADV 9339 (Syngenta),Maiz,NO,Manual,NO,4,46,82,62000,10,0,0,0,0,0,0,0,1,0,0,0,2,0,0,0,92,0,0,0,0,0,0,0,0,0,2,1,PLANO O LLANO,PLANO,2,6,SIN ROCAS,NO,-1,-1,SI,32,NO,GRANULAR,NO,NO,NO HAY,LA MANIANA Y LA TARDE,POCO MARCADAS,NO HAY,NO,SI,12,PLANTAS NORMALES,NO,NO,SI,SI,REGULAR,32,LENTO A MUY LENTO,NINGUNO,0,48.33,0,0,0,0,0,51.67,0,0,100,0,0,0,0,0,0,0,33.27,24.47,28.87,8.8,15320.63,0.42,413.8,0.25,80,33.24,23.8,28.52,9.44,22778.46,0.28,239,0.16,78.98,32.52,22.69,27.61,9.83,14393.85,0.06,172.5,0.17,79.16,5244.19
3633,Manual,SI,DK7088,Maiz,NO,Manual,NO,4,46,83,62000,10,0,0,0,0,0,0,0,1,0,0,0,0,0,0,0,46,0,0,0,0,0,30,0,0,0,2,1,PLANO O LLANO,PLANO,2,6,SIN ROCAS,NO,-1,-1,SI,21,NO,GRANULAR,NO,NO,POCO MARCADAS,LA MANIANA Y LA TARDE,NO HAY,NO HAY,NO,SI,12,PLANTAS NORMALES,NO,NO,SI,SI,ESPACIADO,21,LENTO A MUY LENTO,NINGUNO,0,0,0,0,0,0,66.67,33.33,0,0,100,0,0,0,0,0,0,0,33.28,24.91,29.09,8.37,14700.2,0.4,262.6,0.15,80.03,33.26,24.03,28.64,9.23,22426.52,0.33,324.6,0.17,78.92,33.15,22.95,28.05,10.2,15487.29,0.14,187.7,0.22,78.56,6197.67
3642,Manual,NO,Otro,Maiz,SI,Manual,NO,5,43,86,55000,7,0,0,0,0,0,0,0,1,0,0,0,2,0,0,0,69,0,0,0,0,0,0,0,0,0,2,1,PLANO O LLANO,PLANO,2,5.5,SIN ROCAS,NO,-1,-1,SI,24,NO,GRANULAR,NO,NO,POCO MARCADAS,LA MANIANA Y LA TARDE,NO HAY,NO HAY,NO,SI,23,PLANTAS NORMALES,NO,NO,SI,SI,ESPACIADO,24,LENTO A MUY LENTO,NINGUNO,0,38.33,0,0,0,0,0,61.67,0,0,100,0,0,0,0,0,0,0,33.28,24.84,29.06,8.44,14845.46,0.4,262.7,0.15,80.3,33.19,24.02,28.61,9.17,22319.79,0.29,330.5,0.17,78.96,33.05,22.86,27.95,10.19,15789.44,0.14,188.6,0.22,78.79,4290.7
3644,Mecanizado,SI,PIONEER 30F35 HRR,Maiz,NO,Manual,NO,4,45,84,65000,9,0,0,0,0,0,0,1,0,0,0,0,1,0,0,0,92,0,0,0,0,0,0,0,0,0,2,1,PLANO O LLANO,PLANO,2,5.5,SIN ROCAS,NO,-1,-1,SI,32,NO,GRANULAR,NO,NO,POCO MARCADAS,LA MANIANA Y LA TARDE,NO HAY,NO HAY,NO,SI,10,PLANTAS NORMALES,NO,NO,SI,SI,ESPACIADO,32,LENTO A MUY LENTO,NINGUNO,0,46.67,0,0,0,0,0,53.33,0,0,100,0,0,0,0,0,0,0,33.14,24.23,28.69,8.91,15322.65,0.38,395.4,0.25,79.92,33.33,23.72,28.53,9.61,23404.95,0.26,245.1,0.16,78.59,32.11,22.41,27.26,9.7,14262.43,0.06,151.7,0.14,79.92,6122.09
3673,Mecanizado,SI,DK 234,Maiz,NO,Manual,NO,2,48,81,65000,6,1,0,0,0,0,0,0,1,0,0,0,1,0,0,0,92,0,0,0,0,0,0,0,0,0,2,1,PLANO O LLANO,PLANO,2,6.5,SIN ROCAS,SI,8,14,SI,12,NO,ATERRONADA,NO,NO,NO HAY,LA MANIANA Y LA TARDE,NO HAY,NO HAY,NO,SI,38,PLANTAS NORMALES,NO,NO,SI,SI,REGULAR,38,LENTO A MUY LENTO,NINGUNO,0,0,0,0,20,0,0,0,80,0,100,0,0,0,0,0,0,0,32.87,23.86,28.36,9.01,16263.26,0.25,264.9,0.2,84.36,32.66,23.36,28.01,9.3,23910.96,0.21,295.6,0.17,83.34,31.82,23.12,27.47,8.7,13701.93,0,40.8,0,82.91,5816.28
3675,Mecanizado,SI,PIONEER 30F35 H,Maiz,SI,Manual,NO,4,45,86,65000,10,1,0,0,0,0,0,0,1,0,0,0,1,0,0,0,80.5,0,0,0,0,0,0,0,0,0,2,2,PLANO O LLANO,PLANO,2,6,SIN ROCAS,NO,-1,-1,SI,3,NO,GRANULAR,NO,NO,NO HAY,LA MANIANA Y LA TARDE,NO HAY,NO HAY,NO,SI,21,PLANTAS NORMALES,NO,NO,SI,SI,ESPACIADO,21,LENTO A MUY LENTO,NINGUNO,0,53.33,46.67,0,0,0,0,0,0,0,100,0,0,0,0,0,0,0,32.84,23.95,28.39,8.89,16226.42,0.25,263.9,0.2,84.48,32.74,23.37,28.05,9.37,23985.17,0.21,289.1,0.17,83.35,31.82,23.14,27.48,8.67,15269.29,0,62.5,0.03,82.91,5911.63
3684,Mecanizado,SI,P3966 (Pioneer),Algodon,SI,Mecanizada,NO,4,46,83,65000,5,0,0,0,0,0,0,0,1,0,0,0,1,0,0,0,92,0,0,0,0,0,30,0,0,0,3,1,PLANO O LLANO,PLANO,2,6,SIN ROCAS,NO,-1,-1,SI,20,NO,GRANULAR,NO,NO,NO HAY,LA MANIANA Y LA TARDE,NO HAY,NO HAY,NO,SI,20,PLANTAS NORMALES,NO,NO,SI,SI,REGULAR,20,LENTO A MUY LENTO,NINGUNO,0,0,0,0,0,0,0,30,70,0,100,0,0,0,0,0,0,0,32.8,24.01,28.41,8.79,16158.21,0.22,294.9,0.22,84.6,32.74,23.34,28.04,9.4,23912.61,0.22,284,0.17,83.47,31.8,23.02,27.41,8.78,14587.29,0,44.9,0,82.94,5933.72
3686,Mecanizado,NO,ADV 9339 (Syngenta),Maiz,NO,Manual,NO,5,49,80,63000,5,1,0,0,0,0,0,0,1,0,0,0,2,0,0,0,92,0,0,0,0,0,0,0,0,0,2,1,PLANO O LLANO,PLANO,2,6.5,SIN ROCAS,NO,-1,-1,SI,26,NO,GRANULAR,NO,NO,NO HAY,LA MANIANA Y LA TARDE,NO HAY,NO HAY,NO,SI,35,PLANTAS NORMALES,NO,NO,SI,SI,REGULAR,35,LENTO A MUY LENTO,NINGUNO,0,0,0,0,0,0,60,40,0,0,100,0,0,0,0,0,0,0,32.84,23.86,28.35,8.97,16250.96,0.25,264.9,0.2,84.36,32.7,23.38,28.04,9.32,23946.07,0.21,288.1,0.17,83.39,31.85,23.18,27.51,8.68,14915.33,0,62.5,0.03,82.84,5434.88
3733,Manual,SI,DK 234,Maiz,NO,Manual,NO,4,46,81,62000,8,0,0,0,0,0,0,0,1,0,0,0,0,0,0,0,92,0,0,0,0,0,0,0,0,0,2,1,PLANO O LLANO,PLANO,2,6,SIN ROCAS,NO,-1,-1,SI,30,NO,GRANULAR,NO,NO,NO HAY,LA MANIANA Y LA TARDE,NO HAY,NO HAY,NO,SI,28,PLANTAS NORMALES,NO,NO,SI,SI,REGULAR,30,LENTO A MUY LENTO,NINGUNO,0,0,0,0,0,0,0,46.67,53.33,0,100,0,0,0,0,0,0,0,32.7,23.86,28.29,8.84,16049.11,0.22,266.6,0.2,84.56,32.73,23.3,28.01,9.43,24076.29,0.21,293.9,0.17,83.21,31.81,23.19,27.5,8.62,13737.14,0,55,0.03,82.9,5434.88
3735,Mecanizado,SI,DK7088,Algodon,NO,Mecanizada,NO,3,48,92,62000,9,0,0,0,0,0,0,1,1,0,0,0,1,0,0,0,92,0,0,0,0,0,30,0,0,0,3,1,PLANO O LLANO,PLANO,2,5.5,SIN ROCAS,NO,-1,-1,SI,25,NO,GRANULAR,NO,NO,NO HAY,LA MANIANA Y LA TARDE,NO HAY,NO HAY,NO,SI,32,PLANTAS NORMALES,NO,NO,SI,SI,ESPACIADO,32,LENTO A MUY LENTO,NINGUNO,0,0,0,0,0,0,60,40,0,0,100,0,0,0,0,0,0,0,32.8,24.01,28.41,8.79,16158.21,0.22,294.9,0.22,84.6,32.74,23.34,28.04,9.4,23912.61,0.22,284,0.17,83.47,31.85,23.2,27.53,8.65,18563.46,0,71.3,0.02,82.86,6176.74
3742,Mecanizado,SI,P3966 (Pioneer),Maiz,NO,Manual,NO,5,45,82,65000,5,0,0,0,0,0,0,0,1,0,0,0,2,0,0,0,92,0,0,0,0,0,0,0,0,0,2,2,PLANO O LLANO,PLANO,2,6,SIN ROCAS,SI,11,7,SI,35,NO,GRANULAR,NO,NO,NO HAY,LA MANIANA Y LA TARDE,NO HAY,NO HAY,NO,SI,27,PLANTAS NORMALES,NO,NO,SI,SI,REGULAR,27,LENTO A MUY LENTO,NINGUNO,0,45,0,0,0,0,0,55,0,0,100,0,0,0,0,0,0,0,33.27,24.47,28.87,8.8,16491.43,0.42,337.9,0.22,80,33.24,23.8,28.52,9.44,23779.62,0.28,190.2,0.14,78.98,32.52,22.69,27.61,9.83,14159.01,0.06,58.3,0.03,79.16,5911.63
3743,Mecanizado,SI,PIONEER 30F35 HRR,Maiz,SI,Manual,NO,4,44,87,62000,9,1,0,0,0,0,0,0,1,0,0,0,1,0,0,0,92,0,0,0,0,0,0,0,0,0,2,1,PLANO O LLANO,PLANO,2,6,SIN ROCAS,NO,-1,-1,SI,23,NO,GRANULAR,NO,NO,NO HAY,LA MANIANA Y LA TARDE,POCO MARCADAS,NO HAY,NO,SI,16,PLANTAS NORMALES,NO,NO,SI,SI,REGULAR,23,LENTO A MUY LENTO,NINGUNO,0,0,0,0,0,0,63.33,36.67,0,0,100,0,0,0,0,0,0,0,33.31,24.45,28.88,8.86,16501.17,0.42,332.4,0.22,80.03,33.29,23.77,28.53,9.53,23862.81,0.28,174.8,0.12,78.82,32.28,22.44,27.36,9.83,15114.04,0.05,91.5,0.05,79.54,4767.44
3745,Mecanizado,SI,DK 234,Maiz,NO,Mecanizada,NO,5,49,80,62000,6,0,0,0,0,0,0,1,1,0,0,0,1,0,0,0,92,0,0,0,0,0,0,0,0,0,2,1,PLANO O LLANO,PLANO,2,6,SIN ROCAS,NO,-1,-1,SI,18,NO,GRANULAR,NO,NO,NO HAY,LA MANIANA Y LA TARDE,NO HAY,NO HAY,NO,SI,16,PLANTAS NORMALES,NO,NO,SI,SI,ESPACIADO,18,LENTO A MUY LENTO,NINGUNO,0,0,0,0,0,0,71.67,28.33,0,0,100,0,0,0,0,0,0,0,32.74,23.81,28.28,8.94,16227.13,0.22,242.8,0.18,84.41,32.72,23.32,28.02,9.4,24041.33,0.21,292.2,0.17,83.2,31.78,23.21,27.5,8.57,14881.22,0,56.4,0.03,82.88,5434.88
3749,Mecanizado,SI,PIONEER 30F35 H,Maiz,NO,Manual,NO,4,48,82,60000,6,0,0,0,0,0,0,1,1,0,0,0,1,0,0,0,80.5,0,0,0,0,0,0,0,0,0,2,1,PLANO O LLANO,PLANO,2,5.5,SIN ROCAS,NO,-1,-1,SI,28,NO,GRANULAR,NO,NO,POCO MARCADAS,LA MANIANA Y LA TARDE,NO HAY,NO HAY,NO,SI,16,PLANTAS NORMALES,NO,NO,SI,SI,REGULAR,28,LENTO A MUY LENTO,NINGUNO,0,0,0,0,0,0,55,45,0,0,100,0,0,0,0,0,0,0,32.91,23.83,28.37,9.08,16491.43,0.3,337.9,0.22,83.93,32.56,23.24,27.9,9.31,23779.62,0.16,190.2,0.14,83.34,31.84,23.27,27.56,8.57,14992.11,0,58.3,0.03,82.84,6388.37
3751,Mecanizado,SI,P3966 (Pioneer),Maiz,NO,Manual,NO,4,49,85,65000,6,0,0,0,0,0,0,0,1,0,0,0,1,0,0,0,92,0,0,0,0,0,0,0,0,0,2,1,PLANO O LLANO,PLANO,2,6,SIN ROCAS,NO,-1,-1,SI,23,NO,GRANULAR,NO,NO,NO HAY,LA MANIANA Y LA TARDE,POCO MARCADAS,NO HAY,NO,SI,18,PLANTAS NORMALES,NO,NO,SI,SI,ESPACIADO,23,LENTO A MUY LENTO,NINGUNO,0,0,0,0,0,0,63.33,36.67,0,0,100,0,0,0,0,0,0,0,32.84,23.88,28.36,8.96,16278.39,0.25,266.6,0.2,84.38,32.65,23.32,27.99,9.33,23852.62,0.21,293.9,0.17,83.33,31.85,23.25,27.55,8.6,16594.77,0,58.7,0.02,82.87,5911.63
3752,Mecanizado,SI,P3966 (Pioneer),Maiz,NO,Manual,NO,4,47,91,65000,6,0,0,0,0,0,0,0,1,0,0,0,1,0,0,0,92,0,0,0,0,0,0,0,0,0,2,1,PLANO O LLANO,PLANO,2,5.5,SIN ROCAS,NO,-1,-1,SI,22,NO,GRANULAR,NO,NO,POCO MARCADAS,LA MANIANA Y LA TARDE,NO HAY,NO HAY,NO,SI,22,PLANTAS NORMALES,NO,NO,SI,SI,REGULAR,22,LENTO A MUY LENTO,NINGUNO,0,65,0,0,0,0,0,35,0,0,100,0,0,0,0,0,0,0,32.91,23.83,28.37,9.08,16491.43,0.3,337.9,0.22,83.93,32.56,23.24,27.9,9.31,23779.62,0.16,190.2,0.14,83.34,31.74,23.3,27.52,8.44,17838.69,0,145.2,0.07,83.02,6006.98
3753,Mecanizado,SI,P3966 (Pioneer),Algodon,NO,Mecanizada,NO,4,47,94,62000,6,0,0,0,0,0,0,0,1,0,0,0,2,0,0,0,34.5,0,0,0,0,0,0,0,0,0,1,1,PLANO O LLANO,PLANO,2,6,SIN ROCAS,NO,-1,-1,SI,22,NO,GRANULAR,NO,NO,POCO MARCADAS,LA MANIANA Y LA TARDE,NO HAY,NO HAY,NO,SI,12,PLANTAS NORMALES,NO,NO,SI,SI,REGULAR,22,LENTO A MUY LENTO,NINGUNO,0,0,0,0,0,0,35,65,0,0,100,0,0,0,0,0,0,0,32.85,23.73,28.29,9.13,16504.56,0.25,329.9,0.22,84.06,32.52,23.14,27.83,9.38,23873.69,0.16,175.6,0.12,83.21,31.75,23.59,27.67,8.16,18767.92,0,170,0.08,83.23,5983.72
3757,Mecanizado,SI,PIONEER 30F35 HRR,Maiz,SI,Manual,NO,4,48,78,62000,6,1,0,0,0,0,0,0,1,0,0,0,1,0,0,0,92,0,0,0,0,0,0,0,0,0,2,1,PLANO O LLANO,PLANO,2,7,SIN ROCAS,NO,-1,-1,SI,24,NO,GRANULAR,NO,NO,NO HAY,LA MANIANA Y LA TARDE,NO HAY,NO HAY,NO,SI,36,PLANTAS NORMALES,NO,NO,SI,SI,ESPACIADO,36,LENTO A MUY LENTO,NINGUNO,0,0,0,0,0,0,31.67,68.33,0,0,100,0,0,0,0,0,0,0,33.07,24.52,28.8,8.55,15082.03,0.4,412.1,0.25,80.78,33.24,23.88,28.56,9.35,22662.63,0.28,221.8,0.14,78.8,32.81,22.82,27.82,9.99,13759.58,0.09,149.8,0.18,79.09,5911.63
3939,Mecanizado,SI,ADV 9339 (Syngenta),Algodon,NO,Mecanizada,NO,4,48,84,65000,5,0,0,0,0,0,0,1,1,0,0,0,2,0,0,0,92,0,0,0,0,0,0,0,0,0,2,2,PLANO O LLANO,PLANO,2,6,SIN ROCAS,NO,-1,-1,SI,35,NO,GRANULAR,NO,NO,NO HAY,LA MANIANA Y LA TARDE,NO HAY,NO HAY,NO,SI,35,PLANTAS NORMALES,NO,NO,SI,SI,REGULAR,35,LENTO A MUY LENTO,NINGUNO,0,53.33,0,0,0,0,46.67,0,0,0,100,0,0,0,0,0,0,0,32.7,23.86,28.29,8.84,16049.11,0.22,266.6,0.2,84.56,32.73,23.3,28.01,9.43,24076.29,0.21,293.9,0.17,83.21,31.8,23.24,27.52,8.57,15739.58,0,58.7,0.03,82.89,5625.58
4092,Mecanizado,SI,ADV 9293 (Syngenta),Maiz,NO,Manual,NO,4,48,78,65000,8,0,0,0,0,0,0,1,1,0,0,0,2,0,0,0,92,0,0,0,0,0,0,0,0,0,2,1,PLANO O LLANO,PLANO,2,6.5,SIN ROCAS,NO,-1,-1,SI,20,NO,GRANULAR,NO,NO,NO HAY,LA MANIANA Y LA TARDE,POCO MARCADAS,NO HAY,NO,NO,-1,PLANTAS NORMALES,NO,NO,SI,NO,ESPACIADO,20,LENTO A MUY LENTO,NINGUNO,0,0,0,0,0,0,68.33,0,31.67,0,100,0,0,0,0,0,0,0,33.31,24.45,28.88,8.86,15301.82,0.42,412.8,0.28,80.03,33.29,23.77,28.53,9.53,23027.95,0.28,237.7,0.14,78.82,32.5,22.71,27.61,9.79,13505.76,0.06,163,0.18,79.28,4767.44
40,Mecanizado,NO,PIONEER 30F32,Algodon,SI,Manual,NO,5,63,68,60000,13,0,0,0,0,0,0,0,1,0,0,0,1,0,0,0,46,0,0,0,0,0,0,0,0,0,1,2,PLANO O LLANO,PLANO,3,7,SIN ROCAS,NO,-1,-1,SI,31,NO,GRANULAR,NO,NO,NO HAY,LA MANIANA Y LA TARDE,NO HAY,NO HAY,NO,NO,-1,PLANTAS NORMALES,NO,NO,SI,NO,MUY BUENO,31,LENTO A MUY LENTO,NINGUNO,0,0,0,0,11.11,0,0,27.16,61.73,0,100,0,0,0,0,0,0,0,32.48,24.36,28.42,8.12,14804.76,0.15,164.7,0.08,81.2,32.53,23.77,28.15,8.76,24163.02,0.16,305.1,0.17,80.24,32.05,23.6,27.83,8.45,13197.57,0.05,279.3,0.23,82.41,4767.44
44,Mecanizado,NO,PIONEER 30F32,Algodon,SI,Manual,NO,5,59,66,60000,12,0,0,0,0,0,0,0,1,0,0,0,0,0,0,0,46,0,0,0,0,0,0,0,0,0,1,1,PLANO O LLANO,PLANO,3,7,SIN ROCAS,SI,18,2,SI,14,NO,GRANULAR,NO,NO,NO HAY,LA MANIANA Y LA TARDE,NO HAY,NO HAY,NO,SI,30,PLANTAS NORMALES,SI,NO,SI,NO,BUENO,30,LENTO A MUY LENTO,NINGUNO,0,0,0,0,0,0,0,51.28,0,48.72,100,0,0,0,0,0,0,0,32.52,24.36,28.44,8.16,14905.92,0.15,164.7,0.08,81.08,32.54,23.78,28.16,8.76,24005.69,0.16,286.9,0.16,80.33,32.17,23.53,27.85,8.63,11267.17,0.03,226,0.27,82.61,5180.23
269,Manual,SI,DK 234,Algodon,SI,Manual,NO,6,42,86,60000,9,0,0,0,0,0,0,1,1,0,0,0,0,0,0,0,92,0,0,0,0,0,0,0,0,0,2,2,PLANO O LLANO,PLANO,3,6,SIN ROCAS,SI,15,1,SI,50,NO,GRANULAR,NO,NO,NO HAY,LA MANIANA Y LA TARDE,NO HAY,NO HAY,NO,NO,-1,PLANTAS NORMALES,SI,NO,SI,NO,MUY BUENO,15,LENTO A MUY LENTO,NINGUNO,0,0,0,0,0,21.05,0,26.32,52.63,0,100,0,0,0,0,0,0,0,32.18,24.27,28.22,7.91,14614.72,0.12,239.6,0.12,81.15,32.61,23.88,28.25,8.74,24267.96,0.19,270.8,0.14,80.47,32.32,23.52,27.92,8.81,13161.14,0.03,250.4,0.27,82,5116.28
271,Mecanizado,SI,Otro,Algodon,SI,Manual,NO,6,56,72,60000,10,0,0,0,0,0,0,0,0,0,0,0,1,0,0,0,69,0,0,0,0,0,30,0,0,0,3,2,PLANO O LLANO,PLANO,3,6,SIN ROCAS,SI,20,1,SI,37,NO,GRANULAR,NO,NO,NO HAY,LA MANIANA Y LA TARDE,NO HAY,NO HAY,NO,NO,-1,PLANTAS NORMALES,SI,NO,SI,NO,BUENO,20,LENTO A MUY LENTO,NINGUNO,0,0,45.68,0,29.63,0,0,24.69,0,0,100,0,0,0,0,0,0,0,32.03,24.28,28.15,7.75,14523.07,0.1,248.6,0.12,81.42,32.73,23.89,28.31,8.85,24354.54,0.21,227.2,0.12,80.4,32.24,23.54,27.89,8.7,13113.16,0.03,286.2,0.3,81.97,5911.63
272,Manual,NO,Otro,Algodon,SI,Manual,NO,5,43,85,60000,12,0,0,0,0,0,0,1,0,0,0,0,1,0,0,0,92,0,0,0,0,0,0,0,0,0,2,2,PLANO O LLANO,PLANO,3,6,SIN ROCAS,SI,20,1,SI,20,NO,GRANULAR,NO,NO,NO HAY,LA MANIANA Y LA TARDE,NO HAY,NO HAY,NO,NO,-1,PLANTAS NORMALES,SI,NO,SI,NO,BUENO,20,LENTO A MUY LENTO,NINGUNO,0,0,0,0,42.86,0,0,57.14,0,0,100,0,0,0,0,0,0,0,32.03,24.28,28.15,7.75,14523.07,0.1,248.6,0.12,81.42,32.73,23.89,28.31,8.85,24354.54,0.21,227.2,0.12,80.4,32.32,23.53,27.93,8.78,12813.6,0.03,265.2,0.28,81.97,5053.49
717,Manual,SI,Otro,Algodon,SI,Manual,NO,12,41,86,63000,15,0,0,0,0,0,0,0,1,0,0,0,1,0,0,0,92,0,0,0,0,0,60,0,0,0,4,2,PLANO O LLANO,PLANO,2,5,SIN ROCAS,NO,-1,-1,SI,36,SI,MASIVA,NO,NO,NO HAY,LA MANIANA Y LA TARDE,NO HAY,NO HAY,NO,SI,33,PLANTAS NORMALES,NO,NO,NO,SI,REGULAR,33,LENTO A MUY LENTO,NINGUNO,0,100,0,0,0,0,0,0,0,0,0,100,0,0,0,0,0,0,32.03,24.28,28.15,7.75,14523.07,0.1,248.6,0.12,81.42,32.73,23.89,28.31,8.85,24354.54,0.21,227.2,0.12,80.4,32.25,23.57,27.91,8.68,14825.28,0.02,295,0.26,82.14,6273.26
1897,Mecanizado,NO,DK 234,Algodon,NO,Manual,NO,4,48,80,60000,9,0,0,0,0,0,0,0,1,0,0,0,0,0,0,0,92,0,0,0,0,0,0,0,0,0,2,1,PLANO O LLANO,PLANO,2,5.5,SIN ROCAS,NO,-1,-1,SI,12,NO,GRANULAR,NO,NO,NO HAY,LA MANIANA Y LA TARDE,NO HAY,NO HAY,NO,SI,14,MUY AFECTADAS,NO,NO,SI,NO,BUENO,14,LENTO A MUY LENTO,NINGUNO,0,0,0,0,16.67,0,83.33,0,0,0,83.33,16.67,0,0,0,0,0,0,34.28,23.9,29.09,10.39,15633.48,0.48,160.3,0.15,80.48,32.99,23.73,28.36,9.25,22941.95,0.26,389.2,0.21,86.37,32.46,24.28,28.37,8.18,13674.41,0.03,216.7,0.23,86.25,2883.72
2209,Mecanizado,NO,DK 234 YGRR,Algodon,NO,Manual,NO,3,46,87,60000,10,0,0,0,0,0,0,0,1,0,0,0,1,0,0,0,92,0,0,0,0,0,0,0,0,0,2,2,PLANO O LLANO,PLANO,2,6,SIN ROCAS,NO,-1,-1,SI,21,NO,GRANULAR,NO,NO,NO HAY,LA MANIANA Y LA TARDE,NO HAY,NO HAY,NO,SI,26,POCO AFECTADAS,NO,NO,SI,NO,BUENO,26,LENTO A MUY LENTO,NINGUNO,0,30,0,0,0,0,70,0,0,0,100,0,0,0,0,0,0,0,34,24.77,29.39,9.23,15588.59,0.48,104.6,0.05,78.77,33.86,24.31,29.08,9.55,22479.53,0.45,306.6,0.19,80.52,33.47,24.62,29.04,8.86,14769.97,0.44,85.7,0.08,82.08,4520.93
2275,Mecanizado,NO,DK 234 YGRR,Maiz,SI,Manual,NO,6,47,84,55000,8,0,0,0,0,0,0,0,1,0,0,0,1,0,0,0,92,0,0,0,0,0,0,0,0,0,2,2,PLANO O LLANO,PLANO,2,6,SIN ROCAS,SI,12,11,SI,25,NO,ATERRONADA,NO,NO,NO HAY,LA MANIANA Y LA TARDE,NO HAY,NO HAY,NO,SI,12,MUY AFECTADAS,NO,NO,SI,NO,REGULAR,12,LENTO A MUY LENTO,NINGUNO,0,38.33,0,0,0,0,61.67,0,0,0,100,0,0,0,0,0,0,0,33.22,23.81,28.52,9.42,14180.5,0.28,234.7,0.2,81.47,33.73,23.79,28.76,9.94,24390.04,0.4,333.7,0.16,85.26,32.43,24.14,28.29,8.29,15203.71,0.02,259.2,0.25,85.88,2383.72
2318,Mecanizado,NO,DK 234 YGRR,Algodon,NO,Manual,NO,4,46,82,55000,6,0,0,0,0,0,0,0,1,0,0,0,1,0,0,0,46,0,0,0,0,0,0,0,0,0,2,2,PLANO O LLANO,PLANO,2,6,SIN ROCAS,SI,13,8,SI,31,NO,GRANULAR,NO,NO,NO HAY,LA MANIANA Y LA TARDE,POCO MARCADAS,NO HAY,NO,SI,27,PLANTAS NORMALES,NO,NO,NO,NO,BUENO,27,LENTO A MUY LENTO,NINGUNO,0,48.33,51.67,0,0,0,0,0,0,0,100,0,0,0,0,0,0,0,34.51,24.98,29.75,9.54,16208.79,0.52,99.3,0.1,80.08,32.8,24.27,28.54,8.53,22566.14,0.21,403.5,0.21,86.62,32.5,24.58,28.54,7.91,13893.51,0.03,202.4,0.23,86.57,2383.72
2321,Mecanizado,NO,DK 234 YGRR,Algodon,SI,Manual,NO,4,47,82,55000,8,0,0,0,0,0,0,0,1,0,0,0,2,0,0,0,46,0,0,0,0,0,0,0,0,0,1,1,PLANO O LLANO,PLANO,2,6,SIN ROCAS,NO,-1,-1,SI,35,NO,GRANULAR,NO,NO,NO HAY,LA MANIANA Y LA TARDE,NO HAY,NO HAY,NO,SI,21,POCO AFECTADAS,NO,NO,SI,NO,BUENO,35,LENTO A MUY LENTO,NINGUNO,0,45,0,0,0,0,0,55,0,0,100,0,0,0,0,0,0,0,33.56,24.56,29.06,9,15314.59,0.38,145.1,0.1,79.89,34.19,24.47,29.33,9.72,22685.08,0.52,282.9,0.17,79.87,33.29,24.57,28.93,8.72,13408.23,0.36,88.4,0.08,82.42,3955.81
2938,Manual,NO,Impacto (Syngenta),Pastos,NO,Manual,NO,4,45,83,55000,3,0,0,0,0,0,0,1,0,0,0,0,2,0,0,0,92,0,0,0,0,0,0,0,0,0,2,1,PLANO O LLANO,PLANO,2,6,SIN ROCAS,NO,-1,-1,SI,15,NO,GRANULAR,NO,NO,POCO MARCADAS,LA MANIANA Y LA TARDE,NO HAY,NO HAY,NO,SI,19,PLANTAS NORMALES,NO,NO,SI,NO,BUENO,19,LENTO A MUY LENTO,NINGUNO,0,23.33,0,0,0,0,0,76.67,0,0,100,0,0,0,0,0,0,0,32.35,24.89,28.62,7.46,13662.97,0.08,121,0.1,87.48,33.07,24.98,29.02,8.09,22858.34,0.16,113.8,0.03,83.16,32.59,24.78,28.69,7.82,13528.48,0.14,15.1,0.03,82.26,4150
3062,Manual,SI,DK 234,Maiz,NO,Manual,NO,4,47,79,58000,10,1,0,0,0,0,0,0,1,0,0,0,1,0,0,0,61,0,0,15,0,0,15,0,0,0,2,1,PLANO O LLANO,PLANO,2,6,SIN ROCAS,NO,-1,-1,SI,25,NO,GRANULAR,NO,NO,NO HAY,LA MANIANA Y LA TARDE,POCO MARCADAS,NO HAY,NO,SI,17,PLANTAS NORMALES,NO,NO,SI,NO,BUENO,25,LENTO A MUY LENTO,NINGUNO,0,40,0,0,0,0,0,60,0,0,0,100,0,0,0,0,0,0,32.99,24.29,28.64,8.7,14752.47,0.3,223.1,0.12,82.4,33.09,24.42,28.76,8.67,21634.22,0.33,189.7,0.1,81.86,34.7,23.82,29.26,10.88,14766.13,0.79,2.2,0,73.91,5434.88
3734,Mecanizado,SI,DK 234,Algodon,NO,Manual,NO,5,49,84,65000,7,0,0,0,0,0,0,0,1,0,0,0,1,0,0,0,92,0,0,0,0,0,0,0,0,0,2,1,PLANO O LLANO,PLANO,2,5.5,SIN ROCAS,NO,-1,-1,SI,20,NO,GRANULAR,NO,NO,NO HAY,LA MANIANA Y LA TARDE,NO HAY,NO HAY,NO,SI,21,PLANTAS NORMALES,NO,NO,SI,SI,REGULAR,21,LENTO A MUY LENTO,NINGUNO,0,28.33,0,0,0,0,0,71.67,0,0,100,0,0,0,0,0,0,0,32.84,23.88,28.36,8.96,16278.39,0.25,266.6,0.2,84.38,32.65,23.32,27.99,9.33,23852.62,0.21,293.9,0.17,83.33,31.85,23.25,27.55,8.6,16594.77,0,58.7,0.02,82.87,5148.84
3747,Mecanizado,SI,DK 234,Algodon,NO,Manual,NO,5,50,76,62000,10,0,0,0,0,0,0,0,1,0,0,0,1,0,0,0,92,0,0,0,0,0,0,0,0,0,2,1,PLANO O LLANO,PLANO,2,6.5,SIN ROCAS,NO,-1,-1,SI,27,NO,GRANULAR,NO,NO,NO HAY,LA MANIANA Y LA TARDE,NO HAY,NO HAY,NO,SI,29,PLANTAS NORMALES,NO,NO,SI,SI,REGULAR,29,LENTO A MUY LENTO,NINGUNO,0,0,0,0,0,0,47.54,52.46,0,0,100,0,0,0,0,0,0,0,32.87,23.86,28.36,9.01,16263.26,0.25,264.9,0.2,84.36,32.66,23.36,28.01,9.3,23910.96,0.21,295.6,0.17,83.34,31.82,23.12,27.47,8.7,13701.93,0,40.8,0,82.91,5339.53
3756,Mecanizado,NO,Otro,Algodon,SI,Manual,NO,4,47,84,62000,13,0,0,0,0,0,0,1,0,0,0,0,2,0,0,0,92,0,0,0,0,0,0,0,0,0,2,2,PLANO O LLANO,PLANO,2,6,SIN ROCAS,NO,-1,-1,SI,22,NO,GRANULAR,NO,NO,NO HAY,LA MANIANA Y LA TARDE,NO HAY,NO HAY,NO,SI,15,PLANTAS NORMALES,NO,NO,SI,NO,REGULAR,18,LENTO A MUY LENTO,NINGUNO,70,30,0,0,0,0,0,0,0,0,100,0,0,0,0,0,0,0,32.78,23.81,28.3,8.97,16264,0.25,315.5,0.2,84.26,32.7,23.32,28.01,9.38,23978.67,0.19,212.2,0.16,83.27,31.78,23.23,27.5,8.56,15309.44,0,58.7,0.03,82.92,4576.74
3928,Mecanizado,SI,ADV 9339 (Syngenta),Algodon,NO,Manual,NO,4,47,85,70000,6,0,0,0,0,0,0,1,1,0,0,0,2,0,0,0,92,0,0,0,0,0,0,0,0,0,2,1,PLANO O LLANO,PLANO,2,6,SIN ROCAS,NO,-1,-1,SI,23,NO,GRANULAR,NO,NO,NO HAY,LA MANIANA Y LA TARDE,NO HAY,NO HAY,NO,SI,23,PLANTAS NORMALES,NO,NO,SI,SI,REGULAR,23,LENTO A MUY LENTO,NINGUNO,0,33.33,0,0,0,0,0,66.67,0,0,100,0,0,0,0,0,0,0,32.7,23.86,28.29,8.84,16049.11,0.22,266.6,0.2,84.56,32.73,23.3,28.01,9.43,24076.29,0.21,293.9,0.17,83.21,31.8,23.24,27.52,8.57,15739.58,0,58.7,0.03,82.89,5148.84
3929,Mecanizado,SI,DK 234,Algodon,NO,Manual,NO,5,47,81,62000,6,0,0,0,0,0,0,0,2,0,0,0,1,0,0,0,80.5,0,0,0,0,0,0,0,0,0,2,1,PLANO O LLANO,PLANO,2,6,SIN ROCAS,NO,-1,-1,SI,26,NO,GRANULAR,NO,NO,NO HAY,LA MANIANA Y LA TARDE,POCO MARCADAS,NO HAY,NO,SI,15,PLANTAS NORMALES,NO,NO,SI,SI,REGULAR,26,LENTO A MUY LENTO,NINGUNO,0,41.67,0,0,0,0,0,58.33,0,0,100,0,0,0,0,0,0,0,32.91,23.83,28.37,9.08,16491.43,0.3,337.9,0.22,83.93,32.56,23.24,27.9,9.31,23779.62,0.16,190.2,0.14,83.34,31.83,23.26,27.55,8.57,14559.38,0,58.3,0.03,82.86,4862.79
3932,Mecanizado,SI,DK 234,Algodon,NO,Manual,NO,4,47,76,68000,6,0,0,0,0,0,0,0,2,0,0,0,1,0,0,0,92,0,0,0,0,0,0,0,0,0,2,1,PLANO O LLANO,PLANO,2,5.5,SIN ROCAS,NO,-1,-1,SI,16,NO,GRANULAR,NO,NO,NO HAY,LA MANIANA Y LA TARDE,NO HAY,NO HAY,NO,SI,42,PLANTAS NORMALES,NO,NO,SI,SI,REGULAR,42,LENTO A MUY LENTO,NINGUNO,0,0,0,0,23.33,0,0,0,76.67,0,100,0,0,0,0,0,0,0,32.7,23.86,28.29,8.84,16049.11,0.22,266.6,0.2,84.56,32.73,23.3,28.01,9.43,24076.29,0.21,293.9,0.17,83.21,31.75,23.05,27.4,8.69,12163.78,0,32.3,0,83.03,4958.14
3934,Manual,SI,P3966 (Pioneer),Algodon,NO,Manual,NO,4,48,80,63000,4,0,0,0,0,0,0,1,1,0,0,0,2,0,0,0,61,0,0,15,0,0,15,0,0,0,2,1,PLANO O LLANO,PLANO,2,6,SIN ROCAS,NO,-1,-1,SI,19,NO,GRANULAR,NO,NO,NO HAY,LA MANIANA Y LA TARDE,NO HAY,POCO MARCADAS,NO,SI,18,PLANTAS NORMALES,NO,NO,SI,SI,REGULAR,19,LENTO A MUY LENTO,NINGUNO,0,70,0,0,0,0,0,30,0,0,100,0,0,0,0,0,0,0,33.27,24.55,28.91,8.72,15147.76,0.42,363,0.2,80.22,33.17,23.91,28.54,9.26,22528.94,0.26,247.9,0.16,79.04,32.94,22.89,27.92,10.05,14710.83,0.14,172.8,0.2,78.91,5816.28
3935,Mecanizado,SI,DK 234,Algodon,NO,Manual,NO,4,47,79,65000,9,0,0,0,0,0,0,1,1,0,0,0,1,0,0,0,92,0,0,0,0,0,0,0,0,0,2,2,PLANO O LLANO,PLANO,2,6,SIN ROCAS,SI,14,9,SI,23,NO,GRANULAR,NO,NO,NO HAY,LA MANIANA Y LA TARDE,NO HAY,NO HAY,NO,SI,12,PLANTAS NORMALES,NO,NO,NO,SI,REGULAR,14,LENTO A MUY LENTO,NINGUNO,0,46,0,0,0,0,0,54,0,0,100,0,0,0,0,0,0,0,32.84,23.88,28.36,8.96,16278.39,0.25,266.6,0.2,84.38,32.65,23.32,27.99,9.33,23852.62,0.21,293.9,0.17,83.33,31.8,23.12,27.46,8.68,13330.5,0,40.8,0,82.9,5244.19
3936,Mecanizado,SI,ADV 9339 (Syngenta),Algodon,NO,Manual,NO,5,47,86,65000,5,0,0,0,0,0,0,1,1,0,0,0,2,0,0,0,92,0,0,0,0,0,0,0,0,0,2,1,PLANO O LLANO,PLANO,2,5.5,SIN ROCAS,NO,-1,-1,SI,27,NO,GRANULAR,NO,NO,NO HAY,LA MANIANA Y LA TARDE,NO HAY,NO HAY,NO,SI,17,PLANTAS NORMALES,NO,NO,SI,SI,REGULAR,27,LENTO A MUY LENTO,NINGUNO,0,36.67,0,0,0,0,0,63.33,0,0,100,0,0,0,0,0,0,0,32.91,23.84,28.38,9.06,16501.17,0.3,332.4,0.22,83.89,32.57,23.21,27.89,9.37,23862.81,0.16,174.8,0.12,83.35,31.72,23.37,27.55,8.35,16152.33,0,132.1,0.07,83.02,5339.53
3937,Mecanizado,SI,DK 234,Algodon,NO,Manual,NO,5,47,90,65000,6,0,0,0,0,0,0,1,1,0,0,0,1,0,0,0,92,0,0,0,0,0,0,0,0,0,2,2,PLANO O LLANO,PLANO,2,6,SIN ROCAS,SI,13,8,SI,31,NO,GRANULAR,NO,NO,NO HAY,LA MANIANA Y LA TARDE,NO HAY,NO HAY,NO,SI,27,PLANTAS NORMALES,NO,NO,NO,SI,REGULAR,27,LENTO A MUY LENTO,NINGUNO,0,48.33,51.67,0,0,0,0,0,0,0,100,0,0,0,0,0,0,0,32.85,23.73,28.29,9.13,16504.56,0.25,329.9,0.22,84.06,32.52,23.14,27.83,9.38,23873.69,0.16,175.6,0.12,83.21,31.77,23.52,27.64,8.25,17745.06,0,163.6,0.09,83.17,5434.88
3938,Mecanizado,SI,DK 234,Algodon,NO,Manual,NO,5,47,86,65000,7,1,0,0,0,0,0,1,1,0,0,0,1,0,0,0,61,0,0,15,0,0,15,0,0,0,2,1,PLANO O LLANO,PLANO,2,6,SIN ROCAS,NO,-1,-1,SI,12,NO,GRANULAR,NO,NO,NO HAY,LA MANIANA Y LA TARDE,NO HAY,NO HAY,NO,SI,27,PLANTAS NORMALES,NO,NO,SI,SI,REGULAR,27,LENTO A MUY LENTO,NINGUNO,0,15,0,0,0,0,85,0,0,0,100,0,0,0,0,0,0,0,32.91,23.84,28.38,9.06,16501.17,0.3,332.4,0.22,83.89,32.57,23.21,27.89,9.37,23862.81,0.16,174.8,0.12,83.35,31.72,23.37,27.55,8.35,16152.33,0,132.1,0.07,83.02,4958.14
3940,Mecanizado,SI,P3966 (Pioneer),Algodon,SI,Manual,SI,4,45,77,65000,4,0,0,0,0,0,0,1,1,0,0,0,2,0,0,0,80.5,0,0,0,0,0,0,0,0,0,2,1,PLANO O LLANO,PLANO,2,5.5,SIN ROCAS,NO,-1,-1,SI,24,NO,GRANULAR,NO,NO,NO HAY,LA MANIANA Y LA TARDE,POCO MARCADAS,NO HAY,NO,SI,17,PLANTAS NORMALES,NO,NO,SI,SI,REGULAR,24,LENTO A MUY LENTO,NINGUNO,0,0,0,0,0,0,61.67,38.33,0,0,100,0,0,0,0,0,0,0,32.76,23.64,28.2,9.12,16424.63,0.22,330.8,0.22,84.16,32.56,23.17,27.86,9.38,23957.29,0.16,174.9,0.12,83.15,31.79,23.37,27.58,8.41,11559.77,0,51.5,0.03,83,6122.09
3946,Mecanizado,SI,P3966 (Pioneer),Algodon,NO,Manual,NO,3,47,86,65000,6,0,0,0,0,0,0,1,1,0,0,0,2,0,0,0,92,0,0,0,0,0,0,0,0,0,2,1,PLANO O LLANO,PLANO,2,5.5,SIN ROCAS,NO,-1,-1,SI,12,NO,GRANULAR,NO,NO,NO HAY,LA MANIANA Y LA TARDE,NO HAY,NO HAY,NO,SI,14,PLANTAS NORMALES,NO,NO,SI,SI,REGULAR,14,LENTO A MUY LENTO,NINGUNO,0,0,0,0,16.67,0,83.33,0,0,0,100,0,0,0,0,0,0,0,32.76,23.64,28.2,9.12,16424.63,0.22,330.8,0.22,84.16,32.56,23.17,27.86,9.38,23957.29,0.16,174.9,0.12,83.15,31.7,23.4,27.55,8.3,15239.45,0,138.4,0.08,83.17,6310.47
4083,Mecanizado,SI,P3966 (Pioneer),Algodon,SI,Manual,NO,4,48,91,65000,13,0,0,0,0,0,0,1,1,0,0,0,1,0,0,0,61,0,0,15,0,0,15,0,0,0,2,1,PLANO O LLANO,PLANO,2,6,SIN ROCAS,NO,-1,-1,SI,20,NO,GRANULAR,NO,NO,NO HAY,LA MANIANA Y LA TARDE,NO HAY,NO HAY,NO,SI,19,PLANTAS NORMALES,NO,NO,SI,NO,REGULAR,20,LENTO A MUY LENTO,NINGUNO,0,68.33,0,0,0,0,0,31.67,0,0,100,0,0,0,0,0,0,0,33.3,24.29,28.8,9.01,15429.55,0.4,395.4,0.25,79.88,33.26,23.69,28.48,9.57,23213.61,0.26,245.1,0.16,78.74,32.23,22.63,27.43,9.6,18113.03,0.04,283.3,0.17,79.95,6102.33
4087,Mecanizado,SI,P3966 (Pioneer),Algodon,NO,Manual,NO,4,48,85,65000,8,0,0,0,0,0,0,1,1,0,0,0,1,0,0,0,92,0,0,0,0,0,0,0,0,0,2,1,PLANO O LLANO,PLANO,2,6,MUY ROCOSO,NO,-1,-1,SI,18,NO,GRANULAR,NO,NO,NO HAY,LA MANIANA Y LA TARDE,NO HAY,POCO MARCADAS,NO,SI,17,PLANTAS NORMALES,NO,NO,SI,SI,REGULAR,18,LENTO A MUY LENTO,NINGUNO,0,71.67,0,0,0,0,0,28.33,0,0,100,0,0,0,0,0,0,0,32.81,23.66,28.23,9.15,16512.35,0.22,348.3,0.25,83.79,32.34,23.03,27.68,9.31,23801.56,0.1,139,0.09,83.14,31.73,23.63,27.68,8.11,15396.96,0,154.8,0.1,83.28,6197.67
4089,Manual,SI,DK 234,Algodon,NO,Manual,NO,4,47,85,65000,5,0,0,0,0,0,0,0,1,0,0,0,1,0,0,0,92,0,0,0,0,0,0,0,0,0,2,1,PLANO O LLANO,PLANO,2,6,SIN ROCAS,NO,-1,-1,SI,29,NO,GRANULAR,NO,NO,NO HAY,LA MANIANA Y LA TARDE,POCO MARCADAS,NO HAY,NO,SI,18,PLANTAS NORMALES,NO,NO,SI,SI,REGULAR,29,LENTO A MUY LENTO,NINGUNO,0,46.67,0,0,0,0,0,53.33,0,0,100,0,0,0,0,0,0,0,32.76,23.64,28.2,9.12,16424.63,0.22,330.8,0.22,84.16,32.56,23.17,27.86,9.38,23957.29,0.16,174.9,0.12,83.15,31.7,23.4,27.55,8.3,15239.45,0,138.4,0.08,83.17,5180.23
4090,Mecanizado,SI,DK 234,Algodon,NO,Manual,NO,4,48,81,65000,6,0,0,0,0,0,0,0,1,0,0,0,1,0,0,0,92,0,0,0,0,0,0,0,0,0,2,1,PLANO O LLANO,PLANO,2,6,SIN ROCAS,NO,-1,-1,SI,13,NO,GRANULAR,NO,NO,NO HAY,LA MANIANA Y LA TARDE,NO HAY,NO HAY,NO,NO,-1,PLANTAS NORMALES,NO,NO,SI,SI,REGULAR,13,LENTO A MUY LENTO,NINGUNO,0,0,0,0,0,0,80,20,0,0,100,0,0,0,0,0,0,0,32.85,23.8,28.32,9.05,16403.48,0.28,315.5,0.2,84.08,32.66,23.29,27.98,9.37,23934.27,0.17,212.6,0.16,83.28,31.73,23.21,27.47,8.52,14454.38,0,58.3,0.03,82.94,5720.93
651,Mecanizado,NO,DK 234,Algodon,NO,Manual,NO,5,44,73,60000,8,1,0,0,0,0,0,2,1,0,0,0,0,0,0,0,138,0,0,0,0,0,0,0,0,0,3,2,PLANO O LLANO,PLANO,2,5,SIN ROCAS,NO,-1,-1,SI,50,SI,MASIVA,NO,NO,NO HAY,LA MANIANA Y LA TARDE,NO HAY,NO HAY,NO,SI,45,PLANTAS NORMALES,NO,NO,SI,NO,ESPACIADO,45,LENTO A MUY LENTO,NINGUNO,0,41.43,0,0,58.57,0,0,0,0,0,0,0,0,58.57,41.43,0,0,0,31.88,24.52,28.2,7.36,14549.47,0.08,196.7,0.15,80.7,33.52,24.45,28.98,9.07,22519.3,0.38,313.7,0.12,78.29,32.86,23.69,28.27,9.17,9832.51,0.24,123.4,0.16,79.64,3296.51
1881,Manual,NO,DK 234,Algodon,NO,Manual,NO,5,50,73,60000,4,0,0,0,0,0,0,0,2,0,0,0,0,0,0,0,92,0,0,0,0,0,0,0,0,0,2,2,PLANO O LLANO,PLANO,2,5.5,SIN ROCAS,NO,-1,-1,SI,27,NO,GRANULAR,NO,NO,NO HAY,LA MANIANA Y LA TARDE,NO HAY,NO HAY,NO,SI,35,MUY AFECTADAS,NO,NO,SI,NO,REGULAR,35,LENTO A MUY LENTO,NINGUNO,0,0,0,0,45,55,0,0,0,0,45,55,0,0,0,0,0,0,33.69,23.81,28.75,9.88,14672.54,0.35,227.5,0.2,80.82,33.42,23.76,28.59,9.67,23841.37,0.34,367.2,0.19,85.83,32.45,24.07,28.26,8.38,11688.34,0.03,176.7,0.19,85.27,2418.6
1887,Manual,NO,DK 1596,Algodon,NO,Manual,NO,3,46,79,60000,6,0,0,0,0,0,0,0,1,0,0,0,3,0,0,0,46,0,0,0,0,0,0,0,0,0,2,1,PLANO O LLANO,PLANO,2,5.5,SIN ROCAS,NO,-1,-1,SI,29,NO,GRANULAR,NO,NO,NO HAY,LA MANIANA Y LA TARDE,NO HAY,NO HAY,NO,SI,40,POCO AFECTADAS,SI,NO,SI,NO,MUY BUENO,40,LENTO A MUY LENTO,NINGUNO,0,0,0,43.33,56.67,0,0,0,0,0,100,0,0,0,0,0,0,0,33.9,23.81,28.86,10.09,15001.74,0.4,182.9,0.18,80.72,33.25,23.74,28.5,9.51,23440.79,0.31,389.2,0.21,86.02,32.37,24.08,28.22,8.29,11722.72,0.03,154.7,0.16,85.57,2604.65
1889,Mecanizado,NO,DK 234,Algodon,NO,Manual,NO,4,50,76,60000,6,0,0,0,0,0,0,0,1,0,0,0,0,0,0,0,46,0,0,0,0,0,0,0,0,0,1,1,PLANO O LLANO,PLANO,2,6.5,SIN ROCAS,NO,-1,-1,SI,26,NO,ATERRONADA,NO,NO,NO HAY,LA MANIANA Y LA TARDE,NO HAY,NO HAY,NO,SI,35,POCO AFECTADAS,SI,NO,SI,NO,REGULAR,35,LENTO A MUY LENTO,NINGUNO,0,0,0,0,0,0,60,40,0,0,100,0,0,0,0,0,0,0,34.38,23.86,29.12,10.52,15896.17,0.5,135.3,0.12,80.15,32.87,23.79,28.33,9.09,22756.15,0.22,398.4,0.21,86.57,32.44,24.26,28.35,8.18,12720.79,0.03,207.5,0.24,86.4,1811.63
1891,Mecanizado,NO,DK 234,Algodon,SI,Manual,NO,3,46,81,62000,7,0,0,0,0,0,0,0,1,0,0,0,1,0,0,0,46,0,0,0,0,0,0,0,0,0,1,1,PLANO O LLANO,PLANO,2,6,SIN ROCAS,NO,-1,-1,SI,38,NO,GRANULAR,NO,NO,NO HAY,LA MANIANA Y LA TARDE,NO HAY,NO HAY,NO,SI,31,POCO AFECTADAS,NO,NO,SI,NO,REGULAR,38,LENTO A MUY LENTO,NINGUNO,0,0,0,0,0,0,41.67,58.33,0,0,100,0,0,0,0,0,0,0,33.99,23.82,28.9,10.17,15018.07,0.42,182.9,0.18,80.72,33.16,23.74,28.45,9.42,23451.77,0.29,389.2,0.21,86.12,32.48,24.27,28.38,8.22,12825.37,0.03,170.7,0.18,85.99,2232.56
1899,Mecanizado,NO,DK 234,Algodon,NO,Manual,NO,4,46,81,60000,10,0,0,0,0,0,0,0,1,0,0,0,1,0,0,0,71,0,0,4,0,0,24,0,0,0,2,1,PLANO O LLANO,PLANO,2,7,SIN ROCAS,NO,-1,-1,SI,24,NO,GRANULAR,NO,NO,NO HAY,LA MANIANA Y LA TARDE,NO HAY,NO HAY,NO,SI,40,PLANTAS NORMALES,NO,NO,SI,NO,MUY BUENO,40,LENTO A MUY LENTO,NINGUNO,0,0,0,0,0,0,63.33,36.67,0,0,63.33,36.67,0,0,0,0,0,0,34.28,24.89,29.59,9.39,15925.34,0.5,98.2,0.05,78.17,33.74,24.32,29.03,9.42,22363.23,0.43,306.6,0.19,80.89,33.35,24.56,28.96,8.78,12837.2,0.38,85.7,0.09,82.41,2976.74
1934,Manual,SI,PAC 105,Algodon,NO,Manual,NO,4,47,84,55000,4,0,0,0,0,0,0,0,1,0,0,0,3,0,0,0,92,0,0,0,0,0,0,0,0,0,2,1,PLANO O LLANO,PLANO,2,5.5,SIN ROCAS,SI,12,13,SI,35,NO,GRANULAR,NO,NO,NO HAY,LA MANIANA Y LA TARDE,NO HAY,NO HAY,NO,SI,38,MUY AFECTADAS,NO,NO,NO,NO,MUY BUENO,38,LENTO A MUY LENTO,NINGUNO,0,0,0,0,0,0,48.33,51.67,0,0,0,100,0,0,0,0,0,0,33.9,23.81,28.86,10.09,15001.74,0.4,182.9,0.18,80.72,33.25,23.74,28.5,9.51,23440.79,0.31,389.2,0.21,86.02,32.41,24.29,28.35,8.11,14561.82,0.03,216.7,0.21,86.18,1674.42
1940,Mecanizado,NO,DK 234,Algodon,NO,Manual,NO,4,26,101,60000,6,0,0,0,0,0,0,0,1,0,0,0,1,0,0,0,46,0,0,0,0,0,0,0,0,0,1,2,PLANO O LLANO,PLANO,2,5,SIN ROCAS,SI,5,55,SI,20,NO,ATERRONADA,NO,NO,NO HAY,LA MANIANA Y LA TARDE,NO HAY,NO HAY,NO,SI,10,MUY AFECTADAS,NO,NO,NO,SI,BUENO,10,LENTO A MUY LENTO,NINGUNO,0,30,0,0,0,0,0,70,0,0,0,70,30,0,0,0,0,0,34.28,23.9,29.09,10.39,15633.48,0.48,160.3,0.15,80.48,32.99,23.73,28.36,9.25,22941.95,0.26,389.2,0.21,86.37,32.46,24.29,28.38,8.18,13298.07,0.03,216.7,0.24,86.26,2511.63
1968,Mecanizado,NO,Otro,Algodon,NO,Manual,NO,6,45,81,60000,7,0,1,0,0,0,0,0,1,0,0,0,2,0,0,0,92,0,0,0,0,0,30,0,0,0,3,2,PLANO O LLANO,PLANO,2,6,SIN ROCAS,NO,-1,-1,SI,23,NO,ATERRONADA,NO,NO,NO HAY,LA MANIANA Y LA TARDE,NO HAY,NO HAY,NO,SI,27,PLANTAS NORMALES,NO,NO,SI,SI,REGULAR,27,LENTO A MUY LENTO,NINGUNO,0,0,0,0,0,0,65,35,0,0,0,100,0,0,0,0,0,0,33.67,24.65,29.16,9.02,15545.39,0.4,118.3,0.08,79.49,34.09,24.45,29.27,9.64,22560.23,0.5,282.7,0.17,80.06,33.33,24.55,28.94,8.78,13079.6,0.37,88.4,0.09,82.46,3861.63
1983,Mecanizado,NO,PIONEER 30F35,Algodon,SI,Manual,NO,10,40,62,45000,6,0,0,0,0,0,0,1,0,0,0,0,2,0,0,0,78,0,0,23,0,0,60,0,0,0,3,1.5,PLANO O LLANO,PLANO,3,4.5,SIN ROCAS,SI,1,15,SI,21,SI,ATERRONADA,NO,NO,POCO MARCADAS,LA MANIANA Y LA TARDE,NO HAY,NO HAY,NO,SI,10,MUY AFECTADAS,NO,NO,NO,SI,REGULAR,10,LENTO A MUY LENTO,NINGUNO,0,0,0,0,33.33,66.67,0,0,0,0,0,0,0,35,0,0,31.67,33.33,34.8,25.07,29.93,9.73,15671.54,0.6,61.1,0.05,77.39,33.48,24.24,28.86,9.24,22079.72,0.36,319,0.21,81.65,33.87,24.7,29.28,9.17,5681.8,0.53,17.1,0,81.07,1931.86
2025,Mecanizado,NO,DK 234 YGRR,Algodon,NO,Manual,NO,5,52,75,55000,15,1,0,0,0,0,0,0,1,0,0,0,2,0,0,0,138,0,0,0,0,0,0,0,0,0,3,1,PLANO O LLANO,PLANO,2,6,SIN ROCAS,NO,-1,-1,SI,26,NO,GRANULAR,NO,NO,NO HAY,LA MANIANA Y LA TARDE,NO HAY,NO HAY,NO,SI,23,POCO AFECTADAS,NO,NO,SI,NO,REGULAR,26,LENTO A MUY LENTO,NINGUNO,0,38.33,0,0,0,0,0,61.67,0,0,0,100,0,0,0,0,0,0,33.9,24.73,29.31,9.17,15001.74,0.4,182.9,0.18,80.72,33.25,24.42,28.84,8.83,23440.79,0.31,389.2,0.21,86.02,32.46,24.58,28.52,7.89,13482.06,0.03,203.7,0.2,86.08,2919.77
2027,Mecanizado,NO,DK 234 YGRR,Algodon,NO,Manual,NO,3,47,81,55000,6,0,0,0,0,0,0,0,1,0,0,0,0,0,0,0,46,0,0,0,0,0,0,0,0,0,1,1,PLANO O LLANO,PLANO,2,5.5,SIN ROCAS,NO,-1,-1,SI,8,NO,GRANULAR,NO,NO,NO HAY,LA MANIANA Y LA TARDE,NO HAY,NO HAY,NO,SI,39,MUY AFECTADAS,NO,NO,SI,NO,ESPACIADO,39,LENTO A MUY LENTO,NINGUNO,0,0,0,0,0,0,0,16.67,83.33,0,100,0,0,0,0,0,0,0,34.51,23.84,29.18,10.67,16208.79,0.52,99.3,0.1,80.08,32.8,23.77,28.29,9.03,22566.14,0.21,403.5,0.21,86.62,32.47,24.43,28.45,8.04,13424.69,0.03,202.4,0.24,86.5,2790.7
2032,Mecanizado,SI,P3966 (Pioneer),Algodon,SI,Manual,NO,3,45,79,60000,12,0,0,0,0,0,0,0,1,0,0,0,3,0,0,0,92,0,0,0,0,0,0,0,0,0,2,1,PLANO O LLANO,PLANO,2,6,SIN ROCAS,NO,-1,-1,SI,22,NO,GRANULAR,NO,NO,NO HAY,LA MANIANA Y LA TARDE,NO HAY,NO HAY,NO,SI,20,PLANTAS NORMALES,NO,NO,SI,NO,REGULAR,22,LENTO A MUY LENTO,NINGUNO,0,38.33,0,0,0,0,0,61.67,0,0,0,100,0,0,0,0,0,0,34.28,24.89,29.59,9.39,15925.34,0.5,98.2,0.05,78.17,33.74,24.32,29.03,9.42,22363.23,0.43,306.6,0.19,80.89,33.41,24.63,29.02,8.79,11203.14,0.4,64.5,0.07,82.53,4651.16
2036,Mecanizado,NO,DK 234 YGRR,Algodon,NO,Manual,NO,5,46,104,55000,4,0,0,0,0,0,0,0,2,0,0,0,0,0,0,0,46,0,0,0,0,0,0,0,0,0,1,1,PLANO O LLANO,PLANO,2,5.5,SIN ROCAS,NO,-1,-1,SI,16,NO,ATERRONADA,NO,NO,NO HAY,LA MANIANA Y LA TARDE,NO HAY,NO HAY,NO,SI,42,MUY AFECTADAS,NO,NO,SI,NO,ESPACIADO,42,LENTO A MUY LENTO,NINGUNO,0,0,0,0,23.33,0,0,0,76.67,0,76.67,23.33,0,0,0,0,0,0,34.59,23.88,29.24,10.71,16391.73,0.55,99.3,0.1,79.98,32.77,23.75,28.26,9.02,22569.11,0.19,403.5,0.21,86.72,32.25,24.65,28.45,7.6,21991.62,0.03,321.6,0.21,87.83,2883.72
2040,Mecanizado,SI,DK 234 YGRR,Algodon,SI,Manual,NO,4,46,91,60000,5,0,0,0,0,0,0,0,1,0,0,0,2,0,0,0,92,0,0,0,0,0,0,0,0,0,2,2,PLANO O LLANO,PLANO,2,5.5,SIN ROCAS,NO,-1,-1,SI,25,NO,GRANULAR,NO,NO,NO HAY,LA MANIANA Y LA TARDE,NO HAY,NO HAY,NO,SI,40,PLANTAS NORMALES,NO,NO,SI,NO,REGULAR,40,LENTO A MUY LENTO,NINGUNO,0,0,0,0,38.33,0,0,0,61.67,0,100,0,0,0,0,0,0,0,33.49,23.8,28.65,9.7,14490.63,0.32,227.5,0.2,81.1,33.52,23.81,28.67,9.71,23999.98,0.36,351.2,0.17,85.65,32.45,24.31,28.38,8.13,17024.9,0.02,254.7,0.23,86,3579.07
2041,Mecanizado,NO,DK 234 YGRR,Algodon,NO,Manual,NO,4,44,85,55000,8,0,0,0,0,0,0,0,2,0,0,0,0,0,0,0,92,0,0,0,0,0,0,0,0,0,2,1,PLANO O LLANO,PLANO,2,6,SIN ROCAS,NO,-1,-1,SI,10,NO,ATERRONADA,NO,NO,NO HAY,LA MANIANA Y LA TARDE,NO HAY,NO HAY,NO,SI,26,MUY AFECTADAS,NO,NO,SI,NO,ESPACIADO,26,LENTO A MUY LENTO,NINGUNO,0,41.67,0,0,0,0,58.33,0,0,0,100,0,0,0,0,0,0,0,33.69,23.81,28.75,9.88,14672.54,0.35,227.5,0.2,80.82,33.42,23.76,28.59,9.67,23841.37,0.34,367.2,0.19,85.83,32.43,24.18,28.31,8.25,13723.58,0.03,192.7,0.19,85.77,2383.72
2046,Mecanizado,SI,DK 234 YGRR,Algodon,NO,Manual,NO,4,47,81,55000,5,0,0,0,0,0,0,0,2,0,0,0,1,0,0,0,46,0,0,0,0,0,0,0,0,0,1,1,PLANO O LLANO,PLANO,2,5.5,SIN ROCAS,NO,-1,-1,SI,20,NO,GRANULAR,NO,NO,NO HAY,LA MANIANA Y LA TARDE,NO HAY,NO HAY,NO,SI,31,POCO AFECTADAS,NO,NO,SI,NO,ESPACIADO,31,LENTO A MUY LENTO,NINGUNO,0,0,0,0,0,0,0,30,70,0,100,0,0,0,0,0,0,0,34.51,23.84,29.18,10.67,16208.79,0.52,99.3,0.1,80.08,32.8,23.77,28.29,9.03,22566.14,0.21,403.5,0.21,86.62,32.5,24.49,28.49,8.01,13893.51,0.03,202.4,0.23,86.57,1883.72
2050,Manual,NO,P4082 (Pioneer),Algodon,NO,Manual,NO,3,49,81,55000,10,0,0,0,0,0,0,0,1,0,0,0,2,0,0,0,46,0,0,0,0,0,0,0,0,0,1,2,PLANO O LLANO,PLANO,2,6,SIN ROCAS,SI,15,12,SI,24,NO,GRANULAR,NO,NO,NO HAY,LA MANIANA Y LA TARDE,NO HAY,NO HAY,NO,SI,27,POCO AFECTADAS,NO,NO,SI,NO,BUENO,27,LENTO A MUY LENTO,NINGUNO,0,33.33,0,0,0,0,0,0,66.67,0,0,100,0,0,0,0,0,0,34.83,25.02,29.92,9.81,15882,0.6,62,0.05,77.14,33.5,24.29,28.9,9.2,21864.16,0.36,320.7,0.21,81.9,33.4,24.53,28.96,8.87,13522.13,0.44,153.1,0.08,81.89,2955.81
2052,Mecanizado,NO,DK 234 YGRR,Algodon,NO,Manual,NO,4,47,84,60000,7,0,0,0,0,0,0,0,1,0,0,0,0,0,0,0,92,0,0,0,0,0,0,0,0,0,2,1,PLANO O LLANO,PLANO,2,5.5,SIN ROCAS,NO,-1,-1,SI,12,NO,GRANULAR,NO,NO,NO HAY,LA MANIANA Y LA TARDE,POCO MARCADAS,NO HAY,NO,SI,36,MUY AFECTADAS,NO,NO,SI,NO,ESPACIADO,36,LENTO A MUY LENTO,NINGUNO,0,35,0,0,0,0,0,0,65,0,100,0,0,0,0,0,0,0,33.36,23.79,28.57,9.57,14347.75,0.3,234.7,0.2,81.3,33.62,23.8,28.71,9.83,24224.37,0.38,333.7,0.16,85.48,32.43,24.11,28.27,8.32,14415.89,0.03,226.2,0.24,85.69,3051.16
2200,Mecanizado,NO,DK 234 YGRR,Algodon,NO,Manual,NO,4,48,82,55000,10,0,0,0,0,0,0,0,1,0,0,0,1,0,0,0,92,0,0,0,0,0,0,0,0,0,2,2,PLANO O LLANO,PLANO,2,6,SIN ROCAS,NO,-1,-1,SI,25,NO,GRANULAR,NO,NO,NO HAY,LA MANIANA Y LA TARDE,NO HAY,NO HAY,NO,SI,23,MUY AFECTADAS,NO,NO,SI,NO,REGULAR,25,LENTO A MUY LENTO,NINGUNO,0,36.67,0,0,0,0,63.33,0,0,0,100,0,0,0,0,0,0,0,34.28,24.89,29.59,9.39,15925.34,0.5,98.2,0.05,78.17,33.74,24.32,29.03,9.42,22363.23,0.43,306.6,0.19,80.89,33.45,24.58,29.02,8.88,14023.91,0.43,85.7,0.08,82.03,3813.95
2201,Mecanizado,NO,DK 234 YGRR,Algodon,NO,Manual,NO,3,50,78,55000,9,0,0,0,0,0,0,0,1,0,0,0,0,0,0,0,92,0,0,0,0,0,0,0,0,0,2,1,PLANO O LLANO,PLANO,2,5.5,SIN ROCAS,SI,19,10,SI,25,NO,GRANULAR,NO,NO,NO HAY,LA MANIANA Y LA TARDE,NO HAY,NO HAY,NO,SI,20,PLANTAS NORMALES,NO,NO,SI,NO,REGULAR,20,LENTO A MUY LENTO,NINGUNO,0,46.67,0,0,0,0,0,53.33,0,0,100,0,0,0,0,0,0,0,33.89,24.79,29.34,9.1,15447.88,0.45,118.3,0.08,79.07,33.92,24.34,29.13,9.57,22537.01,0.47,306.6,0.19,80.34,33.44,24.65,29.05,8.79,12800.76,0.41,85.7,0.09,82.62,4238.37
2202,Manual,NO,DK 234 YGRR,Algodon,NO,Manual,NO,4,40,94,60000,9,0,0,0,0,0,0,0,1,0,0,0,2,0,0,0,46,0,0,0,0,0,0,0,0,0,1,1,PLANO O LLANO,PLANO,2,6,SIN ROCAS,SI,12,10,SI,22,NO,GRANULAR,NO,NO,NO HAY,LA MANIANA Y LA TARDE,NO HAY,NO HAY,NO,SI,23,POCO AFECTADAS,NO,NO,NO,NO,REGULAR,23,LENTO A MUY LENTO,NINGUNO,0,31.67,0,0,0,0,0,68.33,0,0,100,0,0,0,0,0,0,0,33.83,24.73,29.28,9.1,15505.82,0.42,118.3,0.08,79.27,33.99,24.42,29.2,9.57,22471.86,0.48,306.2,0.19,80.25,33.42,24.51,28.97,8.91,15612.41,0.41,86.1,0.07,81.98,3377.91
2203,Mecanizado,NO,DK 234 YGRR,Algodon,SI,Manual,NO,4,46,83,60000,10,0,0,0,0,0,0,0,1,0,0,0,1,0,0,0,46,0,0,0,0,0,0,0,0,0,1,3,PLANO O LLANO,PLANO,2,5.5,SIN ROCAS,NO,-1,-1,SI,20,NO,GRANULAR,NO,NO,NO HAY,LA MANIANA Y LA TARDE,NO HAY,NO HAY,NO,SI,26,PLANTAS NORMALES,NO,NO,SI,NO,REGULAR,26,LENTO A MUY LENTO,LENTO,0,28.33,0,0,0,0,0,71.67,0,0,100,0,0,0,0,0,0,0,34.37,24.89,29.63,9.48,15771.34,0.52,98.2,0.05,77.97,33.68,24.32,29,9.36,22303.83,0.41,317.6,0.21,81.01,33.44,24.54,28.99,8.9,13684.54,0.44,74.7,0.06,82.08,4576.74
2204,Mecanizado,NO,DK 234 YGRR,Algodon,NO,Manual,NO,4,47,82,55000,6,0,0,0,0,0,0,0,1,0,0,0,2,0,0,0,92,0,0,0,0,0,0,0,0,0,2,2,PLANO O LLANO,PLANO,2,6,SIN ROCAS,NO,-1,-1,SI,23,NO,GRANULAR,NO,NO,NO HAY,LA MANIANA Y LA TARDE,NO HAY,NO HAY,NO,SI,32,POCO AFECTADAS,NO,NO,SI,NO,ESPACIADO,32,LENTO A MUY LENTO,NINGUNO,0,36.67,0,0,0,0,0,0,63.33,0,100,0,0,0,0,0,0,0,33.83,24.73,29.28,9.1,15505.82,0.42,118.3,0.08,79.27,33.99,24.42,29.2,9.57,22471.86,0.48,306.2,0.19,80.25,33.42,24.54,28.98,8.88,13699.29,0.39,86.1,0.08,82.36,4238.37
2207,Mecanizado,NO,Otro,Algodon,NO,Manual,NO,0,48,85,55000,9,1,0,0,0,0,0,0,1,0,0,0,2,0,0,0,92,0,0,0,0,0,30,0,0,0,3,1,PLANO O LLANO,PLANO,2,6,SIN ROCAS,NO,-1,-1,SI,22,NO,GRANULAR,NO,NO,NO HAY,LA MANIANA Y LA TARDE,NO HAY,NO HAY,NO,SI,24,PLANTAS NORMALES,NO,NO,SI,NO,REGULAR,24,LENTO A MUY LENTO,NINGUNO,0,31.67,0,0,0,0,0,68.33,0,0,100,0,0,0,0,0,0,0,34.37,24.89,29.63,9.48,15771.34,0.52,98.2,0.05,77.97,33.68,24.32,29,9.36,22303.83,0.41,317.6,0.21,81.01,33.44,24.54,28.99,8.9,13684.54,0.44,74.7,0.06,82.08,5488.37
2213,Manual,NO,Otro,Algodon,NO,Manual,NO,4,46,81,55000,8,0,0,0,0,0,0,1,0,0,0,0,1,0,0,0,115,0,0,0,0,0,0,0,0,0,2,1,PLANO O LLANO,PLANO,2,6.5,SIN ROCAS,NO,-1,-1,SI,20,NO,GRANULAR,NO,NO,NO HAY,LA MANIANA Y LA TARDE,NO HAY,NO HAY,NO,SI,26,POCO AFECTADAS,NO,NO,SI,NO,REGULAR,26,LENTO A MUY LENTO,NINGUNO,0,0,0,0,0,0,68.33,31.67,0,0,100,0,0,0,0,0,0,0,33.83,24.73,29.28,9.1,15505.82,0.42,118.3,0.08,79.27,33.99,24.42,29.2,9.57,22471.86,0.48,306.2,0.19,80.25,33.38,24.54,28.96,8.84,12791.64,0.38,64.9,0.06,82.41,4767.44
2215,Manual,NO,PAC 105,Algodon,NO,Manual,NO,5,44,84,55000,6,0,0,0,0,0,0,1,0,0,0,0,1,0,0,0,46,0,0,0,0,0,0,0,0,0,1,2,PLANO O LLANO,PLANO,2,6,SIN ROCAS,NO,-1,-1,SI,18,NO,GRANULAR,NO,NO,NO HAY,LA MANIANA Y LA TARDE,NO HAY,NO HAY,NO,SI,27,POCO AFECTADAS,NO,NO,SI,NO,BUENO,27,LENTO A MUY LENTO,NINGUNO,0,21.67,0,0,0,0,78.33,0,0,0,100,0,0,0,0,0,0,0,33.56,24.56,29.06,9,15314.59,0.38,145.1,0.1,79.89,34.19,24.47,29.33,9.72,22685.08,0.52,282.9,0.17,79.87,33.29,24.57,28.93,8.72,13408.23,0.36,88.4,0.08,82.42,2002.33
2280,Mecanizado,NO,DK 234 YGRR,Algodon,NO,Manual,NO,4,46,79,55000,4,0,0,0,0,0,0,0,2,0,0,0,1,0,0,0,46,0,0,0,0,0,0,0,0,0,1,1,PLANO O LLANO,PLANO,2,6,SIN ROCAS,NO,-1,-1,SI,32,NO,GRANULAR,NO,SI,NO HAY,LA MANIANA Y LA TARDE,NO HAY,NO HAY,NO,SI,26,POCO AFECTADAS,NO,NO,SI,NO,ESPACIADO,32,LENTO A MUY LENTO,NINGUNO,0,50,0,0,0,0,0,0,50,0,100,0,0,0,0,0,0,0,34.31,23.87,29.09,10.45,15670.01,0.5,160.3,0.15,80.43,32.96,23.76,28.36,9.19,22911.46,0.24,389.2,0.21,86.41,32.51,24.25,28.38,8.25,12494.87,0.03,203.7,0.22,86.32,2260.47
2282,Mecanizado,SI,DK 234 YGRR,Algodon,SI,Manual,SI,4,47,82,55000,14,0,0,0,0,0,0,1,0,0,0,0,2,0,0,0,46,0,0,0,0,0,0,0,0,0,1,1,PLANO O LLANO,PLANO,2,6,SIN ROCAS,NO,-1,-1,SI,22,NO,GRANULAR,NO,SI,NO HAY,LA MANIANA Y LA TARDE,NO HAY,POCO MARCADAS,NO,SI,19,POCO AFECTADAS,NO,NO,SI,NO,REGULAR,22,LENTO A MUY LENTO,NINGUNO,0,31.67,0,0,0,0,0,68.33,0,0,100,0,0,0,0,0,0,0,33.56,24.56,29.06,9,15314.59,0.38,145.1,0.1,79.89,34.19,24.47,29.33,9.72,22685.08,0.52,282.9,0.17,79.87,33.29,24.57,28.93,8.72,13408.23,0.36,88.4,0.08,82.42,3337.21
2322,Mecanizado,SI,DK 234 YGRR,Algodon,NO,Manual,NO,5,46,87,60000,5,0,0,0,0,0,0,0,1,0,0,0,0,0,0,0,46,0,0,0,0,0,0,0,0,0,1,1,PLANO O LLANO,PLANO,2,5.5,SIN ROCAS,NO,-1,-1,SI,27,NO,GRANULAR,NO,NO,NO HAY,LA MANIANA Y LA TARDE,NO HAY,NO HAY,NO,SI,27,POCO AFECTADAS,NO,NO,SI,NO,REGULAR,27,LENTO A MUY LENTO,NINGUNO,0,36.67,0,0,0,0,0,63.33,0,0,63.33,36.67,0,0,0,0,0,0,34.59,25.05,29.82,9.55,16391.73,0.55,99.3,0.1,79.98,32.77,24.21,28.49,8.56,22569.11,0.19,403.5,0.21,86.72,32.37,24.55,28.46,7.82,15802.59,0.05,258.4,0.24,87.22,3767.44
2383,Mecanizado,NO,P4082 (Pioneer),Algodon,SI,Manual,NO,5,48,61,71000,16,1,0,0,0,0,0,0,0,0,0,0,2,0,0,0,56.25,0,0,10,0,0,52.5,0,0,0,2,2.3,PLANO O LLANO,PLANO CON ONDULACIONES,2,5.5,SIN ROCAS,NO,-1,-1,SI,21,SI,ATERRONADA,NO,NO,NO HAY,LA MANIANA Y LA TARDE,NO HAY,NO HAY,NO,SI,15,NO HAY CULTIVO,NO,NO,SI,SI,REGULAR,21,LENTO A MUY LENTO,NINGUNO,0,35,0,0,0,0,0,65,0,0,0,0,0,0,0,0,100,0,33.67,24.65,29.16,9.02,15545.39,0.4,118.3,0.08,79.49,34.09,24.45,29.27,9.64,22560.23,0.5,282.7,0.17,80.06,33.16,24.58,28.87,8.59,6235.8,0.18,66.9,0.18,82.71,3970.33
2895,Manual,NO,PIONEER 30F35 HRR,Maiz,NO,Manual,NO,4,46,82,62000,8,0,0,0,0,0,0,1,1,0,0,0,2,0,0,0,115,0,0,0,0,0,0,0,0,0,2,2,PLANO O LLANO,PLANO,2,6,SIN ROCAS,NO,-1,-1,SI,32,NO,GRANULAR,NO,NO,NO HAY,LA MANIANA Y LA TARDE,NO HAY,NO HAY,NO,SI,15,PLANTAS NORMALES,NO,NO,SI,NO,ESPACIADO,32,LENTO A MUY LENTO,NINGUNO,0,51.67,0,0,0,0,0,48.33,0,0,100,0,0,0,0,0,0,0,32.07,25,28.54,7.07,14708.62,0.02,205.6,0.2,89.14,32.82,25.09,28.96,7.74,20785.7,0.14,114.5,0.09,86.13,32.92,24.8,28.86,8.11,14095.47,0.11,100,0.03,81.99,4343.02
2896,Manual,NO,ADV 9293 (Syngenta),Maiz,NO,Manual,NO,4,47,84,60000,6,0,0,0,0,0,0,1,1,0,0,0,1,2,0,0,92,0,0,0,0,0,0,0,0,0,2,1,PLANO O LLANO,PLANO,2,6,SIN ROCAS,NO,-1,-1,SI,24,NO,GRANULAR,NO,NO,POCO MARCADAS,LA MANIANA Y LA TARDE,NO HAY,NO HAY,NO,SI,13,PLANTAS NORMALES,NO,NO,SI,NO,BUENO,24,LENTO A MUY LENTO,NINGUNO,0,38.33,0,0,0,0,61.67,0,0,0,61.67,38.33,0,0,0,0,0,0,32.91,24.23,28.57,8.69,14606.62,0.25,250.8,0.15,82.42,33.29,24.38,28.83,8.91,22132.6,0.41,156.6,0.09,81.05,34.7,23.83,29.26,10.87,16932.2,0.79,2.2,0,73.71,3088.37
2898,Manual,NO,DK 234 YGRR,Maiz,NO,Manual,NO,5,48,80,60000,8,0,0,0,0,0,0,1,1,0,0,0,2,0,0,0,92,0,0,0,0,0,0,0,0,0,2,2,PLANO O LLANO,PLANO,2,6,SIN ROCAS,NO,-1,-1,SI,19,NO,GRANULAR,NO,NO,NO HAY,LA MANIANA Y LA TARDE,POCO MARCADAS,NO HAY,NO,SI,16,PLANTAS NORMALES,NO,NO,SI,NO,REGULAR,19,LENTO A MUY LENTO,NINGUNO,0,30,0,0,0,0,70,0,0,0,100,0,0,0,0,0,0,0,31.8,24.73,28.26,7.07,13512.05,0,161,0.15,89,33.25,25.19,29.22,8.07,22336.62,0.19,163.8,0.07,83.97,32.55,24.91,28.73,7.64,13749.66,0.14,15.1,0.03,82.44,2991.86
2900,Manual,NO,PIONEER 30F35 HRR,Maiz,NO,Manual,NO,4,47,80,62000,9,0,0,0,0,0,0,1,1,0,0,0,2,0,0,0,92,0,0,0,0,0,0,0,0,0,2,1,PLANO O LLANO,PLANO,2,6,SIN ROCAS,NO,-1,-1,SI,36,NO,GRANULAR,NO,NO,NO HAY,LA MANIANA Y LA TARDE,NO HAY,NO HAY,NO,SI,16,PLANTAS NORMALES,NO,NO,SI,NO,REGULAR,36,LENTO A MUY LENTO,NINGUNO,0,40,0,0,0,0,0,60,0,0,100,0,0,0,0,0,0,0,31.96,24.83,28.39,7.13,14508.87,0.02,161,0.15,88.83,33.23,25.19,29.21,8.04,21912.39,0.19,63.8,0.05,84.49,32.3,24.94,28.62,7.36,12648.79,0.03,115.1,0.06,82.26,4862.79
2902,Manual,NO,DK 234 YGRR,Maiz,NO,Manual,NO,4,46,81,60000,5,0,0,0,0,0,0,1,1,0,0,0,2,0,0,0,92,0,0,0,0,0,0,0,0,0,2,1,PLANO O LLANO,PLANO,2,6,SIN ROCAS,NO,-1,-1,SI,24,NO,GRANULAR,NO,NO,NO HAY,LA MANIANA Y LA TARDE,POCO MARCADAS,NO HAY,NO,SI,20,PLANTAS NORMALES,NO,NO,SI,NO,ESPACIADO,24,LENTO A MUY LENTO,NINGUNO,0,38.33,0,0,0,0,61.67,0,0,0,61.67,38.33,0,0,0,0,0,0,31.95,24.79,28.37,7.17,13316.27,0.02,106.8,0.1,88.6,33.28,25.1,29.19,8.19,23085.61,0.17,163.8,0.07,83.61,32.55,24.91,28.73,7.64,12923.25,0.18,15.1,0.03,82.26,4825.58
2904,Manual,NO,DK7088,Maiz,NO,Manual,NO,4,49,85,60000,6,0,0,0,0,0,0,1,1,0,0,0,2,0,0,0,92,0,0,0,0,0,0,0,0,0,2,1,PLANO O LLANO,PLANO,2,6,SIN ROCAS,NO,-1,-1,SI,24,NO,GRANULAR,NO,NO,NO HAY,LA MANIANA Y LA TARDE,NO HAY,NO HAY,NO,SI,16,PLANTAS NORMALES,NO,NO,SI,NO,REGULAR,24,LENTO A MUY LENTO,NINGUNO,0,38.33,0,0,0,0,61.67,0,0,0,61.67,38.33,0,0,0,0,0,0,31.89,24.77,28.33,7.12,14057.88,0.02,161,0.15,89.03,33.23,25.23,29.23,8.01,21941.39,0.19,163.8,0.07,84.16,32.59,24.84,28.72,7.75,15798.9,0.15,15.1,0.02,82.34,4825.58
2914,Manual,NO,PIONEER 30F35 HRR,Maiz,NO,Manual,NO,4,49,78,62000,9,0,0,0,0,0,0,1,1,0,0,0,1,0,0,0,61,0,0,15,0,0,15,0,0,0,2,2,PLANO O LLANO,PLANO,2,6,SIN ROCAS,NO,-1,-1,SI,24,NO,GRANULAR,NO,NO,POCO MARCADAS,LA MANIANA Y LA TARDE,NO HAY,NO HAY,NO,SI,24,PLANTAS NORMALES,NO,NO,SI,NO,ESPACIADO,24,LENTO A MUY LENTO,NINGUNO,0,36.67,0,0,0,0,0,63.33,0,0,100,0,0,0,0,0,0,0,32.53,23.96,28.25,8.58,14738.4,0.12,234,0.18,82.58,34.23,24.38,29.31,9.85,23827.38,0.67,31.3,0.02,77.6,35.18,24.09,29.63,11.09,15001.36,0.91,0,0,72.97,5244.19
2921,Manual,NO,Impacto (Syngenta),Maiz,NO,Manual,NO,4,46,92,62000,3,0,0,0,0,0,0,1,1,0,0,0,2,0,0,0,92,0,0,0,0,0,0,0,0,0,2,1,PLANO O LLANO,PLANO,2,6,SIN ROCAS,NO,-1,-1,SI,17,NO,GRANULAR,NO,NO,POCO MARCADAS,LA MANIANA Y LA TARDE,NO HAY,NO HAY,NO,SI,13,PLANTAS NORMALES,NO,NO,SI,NO,REGULAR,17,LENTO A MUY LENTO,NINGUNO,0,26.67,0,0,0,0,73.33,0,0,0,73.33,26.67,0,0,0,0,0,0,32.06,25.04,28.55,7.03,14769.98,0.02,205.6,0.2,89.11,32.86,25.07,28.96,7.79,20918.17,0.16,114.5,0.09,85.91,32.67,24.9,28.78,7.77,17531.73,0.07,115.1,0.04,82.14,4343.02
2923,Manual,NO,PIONEER 30F35 HRR,Maiz,NO,Manual,NO,4,48,83,62000,4,0,0,0,0,0,0,1,1,0,0,0,1,0,0,0,92,0,0,0,0,0,0,0,0,0,2,2,PLANO O LLANO,PLANO,2,5.5,SIN ROCAS,NO,-1,-1,SI,23,NO,GRANULAR,NO,NO,POCO MARCADAS,LA MANIANA Y LA TARDE,NO HAY,NO HAY,NO,SI,23,PLANTAS NORMALES,NO,NO,SI,NO,ESPACIADO,23,LENTO A MUY LENTO,NINGUNO,0,36.67,0,0,0,0,63.33,0,0,0,63.33,36.67,0,0,0,0,0,0,32.05,24.93,28.5,7.12,14802.14,0.02,212.2,0.2,89.01,32.94,25.09,29.02,7.85,21173.19,0.16,105.6,0.09,85.57,32.63,24.92,28.78,7.71,14694.44,0.08,115.1,0.05,82.28,4150
2925,Manual,NO,DK 234 YGRR,Maiz,NO,Manual,NO,4,45,85,62000,3,0,0,0,0,0,0,1,1,0,0,0,1,0,0,0,92,0,0,0,0,0,0,0,0,0,2,2,PLANO O LLANO,PLANO,2,5.5,SIN ROCAS,NO,-1,-1,SI,22,NO,GRANULAR,NO,NO,NO HAY,LA MANIANA Y LA TARDE,NO HAY,NO HAY,NO,SI,19,PLANTAS NORMALES,NO,NO,SI,NO,ESPACIADO,22,LENTO A MUY LENTO,NINGUNO,0,35,0,0,0,0,0,65,0,0,100,0,0,0,0,0,0,0,32.7,24.99,28.84,7.7,14116.31,0.1,91.8,0.1,86.5,32.87,24.99,28.93,7.88,22466.48,0.14,128.9,0.05,82.84,32.92,24.54,28.73,8.38,14940.11,0.24,24.5,0.03,82.16,3377.91
2926,Manual,NO,DK7088,Maiz,NO,Manual,NO,4,45,83,60000,4,0,0,0,0,0,0,1,0,0,0,0,2,0,0,0,92,0,0,0,0,0,0,0,0,0,2,2,PLANO O LLANO,PLANO,2,5.5,SIN ROCAS,NO,-1,-1,SI,17,NO,GRANULAR,NO,NO,POCO MARCADAS,LA MANIANA Y LA TARDE,NO HAY,NO HAY,NO,SI,22,PLANTAS NORMALES,NO,NO,SI,NO,REGULAR,22,LENTO A MUY LENTO,NINGUNO,0,26.67,0,0,0,0,0,73.33,0,0,100,0,0,0,0,0,0,0,32.34,24.93,28.64,7.42,13602.45,0.08,112.2,0.1,87.33,33.05,24.94,28.99,8.11,22915.24,0.16,113.8,0.03,83.03,32.57,24.78,28.67,7.79,13489.55,0.14,34.1,0.06,82.17,3281.4
2931,Manual,SI,PIONEER 30F35 HRR,Maiz,NO,Manual,NO,4,45,81,60000,6,0,0,0,0,0,0,1,1,0,0,0,1,0,0,0,92,0,0,0,0,0,0,0,0,0,2,1,PLANO O LLANO,PLANO,2,6,SIN ROCAS,SI,13,4,SI,24,NO,GRANULAR,NO,NO,POCO MARCADAS,LA MANIANA Y LA TARDE,NO HAY,NO HAY,NO,NO,-1,PLANTAS NORMALES,NO,NO,NO,NO,REGULAR,13,LENTO A MUY LENTO,NINGUNO,0,38.33,0,0,0,0,61.67,0,0,0,61.67,38.33,0,0,0,0,0,0,32.87,25.18,29.02,7.69,14206.91,0.1,76.7,0.08,86.35,32.82,24.95,28.88,7.86,22489.54,0.14,127.5,0.05,82.46,33,24.48,28.74,8.53,13451.03,0.27,24.5,0.03,82.24,4150
2935,Manual,NO,DK 234,Maiz,NO,Manual,NO,4,46,84,60000,6,0,0,0,0,0,0,1,1,0,0,0,1,0,0,0,61,0,0,15,0,0,15,0,0,0,2,2,PLANO O LLANO,PLANO,2,5.5,SIN ROCAS,NO,-1,-1,SI,16,NO,GRANULAR,NO,NO,NO HAY,LA MANIANA Y LA TARDE,NO HAY,NO HAY,NO,SI,20,PLANTAS NORMALES,NO,NO,NO,NO,REGULAR,20,LENTO A MUY LENTO,NINGUNO,0,75,0,0,0,0,25,0,0,0,75,25,0,0,0,0,0,0,32.08,24.84,28.46,7.23,15071.32,0.02,189.5,0.18,88.98,33.14,25.15,29.14,7.99,21658.75,0.19,81.3,0.07,84.88,32.42,24.95,28.68,7.47,13893.86,0.03,115.1,0.05,82.41,4729.07
2942,Manual,NO,PIONEER 30F35 HRR,Pastos,NO,Manual,NO,4,47,80,60000,3,0,0,0,0,0,0,1,0,0,0,0,1,0,0,0,46,0,0,0,0,0,0,0,0,0,1,2,PLANO O LLANO,PLANO,2,6,SIN ROCAS,NO,-1,-1,SI,22,NO,GRANULAR,NO,NO,NO HAY,LA MANIANA Y LA TARDE,NO HAY,POCO MARCADAS,NO,SI,16,PLANTAS NORMALES,NO,NO,SI,NO,BUENO,22,LENTO A MUY LENTO,NINGUNO,0,35,0,0,0,0,65,0,0,0,65,35,0,0,0,0,0,0,31.79,24.79,28.29,7,13132.5,0,147.8,0.12,88.88,33.33,25.13,29.23,8.2,22960.25,0.19,163.8,0.07,83.68,32.56,24.96,28.76,7.6,12902.75,0.18,15.1,0.03,82.47,4386.05
2947,Manual,NO,Sinko (Syngenta),Maiz,NO,Manual,NO,4,47,85,60000,3,0,0,0,0,0,0,2,1,0,0,0,1,0,0,0,92,0,0,0,0,0,0,0,0,0,2,1,PLANO O LLANO,PLANO,2,6,SIN ROCAS,NO,-1,-1,SI,24,NO,GRANULAR,NO,NO,NO HAY,LA MANIANA Y LA TARDE,POCO MARCADAS,NO HAY,NO,SI,22,PLANTAS NORMALES,NO,NO,SI,NO,BUENO,24,LENTO A MUY LENTO,NINGUNO,0,38.33,0,0,0,0,61.67,0,0,0,61.67,38.33,0,0,0,0,0,0,32.08,24.84,28.46,7.23,15071.32,0.02,189.5,0.18,88.98,33.14,25.15,29.14,7.99,21658.75,0.19,81.3,0.07,84.88,32.36,25.02,28.69,7.34,14463.58,0.03,115.1,0.05,82.38,2991.86
2948,Manual,NO,PIONEER 30F35 H,Maiz,NO,Manual,NO,4,47,86,60000,3,0,0,0,0,0,0,2,1,0,0,0,2,0,0,0,92,0,0,0,0,0,0,0,0,0,2,2,PLANO O LLANO,PLANO,2,6,SIN ROCAS,NO,-1,-1,SI,18,NO,GRANULAR,NO,NO,NO HAY,LA MANIANA Y LA TARDE,NO HAY,NO HAY,NO,SI,20,PLANTAS NORMALES,NO,NO,SI,NO,REGULAR,20,LENTO A MUY LENTO,NINGUNO,0,28.33,0,0,0,0,0,71.67,0,0,71.67,28.33,0,0,0,0,0,0,31.96,24.83,28.39,7.13,14508.87,0.02,161,0.15,88.83,33.23,25.19,29.21,8.04,21912.39,0.19,63.8,0.05,84.49,32.53,24.94,28.74,7.59,15195.51,0.12,115.1,0.05,82.47,3667.44
2977,Manual,NO,PIONEER 30F35 HRR,Maiz,NO,Manual,NO,4,45,82,55000,8,0,0,0,0,0,0,0,0,0,0,0,2,0,0,0,92,0,0,0,0,0,0,0,0,0,2,2,PLANO O LLANO,PLANO,2,5.5,SIN ROCAS,NO,-1,-1,SI,35,NO,GRANULAR,NO,NO,NO HAY,LA MANIANA Y LA TARDE,POCO MARCADAS,NO HAY,NO,SI,22,PLANTAS NORMALES,NO,NO,SI,NO,ESPACIADO,35,LENTO A MUY LENTO,NINGUNO,0,56.67,0,0,0,0,43.33,0,0,0,43.33,56.67,0,0,0,0,0,0,31.77,24.74,28.26,7.04,13398.77,0,147.8,0.12,88.98,33.32,25.17,29.25,8.14,22587.79,0.19,163.8,0.07,83.8,32.54,24.89,28.71,7.65,12952.72,0.15,15.1,0.03,82.53,4481.4
2982,Manual,NO,Otro,Maiz,NO,Manual,NO,4,47,82,60000,5,0,0,0,0,0,0,1,1,0,0,0,2,0,0,0,92,0,0,0,0,0,0,0,0,0,2,1,PLANO O LLANO,PLANO,2,6,SIN ROCAS,NO,-1,-1,SI,34,NO,GRANULAR,NO,NO,NO HAY,LA MANIANA Y LA TARDE,POCO MARCADAS,NO HAY,NO,SI,19,PLANTAS NORMALES,NO,NO,SI,NO,BUENO,34,LENTO A MUY LENTO,NINGUNO,0,55,0,0,0,0,0,45,0,0,45,55,0,0,0,0,0,0,32.01,24.86,28.43,7.14,14905.89,0.02,197.7,0.2,89.01,33.07,25.13,29.1,7.94,21434.31,0.17,89.1,0.07,85.24,32.54,24.91,28.73,7.62,13773.06,0.06,115.1,0.06,82.4,3051.16
2983,Manual,NO,DK 234,Maiz,NO,Manual,NO,5,46,55,55000,7,0,0,0,0,0,0,1,0,0,0,0,1,0,0,0,92,0,0,0,0,0,0,0,0,0,2,1,PLANO O LLANO,PLANO,2,6,SIN ROCAS,NO,-1,-1,SI,20,NO,GRANULAR,NO,NO,POCO MARCADAS,LA MANIANA Y LA TARDE,NO HAY,NO HAY,NO,SI,16,PLANTAS NORMALES,NO,NO,SI,NO,REGULAR,20,LENTO A MUY LENTO,NINGUNO,0,30,0,0,0,0,0,70,0,0,70,30,0,0,0,0,0,0,32.53,25.01,28.77,7.52,14767.97,0.08,224.5,0.18,87.18,33.01,24.93,28.97,8.08,24494.64,0.16,14.9,0,82.91,32.02,25.04,28.53,6.98,4051.18,0,0,0,82.22,4825.58
2997,Manual,NO,PIONEER 30F35 HRR,Maiz,NO,Manual,NO,4,45,80,55000,11,0,0,0,0,0,0,1,0,0,0,0,2,0,0,0,61,0,0,15,0,0,15,0,0,0,2,1,PLANO O LLANO,PLANO,2,6,SIN ROCAS,NO,-1,-1,SI,22,NO,GRANULAR,NO,NO,POCO MARCADAS,LA MANIANA Y LA TARDE,NO HAY,NO HAY,NO,SI,19,PLANTAS NORMALES,NO,NO,SI,NO,REGULAR,22,LENTO A MUY LENTO,NINGUNO,0,0,0,0,0,0,63.33,36.67,0,0,100,0,0,0,0,0,0,0,32.23,24.83,28.53,7.4,13995.13,0.05,105.2,0.1,87.74,33.2,25.04,29.12,8.15,22831.98,0.17,143.8,0.05,83.42,32.61,24.88,28.74,7.74,12317.85,0.16,15.1,0.03,82.41,5816.28
2999,Manual,NO,PIONEER 30F35 HRR,Maiz,NO,Manual,NO,4,47,87,55000,10,1,0,0,0,0,0,0,1,0,0,0,1,0,0,0,61,0,0,15,0,0,15,0,0,0,2,1,PLANO O LLANO,PLANO,2,6,SIN ROCAS,NO,-1,-1,SI,25,NO,GRANULAR,NO,NO,NO HAY,LA MANIANA Y LA TARDE,POCO MARCADAS,NO HAY,NO,SI,23,PLANTAS NORMALES,NO,NO,SI,NO,BUENO,25,LENTO A MUY LENTO,NINGUNO,0,41.67,0,0,0,0,58.33,0,0,0,58.33,41.67,0,0,0,0,0,0,31.89,24.77,28.33,7.12,14057.88,0.02,161,0.15,89.03,33.23,25.23,29.23,8.01,21941.39,0.19,163.8,0.07,84.16,32.59,24.84,28.72,7.75,15798.9,0.15,15.1,0.02,82.34,5148.84
3017,Mecanizado,NO,DK7088,Maiz,NO,Manual,NO,4,42,89,55000,13,0,0,0,0,0,0,1,1,0,0,0,1,0,0,0,92,0,0,0,0,0,0,0,0,0,2,2,PLANO O LLANO,PLANO,2,5.5,SIN ROCAS,NO,-1,-1,SI,17,NO,GRANULAR,NO,NO,POCO MARCADAS,LA MANIANA Y LA TARDE,NO HAY,NO HAY,NO,SI,21,PLANTAS NORMALES,NO,NO,SI,NO,REGULAR,21,LENTO A MUY LENTO,NINGUNO,0,26.67,0,0,0,0,0,73.33,0,0,0,100,0,0,0,0,0,0,32.1,24.89,28.5,7.21,15200.04,0.02,197.7,0.2,89.05,33.1,25.14,29.12,7.96,21458.55,0.19,89.1,0.07,84.99,32.45,24.96,28.71,7.49,14304.51,0.03,115.1,0.05,82.39,4767.44
3047,Manual,NO,PIONEER 30F35 HRR,Maiz,NO,Manual,NO,5,48,113,55000,12,0,0,0,0,0,0,1,1,0,0,0,2,0,0,0,69,0,0,0,0,0,0,0,0,0,3,1,PLANO O LLANO,PLANO,2,6,SIN ROCAS,NO,-1,-1,SI,18,NO,GRANULAR,NO,NO,POCO MARCADAS,LA MANIANA Y LA TARDE,NO HAY,NO HAY,NO,SI,16,PLANTAS NORMALES,NO,NO,SI,NO,REGULAR,18,LENTO A MUY LENTO,NINGUNO,0,28.33,0,0,0,0,71.67,0,0,0,71.67,28.33,0,0,0,0,0,0,32.16,25.16,28.66,7,15045.66,0.05,260.3,0.22,88.84,32.68,25.03,28.86,7.65,20484.42,0.09,107.4,0.07,86.65,32.87,24.83,28.85,8.04,27398.41,0.17,127.5,0.04,81.92,5720.93
3053,Manual,NO,Impacto (Syngenta),Maiz,NO,Manual,NO,4,47,85,55000,11,0,0,0,0,0,0,1,1,0,0,0,2,0,0,0,61,0,0,15,0,0,15,0,0,0,2,1,PLANO O LLANO,PLANO,2,5.5,SIN ROCAS,NO,-1,-1,SI,23,NO,GRANULAR,NO,NO,POCO MARCADAS,LA MANIANA Y LA TARDE,NO HAY,NO HAY,NO,SI,18,PLANTAS NORMALES,NO,NO,SI,NO,REGULAR,23,LENTO A MUY LENTO,NINGUNO,0,0,0,0,0,0,63.33,36.67,0,0,63.33,36.67,0,0,0,0,0,0,31.89,24.77,28.33,7.12,14404.68,0.02,268.6,0.18,82.7,33.23,25.23,29.23,8.01,22736.46,0.19,109.7,0.05,79.59,32.61,24.92,28.76,7.68,17403.19,0.15,0,0,73.08,5053.49
3055,Manual,NO,PIONEER 30F35 HRR,Maiz,NO,Manual,NO,4,47,85,55000,8,0,0,0,0,0,0,0,1,0,0,0,2,0,0,0,22.5,0,0,22.5,0,0,22.5,0,0,0,1,1,PLANO O LLANO,PLANO,2,5.5,SIN ROCAS,NO,-1,-1,SI,24,NO,GRANULAR,NO,NO,POCO MARCADAS,LA MANIANA Y LA TARDE,POCO MARCADAS,NO HAY,NO,SI,16,PLANTAS NORMALES,NO,NO,SI,NO,REGULAR,24,LENTO A MUY LENTO,NINGUNO,0,38.33,0,0,0,0,61.67,0,0,0,0,100,0,0,0,0,0,0,31.95,24.8,28.38,7.16,14550.35,0.02,174,0.18,88.88,33.21,25.17,29.19,8.04,21873.43,0.19,63.8,0.05,84.63,32.43,24.98,28.71,7.44,14663.41,0.08,115.1,0.05,82.33,5115.12
3680,Mecanizado,SI,P3966 (Pioneer),Algodon,NO,Manual,NO,4,48,81,63000,7,0,0,0,0,0,0,1,1,0,0,0,2,0,0,0,92,0,0,0,0,0,0,0,0,0,2,1,PLANO O LLANO,PLANO,2,5.5,SIN ROCAS,NO,-1,-1,SI,8,NO,GRANULAR,NO,NO,NO HAY,LA MANIANA Y LA TARDE,NO HAY,NO HAY,NO,SI,33,PLANTAS NORMALES,NO,NO,SI,SI,ESPACIADO,33,LENTO A MUY LENTO,NINGUNO,0,20,0,0,0,0,0,0,80,0,100,0,0,0,0,0,0,0,32.84,23.95,28.39,8.89,16226.42,0.25,263.9,0.2,84.48,32.74,23.37,28.05,9.37,23985.17,0.21,289.1,0.17,83.35,31.77,23.07,27.42,8.69,14407.83,0,48.3,0,82.95,5530.23
3740,Mecanizado,SI,ADV 9293 (Syngenta),Algodon,NO,Manual,NO,4,45,82,65000,6,0,0,0,0,0,0,0,1,0,0,0,1,0,0,0,92,0,0,0,0,0,0,0,0,0,2,2,PLANO O LLANO,PLANO,2,6,SIN ROCAS,NO,-1,-1,SI,23,NO,GRANULAR,NO,NO,NO HAY,LA MANIANA Y LA TARDE,POCO MARCADAS,NO HAY,NO,SI,17,PLANTAS NORMALES,NO,NO,SI,SI,ESPACIADO,23,LENTO A MUY LENTO,NINGUNO,0,36.67,0,0,0,0,63.33,0,0,0,100,0,0,0,0,0,0,0,32.7,23.86,28.29,8.84,16049.11,0.22,266.6,0.2,84.56,32.73,23.3,28.01,9.43,24076.29,0.21,293.9,0.17,83.21,31.81,23.19,27.5,8.62,13737.14,0,55,0.03,82.9,5816.28
3922,Mecanizado,SI,DK 234,Algodon,NO,Manual,NO,4,47,78,65000,6,1,0,0,0,0,0,0,3,0,0,0,1,0,0,0,92,0,0,0,0,0,0,0,0,0,2,1,PLANO O LLANO,PLANO,2,5.5,SIN ROCAS,NO,-1,-1,SI,35,NO,GRANULAR,NO,NO,NO HAY,LA MANIANA Y LA TARDE,NO HAY,POCO MARCADAS,NO,SI,34,PLANTAS NORMALES,NO,NO,SI,SI,ESPACIADO,35,LENTO A MUY LENTO,NINGUNO,0,0,0,0,100,0,0,0,0,0,100,0,0,0,0,0,0,0,32.74,23.81,28.28,8.94,16227.13,0.22,242.8,0.18,84.41,32.72,23.32,28.02,9.4,24041.33,0.21,292.2,0.17,83.2,31.75,23.15,27.45,8.61,12867.44,0,40.8,0,82.93,6102.33
3923,Mecanizado,SI,P3966 (Pioneer),Algodon,NO,Manual,NO,4,48,92,70000,8,1,0,0,0,0,0,0,2,0,0,0,2,0,0,0,61,0,0,15,0,0,15,0,0,0,2,1,PLANO O LLANO,PLANO,2,6,SIN ROCAS,NO,-1,-1,SI,29,NO,GRANULAR,NO,NO,NO HAY,LA MANIANA Y LA TARDE,NO HAY,POCO MARCADAS,NO,SI,22,PLANTAS NORMALES,NO,NO,SI,NO,ESPACIADO,29,LENTO A MUY LENTO,NINGUNO,0,0,0,0,0,0,56.67,43.33,0,0,100,0,0,0,0,0,0,0,33.08,24.47,28.77,8.61,15128.73,0.4,411.7,0.25,80.58,33.27,23.88,28.58,9.39,22776.3,0.29,239.9,0.16,78.76,32.24,22.48,27.36,9.76,18738.61,0.04,287.5,0.17,79.75,6466.28
3925,Mecanizado,SI,DK 234,Algodon,NO,Manual,NO,5,48,79,65000,8,1,0,0,0,0,0,1,1,0,0,0,1,0,0,0,92,0,0,0,0,0,0,0,0,0,2,1,PLANO O LLANO,PLANO,2,6,SIN ROCAS,NO,-1,-1,SI,10,NO,GRANULAR,NO,NO,NO HAY,LA MANIANA Y LA TARDE,NO HAY,NO HAY,NO,NO,-1,PLANTAS NORMALES,NO,NO,SI,SI,ESPACIADO,10,LENTO A MUY LENTO,NINGUNO,0,41.67,0,0,0,0,58.33,0,0,0,100,0,0,0,0,0,0,0,32.84,23.88,28.36,8.96,16278.39,0.25,266.6,0.2,84.38,32.65,23.32,27.99,9.33,23852.62,0.21,293.9,0.17,83.33,31.85,23.19,27.52,8.66,14191.96,0,55,0.03,82.86,5053.49
3926,Mecanizado,SI,PIONEER 30F35 HRR,Algodon,NO,Manual,NO,4,48,79,70000,6,0,0,0,0,0,0,1,1,0,0,0,1,0,0,0,92,0,0,0,0,0,0,0,0,0,2,1,PLANO O LLANO,PLANO,2,6,SIN ROCAS,NO,-1,-1,SI,26,NO,GRANULAR,NO,NO,NO HAY,LA MANIANA Y LA TARDE,NO HAY,POCO MARCADAS,NO,SI,27,PLANTAS NORMALES,NO,NO,SI,SI,ESPACIADO,27,LENTO A MUY LENTO,NINGUNO,0,0,0,0,0,0,58.33,41.67,0,0,100,0,0,0,0,0,0,0,33.31,24.53,28.92,8.78,15221.06,0.45,380.8,0.22,80.2,33.13,23.9,28.52,9.23,22515.62,0.24,243.1,0.16,79.1,32.96,22.89,27.92,10.07,14249.01,0.15,159.8,0.18,78.92,5530.23
3930,Manual,NO,Otro,Maiz,NO,Manual,NO,4,52,73,60000,8,0,0,0,0,0,0,1,1,0,0,0,2,0,0,0,69,0,0,0,0,0,0,0,0,0,2,1,PLANO O LLANO,PLANO,2,6,SIN ROCAS,NO,-1,-1,SI,23,NO,GRANULAR,NO,NO,POCO MARCADAS,LA MANIANA Y LA TARDE,NO HAY,NO HAY,NO,SI,26,PLANTAS NORMALES,NO,NO,SI,SI,REGULAR,26,LENTO A MUY LENTO,NINGUNO,0,0,0,0,0,0,63.33,36.67,0,0,100,0,0,0,0,0,0,0,33.08,24.47,28.77,8.61,15128.73,0.4,411.7,0.25,80.58,33.27,23.88,28.58,9.39,22776.3,0.29,239.9,0.16,78.76,32.77,22.78,27.78,9.99,13308.86,0.06,131.7,0.16,79.12,4862.79
3931,Mecanizado,SI,DK 234,Algodon,NO,Manual,NO,4,47,80,65000,6,1,0,0,0,0,0,1,1,0,0,0,1,0,0,0,69,0,0,0,0,0,0,0,0,0,2,1,PLANO O LLANO,PLANO,2,6,SIN ROCAS,NO,-1,-1,SI,32,NO,GRANULAR,NO,NO,NO HAY,LA MANIANA Y LA TARDE,NO HAY,NO HAY,NO,SI,26,PLANTAS NORMALES,NO,NO,SI,SI,ESPACIADO,32,LENTO A MUY LENTO,NINGUNO,0,50,0,0,0,0,0,0,50,0,100,0,0,0,0,0,0,0,32.84,23.88,28.36,8.96,16278.39,0.25,266.6,0.2,84.38,32.65,23.32,27.99,9.33,23852.62,0.21,293.9,0.17,83.33,31.81,23.17,27.49,8.65,13745.03,0,40.8,0,82.89,5053.49
3943,Mecanizado,SI,DK 234,Maiz,NO,Manual,NO,3,48,79,63000,6,1,0,0,0,0,0,0,2,0,0,0,1,0,0,0,92,0,0,0,0,0,0,0,0,0,2,1,PLANO O LLANO,PLANO,2,6,SIN ROCAS,NO,-1,-1,NO,-1,NO,GRANULAR,NO,NO,NO HAY,LA MANIANA Y LA TARDE,NO HAY,NO HAY,NO,SI,38,PLANTAS NORMALES,NO,NO,SI,SI,REGULAR,60,BUENO,NINGUNO,0,38.33,0,0,0,0,0,61.67,0,0,100,0,0,0,0,0,0,0,32.91,23.84,28.38,9.06,16501.17,0.3,332.4,0.22,83.89,32.57,23.21,27.89,9.37,23862.81,0.16,174.8,0.12,83.35,31.82,23.31,27.56,8.51,13267.58,0,54.2,0.03,82.83,5767.44
1984,Mecanizado,NO,PIONEER 30F35,Algodon,SI,Manual,NO,10,40,57,62500,6,0,0,0,0,0,0,1,0,0,0,0,2,0,0,0,87,0,0,46,0,0,30,0,0,0,3,1.1,PLANO O LLANO,PLANO,2,5,SIN ROCAS,NO,-1,-1,SI,10,SI,ATERRONADA,NO,NO,NO HAY,LA MANIANA Y LA TARDE,NO HAY,NO HAY,NO,SI,30,PLANTAS NORMALES,SI,NO,SI,SI,MUY BUENO,30,LENTO A MUY LENTO,NINGUNO,0,0,0,0,36.67,0,63.33,0,0,0,0,0,0,0,0,0,100,0,34.8,25.07,29.93,9.73,15671.54,0.6,61.1,0.05,77.39,33.48,24.24,28.86,9.24,22079.72,0.36,319,0.21,81.65,34.06,24.8,29.43,9.26,3858.37,0.5,10.2,0,80.9,3627.91
2043,Mecanizado,NO,ADV 9339 (Syngenta),Algodon,SI,Mecanizada,NO,4,46,79,60000,5,0,0,0,0,0,0,0,2,0,0,0,3,0,0,0,46,0,0,0,0,0,0,0,0,0,1,2,PLANO O LLANO,PLANO,2,6,SIN ROCAS,NO,-1,-1,SI,35,NO,GRANULAR,NO,NO,NO HAY,LA MANIANA Y LA TARDE,NO HAY,NO HAY,NO,SI,35,POCO AFECTADAS,NO,NO,SI,NO,BUENO,35,LENTO A MUY LENTO,NINGUNO,0,53.33,0,0,0,0,46.67,0,0,0,46.67,53.33,0,0,0,0,0,0,33.9,24.73,29.31,9.17,15001.74,0.4,182.9,0.18,80.72,33.25,24.42,28.84,8.83,23440.79,0.31,389.2,0.21,86.02,32.37,24.52,28.44,7.85,12061.89,0.03,170.7,0.19,85.74,2072.09
2049,Mecanizado,NO,DK 234 YGRR,Algodon,SI,Manual,NO,2,46,99,60000,7,0,0,0,0,0,0,0,1,0,0,0,0,0,0,0,46,0,0,0,0,0,30,0,0,0,2,1,PLANO O LLANO,PLANO,2,6,SIN ROCAS,NO,-1,-1,SI,12,NO,ATERRONADA,NO,NO,NO HAY,LA MANIANA Y LA TARDE,NO HAY,NO HAY,NO,SI,27,POCO AFECTADAS,NO,NO,SI,NO,BUENO,27,LENTO A MUY LENTO,NINGUNO,0,15,0,0,0,0,85,0,0,0,100,0,0,0,0,0,0,0,33.69,23.81,28.75,9.88,14672.54,0.35,227.5,0.2,80.82,33.42,23.76,28.59,9.67,23841.37,0.34,367.2,0.19,85.83,32.36,24.51,28.43,7.84,19029.78,0.04,294.7,0.22,86.63,2895.35
3679,Mecanizado,SI,P3966 (Pioneer),Algodon,NO,Manual,NO,4,42,94,65000,6,0,0,0,0,0,0,0,1,0,0,0,1,0,0,0,92,0,0,0,0,0,0,0,0,0,2,1,PLANO O LLANO,PLANO,2,5.5,SIN ROCAS,SI,22,38,NO,-1,NO,GRANULAR,NO,NO,NO HAY,LA MANIANA Y LA TARDE,NO HAY,NO HAY,SI,SI,22,PLANTAS NORMALES,NO,NO,SI,SI,REGULAR,22,BUENO,NINGUNO,0,0,0,0,0,0,63.33,36.67,0,0,100,0,0,0,0,0,0,0,32.76,24.13,28.45,8.63,15989.99,0.22,294.9,0.22,84.67,32.78,23.34,28.06,9.45,23969.72,0.22,284,0.17,83.3,31.83,23.11,27.47,8.71,17331.36,0,69,0.02,83.01,5983.72
3685,Mecanizado,SI,ADV 9293 (Syngenta),Algodon,SI,Manual,NO,4,49,82,65000,6,0,0,0,0,0,0,0,1,0,0,0,1,1,0,0,92,0,0,0,0,0,0,0,0,0,2,1,PLANO O LLANO,PLANO,2,6,SIN ROCAS,NO,-1,-1,SI,38,NO,GRANULAR,NO,NO,NO HAY,LA MANIANA Y LA TARDE,NO HAY,NO HAY,NO,SI,31,PLANTAS NORMALES,NO,NO,SI,SI,ESPACIADO,38,LENTO A MUY LENTO,NINGUNO,0,0,0,0,0,0,41.67,58.33,0,0,100,0,0,0,0,0,0,0,32.78,23.81,28.3,8.97,16264,0.25,315.5,0.2,84.26,32.7,23.32,28.01,9.38,23978.67,0.19,212.2,0.16,83.27,31.78,23.23,27.5,8.56,15309.44,0,58.7,0.03,82.92,5816.28
3947,Mecanizado,SI,DK 234,Algodon,NO,Manual,NO,4,49,90,60000,7,1,0,0,0,0,0,0,1,0,0,0,2,0,0,0,92,0,0,0,0,0,0,0,0,0,2,1,PLANO O LLANO,PLANO,2,6.5,SIN ROCAS,NO,-1,-1,NO,-1,NO,ATERRONADA,NO,NO,NO HAY,LA MANIANA Y LA TARDE,NO HAY,NO HAY,NO,SI,38,PLANTAS NORMALES,NO,NO,SI,SI,REGULAR,60,BUENO,NINGUNO,0,0,0,0,0,0,61.67,0,38.33,0,100,0,0,0,0,0,0,0,32.7,23.86,28.29,8.84,16049.11,0.22,266.6,0.2,84.56,32.73,23.3,28.01,9.43,24076.29,0.21,293.9,0.17,83.21,31.73,23.3,27.52,8.43,18252.86,0,101.6,0.04,83.06,6674.42
2283,Mecanizado,SI,PAC 105,Algodon,SI,Mecanizada,NO,5,46,90,60000,4,0,0,0,0,0,0,1,1,0,0,0,2,0,0,0,92,0,0,0,0,0,0,0,0,0,2,2,PLANO O LLANO,PLANO,2,6,SIN ROCAS,NO,-1,-1,SI,33,NO,GRANULAR,NO,SI,NO HAY,LA MANIANA Y LA TARDE,NO HAY,NO HAY,NO,SI,21,POCO AFECTADAS,NO,NO,SI,NO,ESPACIADO,33,LENTO A MUY LENTO,NINGUNO,0,53.33,46.67,0,0,0,0,0,0,0,100,0,0,0,0,0,0,0,34.22,24.82,29.52,9.4,15633.48,0.5,160.3,0.15,78.29,33.78,24.32,29.05,9.46,22941.95,0.43,389.2,0.21,80.77,33.39,24.52,28.95,8.87,17199.77,0.41,270.9,0.23,82.25,2002.33
1980,Mecanizado,NO,PAC 105,Algodon,SI,Manual,NO,5,47,68,75000,9,0,0,0,0,0,1,0,1,0,0,0,3,0,0,0,92,0,0,0,0,0,0,0,0,0,2,1.2,PLANO O LLANO,PLANO,2,5.5,SIN ROCAS,NO,-1,-1,SI,40,SI,ATERRONADA,NO,NO,NO HAY,LA MANIANA Y LA TARDE,NO HAY,NO HAY,NO,SI,42,MUY AFECTADAS,SI,NO,SI,SI,BUENO,42,LENTO A MUY LENTO,NINGUNO,0,0,0,66,0,0,0,34,0,0,0,0,0,0,0,0,100,0,33.89,24.79,29.34,9.1,15447.88,0.45,118.3,0.08,79.07,33.92,24.34,29.13,9.57,22537.01,0.47,306.6,0.19,80.34,33.48,24.53,29,8.95,8640.17,0.39,49.9,0.09,82.26,3720.93
1988,Manual,NO,P4082 (Pioneer),Algodon,SI,Manual,NO,5,46,72,62500,9,1,0,0,0,0,0,1,0,0,0,0,2,0,0,0,69,0,0,0,0,0,0,0,0,0,2,2.5,PLANO O LLANO,PLANO,2,5.5,SIN ROCAS,NO,-1,-1,SI,40,SI,ATERRONADA,NO,NO,NO HAY,LA MANIANA Y LA TARDE,NO HAY,NO HAY,NO,SI,38,POCO AFECTADAS,SI,NO,SI,SI,MUY BUENO,40,LENTO A MUY LENTO,NINGUNO,0,0,0,0,0,0,0,100,0,0,0,0,0,100,0,0,0,0,33.67,24.65,29.16,9.02,15545.39,0.4,118.3,0.08,79.49,34.09,24.45,29.27,9.64,22560.23,0.5,282.7,0.17,80.06,33.35,24.46,28.9,8.89,9701.96,0.35,73.8,0.12,82,3344.02
694,Mecanizado,SI,PAC 105,Algodon,SI,Manual,NO,7,40,78,60000,8,0,0,0,0,0,0,1,0,1,0,0,2,0,0,46,23,0,0,0,0,0,0,0,0,1,1,2,PLANO O LLANO,PLANO CON ONDULACIONES,2,5.5,SIN ROCAS,NO,-1,-1,SI,32,SI,MASIVA,NO,NO,NO HAY,LA MANIANA Y LA TARDE,NO HAY,NO HAY,NO,SI,25,PLANTAS NORMALES,NO,NO,SI,NO,BUENO,25,LENTO A MUY LENTO,NINGUNO,0,0,0,60,0,40,0,0,0,0,0,0,0,0,40,60,0,0,31.88,24.52,28.2,7.36,14549.47,0.08,196.7,0.15,80.7,33.52,24.45,28.98,9.07,22519.3,0.38,313.7,0.12,78.29,32.63,23.72,28.18,8.91,10754.55,0.21,155.3,0.21,80.29,4238.37
2030,Mecanizado,SI,DK 234 YGRR,Algodon,SI,Manual,NO,4,47,80,60000,8,0,0,0,0,0,0,0,1,0,0,0,2,0,0,0,46,0,0,0,0,0,40,0,0,0,2,1,PLANO O LLANO,PLANO,2,6,SIN ROCAS,NO,-1,-1,SI,25,NO,GRANULAR,NO,NO,NO HAY,LA MANIANA Y LA TARDE,NO HAY,NO HAY,NO,SI,31,PLANTAS NORMALES,NO,NO,SI,NO,ESPACIADO,31,LENTO A MUY LENTO,NINGUNO,0,0,0,0,0,0,63.33,36.67,0,0,0,100,0,0,0,0,0,0,33.83,24.73,29.28,9.1,15505.82,0.42,118.3,0.08,79.27,33.99,24.42,29.2,9.57,22471.86,0.48,306.2,0.19,80.25,33.38,24.54,28.96,8.84,12791.64,0.38,64.9,0.06,82.41,3767.44
1816,Mecanizado,NO,P4082 (Pioneer),Algodon,SI,Manual,NO,5,45,76,72000,17,0,0,0,0,0,0,2,1,0,0,1,4,0,0,0,92,0,0,0,0,0,60,0,0,0,4,5,PLANO O LLANO,PLANO,2,6,SIN ROCAS,NO,-1,-1,SI,48,NO,ATERRONADA,NO,NO,NO HAY,LA MANIANA Y LA TARDE,NO HAY,NO HAY,NO,SI,23,PLANTAS NORMALES,NO,NO,SI,NO,REGULAR,48,LENTO A MUY LENTO,LENTO,0,0,0,0,0,0,0,100,0,0,0,0,0,53.33,46.67,0,0,0,33.89,24.79,29.34,9.1,15447.88,0.45,118.3,0.08,79.07,33.92,24.34,29.13,9.57,22537.01,0.47,306.6,0.19,80.34,33.34,24.62,28.98,8.72,10801.13,0.34,55.7,0.07,82.62,3527.91
2054,Mecanizado,SI,DK 234 YGRR,Algodon,SI,Manual,NO,4,49,78,60000,15,0,0,0,0,0,0,1,1,0,0,0,2,0,0,0,115,0,0,0,0,0,60,0,0,0,5,2,PLANO O LLANO,PLANO,2,5.5,SIN ROCAS,NO,-1,-1,SI,30,NO,GRANULAR,NO,NO,NO HAY,LA MANIANA Y LA TARDE,NO HAY,NO HAY,NO,SI,31,PLANTAS NORMALES,NO,NO,SI,NO,ESPACIADO,31,LENTO A MUY LENTO,NINGUNO,0,41.67,0,0,0,0,0,58.33,0,0,0,100,0,0,0,0,0,0,33.83,24.73,29.28,9.1,15505.82,0.42,118.3,0.08,79.27,33.99,24.42,29.2,9.57,22471.86,0.48,306.2,0.19,80.25,33.38,24.54,28.96,8.84,12791.64,0.38,64.9,0.06,82.41,3813.95
2284,Mecanizado,SI,DK 234 YGRR,Algodon,NO,Mecanizada,NO,4,26,100,60000,10,0,0,0,0,0,0,0,1,0,0,0,0,0,0,0,46,0,0,0,0,0,0,0,0,0,1,2,PLANO O LLANO,PLANO,2,6.5,SIN ROCAS,NO,-1,-1,NO,-1,NO,GRANULAR,NO,SI,NO HAY,LA MANIANA Y LA TARDE,NO HAY,NO HAY,NO,SI,18,POCO AFECTADAS,NO,NO,SI,NO,ESPACIADO,60,BUENO,NINGUNO,0,40,0,0,0,0,0,60,0,0,100,0,0,0,0,0,0,0,33.99,24.79,29.39,9.2,15018.07,0.42,182.9,0.18,80.72,33.16,24.34,28.75,8.82,23451.77,0.29,389.2,0.21,86.12,32.48,24.62,28.55,7.87,12825.37,0.03,170.7,0.18,85.99,2919.77
3741,Mecanizado,SI,PIONEER 30F35 HRR,Maiz,NO,Manual,NO,5,47,81,65000,5,0,0,0,0,0,0,0,1,0,0,0,1,0,0,0,92,0,0,0,0,0,30,0,0,0,3,1,PLANO O LLANO,PLANO,2,6,SIN ROCAS,NO,-1,-1,NO,-1,NO,GRANULAR,NO,NO,NO HAY,LA MANIANA Y LA TARDE,NO HAY,NO HAY,NO,SI,35,PLANTAS NORMALES,NO,NO,SI,SI,ESPACIADO,60,BUENO,NINGUNO,0,0,0,0,0,0,46.67,53.33,0,0,100,0,0,0,0,0,0,0,32.84,23.95,28.39,8.89,16226.42,0.25,263.9,0.2,84.48,32.74,23.37,28.05,9.37,23985.17,0.21,289.1,0.17,83.35,31.77,23.07,27.42,8.69,14407.83,0,48.3,0,82.95,5339.53
4318,Mecanizado,NO,Otro,Algodon,SI,Mecanizada,NO,6,51,78,60000,17,0,0,0,0,0,0,0,1,0,0,0,1,0,0,0,61,0,0,15,0,0,45,0,0,0,4,3,PLANO O LLANO,PLANO,2,6,SIN ROCAS,NO,-1,-1,NO,-1,NO,MASIVA,NO,NO,NO HAY,LA MANIANA Y LA TARDE,NO HAY,NO HAY,NO,SI,16,POCO AFECTADAS,NO,NO,SI,NO,REGULAR,16,BUENO,LENTO,0,100,0,0,0,0,0,0,0,0,0,0,0,0,100,0,0,0,33.27,24.47,28.87,8.8,15353.37,0.42,414.8,0.25,80.03,33.24,23.83,28.54,9.41,22807.7,0.28,238.7,0.16,78.96,32.46,22.56,27.51,9.9,15498.54,0.05,173.5,0.16,79.23,5816.28
1904,Mecanizado,NO,Otro,Algodon,SI,Mecanizada,NO,5,46,92,62500,4,1,0,0,0,0,0,1,1,0,0,0,4,0,0,0,92,0,0,0,0,0,0,0,0,0,2,2.9,PLANO O LLANO,PLANO,2,7,SIN ROCAS,NO,-1,-1,NO,-1,NO,GRANULAR,NO,NO,NO HAY,LA MANIANA Y LA TARDE,NO HAY,NO HAY,NO,SI,50,MUY AFECTADAS,SI,NO,SI,SI,MUY BUENO,60,BUENO,NINGUNO,0,73.33,0,0,0,0,26.67,0,0,0,73.33,0,0,0,26.67,0,0,0,34,24.77,29.39,9.23,15588.59,0.48,104.6,0.05,78.77,33.86,24.31,29.08,9.55,22479.53,0.45,306.6,0.19,80.52,33.36,24.55,28.95,8.81,17116.67,0.39,189.3,0.11,82.35,3527.91
4376,Mecanizado,NO,Otro,Maiz,NO,Mecanizada,NO,6,47,81,72000,16,0,0,0,0,0,0,1,1,0,0,0,1,0,0,0,138,0,0,0,0,0,30,0,0,0,4,3,PLANO O LLANO,PLANO,2,6,SIN ROCAS,NO,-1,-1,NO,-1,NO,ATERRONADA,NO,NO,NO HAY,LA MANIANA Y LA TARDE,NO HAY,NO HAY,NO,SI,18,PLANTAS NORMALES,SI,NO,SI,NO,REGULAR,60,BUENO,LENTO,0,41.67,0,0,0,0,0,58.33,0,0,0,0,0,58.33,41.67,0,0,0,33.08,24.47,28.77,8.61,15128.73,0.4,411.7,0.25,80.58,33.27,23.88,28.58,9.39,22776.3,0.29,239.9,0.16,78.76,32.65,22.75,27.7,9.9,15245.73,0.05,176.2,0.16,79.15,7913.95
3748,Mecanizado,SI,ADV 9293 (Syngenta),Maiz,NO,Manual,NO,5,49,80,63000,9,0,0,0,0,0,0,2,0,0,0,0,2,0,0,0,92,0,0,0,0,0,0,0,0,0,2,1,PLANO O LLANO,PLANO,2,6.5,SIN ROCAS,SI,15,8,NO,-1,NO,ATERRONADA,NO,NO,NO HAY,LA MANIANA Y LA TARDE,NO HAY,NO HAY,NO,SI,40,PLANTAS NORMALES,NO,NO,NO,SI,REGULAR,40,BUENO,NINGUNO,0,0,0,0,50,50,0,0,0,0,0,0,0,0,100,0,0,0,33.31,24.53,28.92,8.78,16263.26,0.45,264.9,0.2,80.2,33.13,23.9,28.52,9.23,23910.96,0.24,295.6,0.17,79.1,32.87,22.94,27.9,9.93,14926.18,0.14,56.4,0.03,79.03,5625.58
2908,Mecanizado,SI,P3966 (Pioneer),Maiz,SI,Mecanizada,NO,5,46,95,73000,5,0,0,0,0,0,0,2,1,0,0,1,2,0,0,0,80,0,0,0,0,0,0,0,0,0,2,4,PLANO O LLANO,PLANO,3,6,SIN ROCAS,SI,18,1,SI,19,NO,ATERRONADA,NO,NO,NO HAY,LA MANIANA Y LA TARDE,NO HAY,NO HAY,NO,SI,17,PLANTAS NORMALES,SI,NO,NO,SI,ESPACIADO,18,LENTO A MUY LENTO,LENTO,0,0,0,0,0,0,0,100,0,0,0,74.29,25.71,0,0,0,0,0,32.68,24.01,28.35,8.67,14512.39,0.15,268.6,0.18,82.35,33.73,24.51,29.12,9.22,22540.07,0.52,109.7,0.05,79.93,34.98,24,29.49,10.99,21819.32,0.88,0,0,73.14,4709.3
2958,Mecanizado,SI,DK 234 YGRR,Maiz,SI,Manual,SI,5,47,88,70000,7,0,0,0,0,0,1,0,1,0,1,0,1,0,0,0,76,0,0,0,0,0,20,0,0,0,2,4,PLANO O LLANO,PLANO,3,5,SIN ROCAS,NO,-1,-1,SI,23,SI,GRANULAR,NO,NO,NO HAY,LA MANIANA Y LA TARDE,NO HAY,NO HAY,NO,SI,43,PLANTAS NORMALES,SI,NO,SI,NO,REGULAR,43,LENTO A MUY LENTO,LENTO,0,0,0,0,0,0,0,100,0,0,0,0,0,48.57,51.43,0,0,0,32.66,23.97,28.32,8.7,14575.71,0.15,249,0.15,82.25,33.66,24.5,29.08,9.16,22478.02,0.5,129.3,0.07,80.19,34.85,23.9,29.37,10.96,19069.69,0.86,0,0,73.33,5462.79
2636,Manual,NO,Otro,Maiz,NO,Mecanizada,SI,4,56,84,60000,10,0,0,0,0,0,0,0,1,0,0,0,2,0,0,0,138,0,0,0,0,0,0,0,0,0,3,1,PLANO O LLANO,PLANO,2,5,SIN ROCAS,NO,-1,-1,NO,-1,NO,ATERRONADA,NO,NO,NO HAY,LA MANIANA Y LA TARDE,NO HAY,NO HAY,NO,SI,22,PLANTAS NORMALES,NO,NO,SI,NO,BUENO,38,BUENO,NINGUNO,0,0,0,0,100,0,0,0,0,0,0,100,0,0,0,0,0,0,33.62,24.59,29.11,9.02,15396.86,0.5,187.7,0.15,80.6,34.43,24.74,29.58,9.69,22635.64,0.55,257.8,0.14,78.94,33.61,24.41,29.01,9.2,17952.52,0.4,135.2,0.13,81.12,3906.98
2506,Mecanizado,SI,Otro,Algodon,SI,Manual,SI,5,46,73,71000,14,0,0,0,0,0,0,1,1,0,0,1,3,0,0,0,86,0,0,0,0,0,0,0,0,0,2,4,PLANO O LLANO,PLANO,3,6,SIN ROCAS,NO,-1,-1,SI,45,NO,GRANULAR,NO,NO,NO HAY,LA MANIANA Y LA TARDE,NO HAY,NO HAY,NO,SI,35,PLANTAS NORMALES,SI,NO,NO,NO,REGULAR,45,LENTO A MUY LENTO,LENTO,0,0,0,0,0,0,0,73.33,26.67,0,0,0,0,100,0,0,0,0,33.83,24.73,29.28,9.1,15505.82,0.42,118.3,0.08,79.27,33.99,24.42,29.2,9.57,22471.86,0.48,306.2,0.19,80.25,33.37,24.46,28.91,8.91,10177.18,0.33,54.8,0.07,82.22,4672.09
700,Mecanizado,SI,DK 234,Algodon,SI,Mecanizada,NO,8,40,90,68000,7,0,0,0,0,0,0,1,0,1,0,0,3,0,0,0,115,0,0,0,0,0,30,0,0,0,4,2,PLANO O LLANO,PLANO,2,5,SIN ROCAS,SI,27,6,NO,-1,NO,ATERRONADA,NO,NO,NO HAY,LA MANIANA Y LA TARDE,NO HAY,NO HAY,NO,SI,25,PLANTAS NORMALES,NO,NO,NO,NO,REGULAR,27,BUENO,NINGUNO,0,100,0,0,0,0,0,0,0,0,0,100,0,0,0,0,0,0,31.88,24.52,28.2,7.36,14549.47,0.08,196.7,0.15,80.7,33.52,24.45,28.98,9.07,22519.3,0.38,313.7,0.12,78.29,32.39,23.76,28.07,8.64,15161.48,0.15,250.7,0.2,81.17,3490.7
4316,Mecanizado,NO,Otro,Algodon,SI,Mecanizada,NO,5,49,81,61000,16,0,0,0,0,0,0,0,1,0,0,0,2,0,0,0,92,0,0,0,0,0,30,0,0,0,4,3,PLANO O LLANO,PLANO,2,6,SIN ROCAS,NO,-1,-1,NO,-1,NO,ATERRONADA,NO,NO,NO HAY,LA MANIANA Y LA TARDE,NO HAY,NO HAY,NO,SI,26,PLANTAS NORMALES,SI,NO,SI,NO,BUENO,60,BUENO,LENTO,0,100,0,0,0,0,0,0,0,0,0,0,0,0,100,0,0,0,33.27,24.47,28.87,8.8,15353.37,0.42,414.8,0.25,80.03,33.24,23.83,28.54,9.41,22807.7,0.28,238.7,0.16,78.96,32.46,22.56,27.51,9.9,15498.54,0.05,173.5,0.16,79.23,6440.81
2173,Mecanizado,SI,DK 234 YGRR,Maiz,SI,Manual,SI,5,77,48,70000,12,0,0,0,0,0,0,0,1,0,0,0,1,0,0,0,138,0,0,0,0,0,60,0,0,0,2,1,PLANO O LLANO,PLANO,2,5.5,SIN ROCAS,NO,-1,-1,NO,-1,NO,ATERRONADA,NO,NO,NO HAY,LA MANIANA Y LA TARDE,NO HAY,NO HAY,NO,SI,32,PLANTAS NORMALES,NO,NO,SI,NO,REGULAR,50,BUENO,NINGUNO,0,0,0,0,30,70,0,0,0,0,0,100,0,0,0,0,0,0,33.81,24.7,29.26,9.11,15193.95,0.55,190.6,0.15,80.1,34.26,24.7,29.48,9.56,22364.94,0.5,259.7,0.14,79.17,33.78,24.33,29.06,9.45,12874.81,0.42,115.2,0.18,80.62,4343.02
1830,Mecanizado,NO,DK 234,Algodon,NO,Manual,NO,3,42,82,55000,10,0,0,0,0,0,0,1,1,0,0,0,1,0,0,0,92,0,0,0,0,0,60,0,0,0,4,1.1,PLANO O LLANO,PLANO,3,7,SIN ROCAS,NO,-1,-1,NO,-1,NO,ATERRONADA,NO,NO,NO HAY,LA MANIANA Y LA TARDE,NO HAY,NO HAY,NO,SI,25,POCO AFECTADAS,SI,NO,SI,SI,MUY BUENO,60,BUENO,NINGUNO,0,0,0,0,46.67,0,0,53.33,0,0,0,0,0,100,0,0,0,0,34.68,25.07,29.88,9.62,15731.78,0.6,61.7,0.05,77.57,33.48,24.18,28.83,9.31,22218.06,0.36,318,0.21,81.42,33.41,24.64,29.02,8.77,11344.25,0.43,55.8,0.03,82.33,3530.23
2628,Manual,NO,P3966 (Pioneer),Maiz,NO,Manual,SI,7,55,77,50000,14,0,0,0,0,0,0,0,0,0,0,0,1,0,0,0,138,0,0,0,0,0,0,0,0,0,3,1,PLANO O LLANO,PLANO,2,5.5,SIN ROCAS,NO,-1,-1,NO,-1,NO,ATERRONADA,NO,NO,NO HAY,LA MANIANA Y LA TARDE,NO HAY,NO HAY,NO,SI,25,PLANTAS NORMALES,NO,NO,SI,NO,BUENO,40,BUENO,NINGUNO,0,0,0,0,0,0,0,100,0,0,0,0,0,0,100,0,0,0,33.32,24.31,28.82,9.01,14614.81,0.38,198.3,0.15,80.5,34.41,24.67,29.54,9.74,22731.31,0.55,260.1,0.14,79.23,33.38,24.45,28.92,8.93,15898.19,0.38,111.2,0.12,82.12,3441.86
2484,Mecanizado,NO,PAC 105,Algodon,NO,Manual,SI,5,45,88,60000,10,0,0,0,0,0,0,0,0,0,0,0,1,0,0,0,138,0,0,0,0,0,60,0,0,0,2,1,PLANO O LLANO,PLANO,2,5,SIN ROCAS,SI,20,6,NO,-1,NO,ATERRONADA,NO,NO,NO HAY,LA MANIANA Y LA TARDE,NO HAY,NO HAY,NO,SI,20,POCO AFECTADAS,SI,NO,NO,SI,REGULAR,20,BUENO,NINGUNO,0,0,0,0,100,0,0,0,0,0,0,100,0,0,0,0,0,0,33.19,24.32,28.75,8.87,14849.71,0.35,198.3,0.15,80.67,34.42,24.57,29.5,9.85,22754.6,0.55,260.1,0.14,79.21,33.39,24.56,28.97,8.83,15494.51,0.39,132.4,0.15,82.34,3813.95
2504,Manual,NO,Impacto (Syngenta),Maiz,SI,Manual,SI,5,46,74,70000,15,0,0,0,0,0,0,1,1,0,0,1,0,0,0,0,86,0,0,0,0,0,0,0,0,0,2,4,PLANO O LLANO,PLANO,3,6.5,SIN ROCAS,NO,-1,-1,SI,43,NO,GRANULAR,NO,NO,NO HAY,LA MANIANA Y LA TARDE,NO HAY,NO HAY,NO,SI,31,PLANTAS NORMALES,SI,NO,SI,SI,ESPACIADO,43,LENTO A MUY LENTO,LENTO,0,0,0,0,0,0,0,100,0,0,0,0,0,100,0,0,0,0,33.56,24.56,29.06,9,15314.59,0.38,145.1,0.1,79.89,34.19,24.47,29.33,9.72,22685.08,0.52,282.9,0.17,79.87,33.24,24.52,28.88,8.72,10331.11,0.32,78.3,0.11,82.32,4632.56
1804,Mecanizado,NO,Otro,Algodon,NO,Manual,NO,5,53,63,84000,11,1,0,0,0,0,0,1,0,0,0,0,2,0,0,0,69.1,0,0,0.3,0,0,30.1,0,0,0,5,1.7,PLANO O LLANO,PLANO,3,6.5,SIN ROCAS,NO,-1,-1,SI,37,SI,ATERRONADA,NO,NO,NO HAY,LA MANIANA Y LA TARDE,NO HAY,NO HAY,NO,SI,21,PLANTAS NORMALES,SI,NO,SI,SI,MUY BUENO,37,LENTO A MUY LENTO,NINGUNO,0,0,0,0,0,42.31,0,57.69,0,0,0,0,0,0,23.08,0,76.92,0,33.83,24.73,29.28,9.1,15505.82,0.42,118.3,0.08,79.27,33.99,24.42,29.2,9.57,22471.86,0.48,306.2,0.19,80.25,33.42,24.43,28.93,9,9073.59,0.38,50.3,0.08,82.08,5933.72
2450,Mecanizado,NO,Otro,Algodon,SI,Manual,SI,5,47,73,70000,72,1,0,0,0,0,0,1,1,0,0,1,4,0,0,0,103.5,0,0,0,0,0,60,0,0,0,4,6,ONDULADO,PLANO,2,5.5,SIN ROCAS,NO,-1,-1,NO,-1,NO,GRANULAR,NO,NO,NO HAY,LA MANIANA Y LA TARDE,NO HAY,NO HAY,NO,SI,18,PLANTAS NORMALES,NO,NO,SI,NO,ESPACIADO,60,BUENO,LENTO,0,0,0,0,0,0,0,100,0,0,0,0,0,100,0,0,0,0,34.73,23.36,29.05,11.38,15855.63,0.6,114.4,0.1,80.67,35.14,23.28,29.21,11.86,24629.7,0.76,424.4,0.17,81.07,35.21,23.18,29.19,12.03,11446.8,0.75,35.9,0.04,80.81,4409.3
4262,Mecanizado,NO,DK 234 YGRR,Algodon,SI,Mecanizada,NO,6,49,84,70000,16,0,0,0,0,0,0,0,1,0,0,0,0,2,0,0,61,0,0,15,0,0,15,0,0,0,3,3,PLANO O LLANO,PLANO,2,6,SIN ROCAS,NO,-1,-1,NO,-1,NO,ATERRONADA,NO,NO,NO HAY,LA MANIANA Y LA TARDE,NO HAY,NO HAY,NO,SI,21,NO HAY CULTIVO,SI,NO,SI,NO,BUENO,60,BUENO,LENTO,0,100,0,0,0,0,0,0,0,0,0,0,0,0,100,0,0,0,33.31,24.53,28.92,8.78,15221.06,0.45,380.8,0.22,80.2,33.13,23.9,28.52,9.23,22515.62,0.24,243.1,0.16,79.1,32.69,22.82,27.75,9.87,17226.78,0.12,204.3,0.17,79.21,6404.65
2257,Mecanizado,NO,P3966 (Pioneer),Algodon,SI,Manual,NO,5,45,74,62500,13,0,0,0,0,0,0,1,2,0,0,0,3,0,0,0,92,0,0,0,0,0,30,0,0,0,4,1.2,PLANO O LLANO,PLANO,2,5.5,SIN ROCAS,NO,-1,-1,NO,-1,NO,ATERRONADA,NO,NO,NO HAY,LA MANIANA Y LA TARDE,NO HAY,NO HAY,NO,SI,35,POCO AFECTADAS,SI,NO,SI,SI,MUY BUENO,60,BUENO,NINGUNO,0,70,0,0,0,0,0,30,0,0,0,0,0,30,0,0,70,0,33.83,24.73,29.28,9.1,15505.82,0.42,118.3,0.08,79.27,33.99,24.42,29.2,9.57,22471.86,0.48,306.2,0.19,80.25,33.37,24.46,28.91,8.91,10177.18,0.33,54.8,0.07,82.22,5790.7
3696,Mecanizado,SI,P3966 (Pioneer),Maiz,SI,Mecanizada,NO,5,46,88,76000,14,1,0,0,0,0,0,0,2,0,0,0,6,0,0,15,106,0,15,0,0,15,30,0,0,1,3,3,PLANO O LLANO,PLANO,2,5,SIN ROCAS,NO,-1,-1,NO,-1,NO,GRANULAR,NO,NO,NO HAY,LA MANIANA Y LA TARDE,NO HAY,NO HAY,NO,NO,-1,PLANTAS NORMALES,SI,NO,SI,NO,BUENO,61,BUENO,LENTO,0,0,0,0,0,0,0,100,0,0,57.38,42.62,0,0,0,0,0,0,33.36,24.82,29.09,8.55,14841.06,0.42,268,0.15,80.28,33.15,23.97,28.56,9.18,22333.74,0.28,341.5,0.19,79.04,32.91,22.91,27.91,10,17665.88,0.12,203.8,0.19,78.95,6310.47
4028,Mecanizado,SI,Otro,Algodon,NO,Manual,SI,5,45,85,72000,15,0,0,0,0,0,0,2,2,0,0,1,2,0,0,0,115,0,0,0,0,0,30,0,0,0,3,4,PLANO O LLANO,PLANO,2,6,SIN ROCAS,NO,-1,-1,NO,-1,NO,GRANULAR,NO,NO,NO HAY,LA MANIANA Y LA TARDE,NO HAY,NO HAY,NO,SI,27,PLANTAS NORMALES,SI,NO,SI,NO,BUENO,58,BUENO,LENTO,0,0,0,0,0,0,0,100,0,0,0,0,0,100,0,0,0,0,33.27,24.47,28.87,8.8,15320.63,0.42,413.8,0.25,80,33.24,23.8,28.52,9.44,22778.46,0.28,239,0.16,78.98,32.45,22.55,27.5,9.89,15607.88,0.05,175.5,0.16,79.2,6076.74
3830,Mecanizado,SI,Otro,Algodon,SI,Mecanizada,NO,5,46,88,74000,8,2,0,0,0,0,0,2,2,0,0,1,0,0,0,1.5,103.5,0,2.5,0,0,30,30,0,0,2,3,4,PLANO O LLANO,PLANO,2,6,SIN ROCAS,NO,-1,-1,NO,-1,NO,ATERRONADA,NO,NO,NO HAY,LA MANIANA Y LA TARDE,NO HAY,NO HAY,NO,SI,24,PLANTAS NORMALES,SI,NO,SI,NO,BUENO,60,BUENO,LENTO,0,0,0,0,0,0,0,100,0,0,0,0,0,51.67,48.33,0,0,0,33.31,24.53,28.92,8.78,15221.06,0.45,380.8,0.22,80.2,33.13,23.9,28.52,9.23,22515.62,0.24,243.1,0.16,79.1,32.69,22.82,27.75,9.87,17226.78,0.12,204.3,0.17,79.21,5556.98
2285,Mecanizado,SI,DK 234 YGRR,Algodon,NO,Manual,NO,4,48,81,55000,9,0,0,0,0,0,0,0,1,0,0,0,1,0,0,0,46,0,0,0,0,0,0,0,0,0,1,1,PLANO O LLANO,PLANO,2,6,SIN ROCAS,NO,-1,-1,SI,25,NO,GRANULAR,NO,SI,NO HAY,LA MANIANA Y LA TARDE,NO HAY,NO HAY,NO,SI,17,PLANTAS NORMALES,NO,NO,SI,NO,ESPACIADO,25,LENTO A MUY LENTO,NINGUNO,0,0,0,0,0,0,63.33,36.67,0,0,100,0,0,0,0,0,0,0,33.83,24.73,29.28,9.1,15505.82,0.42,118.3,0.08,79.27,33.99,24.42,29.2,9.57,22471.86,0.48,306.2,0.19,80.25,33.42,24.54,28.98,8.88,13699.29,0.39,86.1,0.08,82.36,2193.02
4195,Mecanizado,SI,Otro,Maiz,SI,Mecanizada,NO,5,46,90,73000,6,0,0,0,0,0,2,0,2,0,0,0,0,0,0,40,69,0,0,0,0,20,30,0,0,1,3,3,PLANO O LLANO,PLANO,3,5.5,SIN ROCAS,NO,-1,-1,NO,-1,NO,GRANULAR,NO,NO,NO HAY,LA MANIANA Y LA TARDE,NO HAY,NO HAY,NO,SI,37,PLANTAS NORMALES,SI,NO,SI,NO,BUENO,69,BUENO,LENTO,0,0,0,0,0,0,0,100,0,0,0,0,0,43.48,56.52,0,0,0,33.27,24.47,28.87,8.8,15320.63,0.42,413.8,0.25,80,33.24,23.8,28.52,9.44,22778.46,0.28,239,0.16,78.98,32.16,22.44,27.3,9.73,17571.95,0.05,283.8,0.18,79.72,5462.79
4322,Mecanizado,NO,Otro,Maiz,SI,Mecanizada,NO,6,49,84,60000,16,0,0,0,0,0,0,0,1,0,0,0,2,0,0,0,61,0,0,15,0,0,45,0,0,0,4,3,PLANO O LLANO,PLANO,2,6,SIN ROCAS,SI,17,5,NO,-1,NO,MASIVA,NO,NO,NO HAY,LA MANIANA Y LA TARDE,NO HAY,NO HAY,NO,SI,15,POCO AFECTADAS,NO,NO,NO,NO,REGULAR,15,BUENO,LENTO,0,100,0,0,0,0,0,0,0,0,0,0,0,0,100,0,0,0,33.2,24.36,28.78,8.84,15270.45,0.4,394,0.25,80.17,33.26,23.72,28.49,9.54,23140.46,0.26,246.5,0.16,78.79,32.14,22.49,27.31,9.65,16614.59,0.05,268.2,0.17,80,5983.72
45,Mecanizado,NO,Otro,Algodon,SI,Manual,NO,5,64,59,60000,12,0,0,0,0,0,0,0,2,0,0,0,0,0,0,0,46,0,0,0,0,0,0,0,0,0,1,2,PLANO O LLANO,PLANO,3,6,SIN ROCAS,SI,22,1.5,SI,11,NO,GRANULAR,NO,NO,NO HAY,LA MANIANA Y LA TARDE,NO HAY,NO HAY,NO,NO,-1,PLANTAS NORMALES,SI,NO,NO,NO,BUENO,11,LENTO A MUY LENTO,NINGUNO,0,0,0,0,80.95,0,0,19.05,0,0,100,0,0,0,0,0,0,0,32.32,24.28,28.3,8.04,14809.63,0.15,182.9,0.1,81.22,32.6,23.81,28.2,8.79,23980,0.16,282.1,0.16,80.52,32.19,23.54,27.86,8.65,11066.68,0.03,223.2,0.29,81.84,4897.67
4250,Mecanizado,SI,Otro,Maiz,SI,Manual,NO,5,42,86,73000,5,0,0,0,0,0,2,0,2,0,1,0,0,0,0,0,69,0,0,0,0,0,60,0,0,0,4,3,PLANO O LLANO,PLANO,2,5.5,SIN ROCAS,NO,-1,-1,NO,-1,NO,ATERRONADA,NO,NO,NO HAY,LA MANIANA Y LA TARDE,NO HAY,NO HAY,NO,SI,40,PLANTAS NORMALES,SI,NO,SI,NO,REGULAR,68,BUENO,LENTO,0,0,0,0,0,0,0,100,0,0,0,0,0,51.47,48.53,0,0,0,33.11,24.47,28.79,8.64,15224.75,0.4,414.8,0.25,80.5,33.26,23.86,28.56,9.4,22784.95,0.29,235.5,0.16,78.88,32.63,22.74,27.68,9.89,14795.52,0.06,176.2,0.17,79.1,5581.4
2194,Manual,NO,DK 234 YGRR,Algodon,SI,Manual,NO,5,45,71,62500,12,0,0,0,0,0,0,1,1,0,0,0,0,0,0,0,149.5,0,0,0,0,0,30,0,0,0,5,1.8,PLANO O LLANO,PLANO,2,5,SIN ROCAS,NO,-1,-1,NO,-1,NO,ATERRONADA,NO,NO,NO HAY,LA MANIANA Y LA TARDE,NO HAY,NO HAY,NO,SI,38,POCO AFECTADAS,SI,NO,SI,SI,MUY BUENO,60,BUENO,NINGUNO,0,0,0,0,36.67,0,63.33,0,0,0,0,0,0,0,63.33,0,36.67,0,34.81,25.04,29.93,9.77,15826.93,0.6,82.9,0.08,77.22,33.5,24.29,28.9,9.21,21921.86,0.36,303.9,0.19,81.82,33.67,24.57,29.12,9.11,9386.71,0.58,42.7,0.04,81.33,3296.51
2939,Manual,NO,PIONEER 30F35 HRR,Maiz,NO,Manual,NO,4,48,80,60000,3,0,0,0,0,0,0,1,1,0,0,0,1,0,0,0,92,0,0,0,0,0,0,0,0,0,2,2,PLANO O LLANO,PLANO,2,6,SIN ROCAS,NO,-1,-1,SI,25,NO,GRANULAR,NO,NO,NO HAY,LA MANIANA Y LA TARDE,NO HAY,NO HAY,NO,SI,21,PLANTAS NORMALES,NO,NO,SI,NO,ESPACIADO,25,LENTO A MUY LENTO,NINGUNO,0,40,0,0,0,0,0,60,0,0,100,0,0,0,0,0,0,0,32.1,24.82,28.46,7.29,13956.84,0.02,98,0.1,88.2,33.27,25.08,29.17,8.19,22720.54,0.19,163.8,0.07,83.37,32.56,24.78,28.67,7.79,13545.52,0.14,15.1,0.03,82.51,5018.6
4229,Mecanizado,NO,Otro,Maiz,NO,Mecanizada,NO,6,48,71,60000,17,0,0,0,0,0,0,0,2,0,0,0,2,0,0,0,69,0,0,0,0,0,30,0,0,0,3,2,PLANO O LLANO,PLANO,2,5.5,SIN ROCAS,NO,-1,-1,NO,-1,NO,ATERRONADA,NO,NO,NO HAY,LA MANIANA Y LA TARDE,NO HAY,NO HAY,NO,SI,18,PLANTAS NORMALES,SI,NO,SI,NO,BUENO,60,BUENO,NINGUNO,0,60,0,0,0,0,0,40,0,0,0,0,0,40,60,0,0,0,33.08,24.47,28.77,8.61,15128.73,0.4,411.7,0.25,80.58,33.27,23.88,28.58,9.39,22776.3,0.29,239.9,0.16,78.76,32.88,22.75,27.82,10.13,11737.73,0.07,129.8,0.18,78.98,5860.47
2082,Mecanizado,SI,Otro,Algodon,SI,Manual,SI,5,46,75,72000,15,0,0,0,0,0,0,2,0,0,0,0,0,0,0,0,92,0,0,0,0,0,90,0,0,0,4,4,PLANO O LLANO,PLANO,2,5.5,SIN ROCAS,NO,-1,-1,NO,-1,NO,GRANULAR,NO,NO,NO HAY,LA MANIANA Y LA TARDE,NO HAY,NO HAY,NO,SI,31,PLANTAS NORMALES,NO,NO,SI,NO,ESPACIADO,60,BUENO,LENTO,0,0,0,0,0,0,0,55,45,0,0,0,0,100,0,0,0,0,33.83,24.73,29.28,9.1,15505.82,0.42,118.3,0.08,79.27,33.99,24.42,29.2,9.57,22471.86,0.48,306.2,0.19,80.25,33.41,24.53,28.97,8.88,10962.5,0.34,54.8,0.07,82.21,5116.28
4270,Mecanizado,SI,Otro,Maiz,SI,Manual,NO,5,46,79,73000,5,0,0,0,0,0,0,0,1,0,0,0,1,0,0,0,92,0,0,0,0,0,0,0,0,0,2,3,PLANO O LLANO,PLANO,2,5,SIN ROCAS,NO,-1,-1,NO,-1,NO,ATERRONADA,NO,NO,NO HAY,LA MANIANA Y LA TARDE,POCO MARCADAS,NO HAY,NO,SI,38,PLANTAS NORMALES,SI,NO,SI,NO,REGULAR,70,BUENO,LENTO,0,0,0,0,0,0,0,100,0,0,0,0,0,47.14,52.86,0,0,0,33.16,24.54,28.85,8.63,15197.96,0.42,412.1,0.25,80.33,33.19,23.88,28.53,9.3,22550.01,0.26,216.1,0.14,79.04,32.92,22.84,27.88,10.08,13830.69,0.12,155.5,0.18,78.94,5745.35
2642,Manual,NO,ADV 9339 (Syngenta),Maiz,SI,Manual,SI,6,54,92,60000,11,0,0,0,0,0,0,0,0,0,0,0,1,0,0,0,184,0,0,0,0,0,60,0,0,0,3,1,PLANO O LLANO,PLANO,2,5,SIN ROCAS,NO,-1,-1,NO,-1,NO,ATERRONADA,NO,NO,NO HAY,LA MANIANA Y LA TARDE,NO HAY,NO HAY,NO,SI,22,POCO AFECTADAS,NO,NO,SI,NO,ESPACIADO,40,BUENO,NINGUNO,0,60,0,0,0,0,0,40,0,0,0,100,0,0,0,0,0,0,33.81,24.7,29.26,9.11,15193.95,0.55,190.6,0.15,80.1,34.26,24.7,29.48,9.56,22364.94,0.5,259.7,0.14,79.17,33.63,24.49,29.06,9.14,21027.91,0.42,141,0.11,81.39,3906.98
4296,Manual,SI,Otro,Maiz,NO,Mecanizada,NO,6,48,83,60000,17,0,0,0,0,0,0,0,1,0,0,0,2,0,0,0,115,0,0,0,0,0,0,0,0,0,2,2,PLANO O LLANO,PLANO,2,6,SIN ROCAS,NO,-1,-1,NO,-1,NO,GRANULAR,NO,NO,NO HAY,LA MANIANA Y LA TARDE,NO HAY,NO HAY,NO,SI,24,PLANTAS NORMALES,SI,NO,SI,SI,REGULAR,60,BUENO,NINGUNO,0,100,0,0,0,0,0,0,0,0,0,0,0,0,100,0,0,0,33.3,24.29,28.8,9.01,15429.55,0.4,395.4,0.25,79.88,33.26,23.69,28.48,9.57,23213.61,0.26,245.1,0.16,78.74,32.08,22.46,27.27,9.62,15767.31,0.05,260,0.18,80.05,5441.86
2932,Manual,NO,DK7088,Maiz,NO,Manual,NO,4,46,80,60000,7,0,0,0,0,0,0,1,1,0,0,0,2,0,0,0,92,0,0,0,0,0,0,0,0,0,2,1,PLANO O LLANO,PLANO,2,5.5,SIN ROCAS,NO,-1,-1,SI,23,NO,GRANULAR,NO,NO,POCO MARCADAS,LA MANIANA Y LA TARDE,NO HAY,POCO MARCADAS,NO,SI,20,PLANTAS NORMALES,NO,NO,SI,NO,BUENO,23,LENTO A MUY LENTO,NINGUNO,0,36.67,0,0,0,0,63.33,0,0,0,63.33,36.67,0,0,0,0,0,0,33.02,25.24,29.13,7.77,14353.37,0.12,51.4,0.05,86.17,32.91,24.98,28.95,7.93,22848.7,0.19,127.5,0.05,81.99,32.94,24.33,28.64,8.6,13620.99,0.18,24.5,0.03,82,4958.14
2618,Mecanizado,NO,DK 234,Algodon,NO,Manual,NO,6,54,79,60000,11,0,0,0,0,0,0,0,0,0,0,0,1,0,0,0,161,0,0,0,0,0,30,0,0,0,3,1,PLANO O LLANO,PLANO,1,4.5,SIN ROCAS,SI,28,5,NO,-1,NO,ATERRONADA,NO,NO,NO HAY,LA MANIANA Y LA TARDE,NO HAY,POCO MARCADAS,NO,SI,24,POCO AFECTADAS,NO,NO,NO,NO,REGULAR,28,BUENO,NINGUNO,0,100,0,0,0,0,0,0,0,0,0,100,0,0,0,0,0,0,33.31,24.36,28.83,8.95,15132.61,0.35,181.1,0.12,80.44,34.32,24.54,29.43,9.77,22715.79,0.53,272.6,0.16,79.46,33.28,24.51,28.89,8.77,15872.84,0.36,119.9,0.12,82.31,3720.93
2515,Mecanizado,SI,P4082 (Pioneer),Algodon,SI,Manual,NO,5,47,89,70000,15,0,0,0,0,0,0,1,1,0,0,1,0,0,0,0,69,0,0,0,0,0,30,0,0,0,3,3,PLANO O LLANO,PLANO,2,6,SIN ROCAS,NO,-1,-1,NO,-1,NO,GRANULAR,NO,NO,NO HAY,LA MANIANA Y LA TARDE,NO HAY,NO HAY,NO,SI,23,PLANTAS NORMALES,NO,NO,SI,NO,REGULAR,60,BUENO,LENTO,0,0,0,0,0,0,0,100,0,0,0,0,0,56.67,43.33,0,0,0,33.83,24.73,29.28,9.1,15505.82,0.42,118.3,0.08,79.27,33.99,24.42,29.2,9.57,22471.86,0.48,306.2,0.19,80.25,33.4,24.5,28.95,8.9,16676.59,0.41,188.5,0.11,82.07,3813.95
2457,Mecanizado,NO,Impacto (Syngenta),Maiz,SI,Manual,SI,5,47,72,70000,60,0,0,0,0,0,0,2,1,0,0,0,1,0,0,0,80.5,0,0,0,0,0,30,0,0,0,3,5,PLANO O LLANO,PLANO,2,5.5,SIN ROCAS,NO,-1,-1,NO,-1,NO,GRANULAR,NO,NO,NO HAY,LA MANIANA Y LA TARDE,NO HAY,NO HAY,NO,SI,22,PLANTAS NORMALES,NO,NO,SI,NO,ESPACIADO,60,BUENO,LENTO,0,0,0,0,0,0,0,100,0,0,0,0,0,100,0,0,0,0,34.88,23.51,29.2,11.37,16150.64,0.62,112.2,0.1,80.88,35.18,23.34,29.26,11.83,24286.24,0.78,256.6,0.12,81.03,35.34,23.2,29.27,12.14,11168.73,0.78,205.9,0.15,80.9,5023.26
1961,Mecanizado,NO,Otro,Algodon,NO,Manual,NO,4,48,68,60000,6,0,0,0,0,0,0,0,1,0,0,0,2,0,0,0,92,0,0,0,0,0,0,0,0,0,2,2,PLANO O LLANO,PLANO,2,6,SIN ROCAS,NO,-1,-1,NO,-1,NO,GRANULAR,NO,NO,NO HAY,LA MANIANA Y LA TARDE,NO HAY,NO HAY,NO,SI,24,PLANTAS NORMALES,NO,NO,SI,NO,REGULAR,60,BUENO,NINGUNO,0,0,25,0,0,0,0,0,75,0,0,100,0,0,0,0,0,0,34.86,24.96,29.91,9.9,16009.56,0.6,87.6,0.08,76.92,33.59,24.32,28.95,9.27,22037.35,0.4,296.6,0.19,81.73,33.62,24.72,29.17,8.9,8860.45,0.57,42.7,0.04,81.78,3441.86
4156,Manual,SI,Otro,Maiz,SI,Manual,NO,7,48,86,58000,16,0,0,0,0,0,0,0,1,0,0,0,2,0,0,0,115,0,0,0,0,0,0,0,0,0,3,3,PLANO O LLANO,PLANO,2,5.5,SIN ROCAS,NO,-1,-1,NO,-1,NO,MASIVA,NO,NO,NO HAY,LA MANIANA Y LA TARDE,NO HAY,NO HAY,NO,SI,20,PLANTAS NORMALES,SI,NO,NO,NO,BUENO,20,BUENO,LENTO,0,60,0,40,0,0,0,0,0,0,0,0,0,0,100,0,0,0,32.92,24.02,28.47,8.9,15055.5,0.35,408,0.28,80.31,33.21,23.5,28.35,9.71,23870.97,0.21,252.6,0.17,78.56,32.17,22.83,27.5,9.34,16808.75,0.02,325.5,0.2,80.18,7723.26
4029,Mecanizado,SI,Otro,Algodon,SI,Manual,NO,5,46,84,72000,15,2,0,0,0,0,0,2,3,0,0,0,3,0,0,0,115,0,0,0,0,0,30,0,0,0,3,4,PLANO O LLANO,PLANO,2,6,SIN ROCAS,NO,-1,-1,NO,-1,NO,GRANULAR,NO,NO,NO HAY,LA MANIANA Y LA TARDE,NO HAY,NO HAY,NO,SI,26,PLANTAS NORMALES,SI,NO,SI,NO,BUENO,61,BUENO,LENTO,0,0,0,0,0,0,0,100,0,0,0,0,0,100,0,0,0,0,33.27,24.47,28.87,8.8,15320.63,0.42,413.8,0.25,80,33.24,23.8,28.52,9.44,22778.46,0.28,239,0.16,78.98,32.45,22.55,27.5,9.89,15607.88,0.05,175.5,0.16,79.2,5970.93
2610,Manual,SI,PAC 105,Algodon,NO,Manual,NO,5,44,74,54000,18,1,0,0,0,0,1,0,0,0,0,0,2,1,0,0,92,0,0,0,0,0,0,0,0,0,2,2,PLANO O LLANO,PLANO,2,6,SIN ROCAS,NO,-1,-1,NO,-1,NO,ATERRONADA,NO,NO,NO HAY,LA MANIANA Y LA TARDE,NO HAY,NO HAY,NO,SI,35,PLANTAS NORMALES,NO,NO,NO,NO,REGULAR,70,BUENO,NINGUNO,0,48.57,0,0,0,0,0,51.43,0,0,0,51.43,48.57,0,0,0,0,0,34.37,24.89,29.63,9.48,15771.34,0.52,98.2,0.05,77.97,33.68,24.32,29,9.36,22303.83,0.41,317.6,0.21,81.01,33.35,24.57,28.96,8.78,9734.65,0.38,44.7,0.04,82.69,4651.16
2038,Mecanizado,SI,DK 234 YGRR,Algodon,NO,Manual,NO,4,47,79,55000,10,0,0,0,0,0,0,0,1,0,0,0,2,0,0,0,92,0,0,0,0,0,0,0,0,0,2,1,PLANO O LLANO,PLANO,2,6.5,SIN ROCAS,NO,-1,-1,SI,27,NO,GRANULAR,NO,NO,NO HAY,LA MANIANA Y LA TARDE,NO HAY,NO HAY,NO,SI,29,PLANTAS NORMALES,NO,NO,SI,SI,BUENO,29,LENTO A MUY LENTO,NINGUNO,0,0,0,0,0,0,48.33,51.67,0,0,100,0,0,0,0,0,0,0,33.83,24.73,29.28,9.1,15505.82,0.42,118.3,0.08,79.27,33.99,24.42,29.2,9.57,22471.86,0.48,306.2,0.19,80.25,33.31,24.52,28.91,8.79,12391.87,0.36,64.9,0.06,82.55,3337.21
3667,Mecanizado,SI,Otro,Algodon,SI,Manual,NO,5,44,88,71000,14,0,0,0,0,0,0,0,1,0,0,0,0,0,0,0,115,0,0,0,0,0,30,0,0,0,3,3,PLANO O LLANO,LADERA PLANA,2,6,SIN ROCAS,NO,-1,-1,SI,30,NO,GRANULAR,NO,NO,NO HAY,LA MANIANA Y LA TARDE,NO HAY,NO HAY,NO,SI,33,PLANTAS NORMALES,SI,NO,SI,NO,BUENO,33,LENTO A MUY LENTO,LENTO,0,0,0,0,0,0,0,47.46,52.54,0,0,0,0,100,0,0,0,0,33.14,24.23,28.69,8.91,15322.65,0.38,395.4,0.25,79.92,33.33,23.72,28.53,9.61,23404.95,0.26,245.1,0.16,78.59,32.05,22.44,27.24,9.61,15697.35,0.05,268.2,0.18,80.19,5116.28
1790,Manual,SI,PIONEER 30F35,Algodon,SI,Manual,NO,4,49,72,62000,7,0,0,0,0,0,0,0,1,0,0,0,1,0,0,0,46,0,0,0,0,0,30,0,0,0,2,2,PLANO O LLANO,PLANO,2,6,SIN ROCAS,NO,-1,-1,NO,-1,NO,GRANULAR,NO,NO,NO HAY,LA MANIANA Y LA TARDE,NO HAY,NO HAY,NO,SI,25,PLANTAS NORMALES,NO,NO,SI,NO,BUENO,60,BUENO,NINGUNO,0,0,0,0,63.33,0,0,36.67,0,0,0,0,0,0,100,0,0,0,33.22,24.32,28.77,8.9,14930.25,0.35,181.3,0.12,80.62,34.39,24.58,29.49,9.82,22703.7,0.55,272.6,0.16,79.3,33.31,24.41,28.86,8.9,10550.41,0.32,83.2,0.14,82.04,1506.98
4219,Mecanizado,NO,Otro,Maiz,SI,Mecanizada,NO,6,51,76,63000,16,0,0,0,0,0,0,1,1,0,0,1,2,0,0,0,80.5,0,0,0,0,0,30,0,0,0,3,3,PLANO O LLANO,PLANO,2,5.5,SIN ROCAS,NO,-1,-1,NO,-1,NO,MASIVA,NO,NO,NO HAY,LA MANIANA Y LA TARDE,NO HAY,NO HAY,NO,SI,28,PLANTAS NORMALES,NO,NO,SI,NO,BUENO,28,BUENO,LENTO,0,55.38,0,0,44.62,0,0,0,0,0,0,0,0,0,100,0,0,0,33.31,24.53,28.92,8.78,15221.06,0.45,380.8,0.22,80.2,33.13,23.9,28.52,9.23,22515.62,0.24,243.1,0.16,79.1,32.89,22.95,27.92,9.94,14968.58,0.14,189.4,0.19,79.03,7008.14
3048,Manual,NO,DK 234,Maiz,NO,Manual,NO,5,46,88,55000,12,1,0,0,0,0,0,0,1,0,0,0,1,0,0,0,92,0,0,0,0,0,0,0,0,0,2,1,PLANO O LLANO,PLANO,2,6,SIN ROCAS,SI,13,4,SI,27,NO,GRANULAR,NO,NO,NO HAY,LA MANIANA Y LA TARDE,NO HAY,NO HAY,NO,SI,23,PLANTAS NORMALES,NO,NO,NO,NO,REGULAR,23,LENTO A MUY LENTO,NINGUNO,0,43.33,0,0,0,0,56.67,0,0,0,56.67,43.33,0,0,0,0,0,0,32.05,24.93,28.5,7.12,14802.14,0.02,212.2,0.2,89.01,32.94,25.09,29.02,7.85,21173.19,0.16,105.6,0.09,85.57,32.59,24.93,28.76,7.66,16183.52,0.07,115.1,0.05,82.2,5148.84
3507,Mecanizado,SI,Status (Syngenta),Maiz,SI,Manual,NO,5,47,91,62000,13,1,0,0,0,0,0,0,2,0,0,0,0,0,0,0,161,0,0,0,0,0,90,0,0,0,5,3,PLANO O LLANO,PLANO,2,6,SIN ROCAS,NO,-1,-1,NO,-1,NO,GRANULAR,NO,NO,NO HAY,LA MANIANA Y LA TARDE,NO HAY,NO HAY,NO,SI,28,PLANTAS NORMALES,SI,NO,SI,NO,BUENO,60,BUENO,LENTO,0,0,0,0,0,0,0,100,0,0,0,0,0,100,0,0,0,0,33.31,24.53,28.92,8.78,15221.06,0.45,380.8,0.22,80.2,33.13,23.9,28.52,9.23,22515.62,0.24,243.1,0.16,79.1,32.51,22.61,27.56,9.9,18685.25,0.11,207.3,0.15,79.37,6216.28
3944,Manual,SI,PIONEER 30F35 H,Maiz,SI,Manual,NO,4,47,86,65000,7,0,0,0,0,0,0,1,1,0,0,0,2,0,0,0,38,0,0,15,0,0,15,0,0,0,2,1,PLANO O LLANO,PLANO,2,6,SIN ROCAS,NO,-1,-1,SI,26,NO,GRANULAR,NO,NO,POCO MARCADAS,LA MANIANA Y LA TARDE,NO HAY,NO HAY,NO,SI,21,PLANTAS NORMALES,NO,NO,SI,SI,REGULAR,26,LENTO A MUY LENTO,NINGUNO,0,41.67,58.33,0,0,0,0,0,0,0,100,0,0,0,0,0,0,0,33.16,24.54,28.85,8.63,15197.96,0.42,412.1,0.25,80.33,33.19,23.88,28.53,9.3,22550.01,0.26,216.1,0.14,79.04,32.69,22.81,27.75,9.88,16439.16,0.1,200,0.18,79.16,5720.93
1797,Mecanizado,NO,PAC 105,Algodon,NO,Manual,NO,4,47,70,60000,6,0,0,0,0,0,0,0,1,0,0,0,2,0,0,0,115,0,0,0,0,0,0,0,0,0,3,1,PLANO O LLANO,PLANO,2,6.5,SIN ROCAS,SI,15,8,NO,-1,NO,ATERRONADA,NO,NO,NO HAY,LA MANIANA Y LA TARDE,NO HAY,NO HAY,NO,SI,40,MUY AFECTADAS,NO,NO,NO,NO,REGULAR,40,BUENO,NINGUNO,0,0,0,0,50,50,0,0,0,0,0,0,0,0,100,0,0,0,34.31,24.89,29.6,9.43,15670.01,0.5,160.3,0.15,80.43,32.96,24.32,28.64,8.64,22911.46,0.24,389.2,0.21,86.41,32.57,24.57,28.57,8,9375.16,0.04,123.7,0.17,85.4,2139.53
1548,Manual,SI,Otro,Maiz,NO,Manual,NO,5,44,104,62000,18,0,0,0,0,0,0,0,1,0,0,0,2,0,0,0,92,0,0,0,0,0,0,0,0,0,2,3,PLANO O LLANO,PLANO,2,5.5,SIN ROCAS,NO,-1,-1,NO,-1,NO,MASIVA,NO,NO,NO HAY,LA MANIANA Y LA TARDE,NO HAY,NO HAY,NO,SI,46,PLANTAS NORMALES,NO,NO,SI,NO,REGULAR,46,BUENO,LENTO,0,0,0,0,0,0,0,0,100,0,0,0,0,0,100,0,0,0,32.67,23.81,28.24,8.86,15064.78,0.22,224.6,0.18,81.35,32.52,24.1,28.31,8.42,20417.45,0.14,264.2,0.12,82.34,33.82,23.51,28.67,10.31,22353.75,0.52,67.9,0.04,77.38,3767.44
653,Mecanizado,NO,Otro,Maiz,SI,Manual,NO,6,42,80,57000,13,0,0,0,0,0,0,2,0,2,0,0,0,0,0,0,0,0,0,0,0,0,0,0,0,0,2,2,PLANO O LLANO,PLANO,2,5.5,SIN ROCAS,NO,-1,-1,NO,-1,NO,MASIVA,NO,NO,NO HAY,LA MANIANA Y LA TARDE,NO HAY,NO HAY,NO,SI,48,PLANTAS NORMALES,NO,NO,SI,NO,REGULAR,48,BUENO,NINGUNO,0,44.29,0,0,55.71,0,0,0,0,0,0,0,0,55.71,44.29,0,0,0,31.88,24.52,28.2,7.36,14549.47,0.08,196.7,0.15,80.7,33.52,24.45,28.98,9.07,22519.3,0.38,313.7,0.12,78.29,32.4,23.62,28.01,8.79,11704.47,0.19,208.3,0.23,80.68,3813.95
2379,Mecanizado,SI,P3966 (Pioneer),Algodon,NO,Manual,SI,5,47,68,60000,11,0,0,0,0,0,0,1,1,0,0,0,2,0,0,0,46,0,0,0,0,0,30,0,0,0,2,1,PLANO O LLANO,PLANO,2,5,SIN ROCAS,SI,24,12,NO,-1,NO,ATERRONADA,NO,NO,POCO MARCADAS,LA MANIANA Y LA TARDE,NO HAY,NO HAY,NO,SI,19,POCO AFECTADAS,NO,NO,NO,NO,ESPACIADO,24,BUENO,NINGUNO,0,52.17,47.83,0,0,0,0,0,0,0,0,0,0,0,100,0,0,0,33.22,24.32,28.77,8.9,14930.25,0.35,181.3,0.12,80.62,34.39,24.58,29.49,9.82,22703.7,0.55,272.6,0.16,79.3,33.1,24.3,28.7,8.79,8597.41,0.22,77.2,0.17,82.35,3446.51
672,Mecanizado,SI,DK 234,Maiz,SI,Mecanizada,NO,7,39,113,64000,14,0,0,0,0,0,0,2,0,0,0,0,0,0,0,55,46,0,23,0,0,0,0,0,0,2,1,3,PLANO O LLANO,PLANO CON ONDULACIONES,2,6.5,SIN ROCAS,NO,-1,-1,NO,-1,NO,ATERRONADA,NO,NO,NO HAY,LA MANIANA Y LA TARDE,NO HAY,NO HAY,NO,SI,20,NO HAY CULTIVO,NO,NO,NO,NO,REGULAR,70,BUENO,LENTO,0,100,0,0,0,0,0,0,0,0,0,40,60,0,0,0,0,0,32.15,23.68,27.92,8.47,13635.91,0.05,262.4,0.2,82.2,32.44,23.81,28.13,8.63,20729.99,0,221.6,0.12,81.71,32.94,23.36,28.15,9.58,26262.56,0.13,9.9,0,76.95,5000
2979,Manual,NO,PIONEER 30F35 HRR,Maiz,NO,Manual,NO,4,47,91,50000,8,0,0,0,0,0,0,0,1,0,0,0,1,0,0,0,61,0,0,15,0,0,15,0,0,0,2,2,PLANO O LLANO,PLANO,2,6,SIN ROCAS,NO,-1,-1,SI,16,NO,GRANULAR,NO,NO,POCO MARCADAS,LA MANIANA Y LA TARDE,POCO MARCADAS,NO HAY,NO,SI,22,PLANTAS NORMALES,NO,NO,SI,NO,REGULAR,22,LENTO A MUY LENTO,NINGUNO,0,25,0,0,0,0,0,75,0,0,75,25,0,0,0,0,0,0,31.9,24.85,28.38,7.05,14329.67,0.02,174,0.18,88.83,33.24,25.17,29.2,8.07,22024.68,0.19,63.8,0.05,84.59,32.55,24.9,28.72,7.65,17136.53,0.13,115.1,0.04,82.36,5244.19
2458,Mecanizado,NO,ADV 9339 (Syngenta),Maiz,SI,Mecanizada,SI,5,46,79,70000,60,1,0,0,0,0,0,2,1,0,0,1,3,0,0,29,72,0,20,10,0,0,30,0,0,2,4,5,PLANO O LLANO,PLANO,2,5.5,SIN ROCAS,NO,-1,-1,NO,-1,NO,GRANULAR,NO,NO,NO HAY,LA MANIANA Y LA TARDE,NO HAY,NO HAY,NO,SI,19,PLANTAS NORMALES,NO,NO,SI,NO,ESPACIADO,60,BUENO,LENTO,0,0,0,0,0,0,0,100,0,0,0,0,0,100,0,0,0,0,34.86,23.42,29.14,11.44,16017.46,0.65,116.3,0.1,80.87,35.24,23.39,29.32,11.85,24389.59,0.78,240.2,0.12,81.06,35.2,23.27,29.24,11.93,13771.82,0.73,223.2,0.12,80.82,4651.16
478,Mecanizado,NO,Otro,Maiz,SI,Manual,NO,5,79,59,68000,6,0,0,0,0,0,0,0,1,0,0,0,1,0,0,0,69,0,0,0,0,0,0,0,0,0,1,3,ONDULADO,PLANO CON ONDULACIONES,2,5,SIN ROCAS,SI,8,11,NO,-1,NO,ATERRONADA,NO,NO,NO HAY,LA MANIANA Y LA TARDE,NO HAY,NO HAY,SI,SI,26,PLANTAS NORMALES,NO,NO,NO,SI,BUENO,26,BUENO,LENTO,0,100,0,0,0,0,0,0,0,0,0,0,0,0,100,0,0,0,32.27,23.66,27.97,8.61,13642.27,0.05,271.2,0.2,82.1,32.35,23.83,28.09,8.53,20510.62,0,229.1,0.14,81.83,32.8,23.43,28.11,9.37,19295.36,0.07,12.6,0,78.04,2383.72
666,Mecanizado,NO,DK 234,Algodon,NO,Manual,NO,7,41,79,62000,10,0,0,0,0,0,0,1,0,1,0,0,2,1,0,0,82.8,0,0,0,0,0,0,0,0,0,2,2,PLANO O LLANO,PLANO,2,6,SIN ROCAS,NO,-1,-1,NO,-1,NO,MASIVA,NO,NO,NO HAY,LA MANIANA Y LA TARDE,NO HAY,NO HAY,NO,SI,25,PLANTAS NORMALES,NO,NO,SI,NO,BUENO,25,BUENO,NINGUNO,0,25.71,74.29,0,0,0,0,0,0,0,0,0,0,74.29,25.71,0,0,0,32.02,24.51,28.26,7.51,14772.68,0.08,185.4,0.12,80.35,33.36,24.55,28.96,8.81,22134.36,0.38,325,0.14,78.48,32.67,23.61,28.14,9.06,11689.3,0.2,155.3,0.2,80.13,3398.84
676,Mecanizado,NO,Otro,Maiz,SI,Mecanizada,NO,6,43,71,67000,12,0,0,0,0,0,0,1,0,0,0,0,2,0,0,55,0,0,23,0,0,0,0,0,0,2,0,2,PLANO O LLANO,PLANO,2,5.5,SIN ROCAS,SI,23,7,NO,-1,NO,ATERRONADA,NO,NO,NO HAY,LA MANIANA Y LA TARDE,NO HAY,NO HAY,NO,SI,20,PLANTAS NORMALES,NO,NO,NO,NO,REGULAR,23,BUENO,NINGUNO,0,100,0,0,0,0,0,0,0,0,0,100,0,0,0,0,0,0,32.07,23.98,28.03,8.09,13364.52,0.02,164.2,0.12,82.38,32.67,23.72,28.2,8.96,22307.71,0.05,145.7,0.07,80.38,32.73,23.21,27.97,9.52,9977.81,0,6.4,0,76.47,6948.84
680,Mecanizado,NO,Otro,Maiz,SI,Mecanizada,NO,6,44,63,62000,12,0,0,0,0,0,0,1,1,0,0,0,2,1,0,59.5,46,0,34.5,0,0,0,0,0,0,2,1,2,PLANO O LLANO,PLANO,2,5.5,SIN ROCAS,NO,-1,-1,NO,-1,NO,ATERRONADA,NO,NO,NO HAY,LA MANIANA Y LA TARDE,NO HAY,NO HAY,NO,SI,32,PLANTAS NORMALES,NO,NO,NO,NO,BUENO,70,BUENO,NINGUNO,0,100,0,0,0,0,0,0,0,0,0,100,0,0,0,0,0,0,32.25,23.84,28.04,8.42,13916.75,0,125,0.12,81.67,32.74,23.66,28.2,9.09,23018.34,0.05,112.8,0.05,80.1,32.77,23.22,27.99,9.55,6751.49,0.06,6.4,0,75.24,6483.72
682,Mecanizado,NO,Otro,Maiz,SI,Mecanizada,NO,6,42,75,65000,11,0,0,0,0,0,0,1,2,0,0,0,0,0,0,69,46,0,0,0,0,0,0,0,0,1,1,2,PLANO O LLANO,PLANO,2,5.5,SIN ROCAS,NO,-1,-1,NO,-1,NO,MASIVA,NO,NO,NO HAY,LA MANIANA Y LA TARDE,NO HAY,NO HAY,NO,SI,40,PLANTAS NORMALES,NO,NO,NO,NO,BUENO,40,BUENO,NINGUNO,0,100,0,0,0,0,0,0,0,0,0,100,0,0,0,0,0,0,31.99,23.96,27.98,8.03,13294.62,0.02,170.4,0.12,82.5,32.61,23.83,28.22,8.78,21763.42,0.02,147.7,0.07,81.1,32.89,23.04,27.96,9.85,11479.02,0.08,6.4,0,75.88,6404.65
701,Mecanizado,SI,PAC 105,Algodon,SI,Mecanizada,NO,7,39,82,60000,8,0,0,0,0,0,0,2,0,1,0,0,2,0,0,0,92,0,0,0,0,0,0,0,0,0,2,2,PLANO O LLANO,PLANO,2,5,SIN ROCAS,NO,-1,-1,NO,-1,NO,ATERRONADA,NO,NO,NO HAY,LA MANIANA Y LA TARDE,NO HAY,NO HAY,NO,SI,34,PLANTAS NORMALES,NO,NO,NO,NO,ESPACIADO,70,BUENO,NINGUNO,0,100,0,0,0,0,0,0,0,0,0,100,0,0,0,0,0,0,32.97,24.85,28.91,8.12,14356.97,0.2,182.4,0.2,81.58,33.67,24.62,29.14,9.05,25748.99,0.4,229.4,0.09,79.83,32.25,24.2,28.22,8.04,11954.7,0.16,127.6,0.13,81.7,3667.44
711,Mecanizado,SI,PIONEER 30F35,Maiz,SI,Mecanizada,NO,5,46,86,66000,10,0,0,0,0,0,0,0,0,0,0,0,3,0,0,0,115,0,0,0,0,0,0,0,0,0,3,5,ONDULADO,PIE DE UNA ELEVACION,2,4.5,SIN ROCAS,SI,10,13,NO,-1,NO,ATERRONADA,NO,NO,NO HAY,LA MANIANA Y LA TARDE,NO HAY,NO HAY,NO,SI,20,POCO AFECTADAS,NO,NO,NO,NO,REGULAR,20,BUENO,LENTO,0,100,0,0,0,0,0,0,0,0,0,100,0,0,0,0,0,0,33.82,24.27,29.05,9.55,14512.48,0.55,163.3,0.12,80.57,34.47,23.97,29.22,10.5,22458.08,0.6,213.9,0.07,80.17,32.18,23.18,27.68,9,14723.73,0.15,117.3,0.1,83.81,4050
712,Mecanizado,SI,Otro,Algodon,SI,Mecanizada,NO,5,45,83,63000,14,0,0,0,0,0,0,1,0,1,0,0,3,0,0,0,115,0,0,0,0,0,0,0,0,0,3,2,PLANO O LLANO,PLANO,2,5.5,SIN ROCAS,NO,-1,-1,NO,-1,NO,ATERRONADA,NO,NO,NO HAY,LA MANIANA Y LA TARDE,NO HAY,NO HAY,NO,SI,29,POCO AFECTADAS,NO,NO,NO,NO,ESPACIADO,70,BUENO,NINGUNO,0,100,0,0,0,0,0,0,0,0,0,100,0,0,0,0,0,0,31.88,24.52,28.2,7.36,14549.47,0.08,196.7,0.15,80.7,33.52,24.45,28.98,9.07,22519.3,0.38,313.7,0.12,78.29,32.43,23.71,28.07,8.72,13476.02,0.17,219.5,0.19,80.69,4709.3
716,Mecanizado,NO,Otro,Algodon,SI,Mecanizada,NO,7,43,87,64000,12,0,0,0,0,0,0,1,1,0,0,0,3,0,0,55,69,0,23,0,0,0,0,0,0,2,2,2,PLANO O LLANO,PLANO,2,5,SIN ROCAS,NO,-1,-1,NO,-1,NO,ATERRONADA,NO,NO,MUY MARCADAS,LA MANIANA Y LA TARDE,NO HAY,NO HAY,NO,SI,32,PLANTAS NORMALES,NO,NO,SI,NO,REGULAR,70,BUENO,NINGUNO,0,100,0,0,0,0,0,0,0,0,0,100,0,0,0,0,0,0,32.13,24.72,28.42,7.41,14665.92,0.08,225.7,0.2,80.7,33.42,24.14,28.78,9.29,22555.55,0.38,343.3,0.12,78.48,32.67,23.81,28.24,8.86,15064.78,0.22,224.6,0.18,81.35,4709.3
1575,Mecanizado,NO,DK 234,Maiz,SI,Mecanizada,NO,6,42,83,58000,12,0,0,0,0,0,0,0,2,0,0,0,2,0,0,0,92,0,0,0,0,0,0,0,0,0,2,3,PLANO O LLANO,PLANO CON ONDULACIONES,2,5.5,SIN ROCAS,NO,-1,-1,NO,-1,NO,ATERRONADA,NO,NO,NO HAY,LA MANIANA Y LA TARDE,NO HAY,NO HAY,NO,SI,20,POCO AFECTADAS,NO,NO,NO,NO,REGULAR,70,BUENO,LENTO,0,100,0,0,0,0,0,0,0,0,0,100,0,0,0,0,0,0,32.69,23.73,28.21,8.96,15212.1,0.22,229.3,0.18,81.12,32.46,24.04,28.25,8.42,20444.35,0.14,264.2,0.12,82.4,33.52,23.73,28.62,9.8,13556.18,0.41,67.4,0.06,78.92,3813.95
1801,Mecanizado,NO,DK 234 YGRR,Algodon,SI,Mecanizada,NO,4,47,76,62500,12,0,0,0,0,0,0,1,0,0,0,1,0,0,0,0,72.25,0,0,0,0,0,67.5,0,0,0,6,1.6,PLANO O LLANO,PLANO,3,6.5,SIN ROCAS,SI,2,20,NO,-1,NO,ATERRONADA,NO,NO,NO HAY,LA MANIANA Y LA TARDE,NO HAY,NO HAY,NO,SI,35,PLANTAS NORMALES,SI,NO,SI,SI,MUY BUENO,35,BUENO,NINGUNO,0,0,0,78.57,21.43,0,0,0,0,0,0,0,0,0,78.57,0,21.43,0,34.37,24.89,29.63,9.48,15771.34,0.52,98.2,0.05,77.97,33.68,24.32,29,9.36,22303.83,0.41,317.6,0.21,81.01,33.43,24.63,29.03,8.81,11306.31,0.43,74.7,0.07,82.7,5212.21
4149,Mecanizado,NO,P3966 (Pioneer),Maiz,SI,Mecanizada,NO,3,47,86,62500,17,0,0,0,0,0,0,0,1,1,0,0,1,0,0,0,92,0,0,0,0,0,0,0,0,0,2,3,PLANO O LLANO,PLANO,2,6,SIN ROCAS,NO,-1,-1,SI,28,NO,ATERRONADA,NO,NO,NO HAY,LA MANIANA Y LA TARDE,NO HAY,NO HAY,NO,SI,32,PLANTAS NORMALES,NO,NO,SI,NO,BUENO,32,LENTO A MUY LENTO,LENTO,0,100,0,0,0,0,0,0,0,0,0,0,0,0,100,0,0,0,33.08,24.47,28.77,8.61,15128.73,0.4,411.7,0.25,80.58,33.27,23.88,28.58,9.39,22776.3,0.29,239.9,0.16,78.76,32.55,22.7,27.62,9.85,15929.82,0.05,176.2,0.15,79.32,5839.53
4150,Mecanizado,NO,Otro,Maiz,SI,Mecanizada,NO,5,46,86,60500,15,0,0,0,0,0,0,0,2,0,0,0,2,0,0,0,92,0,0,0,0,0,0,0,0,0,2,3,PLANO O LLANO,PLANO,2,6,SIN ROCAS,NO,-1,-1,NO,-1,NO,ATERRONADA,NO,NO,NO HAY,LA MANIANA Y LA TARDE,NO HAY,NO HAY,NO,SI,29,PLANTAS NORMALES,NO,NO,SI,NO,BUENO,60,BUENO,LENTO,0,100,0,0,0,0,0,0,0,0,0,0,0,0,100,0,0,0,33.08,24.47,28.77,8.61,15128.73,0.4,411.7,0.25,80.58,33.27,23.88,28.58,9.39,22776.3,0.29,239.9,0.16,78.76,32.52,22.61,27.56,9.9,16329.01,0.05,176.7,0.15,79.3,5528.72
4158,Mecanizado,NO,Otro,Algodon,SI,Mecanizada,NO,5,52,82,61000,16,0,0,0,0,0,0,0,2,0,0,0,2,0,0,0,92,0,0,0,0,0,30,0,0,0,3,2,PLANO O LLANO,PLANO,3,6,SIN ROCAS,NO,-1,-1,NO,-1,NO,ATERRONADA,NO,NO,NO HAY,LA MANIANA Y LA TARDE,NO HAY,NO HAY,NO,SI,24,PLANTAS NORMALES,NO,NO,SI,NO,BUENO,60,BUENO,NINGUNO,0,0,0,0,28.33,0,0,71.67,0,0,0,0,0,28.33,71.67,0,0,0,33.27,24.47,28.87,8.8,15353.37,0.42,414.8,0.25,80.03,33.24,23.83,28.54,9.41,22807.7,0.28,238.7,0.16,78.96,32.29,22.42,27.35,9.87,16928.55,0.05,176,0.14,79.47,6197.67
4161,Mecanizado,NO,ADV 9293 (Syngenta),Algodon,SI,Manual,NO,6,51,82,67000,18,0,0,0,0,0,0,0,1,0,0,0,2,0,0,0,115,0,0,0,0,0,30,0,0,0,4,3,PLANO O LLANO,PLANO,2,6,SIN ROCAS,SI,22,8,NO,-1,NO,MASIVA,NO,NO,NO HAY,LA MANIANA Y LA TARDE,NO HAY,NO HAY,NO,SI,21,POCO AFECTADAS,NO,NO,NO,NO,REGULAR,21,BUENO,LENTO,0,100,0,0,0,0,0,0,0,0,0,0,0,0,100,0,0,0,33.11,24.47,28.79,8.64,15224.75,0.4,414.8,0.25,80.5,33.26,23.86,28.56,9.4,22784.95,0.29,235.5,0.16,78.88,32.35,22.47,27.41,9.88,16938.07,0.05,179.2,0.14,79.44,6674.42
4162,Mecanizado,NO,Otro,Algodon,SI,Mecanizada,NO,6,50,83,61000,16,0,0,0,0,0,0,0,2,0,0,0,2,0,0,0,115,0,0,0,0,0,0,0,0,0,3,2,PLANO O LLANO,PLANO,2,6.5,SIN ROCAS,NO,-1,-1,NO,-1,NO,ATERRONADA,NO,NO,NO HAY,LA MANIANA Y LA TARDE,NO HAY,NO HAY,NO,SI,28,PLANTAS NORMALES,SI,NO,SI,NO,BUENO,60,BUENO,NINGUNO,0,100,0,0,0,0,0,0,0,0,0,0,0,0,100,0,0,0,33.27,24.47,28.87,8.8,15353.37,0.42,414.8,0.25,80.03,33.24,23.83,28.54,9.41,22807.7,0.28,238.7,0.16,78.96,32.29,22.42,27.35,9.87,16928.55,0.05,176,0.14,79.47,5911.63
4167,Mecanizado,NO,Otro,Algodon,SI,Mecanizada,NO,6,50,83,70000,16,0,0,0,0,0,0,0,1,2,0,0,1,1,0,0,69,0,0,0,0,0,30,0,0,0,3,2,PLANO O LLANO,PLANO,2,6,SIN ROCAS,NO,-1,-1,NO,-1,NO,MASIVA,NO,NO,NO HAY,LA MANIANA Y LA TARDE,NO HAY,NO HAY,NO,SI,19,POCO AFECTADAS,NO,NO,SI,NO,REGULAR,19,BUENO,NINGUNO,0,100,0,0,0,0,0,0,0,0,0,0,0,0,100,0,0,0,33.27,24.47,28.87,8.8,15353.37,0.42,414.8,0.25,80.03,33.24,23.83,28.54,9.41,22807.7,0.28,238.7,0.16,78.96,32.29,22.42,27.35,9.87,16928.55,0.05,176,0.14,79.47,7440.7
4168,Mecanizado,NO,P4082 (Pioneer),Algodon,SI,Mecanizada,NO,6,48,74,60000,15,0,0,0,0,0,0,0,1,0,0,0,3,0,0,0,69,0,0,0,0,0,0,0,0,0,2,2,PLANO O LLANO,PLANO,2,6,SIN ROCAS,NO,-1,-1,NO,-1,NO,ATERRONADA,NO,NO,NO HAY,LA MANIANA Y LA TARDE,NO HAY,NO HAY,NO,SI,18,PLANTAS NORMALES,NO,NO,SI,NO,BUENO,65,BUENO,NINGUNO,0,50.77,0,0,0,0,0,49.23,0,0,0,0,0,49.23,50.77,0,0,0,32.94,23.98,28.46,8.96,15084.92,0.35,351.1,0.25,80.32,33.21,23.48,28.34,9.73,23913.34,0.21,246.4,0.17,78.55,31.84,22.36,27.1,9.48,11836.57,0.03,229.7,0.16,80.41,6593.02
4169,Manual,NO,DK 234 YGRR,Algodon,SI,Mecanizada,NO,5,47,79,65000,15,0,0,0,0,0,0,0,1,0,0,0,2,0,0,0,41,0,0,36,0,0,18,0,0,0,3,4,PLANO O LLANO,PLANO,2,6,SIN ROCAS,NO,-1,-1,NO,-1,NO,MASIVA,NO,NO,NO HAY,LA MANIANA Y LA TARDE,NO HAY,NO HAY,NO,SI,27,PLANTAS NORMALES,NO,NO,SI,NO,BUENO,27,BUENO,LENTO,0,100,0,0,0,0,0,0,0,0,0,0,0,0,100,0,0,0,32.94,23.98,28.46,8.96,15084.92,0.35,351.1,0.25,80.32,33.21,23.48,28.34,9.73,23913.34,0.21,246.4,0.17,78.55,31.96,22.48,27.22,9.48,12991.17,0.03,234.6,0.15,80.17,6404.65
4171,Manual,NO,Otro,Algodon,SI,Manual,NO,6,48,86,65000,18,0,0,0,0,0,0,0,1,0,0,0,2,0,0,0,80.5,0,0,0,0,0,0,0,0,0,2,2,PLANO O LLANO,PLANO,2,6,SIN ROCAS,NO,-1,-1,NO,-1,NO,ATERRONADA,NO,NO,NO HAY,LA MANIANA Y LA TARDE,NO HAY,NO HAY,NO,SI,23,PLANTAS NORMALES,NO,NO,SI,NO,BUENO,60,BUENO,NINGUNO,0,100,0,0,0,0,0,0,0,0,0,0,0,0,100,0,0,0,33.27,24.47,28.87,8.8,15320.63,0.42,413.8,0.25,80,33.24,23.8,28.52,9.44,22778.46,0.28,239,0.16,78.98,32.19,22.43,27.31,9.76,17256.71,0.05,187.8,0.16,79.62,5501.16
4175,Mecanizado,NO,P3966 (Pioneer),Maiz,SI,Mecanizada,NO,7,49,82,61000,16,0,0,0,0,0,0,0,1,0,0,0,2,0,0,0,109,0,0,0,0,0,20,0,0,0,3,2,PLANO O LLANO,PLANO,2,6,SIN ROCAS,NO,-1,-1,NO,-1,NO,ATERRONADA,NO,NO,NO HAY,LA MANIANA Y LA TARDE,NO HAY,NO HAY,NO,SI,29,PLANTAS NORMALES,SI,NO,SI,NO,BUENO,60,BUENO,NINGUNO,0,100,0,0,0,0,0,0,0,0,0,0,0,0,100,0,0,0,33.11,24.47,28.79,8.64,15224.75,0.4,414.8,0.25,80.5,33.26,23.86,28.56,9.4,22784.95,0.29,235.5,0.16,78.88,32.44,22.49,27.46,9.95,16696.92,0.05,179.2,0.15,79.25,7151.16
4177,Mecanizado,NO,P4082 (Pioneer),Algodon,SI,Mecanizada,NO,1,48,87,60000,18,0,0,0,0,0,0,0,2,0,0,0,3,0,0,0,92,0,0,0,0,0,30,0,0,0,3,2,PLANO O LLANO,PLANO,2,5.5,SIN ROCAS,NO,-1,-1,NO,-1,NO,ATERRONADA,NO,NO,NO HAY,LA MANIANA Y LA TARDE,NO HAY,NO HAY,NO,SI,26,PLANTAS NORMALES,NO,NO,SI,NO,BUENO,60,BUENO,NINGUNO,0,100,0,0,0,0,0,0,0,0,0,0,0,0,100,0,0,0,32.94,23.98,28.46,8.96,15084.92,0.35,351.1,0.25,80.32,33.21,23.48,28.34,9.73,23913.34,0.21,246.4,0.17,78.55,32.15,22.71,27.43,9.44,14979.06,0.03,257.7,0.18,80.13,7627.91
4179,Mecanizado,NO,Cerato (Syngenta),Algodon,SI,Mecanizada,NO,6,49,68,58000,17,0,0,0,0,0,0,0,2,0,0,0,1,0,0,0,107,0,0,15,0,0,45,0,0,0,4,2,PLANO O LLANO,PLANO,2,5.5,SIN ROCAS,NO,-1,-1,NO,-1,NO,ATERRONADA,NO,NO,NO HAY,LA MANIANA Y LA TARDE,NO HAY,NO HAY,NO,SI,25,PLANTAS NORMALES,SI,NO,SI,NO,BUENO,60,BUENO,NINGUNO,0,100,0,0,0,0,0,0,0,0,0,0,0,0,100,0,0,0,33.1,24.06,28.58,9.04,15045.21,0.32,182.4,0.18,79.45,32.99,23.15,28.07,9.85,24106.38,0.12,288.4,0.19,78.76,31.99,22.76,27.37,9.23,9692.45,0,218.2,0.23,80.61,7440.7
4205,Mecanizado,NO,DK 234 YGRR,Maiz,SI,Mecanizada,NO,5,48,92,60000,19,0,0,0,0,0,0,0,2,0,0,0,1,0,0,0,69,0,0,0,0,0,30,0,0,0,3,2,PLANO O LLANO,PLANO,2,6,SIN ROCAS,NO,-1,-1,NO,-1,NO,ATERRONADA,NO,NO,NO HAY,LA MANIANA Y LA TARDE,NO HAY,NO HAY,NO,SI,25,PLANTAS NORMALES,NO,NO,SI,NO,BUENO,60,BUENO,NINGUNO,0,100,0,0,0,0,0,0,0,0,0,0,0,0,100,0,0,0,33.07,24.19,28.63,8.88,15123.25,0.38,426.4,0.28,79.97,33.32,23.62,28.47,9.7,23832.9,0.24,220.9,0.14,78.6,32.15,22.79,27.47,9.36,18427.75,0.02,357.2,0.23,80.11,7063.95
4206,Mecanizado,NO,P3966 (Pioneer),Maiz,SI,Mecanizada,NO,7,49,89,60000,19,0,0,0,0,0,0,0,1,0,0,0,1,0,0,0,109,0,0,0,0,0,20,0,0,0,3,3,PLANO O LLANO,PLANO,2,6,SIN ROCAS,NO,-1,-1,NO,-1,NO,ATERRONADA,NO,NO,NO HAY,LA MANIANA Y LA TARDE,NO HAY,NO HAY,NO,SI,29,PLANTAS NORMALES,NO,NO,SI,NO,BUENO,60,BUENO,LENTO,0,100,0,0,0,0,0,0,0,0,0,0,0,0,100,0,0,0,33.07,24.19,28.63,8.88,15123.25,0.38,426.4,0.28,79.97,33.32,23.62,28.47,9.7,23832.9,0.24,220.9,0.14,78.6,32.15,22.79,27.47,9.36,18427.75,0.02,357.2,0.23,80.11,7627.91
4216,Mecanizado,NO,Otro,Maiz,SI,Mecanizada,NO,6,48,81,70000,17,0,0,0,0,0,0,0,1,0,0,0,2,1,0,0,92,0,0,0,0,0,0,0,0,0,2,3,PLANO O LLANO,PLANO,2,6,SIN ROCAS,NO,-1,-1,NO,-1,NO,ATERRONADA,NO,NO,NO HAY,LA MANIANA Y LA TARDE,NO HAY,NO HAY,NO,SI,26,PLANTAS NORMALES,NO,NO,SI,NO,REGULAR,60,BUENO,LENTO,0,100,0,0,0,0,0,0,0,0,0,0,0,0,100,0,0,0,33.31,24.45,28.88,8.86,15301.82,0.42,412.8,0.28,80.03,33.29,23.77,28.53,9.53,23027.95,0.28,237.7,0.14,78.82,32.28,22.44,27.36,9.83,15333.53,0.05,166,0.16,79.54,7198.84
4224,Manual,NO,P4082 (Pioneer),Maiz,SI,Manual,NO,5,49,80,63000,17,0,0,0,0,0,0,0,1,0,0,0,2,0,0,0,92,0,0,0,0,0,30,0,0,0,4,3,PLANO O LLANO,PLANO,2,5.5,SIN ROCAS,NO,-1,-1,NO,-1,NO,ATERRONADA,NO,NO,NO HAY,LA MANIANA Y LA TARDE,NO HAY,NO HAY,NO,SI,22,PLANTAS NORMALES,NO,NO,SI,NO,BUENO,60,BUENO,LENTO,0,100,0,0,0,0,0,0,0,0,0,0,0,0,100,0,0,0,33.3,24.75,29.02,8.55,14874.73,0.42,347,0.18,80.33,33.18,23.96,28.57,9.22,22423.29,0.28,262.5,0.17,79.06,33,22.86,27.93,10.14,15688.92,0.14,172.3,0.19,78.81,6498.84
4228,Mecanizado,NO,PIONEER 30F35,Algodon,NO,Mecanizada,NO,6,52,74,62000,18,0,0,0,0,0,0,0,1,0,0,0,2,0,0,0,92,0,0,0,0,0,30,0,0,0,4,2,PLANO O LLANO,PLANO,2,5,SIN ROCAS,NO,-1,-1,NO,-1,NO,MASIVA,NO,NO,NO HAY,LA MANIANA Y LA TARDE,NO HAY,NO HAY,NO,SI,20,PLANTAS NORMALES,NO,NO,SI,NO,BUENO,20,BUENO,NINGUNO,0,100,0,0,0,0,0,0,0,0,0,0,0,0,100,0,0,0,33.27,24.47,28.87,8.8,15320.63,0.42,413.8,0.25,80,33.24,23.8,28.52,9.44,22778.46,0.28,239,0.16,78.98,32.52,22.69,27.61,9.83,14393.85,0.06,172.5,0.17,79.16,5813.95
4253,Mecanizado,NO,P3966 (Pioneer),Algodon,SI,Mecanizada,NO,6,48,84,60000,16,0,0,0,0,0,0,0,2,0,0,0,2,0,0,0,92,0,0,0,0,0,30,0,0,0,3,3,PLANO O LLANO,PLANO,2,6,SIN ROCAS,NO,-1,-1,NO,-1,NO,ATERRONADA,NO,NO,NO HAY,LA MANIANA Y LA TARDE,NO HAY,NO HAY,NO,SI,20,PLANTAS NORMALES,NO,NO,SI,NO,BUENO,60,BUENO,LENTO,0,68.33,0,31.67,0,0,0,0,0,0,0,0,0,31.67,68.33,0,0,0,33.13,24.19,28.66,8.94,15355.27,0.38,426.4,0.28,79.97,33.36,23.72,28.54,9.63,23476.86,0.26,214.1,0.14,78.52,32.1,22.5,27.3,9.6,16061.72,0.05,271.6,0.17,79.99,7532.56
4264,Mecanizado,NO,PIONEER 30F35 HRR,Algodon,SI,Mecanizada,NO,6,50,84,69800,17,0,0,0,0,0,0,0,1,0,0,0,2,0,0,0,69,0,0,0,0,0,30,0,0,0,3,2,PLANO O LLANO,PLANO,2,6,SIN ROCAS,NO,-1,-1,NO,-1,NO,ATERRONADA,NO,NO,NO HAY,LA MANIANA Y LA TARDE,NO HAY,NO HAY,NO,SI,22,PLANTAS NORMALES,NO,NO,SI,NO,BUENO,65,BUENO,NINGUNO,0,100,0,0,0,0,0,0,0,0,0,0,0,0,100,0,0,0,33.27,24.47,28.87,8.8,15353.37,0.42,414.8,0.25,80.03,33.24,23.83,28.54,9.41,22807.7,0.28,238.7,0.16,78.96,32.25,22.43,27.34,9.82,17258.79,0.05,176,0.14,79.55,6027.91
4266,Mecanizado,NO,Otro,Algodon,SI,Mecanizada,NO,5,49,83,60000,17,0,0,0,0,0,0,0,1,0,0,0,2,0,0,0,92,0,0,0,0,0,30,0,0,0,4,2,PLANO O LLANO,PLANO,2,6,SIN ROCAS,NO,-1,-1,NO,-1,NO,MASIVA,NO,NO,NO HAY,LA MANIANA Y LA TARDE,NO HAY,NO HAY,NO,SI,25,PLANTAS NORMALES,SI,NO,SI,NO,BUENO,25,BUENO,NINGUNO,0,56.67,0,43.33,0,0,0,0,0,0,0,0,0,43.33,56.67,0,0,0,33.04,24.13,28.58,8.9,15154.32,0.38,416.1,0.28,80.17,33.21,23.55,28.38,9.66,23775.15,0.21,239,0.16,78.67,32.09,22.63,27.36,9.46,15369.67,0.02,258.4,0.18,80.09,5838.95
4271,Mecanizado,NO,P3966 (Pioneer),Maiz,SI,Mecanizada,NO,5,48,81,66700,17,0,0,0,0,0,0,0,1,1,0,0,1,0,0,0,69,0,0,0,0,0,60,0,0,0,4,2,PLANO O LLANO,PLANO,2,6,SIN ROCAS,NO,-1,-1,NO,-1,NO,MASIVA,NO,NO,NO HAY,LA MANIANA Y LA TARDE,NO HAY,NO HAY,NO,SI,20,PLANTAS NORMALES,SI,NO,NO,NO,BUENO,20,BUENO,NINGUNO,0,100,0,0,0,0,0,0,0,0,0,0,0,0,100,0,0,0,33.35,24.47,28.91,8.88,15416.88,0.42,411.4,0.25,79.83,33.28,23.8,28.54,9.48,22871.44,0.28,248.5,0.16,78.92,32.43,22.54,27.48,9.89,15184.77,0.05,166,0.16,79.28,6436.05
4273,Mecanizado,NO,DK7088,Algodon,SI,Mecanizada,NO,6,49,84,65750,17,0,0,0,0,0,0,0,1,0,0,0,2,0,0,0,84,0,0,15,0,0,45,0,0,0,4,2,PLANO O LLANO,PLANO,2,6,SIN ROCAS,NO,-1,-1,NO,-1,NO,MASIVA,NO,NO,NO HAY,LA MANIANA Y LA TARDE,NO HAY,NO HAY,NO,SI,18,POCO AFECTADAS,NO,NO,NO,NO,REGULAR,18,BUENO,NINGUNO,0,100,0,0,0,0,0,0,0,0,0,0,0,0,100,0,0,0,33.3,24.29,28.8,9.01,15429.55,0.4,395.4,0.25,79.88,33.26,23.69,28.48,9.57,23213.61,0.26,245.1,0.16,78.74,32.13,22.51,27.32,9.62,16501.59,0.05,268.2,0.17,80.09,6310.47
4276,Mecanizado,NO,Otro,Algodon,SI,Mecanizada,NO,4,57,80,69500,17,0,0,0,0,0,0,0,1,0,0,0,1,0,0,0,92,0,0,0,0,0,30,0,0,0,4,3,PLANO O LLANO,PLANO,2,5.5,SIN ROCAS,SI,18,7,NO,-1,NO,MASIVA,NO,NO,NO HAY,LA MANIANA Y LA TARDE,NO HAY,NO HAY,NO,SI,15,POCO AFECTADAS,NO,NO,NO,NO,REGULAR,15,BUENO,LENTO,0,100,0,0,0,0,0,0,0,0,0,0,0,0,100,0,0,0,33.31,24.45,28.88,8.86,15301.82,0.42,412.8,0.28,80.03,33.29,23.77,28.53,9.53,23027.95,0.28,237.7,0.14,78.82,32.21,22.44,27.32,9.77,16034.5,0.05,166,0.15,79.67,5720.93
4278,Mecanizado,NO,PIONEER 30F35 HRR,Algodon,SI,Mecanizada,NO,6,52,76,70000,18,0,0,0,0,0,0,0,1,0,0,0,2,0,0,0,115,0,0,0,0,0,30,0,0,0,4,2,PLANO O LLANO,PLANO,2,6,SIN ROCAS,NO,-1,-1,NO,-1,NO,MASIVA,NO,NO,NO HAY,LA MANIANA Y LA TARDE,NO HAY,NO HAY,NO,SI,28,PLANTAS NORMALES,NO,NO,SI,NO,BUENO,28,BUENO,NINGUNO,0,100,0,0,0,0,0,0,0,0,0,0,0,0,100,0,0,0,33.35,24.47,28.91,8.88,15416.88,0.42,411.4,0.25,79.83,33.28,23.8,28.54,9.48,22871.44,0.28,248.5,0.16,78.92,32.43,22.54,27.48,9.89,15184.77,0.05,166,0.16,79.28,5887.21
4295,Mecanizado,NO,Otro,Maiz,SI,Mecanizada,NO,7,50,74,62500,17,0,0,0,0,0,0,0,1,0,0,0,2,0,0,0,92,0,0,0,0,0,0,0,0,0,2,2,PLANO O LLANO,PLANO,2,5.5,SIN ROCAS,NO,-1,-1,NO,-1,NO,ATERRONADA,NO,NO,NO HAY,LA MANIANA Y LA TARDE,NO HAY,NO HAY,NO,SI,34,PLANTAS NORMALES,NO,NO,SI,NO,BUENO,70,BUENO,NINGUNO,0,100,0,0,0,0,0,0,0,0,0,0,0,0,100,0,0,0,33.3,24.29,28.8,9.01,15429.55,0.4,395.4,0.25,79.88,33.26,23.69,28.48,9.57,23213.61,0.26,245.1,0.16,78.74,32.33,22.49,27.41,9.85,13758.73,0.06,151.7,0.15,79.52,5911.63
4315,Mecanizado,NO,Otro,Maiz,SI,Mecanizada,NO,6,49,83,61000,17,0,0,0,0,0,0,0,1,0,0,0,2,0,0,0,84,0,0,15,0,0,15,0,0,0,3,3,PLANO O LLANO,PLANO,2,6,SIN ROCAS,NO,-1,-1,NO,-1,NO,MASIVA,NO,NO,NO HAY,LA MANIANA Y LA TARDE,NO HAY,NO HAY,NO,SI,29,PLANTAS NORMALES,NO,NO,SI,NO,BUENO,29,BUENO,LENTO,0,100,0,0,0,0,0,0,0,0,0,0,0,0,100,0,0,0,33.07,24.19,28.63,8.88,15123.25,0.38,426.4,0.28,79.97,33.32,23.62,28.47,9.7,23832.9,0.24,220.9,0.14,78.6,32.07,22.57,27.32,9.5,15853.6,0.02,276.5,0.2,80.05,6948.84
4317,Mecanizado,NO,Otro,Algodon,SI,Mecanizada,NO,6,50,79,60000,16,0,0,0,0,0,0,0,2,0,0,0,1,0,0,0,92,0,0,0,0,0,30,0,0,0,4,3,PLANO O LLANO,PLANO,2,6,SIN ROCAS,NO,-1,-1,NO,-1,NO,ATERRONADA,NO,NO,NO HAY,LA MANIANA Y LA TARDE,NO HAY,NO HAY,NO,SI,23,PLANTAS NORMALES,NO,NO,SI,NO,BUENO,60,BUENO,LENTO,0,100,0,0,0,0,0,0,0,0,0,0,0,0,100,0,0,0,33.27,24.47,28.87,8.8,15353.37,0.42,414.8,0.25,80.03,33.24,23.83,28.54,9.41,22807.7,0.28,238.7,0.16,78.96,32.46,22.56,27.51,9.9,15498.54,0.05,173.5,0.16,79.23,6755.81
4321,Mecanizado,NO,Otro,Algodon,NO,Mecanizada,NO,5,51,83,59800,16,0,0,0,0,0,0,0,1,0,0,0,2,0,0,0,92,0,0,0,0,0,30,0,0,0,4,2,PLANO O LLANO,PLANO,2,5.5,SIN ROCAS,NO,-1,-1,NO,-1,NO,ATERRONADA,NO,NO,NO HAY,LA MANIANA Y LA TARDE,NO HAY,NO HAY,NO,SI,24,PLANTAS NORMALES,SI,NO,SI,NO,BUENO,60,BUENO,NINGUNO,0,100,0,0,0,0,0,0,0,0,0,0,0,0,100,0,0,0,33.08,24.47,28.77,8.61,15128.73,0.4,411.7,0.25,80.58,33.27,23.88,28.58,9.39,22776.3,0.29,239.9,0.16,78.76,32.46,22.51,27.48,9.95,17147.14,0.05,179.2,0.14,79.29,6105.33
4323,Manual,NO,Otro,Maiz,SI,Manual,NO,4,49,83,64200,18,0,0,0,0,0,0,0,1,0,0,0,2,0,0,0,69,0,0,0,0,0,30,0,0,0,3,2,PLANO O LLANO,PLANO,2,6,SIN ROCAS,NO,-1,-1,NO,-1,NO,ATERRONADA,NO,NO,NO HAY,LA MANIANA Y LA TARDE,NO HAY,NO HAY,NO,SI,27,PLANTAS NORMALES,SI,NO,SI,NO,BUENO,60,BUENO,NINGUNO,0,100,0,0,0,0,0,0,0,0,0,0,0,0,100,0,0,0,33.05,24.14,28.59,8.91,15174.77,0.38,422.8,0.28,80.05,33.27,23.59,28.43,9.68,23796.34,0.22,239,0.16,78.63,32.01,22.52,27.27,9.49,15024.04,0.03,248.2,0.15,80.11,6900.58
4325,Manual,NO,Otro,Algodon,SI,Mecanizada,NO,6,49,86,75000,16,0,0,0,0,0,0,0,2,0,0,0,1,0,0,0,92,0,0,0,0,0,30,0,0,0,3,2,PLANO O LLANO,PLANO,2,5.5,SIN ROCAS,NO,-1,-1,NO,-1,NO,ATERRONADA,NO,NO,NO HAY,LA MANIANA Y LA TARDE,NO HAY,NO HAY,NO,SI,27,PLANTAS NORMALES,SI,NO,SI,NO,BUENO,60,BUENO,NINGUNO,0,100,0,0,0,0,0,0,0,0,0,0,0,0,100,0,0,0,33.07,24.52,28.8,8.55,15082.03,0.4,412.1,0.25,80.78,33.24,23.88,28.56,9.35,22662.63,0.28,221.8,0.14,78.8,32.41,22.52,27.47,9.89,17839.01,0.07,197.3,0.16,79.45,7723.26
4377,Mecanizado,NO,Otro,Maiz,NO,Mecanizada,NO,6,50,81,70000,13,0,0,0,0,0,0,0,1,0,0,0,2,0,0,0,109,0,0,0,0,0,20,0,0,0,3,7,ONDULADO,PLANO,2,5.5,SIN ROCAS,NO,-1,-1,NO,-1,NO,ATERRONADA,NO,NO,NO HAY,LA MANIANA Y LA TARDE,NO HAY,NO HAY,NO,SI,18,POCO AFECTADAS,NO,NO,NO,NO,BUENO,60,BUENO,LENTO,0,100,0,0,0,0,0,0,0,0,0,0,0,0,100,0,0,0,32.81,23.64,28.22,9.18,16632.03,0.25,350.1,0.25,83.86,32.47,23.13,27.8,9.34,23941.85,0.12,138.6,0.09,83.08,31.68,23.54,27.61,8.13,15438.35,0,155.2,0.1,83.33,7063.95
4432,Mecanizado,NO,DK 234 YGRR,Algodon,SI,Manual,NO,4,49,83,60000,19,0,0,0,0,0,0,0,2,0,0,0,3,1,0,0,92,0,0,0,0,0,30,0,0,0,3,3,PLANO O LLANO,PLANO,2,5.5,SIN ROCAS,SI,20,10,NO,-1,NO,ATERRONADA,NO,NO,NO HAY,LA MANIANA Y LA TARDE,NO HAY,NO HAY,NO,SI,22,POCO AFECTADAS,NO,NO,SI,NO,REGULAR,22,BUENO,LENTO,0,55,0,0,0,0,0,45,0,0,0,0,0,0,100,0,0,0,33.27,24.47,28.87,8.8,15353.37,0.42,414.8,0.25,80.03,33.24,23.83,28.54,9.41,22807.7,0.28,238.7,0.16,78.96,32.46,22.55,27.5,9.91,15944.07,0.05,176,0.15,79.21,7341.86
4215,Mecanizado,NO,Otro,Maiz,NO,Mecanizada,NO,6,49,84,63000,17,0,0,0,0,0,0,0,1,0,0,0,1,0,0,0,92,0,0,0,0,0,0,0,0,0,2,2,PLANO O LLANO,PLANO,2,6,SIN ROCAS,NO,-1,-1,NO,-1,NO,ATERRONADA,NO,NO,NO HAY,LA MANIANA Y LA TARDE,NO HAY,NO HAY,NO,SI,28,PLANTAS NORMALES,NO,NO,SI,NO,BUENO,60,BUENO,NINGUNO,0,46.67,0,0,0,0,0,53.33,0,0,0,0,0,53.33,46.67,0,0,0,33.31,24.45,28.88,8.86,15301.82,0.42,412.8,0.28,80.03,33.29,23.77,28.53,9.53,23027.95,0.28,237.7,0.14,78.82,32.13,22.44,27.29,9.69,16683.85,0.05,274.3,0.19,79.84,7256.98
4369,Mecanizado,NO,Otro,Maiz,SI,Mecanizada,NO,7,48,76,60000,18,0,0,0,0,0,0,0,1,0,0,0,2,0,0,0,92,0,0,0,0,0,30,0,0,0,3,2,PLANO O LLANO,PLANO,2,5.5,SIN ROCAS,NO,-1,-1,NO,-1,NO,MASIVA,NO,NO,NO HAY,LA MANIANA Y LA TARDE,NO HAY,NO HAY,NO,SI,28,PLANTAS NORMALES,NO,NO,SI,SI,BUENO,28,BUENO,NINGUNO,0,0,0,46.15,53.85,0,0,0,0,0,0,0,0,53.85,46.15,0,0,0,33.14,24.23,28.69,8.91,15322.65,0.38,395.4,0.25,79.92,33.33,23.72,28.53,9.61,23404.95,0.26,245.1,0.16,78.59,32.18,22.42,27.3,9.76,13561.46,0.06,151.7,0.15,79.79,5411.05
4172,Mecanizado,NO,PIONEER 30F35 HRR,Maiz,SI,Manual,NO,6,58,77,60000,17,0,0,0,0,0,0,1,1,0,0,0,1,0,0,0,115,0,0,0,0,0,0,0,0,0,2,3,PLANO O LLANO,PLANO,2,6,SIN ROCAS,NO,-1,-1,SI,33,NO,ATERRONADA,NO,NO,NO HAY,LA MANIANA Y LA TARDE,NO HAY,NO HAY,NO,SI,26,PLANTAS NORMALES,NO,NO,SI,NO,BUENO,33,LENTO A MUY LENTO,LENTO,0,63.33,36.67,0,0,0,0,0,0,0,0,0,0,36.67,63.33,0,0,0,33.27,24.47,28.87,8.8,15320.63,0.42,413.8,0.25,80,33.24,23.8,28.52,9.44,22778.46,0.28,239,0.16,78.98,32.16,22.44,27.3,9.73,17571.95,0.05,283.8,0.18,79.72,7246.51
4314,Mecanizado,NO,Otro,Maiz,SI,Mecanizada,NO,5,48,85,60800,17,0,0,0,0,0,0,0,1,0,0,0,2,0,0,0,69,0,0,0,0,0,60,0,0,0,4,2,PLANO O LLANO,PLANO,2,5.5,SIN ROCAS,NO,-1,-1,SI,35,NO,MASIVA,NO,NO,NO HAY,LA MANIANA Y LA TARDE,NO HAY,NO HAY,NO,SI,27,PLANTAS NORMALES,SI,NO,SI,NO,BUENO,27,LENTO A MUY LENTO,NINGUNO,0,100,0,0,0,0,0,0,0,0,0,0,0,0,100,0,0,0,33.07,24.19,28.63,8.88,15123.25,0.38,426.4,0.28,79.97,33.32,23.62,28.47,9.7,23832.9,0.24,220.9,0.14,78.6,32.07,22.57,27.32,9.5,15853.6,0.02,276.5,0.2,80.05,6562.79
696,Mecanizado,NO,PAC 105,Algodon,SI,Mecanizada,NO,7,41,77,65000,8,0,0,0,0,0,0,1,1,0,0,0,1,1,0,82.5,46,0,34.5,0,0,0,0,0,0,2,1,3,ONDULADO,PLANO CON ONDULACIONES,2,5,SIN ROCAS,NO,-1,-1,SI,37,SI,MASIVA,NO,NO,NO HAY,LA MANIANA Y LA TARDE,NO HAY,NO HAY,NO,SI,30,PLANTAS NORMALES,NO,NO,SI,NO,BUENO,30,LENTO A MUY LENTO,LENTO,0,64.29,0,35.71,0,0,0,0,0,0,0,64.29,0,0,0,35.71,0,0,32.14,24.64,28.39,7.49,14749.75,0.1,223.8,0.2,80.53,33.46,24.27,28.86,9.19,22425.29,0.38,306.8,0.1,78.62,32.35,23.65,28,8.7,10418.93,0.18,189.5,0.21,80.71,5244.19
1903,Mecanizado,NO,P3966 (Pioneer),Algodon,SI,Mecanizada,NO,5,51,88,55000,5,1,0,0,0,0,0,0,1,0,0,0,6,0,0,0,161,0,0,0,0,45,0,0,0,1,2,1.8,PLANO O LLANO,PLANO,2,6,SIN ROCAS,NO,-1,-1,NO,-1,NO,ATERRONADA,NO,NO,NO HAY,LA MANIANA Y LA TARDE,NO HAY,NO HAY,NO,SI,30,MUY AFECTADAS,SI,NO,SI,SI,REGULAR,60,BUENO,NINGUNO,0,70,0,30,0,0,0,0,0,0,0,0,0,70,0,0,30,0,33.89,24.79,29.34,9.1,15447.88,0.45,118.3,0.08,79.07,33.92,24.34,29.13,9.57,22537.01,0.47,306.6,0.19,80.34,33.34,24.51,28.93,8.83,17525.69,0.38,189.3,0.11,82.34,3261.63
2045,Mecanizado,SI,PAC 105,Algodon,SI,Mecanizada,NO,5,46,92,60000,6,0,0,0,0,0,0,1,1,0,0,0,1,0,0,0,46,0,0,0,0,0,0,0,0,0,1,1,PLANO O LLANO,PLANO,2,6,SIN ROCAS,NO,-1,-1,SI,26,NO,ATERRONADA,NO,NO,NO HAY,LA MANIANA Y LA TARDE,NO HAY,NO HAY,NO,SI,31,MUY AFECTADAS,NO,NO,SI,NO,MUY BUENO,31,LENTO A MUY LENTO,NINGUNO,0,38.33,0,0,0,0,0,61.67,0,0,0,100,0,0,0,0,0,0,34.38,23.86,29.12,10.52,15896.17,0.5,135.3,0.12,80.15,32.87,23.79,28.33,9.09,22756.15,0.22,398.4,0.21,86.57,32.34,24.61,28.47,7.73,17496.12,0.04,283.3,0.24,87.29,1544.19
2112,Mecanizado,NO,Impacto (Syngenta),Algodon,SI,Mecanizada,SI,5,45,77,75000,7,0,0,0,0,0,0,1,1,0,0,0,0,0,0,0,92,0,0,0,0,0,0,0,0,0,2,1,PLANO O LLANO,PLANO,2,5.5,SIN ROCAS,NO,-1,-1,SI,16,SI,ATERRONADA,NO,NO,NO HAY,LA MANIANA Y LA TARDE,NO HAY,NO HAY,NO,SI,28,MUY AFECTADAS,SI,NO,SI,SI,MUY BUENO,28,LENTO A MUY LENTO,NINGUNO,0,0,0,100,0,0,0,0,0,0,0,0,0,0,0,0,100,0,34.78,25.01,29.9,9.78,15810.98,0.6,82.2,0.08,77.24,33.55,24.29,28.92,9.26,22065,0.38,303.9,0.19,81.68,33.43,24.53,28.98,8.89,11257.29,0.47,146.3,0.1,82.13,4418.6
2113,Mecanizado,NO,P3966 (Pioneer),Algodon,SI,Mecanizada,NO,5,51,69,62500,8,0,0,0,0,0,0,1,1,0,0,0,4,0,0,0,92,0,0,0,0,0,0,0,0,0,2,1.5,PLANO O LLANO,PLANO,2,6.5,SIN ROCAS,NO,-1,-1,NO,-1,NO,ATERRONADA,NO,NO,NO HAY,LA MANIANA Y LA TARDE,NO HAY,NO HAY,NO,SI,30,MUY AFECTADAS,SI,NO,SI,SI,BUENO,60,BUENO,NINGUNO,0,75,0,0,0,0,0,25,0,0,0,0,0,0,0,0,100,0,34.28,24.82,29.55,9.46,15785.73,0.48,160.3,0.15,80.48,32.99,24.32,28.65,8.67,22356.15,0.26,389.2,0.21,86.37,32.44,24.64,28.54,7.8,10503.12,0.04,154.7,0.18,85.6,3422.97
2400,Mecanizado,NO,Otro,Algodon,SI,Mecanizada,NO,4,51,66,65500,13,0,0,0,0,0,0,1,1,0,0,0,1,0,0,0,92,0,0,0,0,0,30,0,0,0,3,4,PLANO O LLANO,PLANO,2,5.5,SIN ROCAS,NO,-1,-1,NO,-1,NO,ATERRONADA,NO,NO,NO HAY,LA MANIANA Y LA TARDE,NO HAY,NO HAY,NO,SI,20,PLANTAS NORMALES,NO,NO,SI,NO,REGULAR,60,BUENO,LENTO,0,0,0,0,0,0,0,43.33,56.67,0,0,0,0,56.67,43.33,0,0,0,33.83,24.73,29.28,9.1,15505.82,0.42,118.3,0.08,79.27,33.99,24.42,29.2,9.57,22471.86,0.48,306.2,0.19,80.25,33.42,24.43,28.93,9,9073.59,0.38,50.3,0.08,82.08,4651.16
2613,Mecanizado,SI,DK 234,Algodon,NO,Mecanizada,NO,6,44,70,50000,19,0,0,0,0,0,0,0,1,0,0,0,0,0,0,0,115,0,0,0,0,0,30,0,0,0,3,3,PLANO O LLANO,PLANO,2,5.5,SIN ROCAS,NO,-1,-1,NO,-1,NO,ATERRONADA,NO,NO,NO HAY,LA MANIANA Y LA TARDE,NO HAY,NO HAY,NO,SI,20,POCO AFECTADAS,NO,NO,NO,NO,REGULAR,70,BUENO,LENTO,0,100,0,0,0,0,0,0,0,0,0,100,0,0,0,0,0,0,33.83,24.73,29.28,9.1,15505.82,0.42,118.3,0.08,79.27,33.99,24.42,29.2,9.57,22471.86,0.48,306.2,0.19,80.25,33.39,24.47,28.93,8.92,8654.82,0.35,49.4,0.09,82.04,5018.6
4154,Mecanizado,SI,Otro,Algodon,SI,Mecanizada,NO,6,50,82,70000,17,0,0,0,0,0,0,0,1,0,0,0,2,0,0,0,92,0,0,0,0,0,0,0,0,0,2,2,PLANO O LLANO,PLANO,2,6,SIN ROCAS,NO,-1,-1,NO,-1,NO,MASIVA,NO,NO,NO HAY,LA MANIANA Y LA TARDE,NO HAY,NO HAY,NO,SI,21,PLANTAS NORMALES,SI,NO,SI,NO,BUENO,21,BUENO,NINGUNO,0,100,0,0,0,0,0,0,0,0,0,0,0,0,100,0,0,0,33.3,24.29,28.8,9.01,15429.55,0.4,395.4,0.25,79.88,33.26,23.69,28.48,9.57,23213.61,0.26,245.1,0.16,78.74,32.1,22.48,27.29,9.62,16135.77,0.05,268.2,0.17,80.15,7440.7
4155,Mecanizado,SI,Otro,Algodon,SI,Mecanizada,NO,5,49,84,69000,18,0,0,0,0,0,0,0,1,0,0,0,2,0,0,0,109,0,0,0,0,0,20,0,0,0,3,2,PLANO O LLANO,PLANO,2,6,SIN ROCAS,NO,-1,-1,NO,-1,NO,MASIVA,NO,NO,NO HAY,LA MANIANA Y LA TARDE,NO HAY,NO HAY,NO,SI,26,PLANTAS NORMALES,SI,NO,SI,NO,BUENO,26,BUENO,NINGUNO,0,100,0,0,0,0,0,0,0,0,0,0,0,0,100,0,0,0,33.27,24.55,28.91,8.72,15147.76,0.42,363,0.2,80.22,33.17,23.91,28.54,9.26,22528.94,0.26,247.9,0.16,79.04,32.78,22.87,27.83,9.91,17004.52,0.12,217.3,0.2,79.04,7532.56
4159,Mecanizado,NO,Otro,Algodon,SI,Mecanizada,NO,6,49,83,59000,17,0,0,0,0,0,0,0,1,0,0,0,2,1,0,0,138,0,0,0,0,0,30,0,0,0,4,3,PLANO O LLANO,PLANO,2,6.5,SIN ROCAS,NO,-1,-1,NO,-1,NO,MASIVA,NO,NO,NO HAY,LA MANIANA Y LA TARDE,NO HAY,NO HAY,NO,SI,22,PLANTAS NORMALES,SI,NO,SI,NO,BUENO,22,BUENO,LENTO,0,100,0,0,0,0,0,0,0,0,0,0,0,0,100,0,0,0,33.27,24.47,28.87,8.8,15353.37,0.42,414.8,0.25,80.03,33.24,23.83,28.54,9.41,22807.7,0.28,238.7,0.16,78.96,32.32,22.44,27.38,9.88,16557.82,0.05,176,0.15,79.42,6498.84
4163,Mecanizado,NO,P3966 (Pioneer),Algodon,SI,Mecanizada,NO,7,48,84,60000,16,0,0,0,0,0,0,0,2,0,0,0,2,0,0,0,92,0,0,0,0,0,30,0,0,0,4,3,PLANO O LLANO,PLANO,2,6,SIN ROCAS,NO,-1,-1,NO,-1,NO,ATERRONADA,NO,NO,NO HAY,LA MANIANA Y LA TARDE,NO HAY,NO HAY,NO,SI,32,PLANTAS NORMALES,SI,NO,SI,NO,BUENO,60,BUENO,LENTO,0,100,0,0,0,0,0,0,0,0,0,0,0,0,100,0,0,0,33.27,24.47,28.87,8.8,15353.37,0.42,414.8,0.25,80.03,33.24,23.83,28.54,9.41,22807.7,0.28,238.7,0.16,78.96,32.29,22.42,27.35,9.87,16928.55,0.05,176,0.14,79.47,5768.6
4165,Mecanizado,NO,Otro,Algodon,SI,Mecanizada,NO,5,52,81,59000,15,0,0,0,0,0,0,0,1,0,0,0,2,0,0,0,115,0,0,0,0,0,0,0,0,0,3,3,PLANO O LLANO,PLANO,2,6,SIN ROCAS,NO,-1,-1,NO,-1,NO,MASIVA,NO,NO,NO HAY,LA MANIANA Y LA TARDE,NO HAY,NO HAY,NO,SI,20,PLANTAS NORMALES,SI,NO,NO,NO,BUENO,20,BUENO,LENTO,0,100,0,0,0,0,0,0,0,0,0,0,0,0,100,0,0,0,32.76,23.57,28.17,9.19,16473.01,0.2,348.3,0.25,83.81,32.31,23.03,27.67,9.29,23730.64,0.1,143.1,0.09,83.17,31.74,23.74,27.74,8,15705.6,0,157.1,0.1,83.29,5873.49
4210,Mecanizado,NO,PIONEER 30F35 HRR,Algodon,NO,Mecanizada,NO,6,50,74,65000,17,0,0,0,0,0,0,0,1,0,0,0,2,0,0,0,92,0,0,0,0,0,30,0,0,0,3,3,PLANO O LLANO,PLANO,2,5.5,SIN ROCAS,NO,-1,-1,SI,32,NO,ATERRONADA,NO,NO,NO HAY,LA MANIANA Y LA TARDE,NO HAY,NO HAY,NO,SI,26,PLANTAS NORMALES,NO,NO,SI,NO,BUENO,32,LENTO A MUY LENTO,LENTO,0,53.85,0,0,0,0,0,46.15,0,0,0,0,0,46.15,53.85,0,0,0,33.27,24.55,28.91,8.72,15147.76,0.42,363,0.2,80.22,33.17,23.91,28.54,9.26,22528.94,0.26,247.9,0.16,79.04,32.99,22.89,27.94,10.1,13908.22,0.15,170.9,0.21,78.9,6697.67
4217,Mecanizado,NO,ADV 9339 (Syngenta),Maiz,SI,Mecanizada,NO,7,51,81,63000,17,0,0,0,0,0,0,0,1,0,0,0,2,0,0,0,69,0,0,0,0,0,30,0,0,0,3,3,PLANO O LLANO,PLANO,2,6,SIN ROCAS,NO,-1,-1,NO,-1,NO,ATERRONADA,NO,NO,NO HAY,LA MANIANA Y LA TARDE,NO HAY,NO HAY,NO,SI,25,PLANTAS NORMALES,NO,NO,SI,NO,BUENO,60,BUENO,LENTO,0,48.33,0,0,0,0,0,51.67,0,0,0,0,0,51.67,48.33,0,0,0,33.2,24.36,28.78,8.84,15270.45,0.4,394,0.25,80.17,33.26,23.72,28.49,9.54,23140.46,0.26,246.5,0.16,78.79,32.14,22.49,27.31,9.65,16614.59,0.05,268.2,0.17,80,7532.56
4222,Mecanizado,NO,Otro,Algodon,SI,Mecanizada,NO,6,48,79,70000,17,0,0,0,0,0,0,1,0,0,0,1,1,0,0,0,92,0,0,0,0,0,0,0,0,0,2,3,PLANO O LLANO,PLANO,2,6,SIN ROCAS,NO,-1,-1,NO,-1,NO,ATERRONADA,NO,NO,NO HAY,LA MANIANA Y LA TARDE,NO HAY,NO HAY,NO,SI,29,POCO AFECTADAS,NO,NO,SI,NO,REGULAR,60,BUENO,LENTO,0,58.33,0,0,0,0,0,41.67,0,0,0,0,0,41.67,58.33,0,0,0,33.27,24.47,28.87,8.8,15320.63,0.42,413.8,0.25,80,33.24,23.8,28.52,9.44,22778.46,0.28,239,0.16,78.98,32.49,22.66,27.57,9.82,14763.16,0.06,172.5,0.17,79.24,7303.72
4223,Mecanizado,NO,Cerato (Syngenta),Algodon,SI,Mecanizada,NO,6,50,82,61000,17,0,0,0,0,0,0,0,2,0,0,0,3,0,0,0,92,0,0,0,0,0,0,0,0,0,2,2,PLANO O LLANO,PLANO,3,5.5,SIN ROCAS,NO,-1,-1,NO,-1,NO,ATERRONADA,NO,NO,NO HAY,LA MANIANA Y LA TARDE,NO HAY,NO HAY,NO,SI,26,PLANTAS NORMALES,SI,NO,SI,NO,BUENO,60,BUENO,NINGUNO,0,0,0,0,0,0,0,100,0,0,0,0,0,33.33,66.67,0,0,0,33.11,24.47,28.79,8.64,15224.75,0.4,414.8,0.25,80.5,33.26,23.86,28.56,9.4,22784.95,0.29,235.5,0.16,78.88,32.44,22.49,27.46,9.95,16696.92,0.05,179.2,0.15,79.25,7103.49
4226,Mecanizado,NO,Otro,Algodon,NO,Mecanizada,NO,6,49,55,60000,17,0,0,0,0,0,0,0,1,0,0,0,3,0,0,0,80.5,0,0,0,0,0,30,0,0,0,3,3,PLANO O LLANO,PLANO,2,6,SIN ROCAS,NO,-1,-1,NO,-1,NO,MASIVA,NO,NO,NO HAY,LA MANIANA Y LA TARDE,NO HAY,NO HAY,NO,SI,22,PLANTAS NORMALES,SI,NO,SI,NO,BUENO,22,BUENO,LENTO,0,100,0,0,0,0,0,0,0,0,0,0,0,0,100,0,0,0,33.05,24.18,28.62,8.87,15241.33,0.35,426.4,0.28,80.05,33.38,23.71,28.55,9.67,23601.26,0.28,214.1,0.14,78.48,32.94,22.91,27.93,10.02,5473.24,0.08,95.4,0.31,78.98,5860.47
4255,Mecanizado,NO,P3966 (Pioneer),Algodon,SI,Mecanizada,NO,4,51,80,60000,18,0,0,0,0,0,0,0,2,0,0,0,1,0,0,0,84,0,0,15,0,0,15,0,0,0,3,3,PLANO O LLANO,PLANO,2,6,SIN ROCAS,NO,-1,-1,NO,-1,NO,MASIVA,NO,NO,NO HAY,LA MANIANA Y LA TARDE,NO HAY,NO HAY,NO,SI,22,PLANTAS NORMALES,SI,NO,SI,NO,BUENO,22,BUENO,LENTO,0,100,0,0,0,0,0,0,0,0,0,0,0,0,100,0,0,0,33.14,24.23,28.69,8.91,15322.65,0.38,395.4,0.25,79.92,33.33,23.72,28.53,9.61,23404.95,0.26,245.1,0.16,78.59,32.03,22.42,27.22,9.61,14911.78,0.05,260,0.18,80.09,5838.95
4263,Mecanizado,NO,P4082 (Pioneer),Algodon,SI,Mecanizada,NO,6,50,83,68000,16,0,0,0,0,0,0,0,1,0,0,0,2,0,0,0,92,0,0,0,0,0,30,0,0,0,4,3,PLANO O LLANO,PLANO,2,6,SIN ROCAS,NO,-1,-1,NO,-1,NO,ATERRONADA,NO,NO,NO HAY,LA MANIANA Y LA TARDE,NO HAY,NO HAY,NO,SI,18,PLANTAS NORMALES,SI,NO,SI,NO,BUENO,60,BUENO,LENTO,0,100,0,0,0,0,0,0,0,0,0,0,0,0,100,0,0,0,33.31,24.53,28.92,8.78,15221.06,0.45,380.8,0.22,80.2,33.13,23.9,28.52,9.23,22515.62,0.24,243.1,0.16,79.1,32.69,22.82,27.75,9.87,17226.78,0.12,204.3,0.17,79.21,6225
4269,Mecanizado,NO,DK 234 YGRR,Algodon,SI,Mecanizada,NO,5,51,81,65000,18,0,0,0,0,0,0,0,1,0,0,0,2,0,46,0,23,0,0,0,0,0,0,0,1,0,1,3,PLANO O LLANO,PLANO,2,6,SIN ROCAS,NO,-1,-1,NO,-1,NO,ATERRONADA,NO,NO,NO HAY,LA MANIANA Y LA TARDE,NO HAY,NO HAY,NO,SI,26,PLANTAS NORMALES,NO,NO,SI,NO,BUENO,65,BUENO,LENTO,0,50.77,0,0,0,0,0,49.23,0,0,0,0,0,49.23,50.77,0,0,0,33.31,24.45,28.88,8.86,15301.82,0.42,412.8,0.28,80.03,33.29,23.77,28.53,9.53,23027.95,0.28,237.7,0.14,78.82,32.21,22.44,27.32,9.77,16034.5,0.05,166,0.15,79.67,6674.42
4272,Mecanizado,NO,P4082 (Pioneer),Maiz,SI,Mecanizada,NO,5,50,81,66800,16,0,0,0,0,0,0,0,1,0,0,0,2,0,0,0,61,0,0,15,0,0,15,0,0,0,3,3,PLANO O LLANO,PLANO,3,6,SIN ROCAS,NO,-1,-1,NO,-1,NO,ATERRONADA,NO,NO,NO HAY,LA MANIANA Y LA TARDE,NO HAY,NO HAY,NO,SI,25,PLANTAS NORMALES,SI,NO,SI,NO,BUENO,60,BUENO,LENTO,0,100,0,0,0,0,0,0,0,0,0,0,0,0,100,0,0,0,33.35,24.47,28.91,8.88,15416.88,0.42,411.4,0.25,79.83,33.28,23.8,28.54,9.48,22871.44,0.28,248.5,0.16,78.92,32.28,22.42,27.35,9.86,15798.52,0.05,166,0.15,79.49,5745.35
4312,Mecanizado,NO,Otro,Algodon,SI,Mecanizada,NO,1,49,84,60000,17,0,0,0,0,0,0,0,2,0,0,0,1,0,0,0,92,0,0,0,0,0,30,0,0,0,4,3,PLANO O LLANO,PLANO,2,6,SIN ROCAS,NO,-1,-1,NO,-1,NO,ATERRONADA,NO,NO,NO HAY,LA MANIANA Y LA TARDE,NO HAY,NO HAY,NO,SI,23,PLANTAS NORMALES,NO,NO,SI,NO,BUENO,60,BUENO,LENTO,0,0,0,0,43.33,0,56.67,0,0,0,0,0,0,43.33,56.67,0,0,0,32.77,23.61,28.18,9.16,16499.64,0.22,316.1,0.22,83.94,32.51,23.16,27.84,9.35,23989.18,0.14,172.6,0.1,83.06,31.67,23.4,27.54,8.27,14265.3,0,131.9,0.08,83.23,6664.88
4328,Mecanizado,NO,DK 234 YGRR,Maiz,NO,Mecanizada,NO,6,45,83,70000,17,0,0,0,0,0,0,1,1,0,0,0,1,0,0,0,138,0,0,0,0,0,30,0,0,0,4,2,PLANO O LLANO,PLANO,2,6,SIN ROCAS,NO,-1,-1,NO,-1,NO,ATERRONADA,NO,NO,NO HAY,LA MANIANA Y LA TARDE,NO HAY,NO HAY,NO,SI,31,PLANTAS NORMALES,NO,NO,SI,NO,BUENO,60,BUENO,NINGUNO,0,0,0,0,0,0,0,100,0,0,0,0,0,63.33,36.67,0,0,0,33.08,24.47,28.77,8.61,15128.73,0.4,411.7,0.25,80.58,33.27,23.88,28.58,9.39,22776.3,0.29,239.9,0.16,78.76,32.65,22.75,27.7,9.9,15245.73,0.05,176.2,0.16,79.15,7487.79
4354,Mecanizado,NO,P3966 (Pioneer),Maiz,SI,Mecanizada,NO,6,47,82,60000,18,0,0,0,0,0,0,0,0,0,0,0,2,0,0,0,132,0,0,0,0,0,20,0,0,0,3,2,PLANO O LLANO,PLANO,2,6,SIN ROCAS,NO,-1,-1,NO,-1,NO,ATERRONADA,NO,NO,NO HAY,LA MANIANA Y LA TARDE,NO HAY,NO HAY,NO,SI,37,PLANTAS NORMALES,SI,NO,SI,NO,BUENO,60,BUENO,NINGUNO,0,43.33,0,0,0,0,0,56.67,0,0,0,0,0,0,100,0,0,0,33.04,24.13,28.58,8.9,15154.32,0.38,416.1,0.28,80.17,33.21,23.55,28.38,9.66,23775.15,0.21,239,0.16,78.67,32.02,22.53,27.27,9.48,14618.29,0.03,248.2,0.16,80.11,6781.4
4368,Mecanizado,NO,P3966 (Pioneer),Maiz,NO,Mecanizada,NO,6,49,87,60000,17,0,0,0,0,0,0,2,1,0,0,0,2,0,0,0,48,0,0,5,0,0,20,0,0,0,2,2,PLANO O LLANO,PLANO,3,5.5,SIN ROCAS,NO,-1,-1,NO,-1,NO,MASIVA,NO,NO,NO HAY,LA MANIANA Y LA TARDE,NO HAY,NO HAY,NO,SI,32,PLANTAS NORMALES,SI,NO,SI,NO,BUENO,32,BUENO,NINGUNO,0,66.15,0,0,0,0,0,33.85,0,0,0,0,0,33.85,66.15,0,0,0,33.05,24.18,28.62,8.87,15241.33,0.35,426.4,0.28,80.05,33.38,23.71,28.55,9.67,23601.26,0.28,214.1,0.14,78.48,32.17,22.67,27.42,9.5,17490.8,0.02,296.2,0.2,80.03,5826.35
1824,Mecanizado,NO,P4082 (Pioneer),Algodon,SI,Mecanizada,NO,4,50,67,65000,10,0,0,0,0,0,0,0,1,0,0,0,2,0,0,0,138,0,0,0,0,0,60,0,0,0,4,2.1,PLANO O LLANO,PLANO,2,5.5,SIN ROCAS,NO,-1,-1,NO,-1,NO,ATERRONADA,NO,NO,NO HAY,LA MANIANA Y LA TARDE,NO HAY,NO HAY,NO,SI,44,POCO AFECTADAS,SI,NO,SI,SI,MUY BUENO,60,BUENO,NINGUNO,0,0,0,0,71.67,0,0,28.33,0,0,0,0,0,28.33,0,0,71.67,0,34.84,25.05,29.95,9.79,15854.65,0.62,62.4,0.05,77.19,33.47,24.26,28.86,9.2,21977.81,0.34,317.3,0.21,81.82,33.67,24.76,29.21,8.91,9147.04,0.54,52.9,0.04,82.08,1995.35
1966,Mecanizado,NO,DK 234 YGRR,Algodon,SI,Mecanizada,NO,4,49,85,55000,5,0,0,0,0,0,0,0,1,0,0,0,0,0,0,0,46,0,0,0,0,0,0,0,0,0,1,1,PLANO O LLANO,PLANO,2,6,SIN ROCAS,NO,-1,-1,NO,-1,NO,ATERRONADA,NO,NO,NO HAY,LA MANIANA Y LA TARDE,NO HAY,NO HAY,NO,SI,35,PLANTAS NORMALES,NO,NO,SI,NO,ESPACIADO,60,BUENO,NINGUNO,0,0,0,0,0,0,46.67,53.33,0,0,0,100,0,0,0,0,0,0,33.83,24.73,29.28,9.1,15505.82,0.42,118.3,0.08,79.27,33.99,24.42,29.2,9.57,22471.86,0.48,306.2,0.19,80.25,33.42,24.51,28.97,8.91,15612.41,0.41,86.1,0.07,81.98,2919.77
1921,Mecanizado,NO,P4082 (Pioneer),Algodon,SI,Mecanizada,NO,5,46,68,65000,14,0,0,0,0,0,2,0,0,0,0,0,0,0,0,0,92,0,0,0,0,0,60,0,0,0,5,2.3,PLANO O LLANO,PLANO,2,6.5,SIN ROCAS,SI,1,5,NO,-1,NO,ATERRONADA,NO,NO,NO HAY,LA MANIANA Y LA TARDE,NO HAY,NO HAY,NO,SI,28,MUY AFECTADAS,SI,NO,SI,NO,MUY BUENO,28,BUENO,NINGUNO,0,0,0,0,0,0,31.15,68.85,0,0,0,0,0,68.85,0,0,0,31.15,33.83,24.73,29.28,9.1,15505.82,0.42,118.3,0.08,79.27,33.99,24.42,29.2,9.57,22471.86,0.48,306.2,0.19,80.25,33.58,24.45,29.02,9.13,8417.22,0.36,43.4,0.09,81.77,4186.05
1923,Mecanizado,NO,DK 234,Algodon,SI,Manual,NO,5,53,64,55000,9,1,0,0,0,0,0,0,1,0,0,0,0,0,0,0,80.5,0,0,0,0,0,30,0,0,0,3,2,PLANO O LLANO,PLANO,3,4.5,SIN ROCAS,NO,-1,-1,NO,-1,NO,ATERRONADA,NO,NO,NO HAY,LA MANIANA Y LA TARDE,NO HAY,NO HAY,NO,SI,42,MUY AFECTADAS,SI,NO,SI,SI,BUENO,60,BUENO,NINGUNO,0,0,0,20,33.33,46.67,0,0,0,0,0,0,0,33.33,20,0,46.67,0,33.31,24.36,28.83,8.95,15132.61,0.35,181.1,0.12,80.44,34.32,24.54,29.43,9.77,22715.79,0.53,272.6,0.16,79.46,33.39,24.46,28.93,8.93,9455.8,0.32,77.2,0.16,81.88,2679.07
2277,Mecanizado,SI,P4082 (Pioneer),Algodon,SI,Mecanizada,NO,5,48,65,70000,7,1,0,0,0,0,0,1,1,0,0,0,1,0,0,0,115,0,0,0,0,0,3,1,0,0,4,2.4,PLANO O LLANO,PLANO,2,6,SIN ROCAS,NO,-1,-1,NO,-1,NO,ATERRONADA,NO,NO,NO HAY,LA MANIANA Y LA TARDE,NO HAY,NO HAY,NO,SI,22,POCO AFECTADAS,SI,NO,SI,SI,BUENO,53,BUENO,NINGUNO,0,0,0,0,100,0,0,0,0,0,0,0,0,66.04,33.96,0,0,0,33.22,24.32,28.77,8.9,14930.25,0.35,181.3,0.12,80.62,34.39,24.58,29.49,9.82,22703.7,0.55,272.6,0.16,79.3,33.19,24.47,28.83,8.72,7843.44,0.19,77.2,0.19,82.48,5581.4
4182,Mecanizado,NO,P3966 (Pioneer),Algodon,SI,Mecanizada,NO,6,48,93,68000,14,0,0,0,0,0,0,0,1,0,0,0,1,0,0,0,120.5,0,0,0,0,0,20,0,0,0,3,3,PLANO O LLANO,PLANO,2,6,SIN ROCAS,NO,-1,-1,NO,-1,NO,ATERRONADA,NO,NO,NO HAY,LA MANIANA Y LA TARDE,NO HAY,NO HAY,NO,SI,21,PLANTAS NORMALES,SI,NO,SI,NO,BUENO,60,BUENO,LENTO,0,0,0,0,0,0,0,0,100,0,0,0,0,100,0,0,0,0,33.3,24.29,28.8,9.01,15429.55,0.4,395.4,0.25,79.88,33.26,23.69,28.48,9.57,23213.61,0.26,245.1,0.16,78.74,32.33,22.77,27.55,9.56,19692.64,0.04,343.4,0.2,79.93,7720.93
683,Mecanizado,SI,PIONEER 30F35,Algodon,SI,Manual,NO,4,42,70,58000,12,0,0,0,0,0,0,0,1,0,0,0,1,0,0,30,0,0,30,0,0,30,0,1,0,1,0,2,PLANO O LLANO,PLANO,2,5.5,SIN ROCAS,NO,-1,-1,NO,-1,NO,ATERRONADA,NO,NO,NO HAY,LA MANIANA Y LA TARDE,NO HAY,NO HAY,NO,SI,30,PLANTAS NORMALES,NO,NO,NO,NO,REGULAR,70,BUENO,NINGUNO,0,100,0,0,0,0,0,0,0,0,0,100,0,0,0,0,0,0,31.94,24.5,28.22,7.44,14647.32,0.08,196.5,0.15,80.5,33.4,24.51,28.95,8.9,22326.28,0.38,313.9,0.12,78.38,32.74,23.94,28.34,8.79,7286.3,0.21,73.1,0.11,79.89,5720.93
692,Mecanizado,SI,Otro,Algodon,SI,Mecanizada,NO,8,39,80,65000,15,0,0,0,0,0,0,2,0,0,0,0,2,1,0,62,46,0,11.5,0,0,15,0,0,0,3,1,2,PLANO O LLANO,PLANO,2,5.5,SIN ROCAS,NO,-1,-1,NO,-1,NO,MASIVA,NO,NO,NO HAY,LA MANIANA Y LA TARDE,NO HAY,NO HAY,NO,SI,29,PLANTAS NORMALES,NO,NO,NO,NO,REGULAR,29,BUENO,NINGUNO,0,100,0,0,0,0,0,0,0,0,0,100,0,0,0,0,0,0,32.95,24.85,28.9,8.11,15960.43,0.2,65.6,0.05,75.03,32.15,24.71,28.43,7.43,21144.48,0.1,248.5,0.14,80.38,34.28,24.77,29.52,9.51,11718.13,0.63,79,0.07,76.67,6197.67
697,Mecanizado,SI,DK 234,Algodon,SI,Manual,NO,5,41,81,62000,6,0,0,0,0,0,0,1,0,1,0,0,2,0,0,0,92,0,0,0,0,0,0,0,0,0,2,2,PLANO O LLANO,PLANO,2,6,SIN ROCAS,SI,27,11,NO,-1,NO,ATERRONADA,NO,NO,NO HAY,LA MANIANA Y LA TARDE,NO HAY,NO HAY,NO,SI,25,PLANTAS NORMALES,NO,NO,NO,NO,REGULAR,27,BUENO,NINGUNO,0,100,0,0,0,0,0,0,0,0,0,100,0,0,0,0,0,0,32.02,24.51,28.26,7.51,14772.68,0.08,185.4,0.12,80.35,33.36,24.55,28.96,8.81,22134.36,0.38,325,0.14,78.48,32.67,23.61,28.14,9.06,11689.3,0.2,155.3,0.2,80.13,2860.47
1812,Mecanizado,NO,Otro,Algodon,SI,Manual,NO,4,47,67,60000,12,0,0,0,0,0,0,1,0,0,0,0,2,0,0,0,92,0,0,0,0,0,60,0,0,0,4,2.5,PLANO O LLANO,PLANO,2,6,SIN ROCAS,NO,-1,-1,NO,-1,NO,ATERRONADA,NO,NO,NO HAY,LA MANIANA Y LA TARDE,NO HAY,NO HAY,NO,SI,20,PLANTAS NORMALES,SI,NO,SI,NO,MUY BUENO,52,BUENO,NINGUNO,0,0,0,0,57.69,42.31,0,0,0,0,0,0,0,57.69,0,0,0,42.31,33.83,24.73,29.28,9.1,15505.82,0.42,118.3,0.08,79.27,33.99,24.42,29.2,9.57,22471.86,0.48,306.2,0.19,80.25,33.5,24.43,28.96,9.07,8008.66,0.33,43.4,0.1,81.81,2186.05
1826,Mecanizado,NO,DK 234 YGRR,Algodon,SI,Manual,SI,5,48,61,87500,10,0,0,0,0,0,0,1,1,0,0,0,1,0,0,0,92,0,0,0,0,0,60,0,0,0,4,2,PLANO O LLANO,PLANO,2,5.5,SIN ROCAS,NO,-1,-1,NO,-1,NO,ATERRONADA,NO,NO,NO HAY,LA MANIANA Y LA TARDE,NO HAY,NO HAY,NO,SI,38,MUY AFECTADAS,SI,NO,SI,SI,MUY BUENO,60,BUENO,NINGUNO,0,0,75,0,0,0,0,25,0,0,0,0,0,75,25,0,0,0,33.33,24.45,28.89,8.88,14920.64,0.42,165.5,0.12,80.83,34.64,24.87,29.75,9.77,22906.79,0.62,260.5,0.14,78.57,33.56,23.96,28.76,9.61,6559.95,0.35,79.2,0.24,80.67,2418.6
1918,Mecanizado,NO,ICA V 156,Algodon,SI,Manual,NO,4,51,67,75000,10,0,0,0,0,0,0,1,1,0,0,0,8,0,0,0,138,0,0,0,0,0,0,0,0,0,3,2.1,PLANO O LLANO,PLANO,2,5.5,SIN ROCAS,NO,-1,-1,NO,-1,NO,ATERRONADA,NO,NO,NO HAY,LA MANIANA Y LA TARDE,NO HAY,NO HAY,NO,SI,40,POCO AFECTADAS,SI,NO,SI,SI,MUY BUENO,50,BUENO,NINGUNO,0,0,0,0,80,0,0,20,0,0,0,0,0,20,0,0,80,0,33.31,24.36,28.83,8.95,15132.61,0.35,181.1,0.12,80.44,34.32,24.54,29.43,9.77,22715.79,0.53,272.6,0.16,79.46,33.39,24.46,28.93,8.93,9455.8,0.32,77.2,0.16,81.88,2790.7
2258,Mecanizado,NO,P3966 (Pioneer),Algodon,SI,Manual,NO,5,45,69,62500,10,0,0,0,0,0,0,1,2,0,0,0,2,0,0,0,92,0,0,0,0,0,30,0,0,0,4,2.2,PLANO O LLANO,PLANO,2,6,SIN ROCAS,NO,-1,-1,NO,-1,NO,ATERRONADA,NO,NO,NO HAY,LA MANIANA Y LA TARDE,NO HAY,NO HAY,NO,SI,36,MUY AFECTADAS,SI,NO,SI,SI,MUY BUENO,60,BUENO,NINGUNO,0,0,70,0,0,0,0,30,0,0,0,0,0,70,0,0,30,0,33.56,24.56,29.06,9,15314.59,0.38,145.1,0.1,79.89,34.19,24.47,29.33,9.72,22685.08,0.52,282.9,0.17,79.87,33.25,24.48,28.87,8.77,8207.16,0.27,66.9,0.14,82.09,5581.4
2326,Mecanizado,NO,DK 234,Algodon,NO,Mecanizada,SI,8,47,80,62000,11,0,1,0,0,0,0,0,0,0,0,0,1,0,0,0,138,0,0,0,0,0,180,0,0,0,2,1,PLANO O LLANO,PLANO,2,4.5,SIN ROCAS,NO,-1,-1,NO,-1,NO,GRANULAR,NO,NO,NO HAY,LA MANIANA Y LA TARDE,NO HAY,NO HAY,NO,SI,34,PLANTAS NORMALES,NO,NO,SI,NO,ESPACIADO,50,BUENO,NINGUNO,0,0,0,0,0,0,52,48,0,0,0,0,0,0,100,0,0,0,33.62,24.59,29.11,9.02,15396.86,0.5,187.7,0.15,80.6,34.43,24.74,29.58,9.69,22635.64,0.55,257.8,0.14,78.94,33.59,24.45,29.02,9.14,14486.36,0.34,128.3,0.16,81.22,3146.51
2632,Mecanizado,SI,ICA V 109,Algodon,SI,Manual,NO,6,45,84,62000,18,0,0,0,0,0,0,0,1,0,0,0,2,0,0,0,115,0,0,0,0,0,30,0,0,0,3,2,PLANO O LLANO,PLANO,2,6.5,SIN ROCAS,NO,-1,-1,SI,30,NO,ATERRONADA,NO,NO,NO HAY,LA MANIANA Y LA TARDE,NO HAY,NO HAY,NO,SI,28,POCO AFECTADAS,NO,NO,SI,NO,BUENO,30,LENTO A MUY LENTO,NINGUNO,0,35.71,0,0,0,0,0,64.29,0,0,0,35.71,0,0,64.29,0,0,0,33.83,24.73,29.28,9.1,15505.82,0.42,118.3,0.08,79.27,33.99,24.42,29.2,9.57,22471.86,0.48,306.2,0.19,80.25,33.32,24.49,28.91,8.83,14425.7,0.37,86.1,0.08,82.32,2930.23
1814,Mecanizado,NO,PIONEER 30F32HW,Algodon,SI,Manual,NO,6,39,83,58000,10,0,0,0,0,0,0,1,0,0,0,0,0,0,0,0,53.5,0,0,2,0,0,11.5,0,0,0,2,1.2,PLANO O LLANO,PLANO,2,6,SIN ROCAS,NO,-1,-1,NO,-1,NO,ATERRONADA,NO,NO,NO HAY,LA MANIANA Y LA TARDE,NO HAY,NO HAY,NO,SI,26,PLANTAS NORMALES,SI,NO,SI,SI,MUY BUENO,49,BUENO,NINGUNO,0,0,0,34.69,0,65.31,0,0,0,0,0,0,0,100,0,0,0,0,34.8,25.07,29.93,9.73,15671.54,0.6,61.1,0.05,77.39,33.48,24.24,28.86,9.24,22079.72,0.36,319,0.21,81.65,33.64,24.66,29.15,8.98,11880.2,0.52,52.9,0.03,81.58,5236.05
1915,Mecanizado,NO,P4082 (Pioneer),Algodon,SI,Manual,NO,5,45,71,62500,10,0,1,0,0,0,0,0,1,0,0,0,1,1,0,0,100,0,0,47.5,0,0,97.5,0,0,0,2,1.5,PLANO O LLANO,PLANO,2,6,SIN ROCAS,NO,-1,-1,NO,-1,NO,ATERRONADA,NO,NO,NO HAY,LA MANIANA Y LA TARDE,NO HAY,NO HAY,NO,SI,40,POCO AFECTADAS,NO,SI,SI,SI,MUY BUENO,60,BUENO,NINGUNO,0,0,0,0,100,0,0,0,0,0,0,0,0,100,0,0,0,0,34.37,24.89,29.63,9.48,15771.34,0.52,98.2,0.05,77.97,33.68,24.32,29,9.36,22303.83,0.41,317.6,0.21,81.01,33.44,24.58,29.01,8.86,9034.63,0.38,43.4,0.04,82.42,4539.53
2338,Manual,NO,PAC 105,Algodon,SI,Manual,NO,7,45,76,71420,8,0,0,0,0,0,0,1,0,0,0,0,5,0,0,0,126.5,0,0,0,0,0,0,0,0,0,3,2,PLANO O LLANO,PLANO,2,6,SIN ROCAS,NO,-1,-1,NO,-1,NO,ATERRONADA,NO,NO,NO HAY,LA MANIANA Y LA TARDE,NO HAY,NO HAY,NO,SI,36,MUY AFECTADAS,SI,NO,SI,SI,BUENO,60,BUENO,NINGUNO,0,0,0,66.67,0,0,0,33.33,0,0,0,0,0,100,0,0,0,0,33.83,24.73,29.28,9.1,15505.82,0.42,118.3,0.08,79.27,33.99,24.42,29.2,9.57,22471.86,0.48,306.2,0.19,80.25,33.33,24.52,28.93,8.81,11662.52,0.35,56.1,0.06,82.45,4279.07
3677,Mecanizado,SI,DK 1596,Maiz,SI,Mecanizada,NO,5,46,84,65000,9,0,0,0,0,0,0,0,2,0,0,0,1,0,0,0,46,0,0,0,0,0,0,0,0,0,1,2,PLANO O LLANO,PLANO,2,6.5,SIN ROCAS,NO,-1,-1,NO,-1,NO,GRANULAR,NO,NO,NO HAY,LA MANIANA Y LA TARDE,NO HAY,NO HAY,NO,SI,18,PLANTAS NORMALES,NO,NO,SI,SI,REGULAR,60,BUENO,NINGUNO,0,40,0,0,0,0,0,60,0,0,100,0,0,0,0,0,0,0,32.74,23.81,28.28,8.94,16227.13,0.22,242.8,0.18,84.41,32.72,23.32,28.02,9.4,24041.33,0.21,292.2,0.17,83.2,31.79,23.22,27.51,8.57,15316.81,0,58.7,0.03,82.88,4897.67
1796,Mecanizado,SI,DK 234 YGRR,Algodon,SI,Manual,NO,4,49,75,62000,7,0,0,0,0,0,0,0,1,0,0,0,0,0,0,0,80.5,0,0,0,0,0,30,0,0,0,3,1,PLANO O LLANO,PLANO,2,6.5,SIN ROCAS,SI,12,12,NO,-1,NO,ATERRONADA,NO,NO,NO HAY,LA MANIANA Y LA TARDE,NO HAY,NO HAY,NO,SI,18,PLANTAS NORMALES,NO,NO,NO,NO,ESPACIADO,18,BUENO,NINGUNO,0,0,0,53.33,0,46.67,0,0,0,0,0,0,0,0,100,0,0,0,34.22,24.82,29.52,9.4,15785.73,0.5,98.2,0.05,78.29,33.78,24.32,29.05,9.46,22356.15,0.43,306.6,0.19,80.77,33.46,24.65,29.05,8.81,11632.24,0.42,64.5,0.06,82.48,3813.95
1803,Mecanizado,NO,Otro,Algodon,SI,Manual,NO,6,53,66,68000,11,0,0,0,0,0,0,0,0,0,0,0,2,0,0,0,40,0,0,8,0,0,36,0,0,0,2,1.7,PLANO O LLANO,PLANO,3,7,SIN ROCAS,NO,-1,-1,SI,26,SI,ATERRONADA,NO,NO,NO HAY,LA MANIANA Y LA TARDE,NO HAY,NO HAY,NO,SI,25,POCO AFECTADAS,SI,NO,SI,SI,MUY BUENO,26,LENTO A MUY LENTO,NINGUNO,0,22,0,0,64,0,0,14,0,0,0,0,0,14,22,0,0,64,33.36,24.43,28.9,8.93,15294.89,0.35,145.1,0.1,80.39,34.24,24.49,29.37,9.76,22731.08,0.52,272.6,0.16,79.59,33.34,24.52,28.93,8.82,10446.15,0.36,84.1,0.14,81.96,3858.14
2004,Mecanizado,SI,DK 234,Algodon,SI,Mecanizada,NO,5,49,77,72000,15,0,0,0,0,0,0,2,0,0,0,0,2,0,0,0,92,0,0,0,0,0,60,0,0,0,4,4,PLANO O LLANO,PLANO,3,5.5,SIN ROCAS,NO,-1,-1,NO,-1,NO,ATERRONADA,NO,NO,NO HAY,LA MANIANA Y LA TARDE,NO HAY,NO HAY,NO,SI,21,PLANTAS NORMALES,NO,NO,SI,NO,BUENO,60,BUENO,LENTO,0,0,0,0,0,0,0,63.33,36.67,0,0,0,0,36.67,63.33,0,0,0,34.37,24.89,29.63,9.48,15771.34,0.52,98.2,0.05,77.97,33.68,24.32,29,9.36,22303.83,0.41,317.6,0.21,81.01,33.36,24.51,28.94,8.85,12959.28,0.41,74.7,0.06,82.38,5086.05
2035,Mecanizado,SI,DK7088,Algodon,SI,Mecanizada,NO,4,48,81,60000,8,0,0,0,0,0,0,0,2,0,0,0,1,0,0,0,92,0,0,0,0,0,0,0,0,0,2,1,PLANO O LLANO,PLANO,2,6.5,SIN ROCAS,NO,-1,-1,NO,-1,NO,GRANULAR,NO,NO,NO HAY,LA MANIANA Y LA TARDE,NO HAY,NO HAY,NO,SI,22,PLANTAS NORMALES,SI,NO,SI,NO,ESPACIADO,60,BUENO,NINGUNO,0,0,0,26.67,0,73.33,0,0,0,0,100,0,0,0,0,0,0,0,33.22,24.32,28.77,8.9,14180.5,0.35,234.7,0.2,80.62,34.39,24.58,29.49,9.82,24390.04,0.55,333.7,0.16,79.3,33.28,24.47,28.88,8.81,13444.37,0.33,210.2,0.22,82.39,2812.79
2171,Manual,NO,Otro,Algodon,SI,Manual,NO,5,53,61,70588,10,2,0,0,0,0,0,1,0,1,0,0,5,1,0,0,92,0,0,0,0,0,0,0,0,0,2,1.5,ONDULADO,PLANO,2,5,SIN ROCAS,NO,-1,-1,NO,-1,NO,ATERRONADA,NO,NO,NO HAY,LA MANIANA Y LA TARDE,NO HAY,NO HAY,NO,SI,39,POCO AFECTADAS,SI,NO,SI,SI,BUENO,50,BUENO,NINGUNO,0,0,0,0,100,0,0,0,0,0,0,0,0,60,40,0,0,0,33.56,24.56,29.06,9,15314.59,0.38,145.1,0.1,79.89,34.19,24.47,29.33,9.72,22685.08,0.52,282.9,0.17,79.87,33.25,24.48,28.87,8.77,8207.16,0.27,66.9,0.14,82.09,3174.42
2278,Mecanizado,SI,P4082 (Pioneer),Algodon,SI,Mecanizada,NO,6,48,64,62500,7,2,0,0,0,0,0,1,1,0,0,1,2,0,0,0,92,0,0,0,0,0,60,0,0,0,5,2.2,PLANO O LLANO,PLANO,2,6,SIN ROCAS,NO,-1,-1,NO,-1,NO,GRANULAR,NO,NO,NO HAY,LA MANIANA Y LA TARDE,NO HAY,NO HAY,NO,SI,48,MUY AFECTADAS,SI,NO,SI,SI,BUENO,60,BUENO,NINGUNO,0,0,73.33,0,0,0,0,0,26.67,0,0,0,0,100,0,0,0,0,33.83,24.73,29.28,9.1,15505.82,0.42,118.3,0.08,79.27,33.99,24.42,29.2,9.57,22471.86,0.48,306.2,0.19,80.25,33.5,24.43,28.96,9.07,8008.66,0.33,43.4,0.1,81.81,4988.37
2308,Mecanizado,NO,Otro,Algodon,SI,Manual,NO,4,45,88,62500,6,0,0,0,0,0,0,2,2,0,0,0,3,0,0,0,115,0,0,0,0,0,0,0,0,0,2,1.4,PLANO O LLANO,PLANO,1,6,SIN ROCAS,NO,-1,-1,NO,-1,NO,GRANULAR,NO,NO,NO HAY,LA MANIANA Y LA TARDE,NO HAY,NO HAY,SI,NO,-1,NO HAY CULTIVO,SI,NO,SI,SI,BUENO,60,BUENO,NINGUNO,0,0,0,100,0,0,0,0,0,0,0,0,0,100,0,0,0,0,33.89,24.79,29.34,9.1,15447.88,0.45,118.3,0.08,79.07,33.92,24.34,29.13,9.57,22537.01,0.47,306.6,0.19,80.34,33.45,24.57,29.01,8.88,15178.99,0.42,85.7,0.08,82.08,1632.56
3540,Mecanizado,SI,DK7088,Algodon,SI,Mecanizada,NO,4,49,63,62000,8,0,0,0,0,0,0,0,1,0,0,0,1,0,0,0,92,0,0,0,0,0,30,0,0,0,3,1,PLANO O LLANO,PLANO,2,6.5,SIN ROCAS,NO,-1,-1,NO,-1,NO,GRANULAR,NO,NO,NO HAY,LA MANIANA Y LA TARDE,NO HAY,NO HAY,NO,SI,22,PLANTAS NORMALES,NO,NO,SI,NO,REGULAR,60,BUENO,NINGUNO,0,0,0,26.67,0,73.33,0,0,0,0,100,0,0,0,0,0,0,0,33.36,24.82,29.09,8.55,15989.99,0.42,294.9,0.22,80.28,33.15,23.97,28.56,9.18,23969.72,0.28,284,0.17,79.04,33.32,22.96,28.14,10.36,7863.15,0.16,23.9,0,78.38,6076.74
1822,Mecanizado,NO,Otro,Algodon,SI,Manual,NO,5,46,90,58000,10,0,0,0,0,0,0,1,0,0,0,0,2,0,0,0,92,0,0,0,0,0,60,0,0,0,4,0.9,PLANO O LLANO,PLANO,2,5,SIN ROCAS,NO,-1,-1,SI,13,SI,ATERRONADA,NO,NO,NO HAY,LA MANIANA Y LA TARDE,NO HAY,NO HAY,NO,SI,27,MUY AFECTADAS,SI,NO,SI,SI,MUY BUENO,27,LENTO A MUY LENTO,NINGUNO,0,0,0,0,74.51,0,0,25.49,0,0,0,0,0,74.51,0,0,25.49,0,33.83,24.73,29.28,9.1,15505.82,0.42,118.3,0.08,79.27,33.99,24.42,29.2,9.57,22471.86,0.48,306.2,0.19,80.25,33.4,24.5,28.95,8.9,16676.59,0.41,188.5,0.11,82.07,2860.47
2097,Mecanizado,NO,PAC 105,Algodon,SI,Manual,NO,5,53,65,75000,10,0,0,0,0,0,0,0,1,0,0,0,3,0,0,0,22.5,0,0,22.5,0,0,22.5,0,0,0,1,2.8,PLANO O LLANO,PLANO,3,6,SIN ROCAS,NO,-1,-1,NO,-1,NO,ATERRONADA,NO,NO,NO HAY,LA MANIANA Y LA TARDE,NO HAY,NO HAY,NO,SI,32,MUY AFECTADAS,SI,NO,SI,SI,MUY BUENO,60,BUENO,NINGUNO,0,0,0,25,0,0,0,75,0,0,0,0,0,83.33,0,0,16.67,0,34.37,24.89,29.63,9.48,15771.34,0.52,98.2,0.05,77.97,33.68,24.32,29,9.36,22303.83,0.41,317.6,0.21,81.01,33.35,24.57,28.96,8.78,9734.65,0.38,44.7,0.04,82.69,1860.47
2402,Mecanizado,NO,ADV 9339 (Syngenta),Algodon,SI,Mecanizada,NO,5,46,74,62500,12,0,0,0,0,0,2,0,2,0,0,0,3,0,0,0,138,0,0,0,0,0,0,0,0,0,2,5,PLANO O LLANO,PLANO,2,5.5,SIN ROCAS,NO,-1,-1,SI,32,NO,ATERRONADA,NO,NO,NO HAY,LA MANIANA Y LA TARDE,NO HAY,NO HAY,NO,SI,17,PLANTAS NORMALES,NO,NO,SI,NO,REGULAR,32,LENTO A MUY LENTO,LENTO,0,0,0,0,0,0,0,100,0,0,0,0,0,63.33,36.67,0,0,0,33.83,24.73,29.28,9.1,15505.82,0.42,118.3,0.08,79.27,33.99,24.42,29.2,9.57,22471.86,0.48,306.2,0.19,80.25,33.41,24.48,28.94,8.94,10617.2,0.36,54.8,0.07,82.21,4837.21
699,Manual,SI,PAC 105,Algodon,SI,Manual,NO,6,45,69,62000,8,0,0,0,0,0,0,1,1,0,0,0,3,0,0,0,115,0,0,0,0,0,0,0,0,0,3,2,PLANO O LLANO,PLANO,2,5.5,SIN ROCAS,NO,-1,-1,SI,27,NO,MASIVA,NO,NO,NO HAY,LA MANIANA Y LA TARDE,NO HAY,NO HAY,NO,NO,-1,PLANTAS NORMALES,NO,NO,NO,NO,REGULAR,0,LENTO A MUY LENTO,NINGUNO,0,65.71,0,0,34.29,0,0,0,0,0,0,65.71,0,0,34.29,0,0,0,32.17,24.7,28.43,7.47,14710.2,0.12,168.7,0.1,80.35,33.3,24.53,28.92,8.78,22027.11,0.38,315.1,0.14,78.5,32.77,23.76,28.27,9.01,8982.78,0.17,109,0.13,79.91,3296.51
689,Manual,SI,DK 234,Algodon,SI,Manual,NO,6,40,82,60000,11,0,0,0,0,0,0,1,1,0,0,0,3,0,0,0,115,0,0,0,0,0,0,0,0,0,3,2,PLANO O LLANO,PLANO,2,6,SIN ROCAS,NO,-1,-1,NO,-1,NO,MASIVA,NO,NO,NO HAY,LA MANIANA Y LA TARDE,NO HAY,NO HAY,NO,NO,-1,PLANTAS NORMALES,NO,NO,NO,NO,REGULAR,0,BUENO,NINGUNO,0,100,0,0,0,0,0,0,0,0,0,100,0,0,0,0,0,0,32.03,24.57,28.3,7.46,14724.93,0.08,192,0.12,80.58,33.36,24.55,28.96,8.81,22134.4,0.38,291.8,0.12,78.48,32.66,23.59,28.13,9.07,12055.29,0.19,188.5,0.23,80.19,3398.84
1981,Manual,SI,DK 234 YGRR,Algodon,SI,Manual,NO,4,51,65,75000,9,0,0,0,0,0,1,0,1,0,0,0,2,0,0,0,92,0,0,0,0,0,0,0,0,0,2,1.6,PLANO O LLANO,PLANO,2,6,SIN ROCAS,NO,-1,-1,SI,20,SI,ATERRONADA,NO,NO,NO HAY,LA MANIANA Y LA TARDE,NO HAY,NO HAY,NO,SI,34,MUY AFECTADAS,NO,NO,SI,SI,REGULAR,34,LENTO A MUY LENTO,NINGUNO,0,0,0,33.33,0,0,0,66.67,0,0,0,0,0,33.33,0,0,66.67,0,33.83,24.73,29.28,9.1,15505.82,0.42,118.3,0.08,79.27,33.99,24.42,29.2,9.57,22471.86,0.48,306.2,0.19,80.25,33.39,24.47,28.93,8.92,8654.82,0.35,49.4,0.09,82.04,4186.05
2363,Mecanizado,NO,P3966 (Pioneer),Algodon,SI,Manual,SI,15,49,67,70000,16,1,0,0,0,0,0,0,1,0,0,0,4,0,0,0,66,0,0,4,0,0,48,0,0,0,3,5,PLANO O LLANO,PLANO,2,6,SIN ROCAS,NO,-1,-1,NO,-1,NO,GRANULAR,NO,NO,NO HAY,LA MANIANA Y LA TARDE,NO HAY,NO HAY,NO,SI,22,PLANTAS NORMALES,NO,NO,SI,NO,ESPACIADO,60,BUENO,LENTO,0,0,0,0,0,0,0,100,0,0,0,0,0,55,45,0,0,0,33.32,24.36,28.84,8.96,14658.39,0.4,198.3,0.15,80.7,34.56,24.82,29.69,9.74,22774.85,0.6,227.2,0.12,78.69,33.49,24.43,28.96,9.06,18609.21,0.39,144.1,0.12,81.93,5116.28
46,Mecanizado,NO,Otro,Algodon,SI,Manual,NO,5,63,60,60000,16,0,0,0,0,0,0,0,1,0,0,0,1,0,0,0,46,0,0,0,0,0,0,0,0,0,1,2,PLANO O LLANO,PLANO,3,7,SIN ROCAS,SI,19,1.7,SI,6,NO,GRANULAR,NO,NO,NO HAY,LA MANIANA Y LA TARDE,NO HAY,NO HAY,NO,NO,-1,PLANTAS NORMALES,SI,NO,NO,NO,BUENO,6,LENTO A MUY LENTO,NINGUNO,0,0,0,0,54.65,0,0,45.35,0,0,100,0,0,0,0,0,0,0,32.32,24.28,28.3,8.04,14809.63,0.15,182.9,0.1,81.22,32.6,23.81,28.2,8.79,23980,0.16,282.1,0.16,80.52,32.19,23.54,27.86,8.65,11066.68,0.03,223.2,0.29,81.84,5302.33
2328,Mecanizado,SI,DK 234,Algodon,SI,Manual,SI,5,85,56,42000,11,0,0,0,0,0,0,0,1,0,0,0,1,0,0,0,115,0,0,0,0,0,0,0,0,0,1,1,PLANO O LLANO,PLANO,2,6,SIN ROCAS,NO,-1,-1,NO,-1,NO,GRANULAR,NO,NO,NO HAY,LA MANIANA Y LA TARDE,NO HAY,NO HAY,NO,SI,34,PLANTAS NORMALES,NO,NO,SI,NO,REGULAR,50,BUENO,NINGUNO,0,0,0,0,0,0,66,34,0,0,0,0,0,0,100,0,0,0,33.38,24.48,28.93,8.9,15307.87,0.45,188,0.15,80.9,34.64,24.8,29.72,9.84,22929.24,0.6,255.9,0.14,78.65,33.45,24.33,28.89,9.13,12948.28,0.29,126.4,0.18,81.37,2046.51
2503,Manual,NO,PAC 105,Maiz,NO,Manual,SI,5,51,77,60000,10,0,0,0,0,0,0,0,0,0,0,0,1,0,0,0,184,0,0,0,0,0,0,0,0,0,2,1,PLANO O LLANO,PLANO,2,5.5,SIN ROCAS,SI,35,12,NO,-1,NO,GRANULAR,NO,NO,NO HAY,LA MANIANA Y LA TARDE,NO HAY,NO HAY,NO,SI,25,PLANTAS NORMALES,NO,NO,SI,NO,REGULAR,35,BUENO,NINGUNO,0,0,0,0,0,0,50,50,0,0,0,0,0,100,0,0,0,0,33.32,24.32,28.82,9.01,14608.84,0.38,198.3,0.15,80.55,34.44,24.72,29.58,9.73,22710.93,0.57,242.8,0.12,79.09,33.39,24.36,28.88,9.04,13693.14,0.33,118.4,0.17,81.94,3809.3
2637,Manual,NO,Otro,Algodon,NO,Manual,NO,6,58,92,50000,10,0,0,0,0,0,0,0,0,0,0,0,1,0,0,0,184,0,0,0,0,0,60,0,0,0,3,1,PLANO O LLANO,PLANO,2,5,SIN ROCAS,SI,23,3,NO,-1,NO,ATERRONADA,NO,NO,NO HAY,LA MANIANA,NO HAY,NO HAY,NO,SI,20,POCO AFECTADAS,NO,NO,SI,NO,REGULAR,23,BUENO,NINGUNO,0,0,0,0,65,35,0,0,0,0,0,100,0,0,0,0,0,0,34.03,24.64,29.33,9.39,15263.79,0.6,198.6,0.18,79.25,34.3,24.69,29.5,9.6,22441.05,0.5,253.4,0.14,78.82,33.66,24.53,29.09,9.13,22540.51,0.42,148.3,0.1,81.55,4081.4
1978,Mecanizado,NO,PAC 105,Algodon,SI,Manual,NO,5,53,63,62500,9,0,0,0,0,0,0,0,1,0,1,1,3,0,0,0,92,0,0,0,0,0,0,0,0,0,2,3.5,PLANO O LLANO,PLANO,2,6,SIN ROCAS,NO,-1,-1,NO,-1,NO,ATERRONADA,NO,NO,NO HAY,LA MANIANA Y LA TARDE,NO HAY,NO HAY,NO,SI,32,MUY AFECTADAS,SI,NO,SI,SI,MUY BUENO,60,BUENO,LENTO,0,0,66.67,0,0,0,0,33.33,0,0,0,0,0,100,0,0,0,0,34.68,25.07,29.88,9.62,15731.78,0.6,61.7,0.05,77.57,33.48,24.18,28.83,9.31,22218.06,0.36,318,0.21,81.42,33.36,24.71,29.03,8.65,8850.67,0.42,34.6,0,82.71,3488.37
2498,Mecanizado,SI,DK 234,Algodon,NO,Manual,SI,5,42,65,60000,11,0,0,0,0,0,0,0,0,0,0,0,1,0,0,0,92,0,0,0,0,0,0,0,0,0,2,1,PLANO O LLANO,PLANO,2,5,SIN ROCAS,SI,28,8,NO,-1,NO,ATERRONADA,NO,NO,POCO MARCADAS,LA MANIANA Y LA TARDE,NO HAY,NO HAY,NO,SI,30,PLANTAS NORMALES,SI,NO,SI,NO,REGULAR,30,BUENO,NINGUNO,0,60,0,0,0,0,0,40,0,0,0,100,0,0,0,0,0,0,33.38,24.48,28.93,8.9,15307.87,0.45,188,0.15,80.9,34.64,24.8,29.72,9.84,22929.24,0.6,255.9,0.14,78.65,33.71,24.03,28.87,9.67,5867.51,0.4,51.1,0.13,79.9,4279.07
2053,Manual,NO,DK 234 YGRR,Algodon,NO,Manual,NO,3,46,84,60000,13,0,0,0,0,0,0,0,1,0,0,0,0,0,0,0,46,0,0,0,0,0,0,0,0,0,1,2,PLANO O LLANO,PLANO,2,5.5,SIN ROCAS,NO,-1,-1,SI,21,NO,ATERRONADA,NO,NO,NO HAY,LA MANIANA Y LA TARDE,NO HAY,NO HAY,NO,SI,26,PLANTAS NORMALES,NO,NO,SI,NO,REGULAR,26,LENTO A MUY LENTO,NINGUNO,0,28.33,0,0,0,0,0,0,71.67,0,0,100,0,0,0,0,0,0,33.83,24.73,29.28,9.1,15505.82,0.42,118.3,0.08,79.27,33.99,24.42,29.2,9.57,22471.86,0.48,306.2,0.19,80.25,33.42,24.54,28.98,8.88,13699.29,0.39,86.1,0.08,82.36,3720.93
2206,Mecanizado,NO,DK 234 YGRR,Algodon,NO,Manual,NO,3,46,83,60000,9,0,0,0,0,0,0,0,1,0,0,0,1,0,0,0,46,0,0,0,0,0,0,0,0,0,1,1,PLANO O LLANO,PLANO,2,6.5,SIN ROCAS,NO,-1,-1,SI,25,NO,GRANULAR,NO,NO,NO HAY,LA MANIANA Y LA TARDE,NO HAY,NO HAY,NO,SI,26,POCO AFECTADAS,NO,NO,SI,NO,BUENO,26,LENTO A MUY LENTO,NINGUNO,0,38.33,0,0,0,0,0,0,61.67,0,100,0,0,0,0,0,0,0,33.89,24.79,29.34,9.1,15447.88,0.45,118.3,0.08,79.07,33.92,24.34,29.13,9.57,22537.01,0.47,306.6,0.19,80.34,33.45,24.61,29.03,8.84,13265.87,0.4,85.7,0.09,82.49,4004.65
4200,Mecanizado,SI,Otro,Algodon,SI,Mecanizada,NO,5,47,99,74000,7,0,0,0,0,0,0,2,2,0,0,0,1,0,57.5,0,63,0,0,0,0,0,50,0,1,0,3,3,PLANO O LLANO,PLANO,3,5.5,SIN ROCAS,NO,-1,-1,NO,-1,NO,GRANULAR,NO,NO,NO HAY,LA MANIANA Y LA TARDE,NO HAY,NO HAY,NO,SI,40,PLANTAS NORMALES,SI,NO,SI,NO,BUENO,70,BUENO,LENTO,0,0,0,0,0,0,0,100,0,0,0,0,0,44.29,55.71,0,0,0,33.31,24.53,28.92,8.78,15221.06,0.45,380.8,0.22,80.2,33.13,23.9,28.52,9.23,22515.62,0.24,243.1,0.16,79.1,32.43,22.65,27.54,9.78,21638.98,0.09,327.2,0.17,79.59,5651.16
4088,Mecanizado,SI,DK 234,Algodon,NO,Manual,NO,4,47,87,63000,6,0,0,0,0,0,0,0,1,0,0,0,0,1,0,0,69,0,0,0,0,0,0,0,0,0,1,1,PLANO O LLANO,PLANO,2,6.5,SIN ROCAS,NO,-1,-1,SI,17,NO,GRANULAR,NO,NO,NO HAY,LA MANIANA Y LA TARDE,POCO MARCADAS,NO HAY,NO,SI,16,PLANTAS NORMALES,NO,NO,SI,SI,REGULAR,17,LENTO A MUY LENTO,NINGUNO,0,0,0,0,0,0,73.33,26.67,0,0,100,0,0,0,0,0,0,0,33.05,24.18,28.62,8.87,16427.75,0.35,316.1,0.22,80.05,33.38,23.71,28.55,9.67,23961.04,0.28,168.5,0.1,78.48,32.05,22.5,27.28,9.55,16000.33,0.02,159.3,0.1,80.05,5053.49
2276,Mecanizado,NO,PAC 105,Maiz,SI,Manual,NO,5,47,82,55000,7,0,0,0,0,0,0,0,1,0,0,0,2,0,0,0,92,0,0,0,0,0,0,0,0,0,2,1,PLANO O LLANO,PLANO,2,5.5,SIN ROCAS,NO,-1,-1,SI,30,NO,GRANULAR,NO,NO,NO HAY,LA MANIANA Y LA TARDE,NO HAY,NO HAY,NO,SI,30,POCO AFECTADAS,NO,NO,SI,NO,BUENO,30,LENTO A MUY LENTO,NINGUNO,0,42.19,57.81,0,0,0,0,0,0,0,57.81,42.19,0,0,0,0,0,0,33.49,23.8,28.65,9.7,14490.63,0.32,227.5,0.2,81.1,33.52,23.81,28.67,9.71,23999.98,0.36,351.2,0.17,85.65,32.43,24.1,28.27,8.33,14060.65,0.03,208.7,0.22,85.68,3051.16
1953,Mecanizado,NO,DK 234,Algodon,SI,Manual,SI,5,48,76,72000,15,1,0,0,0,0,2,0,1,0,0,0,2,0,0,0,0,0,0,0,0,0,90,0,0,0,4,4,PLANO O LLANO,PLANO,2,6,SIN ROCAS,NO,-1,-1,SI,59,NO,ATERRONADA,NO,NO,NO HAY,LA MANIANA Y LA TARDE,NO HAY,NO HAY,NO,SI,40,PLANTAS NORMALES,SI,NO,SI,SI,REGULAR,59,BUENO,LENTO,0,0,0,0,0,0,0,100,0,0,100,0,0,0,0,0,0,0,33.89,24.79,29.34,9.1,15447.88,0.45,118.3,0.08,79.07,33.92,24.34,29.13,9.57,22537.01,0.47,306.6,0.19,80.34,33.34,24.59,28.97,8.75,11958.45,0.38,64.5,0.06,82.69,4897.67
669,Manual,NO,Otro,Algodon,SI,Manual,NO,6,42,77,60000,10,0,0,0,0,1,0,1,0,0,0,0,2,1,0,0,69,0,0,0,0,0,0,0,0,0,2,1,PLANO O LLANO,PLANO,2,5,SIN ROCAS,NO,-1,-1,NO,-1,NO,MASIVA,NO,NO,NO HAY,LA MANIANA Y LA TARDE,NO HAY,NO HAY,NO,SI,45,PLANTAS NORMALES,NO,NO,SI,SI,REGULAR,45,BUENO,NINGUNO,0,0,0,0,100,0,0,0,0,0,0,0,0,100,0,0,0,0,32.17,24.7,28.43,7.47,14710.2,0.12,168.7,0.1,80.35,33.3,24.53,28.92,8.78,22027.11,0.38,315.1,0.14,78.5,32.9,23.61,28.26,9.29,11112.94,0.21,159.3,0.18,79.57,2790.7
1939,Mecanizado,NO,DK 234,Algodon,NO,Manual,NO,4,48,78,60000,6,0,0,0,0,0,0,0,1,0,0,0,0,0,0,0,46,0,0,0,0,0,0,0,0,0,1,1,PLANO O LLANO,PLANO,2,6,SIN ROCAS,NO,-1,-1,SI,22,NO,GRANULAR,NO,NO,NO HAY,LA MANIANA Y LA TARDE,NO HAY,NO HAY,NO,SI,25,PLANTAS NORMALES,NO,NO,SI,NO,ESPACIADO,25,LENTO A MUY LENTO,NINGUNO,0,0,0,0,0,0,30,0,70,0,70,30,0,0,0,0,0,0,33.99,23.82,28.9,10.17,15018.07,0.42,182.9,0.18,80.72,33.16,23.74,28.45,9.42,23451.77,0.29,389.2,0.21,86.12,32.48,24.27,28.38,8.22,12825.37,0.03,170.7,0.18,85.99,1130.23
2102,Mecanizado,NO,PAC 105,Algodon,SI,Manual,NO,8,55,60,75000,11,0,0,1,0,1,0,0,0,0,0,0,2,0,0,0,161,0,0,0,0,0,30,0,0,0,5,1.2,PLANO O LLANO,PLANO,2,6,SIN ROCAS,NO,-1,-1,NO,-1,NO,ATERRONADA,NO,NO,NO HAY,LA MANIANA Y LA TARDE,NO HAY,NO HAY,NO,SI,22,MUY AFECTADAS,SI,NO,SI,SI,MUY BUENO,60,BUENO,NINGUNO,0,0,0,0,28.33,0,0,71.67,0,0,0,0,0,71.67,0,0,28.33,0,33.83,24.73,29.28,9.1,15505.82,0.42,118.3,0.08,79.27,33.99,24.42,29.2,9.57,22471.86,0.48,306.2,0.19,80.25,33.35,24.48,28.91,8.87,9714.52,0.35,54.8,0.08,82.31,2755.81
1908,Manual,NO,Otro,Maiz,SI,Manual,SI,4,48,77,73000,18,0,0,0,0,0,1,0,1,0,0,0,3,0,0,0,23,0,0,0,0,0,30,0,0,0,2,5,PLANO O LLANO,PLANO,2,6,SIN ROCAS,NO,-1,-1,NO,-1,NO,GRANULAR,NO,NO,NO HAY,LA MANIANA Y LA TARDE,NO HAY,NO HAY,NO,SI,34,PLANTAS NORMALES,NO,NO,SI,NO,ESPACIADO,60,BUENO,LENTO,0,0,0,0,0,0,0,100,0,0,0,0,0,100,0,0,0,0,33.32,24.32,28.82,9.01,14608.84,0.38,198.3,0.15,80.55,34.44,24.72,29.58,9.73,22710.93,0.57,242.8,0.12,79.09,33.41,24.35,28.88,9.06,12170.77,0.34,113,0.19,81.78,4709.3
3050,Mecanizado,NO,Impacto (Syngenta),Maiz,NO,Manual,NO,4,48,84,55000,11,0,0,0,0,0,0,0,1,0,0,0,1,0,0,0,92,0,0,0,0,0,0,0,0,0,2,2,PLANO O LLANO,PLANO,2,5.5,SIN ROCAS,NO,-1,-1,SI,18,NO,GRANULAR,NO,NO,POCO MARCADAS,LA MANIANA Y LA TARDE,NO HAY,NO HAY,NO,SI,15,PLANTAS NORMALES,NO,NO,SI,NO,REGULAR,18,LENTO A MUY LENTO,NINGUNO,0,71.67,0,0,0,0,0,28.33,0,0,100,0,0,0,0,0,0,0,31.89,24.77,28.33,7.12,14404.68,0.02,268.6,0.18,82.7,33.23,25.23,29.23,8.01,22736.46,0.19,109.7,0.05,79.59,32.61,24.92,28.76,7.68,17403.19,0.15,0,0,73.08,5597.67
2943,Manual,NO,PIONEER 30F35 HRR,Maiz,NO,Manual,NO,5,47,84,60000,4,0,0,0,0,0,0,1,1,0,0,0,1,0,0,0,92,0,0,0,0,0,0,0,0,0,2,1,PLANO O LLANO,PLANO,2,6,SIN ROCAS,NO,-1,-1,SI,19,NO,GRANULAR,NO,NO,POCO MARCADAS,LA MANIANA Y LA TARDE,NO HAY,NO HAY,NO,SI,12,PLANTAS NORMALES,NO,NO,SI,NO,REGULAR,19,LENTO A MUY LENTO,NINGUNO,0,30,0,0,0,0,70,0,0,0,70,30,0,0,0,0,0,0,31.96,24.8,28.38,7.16,13459.33,0.02,105,0.1,88.5,33.27,25.09,29.18,8.18,22923.88,0.17,163.8,0.07,83.54,32.57,24.81,28.69,7.76,15011.18,0.15,15.1,0.03,82.33,4958.14
1913,Mecanizado,SI,P3966 (Pioneer),Algodon,SI,Manual,NO,5,78,48,75000,17,1,0,0,0,0,0,2,1,0,0,1,0,0,0,11.25,28,0,11.25,0,0,11.25,30,0,0,1,3,4,PLANO O LLANO,PLANO,2,5.5,SIN ROCAS,NO,-1,-1,NO,-1,NO,ATERRONADA,NO,NO,NO HAY,LA MANIANA Y LA TARDE,NO HAY,NO HAY,NO,SI,21,PLANTAS NORMALES,NO,NO,SI,NO,ESPACIADO,60,BUENO,LENTO,0,0,0,0,0,0,0,100,0,0,0,0,0,55,45,0,0,0,34,24.77,29.39,9.23,15588.59,0.48,104.6,0.05,78.77,33.86,24.31,29.08,9.55,22479.53,0.45,306.6,0.19,80.52,33.48,24.66,29.07,8.82,12856.85,0.41,85.7,0.09,82.5,4476.74
2095,Mecanizado,NO,PIONEER 30F32,Algodon,SI,Manual,SI,5,47,70,72000,18,0,0,0,0,0,0,1,1,0,0,0,6,0,0,0,138,0,0,0,0,0,0,0,0,0,2,4,PLANO O LLANO,PLANO,2,5.5,SIN ROCAS,NO,-1,-1,NO,-1,NO,GRANULAR,NO,NO,NO HAY,LA MANIANA Y LA TARDE,NO HAY,NO HAY,NO,SI,33,PLANTAS NORMALES,NO,NO,SI,NO,ESPACIADO,60,BUENO,LENTO,0,0,0,0,0,0,0,58.33,41.67,0,0,0,0,100,0,0,0,0,33.83,24.73,29.28,9.1,15505.82,0.42,118.3,0.08,79.27,33.99,24.42,29.2,9.57,22471.86,0.48,306.2,0.19,80.25,33.42,24.44,28.93,8.97,9414,0.36,50.3,0.08,81.92,4520.93
2361,Mecanizado,NO,Otro,Algodon,SI,Manual,NO,5,48,80,71000,16,1,0,0,0,0,0,0,1,0,0,0,3,0,0,0,68,0,0,4.4,0,0,49.8,0,0,0,3,5,PLANO O LLANO,PLANO,2,6,SIN ROCAS,NO,-1,-1,NO,-1,NO,GRANULAR,NO,NO,NO HAY,LA MANIANA Y LA TARDE,NO HAY,NO HAY,NO,SI,24,PLANTAS NORMALES,NO,NO,SI,NO,ESPACIADO,60,BUENO,LENTO,0,0,0,0,0,0,0,100,0,0,0,0,0,53.33,46.67,0,0,0,33.83,24.73,29.28,9.1,15505.82,0.42,118.3,0.08,79.27,33.99,24.42,29.2,9.57,22471.86,0.48,306.2,0.19,80.25,33.42,24.54,28.98,8.88,13699.29,0.39,86.1,0.08,82.36,5116.28
3736,Manual,SI,ADV 9339 (Syngenta),Algodon,NO,Manual,NO,4,45,85,60000,7,0,0,0,0,0,0,1,1,0,0,0,2,0,0,0,61,0,0,15,0,0,15,0,0,0,2,1,PLANO O LLANO,PLANO,2,6,SIN ROCAS,NO,-1,-1,SI,26,NO,GRANULAR,NO,NO,NO HAY,LA MANIANA Y LA TARDE,NO HAY,NO HAY,NO,SI,10,PLANTAS NORMALES,NO,NO,SI,SI,REGULAR,26,LENTO A MUY LENTO,NINGUNO,0,0,0,0,0,0,58.33,41.67,0,0,100,0,0,0,0,0,0,0,33.27,24.47,28.87,8.8,15320.63,0.42,413.8,0.25,80,33.24,23.8,28.52,9.44,22778.46,0.28,239,0.16,78.98,32.45,22.57,27.51,9.88,15162.35,0.05,173,0.16,79.23,6006.98
4293,Manual,NO,ADV 9293 (Syngenta),Maiz,SI,Mecanizada,NO,4,36,90,62000,16,0,0,0,0,0,0,0,1,0,0,0,2,0,0,0,92,0,0,0,0,0,30,0,0,0,3,2,PLANO O LLANO,PLANO,3,5.5,SIN ROCAS,NO,-1,-1,NO,-1,NO,ATERRONADA,NO,NO,NO HAY,LA MANIANA Y LA TARDE,NO HAY,NO HAY,NO,SI,30,POCO AFECTADAS,NO,NO,SI,NO,REGULAR,65,BUENO,NINGUNO,0,30.77,0,0,0,0,0,69.23,0,0,0,0,0,40,60,0,0,0,32.94,24.09,28.51,8.85,15010.44,0.35,409.4,0.28,80.36,33.23,23.53,28.38,9.7,23864.03,0.21,249.3,0.17,78.59,31.88,22.37,27.13,9.51,12684.8,0.03,233,0.15,80.31,5180.23
2048,Mecanizado,SI,DK 234 YGRR,Algodon,NO,Manual,NO,4,46,85,55000,6,0,0,0,0,0,0,0,1,0,0,0,1,0,0,0,92,0,0,0,0,0,0,0,0,0,2,1,PLANO O LLANO,PLANO,2,5.5,SIN ROCAS,NO,-1,-1,SI,5,NO,GRANULAR,NO,NO,NO HAY,LA MANIANA Y LA TARDE,NO HAY,NO HAY,NO,SI,38,POCO AFECTADAS,NO,NO,SI,NO,ESPACIADO,38,LENTO A MUY LENTO,NINGUNO,0,0,0,0,0,0,53.33,46.67,0,0,100,0,0,0,0,0,0,0,33.36,23.79,28.57,9.57,14347.75,0.3,234.7,0.2,81.3,33.62,23.8,28.71,9.83,24224.37,0.38,333.7,0.16,85.48,32.43,24.11,28.27,8.32,14415.89,0.03,226.2,0.24,85.69,2669.77
4031,Mecanizado,SI,ADV 9339 (Syngenta),Maiz,SI,Mecanizada,NO,5,46,84,75000,8,1,0,0,0,0,0,2,2,0,0,1,4,0,0,1.5,115,0,2.5,0,0,30,30,0,0,2,3,3,PLANO O LLANO,PLANO,2,5.5,SIN ROCAS,NO,-1,-1,NO,-1,NO,ATERRONADA,NO,NO,NO HAY,LA MANIANA Y LA TARDE,NO HAY,NO HAY,NO,SI,40,PLANTAS NORMALES,SI,NO,SI,NO,BUENO,68,BUENO,LENTO,0,0,0,0,0,0,0,100,0,0,0,0,0,48.53,51.47,0,0,0,33.3,24.29,28.8,9.01,15429.55,0.4,395.4,0.25,79.88,33.26,23.69,28.48,9.57,23213.61,0.26,245.1,0.16,78.74,32.11,22.45,27.28,9.66,15034.96,0.05,164,0.16,79.94,6246.51
4135,Mecanizado,SI,Otro,Algodon,SI,Mecanizada,NO,5,46,84,75000,7,2,0,0,0,0,0,2,2,0,0,1,0,0,0,1.5,115,0,2.5,0,0,30,30,0,0,2,3,3,PLANO O LLANO,PLANO,2,5.5,SIN ROCAS,NO,-1,-1,NO,-1,NO,ATERRONADA,NO,NO,NO HAY,LA MANIANA Y LA TARDE,NO HAY,NO HAY,NO,SI,40,PLANTAS NORMALES,SI,NO,SI,NO,BUENO,69,BUENO,LENTO,0,0,0,0,0,0,0,100,0,0,0,0,0,47.83,52.17,0,0,0,33.35,24.47,28.91,8.88,15416.88,0.42,411.4,0.25,79.83,33.28,23.8,28.54,9.48,22871.44,0.28,248.5,0.16,78.92,32.38,22.44,27.41,9.93,15557.37,0.05,166,0.16,79.29,6232.56
4207,Manual,NO,PIONEER 30F35 H,Maiz,SI,Manual,NO,6,48,82,65000,16,0,0,0,0,0,0,0,2,0,0,0,2,0,0,0,69,0,0,0,0,0,60,0,0,0,4,2,PLANO O LLANO,PLANO,2,6,SIN ROCAS,NO,-1,-1,NO,-1,NO,ATERRONADA,NO,NO,NO HAY,LA MANIANA Y LA TARDE,NO HAY,NO HAY,NO,SI,17,POCO AFECTADAS,NO,NO,NO,NO,REGULAR,65,BUENO,NINGUNO,0,100,0,0,0,0,0,0,0,0,0,0,0,0,100,0,0,0,33.31,24.45,28.88,8.86,15301.82,0.42,412.8,0.28,80.03,33.29,23.77,28.53,9.53,23027.95,0.28,237.7,0.14,78.82,32.25,22.42,27.33,9.83,15704.26,0.05,166,0.15,79.59,4672.09
4183,Mecanizado,SI,Otro,Algodon,SI,Mecanizada,NO,5,46,79,75000,11,2,0,0,0,0,2,0,1,0,1,0,5,0,115,9,0,0,23,0,30,30,0,0,3,2,0,3,PLANO O LLANO,PLANO,3,5.5,SIN ROCAS,NO,-1,-1,NO,-1,NO,ATERRONADA,NO,NO,NO HAY,LA MANIANA Y LA TARDE,NO HAY,NO HAY,NO,SI,14,PLANTAS NORMALES,SI,NO,SI,NO,REGULAR,62,BUENO,LENTO,0,0,0,0,0,0,0,100,0,0,0,0,0,46.77,53.23,0,0,0,33.05,24.14,28.59,8.91,15174.77,0.38,422.8,0.28,80.05,33.27,23.59,28.43,9.68,23796.34,0.22,239,0.16,78.63,31.84,22.34,27.09,9.5,12680.67,0.03,235.1,0.18,80.21,6046.51
3750,Manual,SI,ADV 9339 (Syngenta),Frijol,SI,Manual,NO,4,45,85,65000,6,0,0,0,0,0,0,0,1,0,0,0,2,0,0,0,92,0,0,0,0,0,0,0,0,0,2,1,PLANO O LLANO,PLANO,2,6,SIN ROCAS,NO,-1,-1,SI,17,NO,GRANULAR,NO,NO,NO HAY,LA MANIANA Y LA TARDE,NO HAY,POCO MARCADAS,NO,SI,24,PLANTAS NORMALES,NO,NO,SI,SI,ESPACIADO,24,LENTO A MUY LENTO,NINGUNO,0,0,0,0,0,0,73.33,26.67,0,0,100,0,0,0,0,0,0,0,32.84,23.95,28.39,8.89,16226.42,0.25,263.9,0.2,84.48,32.74,23.37,28.05,9.37,23985.17,0.21,289.1,0.17,83.35,31.78,23.12,27.45,8.66,14822.36,0,48.3,0,82.94,5244.19
1952,Mecanizado,NO,P4082 (Pioneer),Algodon,SI,Manual,SI,5,45,80,72000,16,1,0,0,0,0,0,1,1,0,0,1,2,0,0,0,0,0,0,0,0,0,60,0,0,0,2,5,PLANO O LLANO,PLANO,2,6,SIN ROCAS,NO,-1,-1,SI,59,NO,ATERRONADA,NO,NO,NO HAY,LA MANIANA Y LA TARDE,NO HAY,NO HAY,NO,SI,39,PLANTAS NORMALES,SI,NO,SI,SI,ESPACIADO,59,BUENO,LENTO,0,0,0,0,0,0,0,100,0,0,100,0,0,0,0,0,0,0,34.63,25.05,29.84,9.59,15520.22,0.57,98.2,0.05,77.57,33.57,24.21,28.89,9.36,22346.75,0.38,336.5,0.22,81.3,33.39,24.61,29,8.78,12468.88,0.45,55.8,0.03,82.24,4897.67
2477,Manual,NO,P4082 (Pioneer),Algodon,SI,Manual,SI,5,47,66,71000,13,0,0,0,0,0,1,0,1,0,0,0,0,0,0,0,80.5,0,0,0,0,0,30,0,0,0,3,5,PLANO O LLANO,PLANO,2,5.5,SIN ROCAS,NO,-1,-1,NO,-1,NO,GRANULAR,NO,NO,NO HAY,LA MANIANA Y LA TARDE,NO HAY,NO HAY,NO,SI,23,PLANTAS NORMALES,NO,NO,SI,NO,ESPACIADO,60,BUENO,LENTO,0,0,0,0,0,0,0,100,0,0,0,0,0,55,45,0,0,0,33.83,24.73,29.28,9.1,15505.82,0.42,118.3,0.08,79.27,33.99,24.42,29.2,9.57,22471.86,0.48,306.2,0.19,80.25,33.5,24.43,28.96,9.07,8008.66,0.33,43.4,0.1,81.81,4651.16
2320,Mecanizado,SI,PIONEER 30F35 HRR,Algodon,NO,Manual,NO,3,48,85,60000,8,0,0,0,0,0,0,0,1,0,0,0,1,0,0,0,46,0,0,0,0,0,0,0,0,0,1,1,PLANO O LLANO,PLANO,2,5.5,SIN ROCAS,NO,-1,-1,SI,22,NO,GRANULAR,NO,NO,NO HAY,LA MANIANA Y LA TARDE,NO HAY,NO HAY,NO,SI,20,PLANTAS NORMALES,NO,NO,SI,NO,BUENO,22,LENTO A MUY LENTO,NINGUNO,0,0,0,0,0,0,71.67,28.33,0,0,100,0,0,0,0,0,0,0,33.31,24.36,28.83,8.95,15132.61,0.35,181.1,0.12,80.44,34.32,24.54,29.43,9.77,22715.79,0.53,272.6,0.16,79.46,33.35,24.58,28.97,8.76,14681.32,0.38,119.9,0.13,82.46,4709.3
2920,Manual,NO,PIONEER 30F35 HRR,Maiz,NO,Manual,NO,4,48,80,62000,4,0,0,0,0,0,0,0,1,0,0,0,2,0,0,0,92,0,0,0,0,0,0,0,0,0,2,1,PLANO O LLANO,PLANO,2,6,SIN ROCAS,NO,-1,-1,SI,20,NO,GRANULAR,NO,NO,NO HAY,LA MANIANA Y LA TARDE,POCO MARCADAS,NO HAY,NO,SI,20,PLANTAS NORMALES,NO,NO,SI,NO,REGULAR,20,LENTO A MUY LENTO,NINGUNO,0,31.67,0,0,0,0,68.33,0,0,0,68.33,31.67,0,0,0,0,0,0,31.89,24.77,28.33,7.12,14057.88,0.02,161,0.15,89.03,33.23,25.23,29.23,8.01,21941.39,0.19,163.8,0.07,84.16,32.53,24.9,28.71,7.62,13378.16,0.11,15.1,0.03,82.34,4922.09
4086,Mecanizado,SI,DK 234,Algodon,NO,Manual,NO,4,44,87,65000,10,0,0,0,0,0,0,2,0,0,0,0,1,0,0,0,92,0,0,0,0,0,0,0,0,0,2,1,PLANO O LLANO,PLANO,2,5,SIN ROCAS,NO,-1,-1,SI,33,NO,GRANULAR,NO,NO,NO HAY,LA MANIANA Y LA TARDE,POCO MARCADAS,NO HAY,NO,SI,20,PLANTAS NORMALES,NO,NO,SI,SI,ESPACIADO,33,LENTO A MUY LENTO,NINGUNO,0,0,0,0,0,0,0,53.33,46.67,0,100,0,0,0,0,0,0,0,33.13,24.19,28.66,8.94,15355.27,0.38,426.4,0.28,79.97,33.36,23.72,28.54,9.63,23476.86,0.26,214.1,0.14,78.52,32,22.41,27.21,9.58,14875.42,0.05,260,0.18,80.1,5839.53
2216,Mecanizado,NO,PAC 105,Algodon,NO,Manual,NO,4,47,81,62000,6,0,0,0,0,0,1,0,1,0,0,0,3,0,0,0,115,0,0,0,0,0,0,0,0,0,2,1,PLANO O LLANO,PLANO,2,6,SIN ROCAS,NO,-1,-1,NO,-1,NO,GRANULAR,NO,NO,NO HAY,LA MANIANA Y LA TARDE,NO HAY,NO HAY,NO,SI,23,POCO AFECTADAS,NO,NO,SI,NO,BUENO,60,BUENO,NINGUNO,0,0,31.67,0,0,0,68.33,0,0,0,100,0,0,0,0,0,0,0,34.51,24.98,29.74,9.53,15623.6,0.55,98.2,0.05,77.74,33.62,24.27,28.95,9.35,22322.2,0.4,322.7,0.21,81.13,33.43,24.58,29.01,8.85,13258.12,0.46,69.6,0.06,82.09,3623.26
3040,Manual,NO,P3966 (Pioneer),Maiz,SI,Manual,SI,5,47,86,71000,6,0,0,0,0,0,1,0,1,0,1,0,2,0,0,0,46,0,0,0,0,0,0,0,0,0,1,3,PLANO O LLANO,PLANO,3,5,SIN ROCAS,NO,-1,-1,NO,-1,NO,ATERRONADA,NO,NO,NO HAY,LA MANIANA Y LA TARDE,NO HAY,NO HAY,NO,SI,39,PLANTAS NORMALES,SI,NO,SI,NO,REGULAR,70,BUENO,LENTO,0,0,0,0,0,0,0,50,50,0,0,0,0,50,50,0,0,0,32.62,23.99,28.3,8.63,14410.85,0.15,268.6,0.18,82.55,33.81,24.55,29.18,9.26,22604.95,0.53,109.7,0.05,79.79,34.89,23.86,29.38,11.03,18349.13,0.88,0,0,73.17,3673.26
2693,Manual,SI,Otro,Algodon,SI,Manual,SI,6,53,84,60000,10,0,0,0,0,0,0,0,0,0,0,0,1,0,0,0,276,0,0,0,0,0,60,0,0,0,4,1,PLANO O LLANO,PLANO,1,5,SIN ROCAS,SI,26,7,NO,-1,NO,ATERRONADA,NO,NO,NO HAY,LA MANIANA Y LA TARDE,NO HAY,NO HAY,NO,SI,23,POCO AFECTADAS,NO,NO,NO,NO,ESPACIADO,26,BUENO,NINGUNO,0,0,0,0,100,0,0,0,0,0,0,0,0,0,100,0,0,0,33.32,24.36,28.84,8.96,14658.39,0.4,198.3,0.15,80.7,34.56,24.82,29.69,9.74,22774.85,0.6,227.2,0.12,78.69,33.47,24.41,28.94,9.05,17480.09,0.37,135.3,0.13,81.92,4172.09
1925,Mecanizado,NO,P4082 (Pioneer),Pastos,SI,Mecanizada,NO,3,51,64,75000,13,0,0,0,0,0,1,0,2,0,0,0,1,0,0,0,92,0,0,0,0,45,0,0,0,1,2,3.5,PLANO O LLANO,PLANO,2,5.5,SIN ROCAS,NO,-1,-1,NO,-1,NO,ATERRONADA,NO,NO,NO HAY,LA MANIANA Y LA TARDE,NO HAY,NO HAY,NO,SI,43,MUY AFECTADAS,SI,NO,SI,SI,MUY BUENO,60,BUENO,LENTO,0,0,0,0,63.33,0,0,36.67,0,0,0,0,0,63.33,36.67,0,0,0,33.36,24.43,28.9,8.93,15294.89,0.35,145.1,0.1,80.39,34.24,24.49,29.37,9.76,22731.08,0.52,272.6,0.16,79.59,33.07,24.46,28.76,8.61,7733.97,0.24,77.2,0.19,82.43,4595.35
3724,Mecanizado,SI,ADV 9339 (Syngenta),Algodon,NO,Manual,NO,4,49,77,65000,6,0,0,0,0,0,0,0,1,0,0,0,2,0,0,0,92,0,0,0,0,0,0,0,0,0,2,1,PLANO O LLANO,PLANO,2,6,SIN ROCAS,NO,-1,-1,SI,18,NO,GRANULAR,NO,NO,NO HAY,LA MANIANA Y LA TARDE,POCO MARCADAS,NO HAY,NO,SI,18,PLANTAS NORMALES,NO,NO,SI,SI,ESPACIADO,18,LENTO A MUY LENTO,NINGUNO,0,28.33,0,0,0,0,0,71.67,0,0,100,0,0,0,0,0,0,0,32.84,23.88,28.36,8.96,16278.39,0.25,266.6,0.2,84.38,32.65,23.32,27.99,9.33,23852.62,0.21,293.9,0.17,83.33,31.8,23.12,27.46,8.68,13330.5,0,40.8,0,82.9,5816.28
3046,Manual,NO,DK 234,Maiz,NO,Manual,NO,4,47,85,55000,13,0,0,0,0,0,0,0,1,0,0,0,1,0,0,0,92,0,0,0,0,0,0,0,0,0,2,1,PLANO O LLANO,PLANO,2,6,SIN ROCAS,NO,-1,-1,SI,23,NO,GRANULAR,NO,NO,POCO MARCADAS,LA MANIANA Y LA TARDE,NO HAY,NO HAY,NO,SI,16,PLANTAS NORMALES,NO,NO,SI,NO,ESPACIADO,23,LENTO A MUY LENTO,NINGUNO,0,36.67,0,0,0,0,0,63.33,0,0,63.33,36.67,0,0,0,0,0,0,32.9,24.04,28.47,8.86,14848.21,0.22,270.2,0.18,81.97,33.51,24.49,29,9.02,22236.9,0.47,128.6,0.07,80.67,34.67,23.77,29.22,10.9,17366.42,0.82,0.7,0,73.46,4922.09
3035,Manual,NO,Otro,Maiz,SI,Manual,SI,5,46,87,71000,4,0,0,0,0,0,1,0,1,0,1,0,3,0,0,0,69,0,0,0,0,0,0,0,0,0,2,4,PLANO O LLANO,PLANO,2,5.5,SIN ROCAS,NO,-1,-1,NO,-1,NO,ATERRONADA,NO,NO,NO HAY,LA MANIANA Y LA TARDE,NO HAY,NO HAY,NO,SI,42,PLANTAS NORMALES,SI,NO,SI,NO,REGULAR,70,BUENO,LENTO,0,0,0,0,0,0,0,100,0,0,0,0,0,45.71,54.29,0,0,0,32.9,24.04,28.47,8.86,14848.21,0.22,270.2,0.18,81.97,33.51,24.49,29,9.02,22236.9,0.47,128.6,0.07,80.67,34.77,23.8,29.29,10.97,18236.05,0.83,0.7,0,73.49,3296.51
4284,Mecanizado,SI,Otro,Maiz,NO,Manual,SI,5,46,80,73000,5,0,0,0,0,0,1,0,1,0,1,0,2,0,0,0,92,0,0,0,0,0,0,0,0,0,2,3,PLANO O LLANO,PLANO,3,5.5,SIN ROCAS,NO,-1,-1,SI,27,NO,ATERRONADA,NO,NO,NO HAY,LA MANIANA Y LA TARDE,NO HAY,NO HAY,NO,SI,40,PLANTAS NORMALES,NO,SI,NO,SI,BUENO,40,LENTO A MUY LENTO,LENTO,0,0,0,0,0,0,0,58.33,41.67,0,0,0,0,41.67,58.33,0,0,0,33.07,24.52,28.8,8.55,15082.03,0.4,412.1,0.25,80.78,33.24,23.88,28.56,9.35,22662.63,0.28,221.8,0.14,78.8,32.78,22.86,27.82,9.92,14122.34,0.09,179.4,0.21,79.11,5462.79
2909,Mecanizado,SI,P3966 (Pioneer),Maiz,SI,Mecanizada,NO,5,46,95,73000,6,0,0,0,0,0,0,2,1,0,0,1,2,0,0,0,80,0,0,0,0,0,0,0,0,0,2,4,PLANO O LLANO,PLANO,3,6,SIN ROCAS,NO,-1,-1,SI,20,NO,ATERRONADA,NO,NO,NO HAY,LA MANIANA Y LA TARDE,NO HAY,NO HAY,NO,SI,23,PLANTAS NORMALES,SI,NO,SI,SI,ESPACIADO,23,LENTO A MUY LENTO,LENTO,0,0,0,0,0,0,0,100,0,0,50,50,0,0,0,0,0,0,32.62,23.99,28.3,8.63,14410.85,0.15,268.6,0.18,82.55,33.81,24.55,29.18,9.26,22604.95,0.53,109.7,0.05,79.79,34.99,24.01,29.5,10.99,21864.94,0.88,0,0,73.1,5180.23
2005,Mecanizado,SI,DK 234,Algodon,SI,Manual,SI,5,47,79,73000,17,0,0,0,0,0,0,1,1,0,0,0,1,0,0,0,69,0,0,0,0,0,30,0,0,0,3,5,PLANO O LLANO,PLANO,2,5.5,SIN ROCAS,NO,-1,-1,NO,-1,NO,GRANULAR,NO,NO,NO HAY,LA MANIANA Y LA TARDE,NO HAY,NO HAY,NO,SI,24,PLANTAS NORMALES,NO,NO,SI,NO,ESPACIADO,60,BUENO,LENTO,0,0,0,0,0,0,0,100,0,0,0,0,0,100,0,0,0,0,33.83,24.73,29.28,9.1,15505.82,0.42,118.3,0.08,79.27,33.99,24.42,29.2,9.57,22471.86,0.48,306.2,0.19,80.25,33.38,24.54,28.96,8.84,12791.64,0.38,64.9,0.06,82.41,4709.3
3754,Mecanizado,SI,P3966 (Pioneer),Algodon,NO,Mecanizada,NO,4,47,91,62000,4,0,0,0,0,0,0,1,1,0,0,1,1,0,0,0,46,0,0,0,0,0,0,0,0,0,1,1,PLANO O LLANO,PLANO,2,6,SIN ROCAS,NO,-1,-1,SI,27,NO,GRANULAR,NO,NO,POCO MARCADAS,LA MANIANA Y LA TARDE,NO HAY,POCO MARCADAS,NO,SI,26,PLANTAS NORMALES,NO,NO,SI,SI,REGULAR,27,LENTO A MUY LENTO,NINGUNO,0,43.33,0,0,0,0,0,56.67,0,0,100,0,0,0,0,0,0,0,32.76,23.64,28.2,9.12,16424.63,0.22,330.8,0.22,84.16,32.56,23.17,27.86,9.38,23957.29,0.16,174.9,0.12,83.15,31.75,23.54,27.64,8.21,17628.46,0,163.4,0.09,83.23,5434.88
3701,Mecanizado,SI,Otro,Algodon,SI,Manual,SI,5,46,80,70000,13,1,0,0,0,0,0,0,1,0,0,0,2,0,0,0,115,0,0,0,0,0,30,0,0,0,3,4,PLANO O LLANO,PLANO,2,6,SIN ROCAS,NO,-1,-1,NO,-1,NO,GRANULAR,NO,NO,NO HAY,LA MANIANA Y LA TARDE,NO HAY,NO HAY,NO,SI,18,PLANTAS NORMALES,SI,NO,SI,NO,BUENO,60,BUENO,LENTO,0,0,0,0,0,0,0,100,0,0,0,0,0,58.33,41.67,0,0,0,33.31,24.45,28.88,8.86,15301.82,0.42,412.8,0.28,80.03,33.29,23.77,28.53,9.53,23027.95,0.28,237.7,0.14,78.82,32.46,22.68,27.57,9.79,13875.07,0.06,163,0.18,79.36,6027.91
2936,Manual,NO,PIONEER 30F35 HRR,Maiz,NO,Manual,NO,4,46,83,60000,8,0,0,0,0,0,0,1,1,0,0,0,2,0,0,0,92,0,0,0,0,0,0,0,0,0,2,2,PLANO O LLANO,PLANO,2,5.5,SIN ROCAS,NO,-1,-1,SI,17,NO,GRANULAR,NO,NO,NO HAY,LA MANIANA Y LA TARDE,NO HAY,NO HAY,NO,SI,20,PLANTAS NORMALES,NO,NO,SI,NO,BUENO,20,LENTO A MUY LENTO,NINGUNO,0,26.67,0,0,0,0,73.33,0,0,0,73.33,26.67,0,0,0,0,0,0,32.05,24.93,28.5,7.12,14802.14,0.02,212.2,0.2,89.01,32.94,25.09,29.02,7.85,21173.19,0.16,105.6,0.09,85.57,32.68,24.9,28.79,7.78,14071.68,0.08,100,0.03,82.29,5018.6
3039,Mecanizado,SI,DK 234 YGRR,Maiz,SI,Manual,SI,5,47,90,73000,5,0,0,0,0,0,1,0,1,0,1,0,0,0,0,0,74.5,0,0,0,0,0,0,0,0,0,2,4,PLANO O LLANO,PLANO,3,5.5,SIN ROCAS,NO,-1,-1,SI,23,NO,ATERRONADA,NO,NO,NO HAY,LA MANIANA Y LA TARDE,NO HAY,NO HAY,NO,SI,36,PLANTAS NORMALES,SI,NO,SI,NO,REGULAR,36,LENTO A MUY LENTO,LENTO,0,0,0,0,0,0,0,50,50,0,0,0,0,50,50,0,0,0,32.59,24.02,28.31,8.57,14390.09,0.15,249,0.15,82.55,33.71,24.49,29.1,9.22,22609.97,0.5,129.3,0.07,79.98,34.92,23.88,29.4,11.04,20066.37,0.89,0,0,73.24,3720.93
4148,Mecanizado,SI,Otro,Algodon,SI,Mecanizada,NO,5,46,87,74000,11,2,0,0,0,0,2,0,2,0,0,0,6,0,0,7.5,82.8,0,7.5,0,0,37.5,60,0,0,2,4,3,PLANO O LLANO,PLANO,2,6,SIN ROCAS,NO,-1,-1,SI,45,NO,GRANULAR,NO,NO,NO HAY,LA MANIANA Y LA TARDE,NO HAY,NO HAY,NO,SI,35,PLANTAS NORMALES,SI,NO,SI,NO,BUENO,45,LENTO A MUY LENTO,LENTO,0,0,0,0,0,0,0,100,0,0,0,0,0,100,0,0,0,0,33.27,24.47,28.87,8.8,15320.63,0.42,413.8,0.25,80,33.24,23.8,28.52,9.44,22778.46,0.28,239,0.16,78.98,32.28,22.41,27.35,9.86,16592.36,0.05,175.5,0.15,79.47,6046.51
1805,Manual,NO,Otro,Algodon,SI,Manual,NO,5,44,76,69500,8,0,0,0,0,0,1,0,0,0,0,0,3,0,0,0,161,0,0,0,0,0,0,0,0,0,3,0.9,PLANO O LLANO,PLANO,4,6,SIN ROCAS,NO,-1,-1,NO,-1,NO,ATERRONADA,NO,NO,NO HAY,LA MANIANA Y LA TARDE,NO HAY,NO HAY,NO,SI,25,PLANTAS NORMALES,SI,NO,SI,NO,MUY BUENO,50,BUENO,NINGUNO,0,0,0,0,60,20,0,20,0,0,0,0,0,80,20,0,0,0,34.51,24.98,29.74,9.53,15623.6,0.55,98.2,0.05,77.74,33.62,24.27,28.95,9.35,22322.2,0.4,322.7,0.21,81.13,33.39,24.64,29.01,8.75,10437.35,0.43,48.4,0.04,82.64,3174.42
2611,Mecanizado,SI,DK 234,Algodon,NO,Manual,NO,6,44,81,58000,18,1,0,0,0,0,0,0,1,0,0,0,1,0,0,0,101.2,0,0,0,0,0,0,0,0,0,2,2,PLANO O LLANO,PLANO,2,5,SIN ROCAS,SI,15,4,NO,-1,NO,MASIVA,NO,NO,NO HAY,LA MANIANA Y LA TARDE,NO HAY,NO HAY,NO,SI,22,PLANTAS NORMALES,NO,NO,NO,NO,REGULAR,22,BUENO,NINGUNO,0,38.57,0,0,61.43,0,0,0,0,0,0,38.57,0,0,61.43,0,0,0,33.36,24.43,28.9,8.93,15294.89,0.35,145.1,0.1,80.39,34.24,24.49,29.37,9.76,22731.08,0.52,272.6,0.16,79.59,33.27,24.58,28.92,8.69,12694.67,0.35,89.9,0.12,82.44,6273.26
4186,Mecanizado,SI,Otro,Maiz,NO,Mecanizada,NO,4,47,87,74000,14,1,0,0,0,0,0,0,2,0,0,0,6,0,0,15,115,0,15,0,0,15,30,0,0,1,3,3,PLANO O LLANO,PLANO,3,5.5,SIN ROCAS,NO,-1,-1,SI,37,NO,GRANULAR,NO,NO,NO HAY,LA MANIANA Y LA TARDE,NO HAY,NO HAY,NO,SI,31,PLANTAS NORMALES,SI,NO,SI,NO,BUENO,37,LENTO A MUY LENTO,LENTO,0,0,0,0,0,0,0,100,0,0,70.49,29.51,0,0,0,0,0,0,33.28,24.72,29,8.56,14957.99,0.42,347,0.18,80.4,33.14,23.92,28.53,9.22,22419.08,0.26,262.5,0.17,79.1,32.89,22.94,27.91,9.95,17137.74,0.12,208.3,0.2,78.95,6122.09
273,Manual,SI,FNC 3056,Algodon,SI,Manual,NO,5,58,71,58000,14,0,0,0,0,0,0,0,2,0,0,0,2,0,0,0,69,0,0,0,0,0,0,0,0,0,2,1,PLANO O LLANO,PLANO,3,6,SIN ROCAS,SI,21,1,SI,23,NO,GRANULAR,NO,NO,NO HAY,LA MANIANA Y LA TARDE,NO HAY,NO HAY,NO,NO,-1,PLANTAS NORMALES,SI,NO,SI,NO,BUENO,21,LENTO A MUY LENTO,NINGUNO,0,0,0,0,0,0,0,47.06,52.94,0,100,0,0,0,0,0,0,0,32.51,24.35,28.43,8.16,14966.78,0.15,168.5,0.08,81.4,32.57,23.76,28.17,8.81,23929.42,0.16,286.9,0.16,80.33,32.18,23.59,27.88,8.59,12926.68,0.03,226,0.24,82.32,4186.05
3682,Mecanizado,SI,ADV 9339 (Syngenta),Algodon,NO,Manual,NO,5,49,82,62000,6,0,0,0,0,0,0,0,1,0,0,0,2,0,0,0,92,0,0,0,0,0,0,0,0,0,2,1,PLANO O LLANO,PLANO,2,6,SIN ROCAS,NO,-1,-1,SI,12,NO,GRANULAR,NO,NO,NO HAY,LA MANIANA Y LA TARDE,NO HAY,NO HAY,NO,SI,34,PLANTAS NORMALES,NO,NO,SI,SI,ESPACIADO,34,LENTO A MUY LENTO,NINGUNO,0,30,0,0,0,0,0,0,70,0,100,0,0,0,0,0,0,0,32.76,24.05,28.4,8.71,16089.43,0.22,294.9,0.22,84.6,32.78,23.34,28.06,9.44,23918.1,0.22,284,0.17,83.42,31.8,23.06,27.43,8.74,15741.38,0,53.4,0,82.94,5244.19
2319,Mecanizado,SI,DK 234 YGRR,Algodon,NO,Manual,NO,5,48,82,60000,8,1,0,0,0,0,0,0,1,0,0,0,1,0,0,0,115,0,0,0,0,0,30,0,0,0,4,2,PLANO O LLANO,PLANO,2,5.5,SIN ROCAS,NO,-1,-1,SI,22,NO,GRANULAR,NO,NO,NO HAY,LA MANIANA Y LA TARDE,NO HAY,NO HAY,NO,SI,23,PLANTAS NORMALES,NO,NO,SI,NO,ESPACIADO,23,LENTO A MUY LENTO,NINGUNO,0,33.33,66.67,0,0,0,0,0,0,0,100,0,0,0,0,0,0,0,33.32,24.31,28.82,9.01,14614.81,0.38,198.3,0.15,80.5,34.41,24.67,29.54,9.74,22731.31,0.55,260.1,0.14,79.23,33.32,24.43,28.88,8.89,14341.1,0.34,102.4,0.13,82.13,4958.14
2172,Manual,NO,DK 234 YGRR,Algodon,SI,Manual,SI,4,61,79,70000,12,0,0,0,0,0,0,0,1,0,0,0,2,0,0,0,57.5,0,0,0,0,0,60,0,0,0,2,1,PLANO O LLANO,PLANO,2,5,SIN ROCAS,SI,20,10,NO,-1,NO,ATERRONADA,NO,NO,NO HAY,LA MANIANA Y LA TARDE,NO HAY,NO HAY,NO,SI,25,POCO AFECTADAS,NO,NO,SI,NO,REGULAR,25,BUENO,NINGUNO,0,0,0,0,0,0,0,100,0,0,0,100,0,0,0,0,0,0,33.28,24.32,28.8,8.96,14773.84,0.38,198.3,0.15,80.55,34.58,24.81,29.69,9.76,22604.08,0.62,232.8,0.12,78.71,33.43,24.44,28.94,8.99,17966.64,0.36,159.7,0.15,82.26,4262.79
4082,Mecanizado,SI,P3966 (Pioneer),Algodon,NO,Manual,SI,4,47,81,65000,7,0,0,0,0,0,0,1,1,0,0,0,1,0,0,0,92,0,0,0,0,0,0,0,0,0,2,1,PLANO O LLANO,PLANO,2,6,SIN ROCAS,NO,-1,-1,SI,23,NO,GRANULAR,NO,NO,POCO MARCADAS,LA MANIANA Y LA TARDE,NO HAY,POCO MARCADAS,NO,SI,20,PLANTAS NORMALES,NO,NO,SI,SI,ESPACIADO,23,LENTO A MUY LENTO,NINGUNO,0,36.67,0,0,0,0,0,63.33,0,0,100,0,0,0,0,0,0,0,32.91,23.83,28.37,9.08,16491.43,0.3,337.9,0.22,83.93,32.56,23.24,27.9,9.31,23779.62,0.16,190.2,0.14,83.34,31.82,23.25,27.53,8.57,14159.01,0,58.3,0.03,82.83,6006.98
2541,Manual,NO,DK 234,Maiz,NO,Manual,SI,5,53,82,65000,22,0,0,0,0,0,0,0,1,0,0,0,2,0,0,0,92,0,0,0,0,0,0,0,0,0,1,1,PLANO O LLANO,PLANO,2,4.5,SIN ROCAS,NO,-1,-1,NO,-1,NO,GRANULAR,NO,NO,NO HAY,LA MANIANA Y LA TARDE,NO HAY,NO HAY,NO,SI,34,PLANTAS NORMALES,NO,NO,SI,NO,BUENO,60,BUENO,NINGUNO,0,0,0,0,0,0,100,0,0,0,0,0,0,0,100,0,0,0,33.32,24.32,28.82,9.01,14608.84,0.38,198.3,0.15,80.55,34.44,24.72,29.58,9.73,22710.93,0.57,242.8,0.12,79.09,33.4,24.44,28.92,8.96,16307.59,0.37,128.5,0.14,82.14,3265.12
2843,Manual,SI,DK 234 YGRR,Maiz,NO,Manual,NO,5,48,78,60000,16,0,0,0,0,0,0,0,1,0,0,0,2,0,0,0,92,0,0,0,0,0,0,0,0,0,2,2,PLANO O LLANO,PLANO,2,6,SIN ROCAS,NO,-1,-1,NO,-1,NO,GRANULAR,SI,NO,NO HAY,LA MANIANA Y LA TARDE,NO HAY,NO HAY,SI,SI,45,POCO AFECTADAS,SI,NO,SI,NO,BUENO,60,BUENO,NINGUNO,0,0,71.67,0,0,0,0,0,28.33,0,0,0,0,100,0,0,0,0,32.99,24.33,28.66,8.66,14733.47,0.28,252.1,0.15,82.55,33.18,24.36,28.77,8.82,21823.25,0.36,159.8,0.09,81.41,34.63,23.83,29.23,10.8,15188.79,0.76,2.2,0,74.06,3337.21
3698,Mecanizado,SI,Otro,Maiz,SI,Mecanizada,NO,5,47,80,80000,12,0,1,0,0,0,2,0,2,0,1,0,1,2,0,15,92,0,15,0,0,15,30,0,0,1,3,3,PLANO O LLANO,PLANO,3,6.5,SIN ROCAS,NO,-1,-1,SI,45,NO,GRANULAR,NO,NO,NO HAY,LA MANIANA Y LA TARDE,NO HAY,NO HAY,NO,SI,33,PLANTAS NORMALES,SI,NO,SI,SI,BUENO,45,LENTO A MUY LENTO,LENTO,0,0,0,0,0,0,0,100,0,0,0,0,0,100,0,0,0,0,33.2,24.36,28.78,8.84,15270.45,0.4,394,0.25,80.17,33.26,23.72,28.49,9.54,23140.46,0.26,246.5,0.16,78.79,32.38,22.5,27.44,9.88,14237.55,0.06,151.7,0.14,79.36,6046.51
3719,Manual,SI,Otro,Maiz,SI,Manual,NO,5,48,88,71000,8,1,0,0,0,0,2,0,2,0,1,0,5,0,0,0,115,0,0,0,0,0,0,0,0,0,3,3,PLANO O LLANO,PLANO,2,6,SIN ROCAS,NO,-1,-1,NO,-1,NO,ATERRONADA,NO,NO,NO HAY,LA MANIANA Y LA TARDE,NO HAY,NO HAY,NO,SI,28,PLANTAS NORMALES,SI,NO,SI,NO,REGULAR,61,BUENO,LENTO,0,0,0,0,0,0,0,100,0,0,0,0,0,50.82,49.18,0,0,0,33.29,24.61,28.95,8.69,15050.74,0.42,362.8,0.2,80.35,33.15,23.9,28.53,9.25,22467.56,0.26,246.7,0.16,79.06,32.7,22.83,27.77,9.87,18165.22,0.11,218.7,0.18,79.17,6613.95
3031,Mecanizado,SI,DK 234 YGRR,Maiz,SI,Manual,SI,5,47,91,73000,6,0,0,0,0,0,1,0,1,0,1,0,1,0,0,0,69,0,0,0,0,0,0,0,0,0,2,4,PLANO O LLANO,PLANO,2,5,SIN ROCAS,NO,-1,-1,NO,-1,NO,ATERRONADA,NO,NO,NO HAY,LA MANIANA Y LA TARDE,NO HAY,NO HAY,NO,SI,42,PLANTAS NORMALES,SI,NO,SI,NO,REGULAR,70,BUENO,LENTO,0,0,0,0,0,0,0,100,0,0,0,0,0,44.29,55.71,0,0,0,32.8,24.04,28.42,8.76,14702.5,0.2,270.2,0.18,82.17,33.6,24.48,29.04,9.11,22395.11,0.48,128.6,0.07,80.41,34.85,23.96,29.4,10.89,20301.15,0.85,0.7,0,73.54,3673.26
3032,Mecanizado,SI,DK 234 YGRR,Maiz,SI,Manual,SI,5,47,92,73000,5,0,0,0,0,0,1,0,1,0,1,0,0,0,0,0,69,0,0,0,0,0,0,0,0,0,2,4,PLANO O LLANO,PLANO,2,5,SIN ROCAS,NO,-1,-1,NO,-1,NO,ATERRONADA,NO,NO,NO HAY,LA MANIANA Y LA TARDE,NO HAY,NO HAY,NO,SI,44,PLANTAS NORMALES,SI,NO,SI,NO,REGULAR,70,BUENO,LENTO,0,0,0,0,0,0,0,100,0,0,0,0,0,47.14,52.86,0,0,0,32.8,24.04,28.42,8.76,14702.5,0.2,270.2,0.18,82.17,33.6,24.48,29.04,9.11,22395.11,0.48,128.6,0.07,80.41,34.83,23.94,29.39,10.89,20783.59,0.85,0.7,0,73.53,3673.26
3516,Mecanizado,SI,P3966 (Pioneer),Algodon,SI,Mecanizada,NO,5,46,82,74000,14,1,0,0,0,0,0,2,1,0,0,1,1,0,0,15,92,0,15,0,0,15,30,0,0,1,3,4,PLANO O LLANO,PLANO,2,6,SIN ROCAS,NO,-1,-1,NO,-1,NO,ATERRONADA,NO,NO,NO HAY,LA MANIANA Y LA TARDE,NO HAY,NO HAY,NO,SI,20,PLANTAS NORMALES,SI,NO,SI,NO,ESPACIADO,60,BUENO,LENTO,0,0,0,0,0,0,0,100,0,0,0,0,0,60,40,0,0,0,33.2,24.36,28.78,8.84,15270.45,0.4,394,0.25,80.17,33.26,23.72,28.49,9.54,23140.46,0.26,246.5,0.16,78.79,32.27,22.47,27.37,9.8,14478.7,0.06,151.7,0.14,79.58,6404.65
3518,Mecanizado,SI,P4082 (Pioneer),Algodon,NO,Mecanizada,NO,10,41,84,72000,14,1,0,0,0,0,0,2,1,0,0,1,2,0,0,15,92,0,15,0,0,15,30,0,0,1,3,3,PLANO O LLANO,PLANO,2,6,SIN ROCAS,NO,-1,-1,NO,-1,NO,ATERRONADA,NO,NO,NO HAY,LA MANIANA Y LA TARDE,NO HAY,NO HAY,NO,SI,23,PLANTAS NORMALES,SI,NO,SI,NO,REGULAR,60,BUENO,LENTO,0,0,0,0,0,0,0,100,0,0,0,0,0,61.67,38.33,0,0,0,33.13,24.19,28.66,8.94,15355.27,0.38,426.4,0.28,79.97,33.36,23.72,28.54,9.63,23476.86,0.26,214.1,0.14,78.52,32,22.41,27.21,9.58,14875.42,0.05,260,0.18,80.1,5462.79
3569,Manual,SI,Impacto (Syngenta),Maiz,SI,Manual,NO,5,46,84,62000,62,0,0,0,0,0,0,0,1,0,0,0,0,0,0,0,92,0,0,0,0,0,30,0,0,0,3,4,PLANO O LLANO,PLANO,2,5,SIN ROCAS,NO,-1,-1,NO,-1,NO,GRANULAR,NO,NO,NO HAY,LA MANIANA Y LA TARDE,NO HAY,NO HAY,NO,SI,30,PLANTAS NORMALES,SI,NO,SI,SI,BUENO,60,BUENO,LENTO,0,0,53.33,0,0,0,0,46.67,0,0,0,0,0,100,0,0,0,0,32.49,23.82,28.16,8.68,14957.99,0.15,252.3,0.15,84.93,33.39,24.2,28.79,9.19,22419.08,0.29,414.7,0.21,83.55,32.65,23.07,27.86,9.58,16022.36,0.05,362.6,0.26,84.51,5462.79
3717,Mecanizado,SI,P3966 (Pioneer),Algodon,SI,Mecanizada,NO,5,45,87,80500,14,0,0,0,0,0,0,0,2,0,0,0,3,0,0,0,68.8,0,0,9,0,0,21,0,0,0,5,3,PLANO O LLANO,PLANO,2,5.5,SIN ROCAS,NO,-1,-1,NO,-1,NO,ATERRONADA,NO,NO,NO HAY,LA MANIANA Y LA TARDE,NO HAY,NO HAY,NO,SI,24,PLANTAS NORMALES,SI,NO,SI,NO,REGULAR,59,BUENO,LENTO,0,0,0,0,0,0,0,100,0,0,0,0,0,49.15,50.85,0,0,0,33.31,24.45,28.88,8.86,15301.82,0.42,412.8,0.28,80.03,33.29,23.77,28.53,9.53,23027.95,0.28,237.7,0.14,78.82,32.21,22.44,27.32,9.77,16034.5,0.05,166,0.15,79.67,5603.49
3718,Manual,SI,PIONEER 30F35 HRR,Maiz,SI,Manual,SI,5,47,90,74000,8,1,0,0,0,0,2,0,2,0,1,0,4,0,0,0,115,0,0,0,0,0,0,0,0,0,3,3,PLANO O LLANO,PLANO,2,6,SIN ROCAS,NO,-1,-1,NO,-1,NO,ATERRONADA,NO,NO,NO HAY,LA MANIANA Y LA TARDE,NO HAY,NO HAY,NO,SI,25,PLANTAS NORMALES,SI,NO,SI,NO,REGULAR,63,BUENO,LENTO,0,0,0,0,0,0,0,100,0,0,0,0,0,49.21,50.79,0,0,0,33.28,24.64,28.96,8.64,14943.58,0.42,347,0.18,80.53,33.15,23.91,28.53,9.24,22447.12,0.26,262.5,0.17,79.05,32.7,22.84,27.77,9.86,18566.86,0.11,218.7,0.18,79.2,6338.37
3720,Manual,SI,Otro,Maiz,SI,Manual,SI,5,48,88,72000,8,1,0,0,0,0,2,0,2,0,1,0,0,0,0,0,115,0,0,0,0,0,0,0,0,0,3,3,PLANO O LLANO,LADERA PLANA,2,6,SIN ROCAS,NO,-1,-1,NO,-1,NO,ATERRONADA,NO,NO,NO HAY,LA MANIANA Y LA TARDE,NO HAY,NO HAY,NO,SI,35,PLANTAS NORMALES,SI,NO,SI,NO,REGULAR,60,BUENO,LENTO,0,0,0,0,0,0,0,53.33,0,46.67,0,0,0,53.33,46.67,0,0,0,33.29,24.61,28.95,8.69,15050.74,0.42,362.8,0.2,80.35,33.15,23.9,28.53,9.25,22467.56,0.26,246.7,0.16,79.06,32.7,22.83,27.77,9.87,18165.22,0.11,218.7,0.18,79.17,6613.95
3828,Mecanizado,SI,Otro,Maiz,SI,Mecanizada,SI,5,46,83,74000,8,2,0,0,0,0,0,2,2,0,0,1,2,0,0,6,115,0,20,0,0,30,30,0,0,2,3,4,PLANO O LLANO,PLANO,2,6,SIN ROCAS,NO,-1,-1,NO,-1,NO,ATERRONADA,NO,NO,NO HAY,LA MANIANA Y LA TARDE,NO HAY,NO HAY,NO,SI,23,PLANTAS NORMALES,SI,NO,SI,NO,BUENO,60,BUENO,LENTO,0,0,0,0,0,0,0,100,0,0,0,0,0,53.33,46.67,0,0,0,33.08,24.47,28.77,8.61,15128.73,0.4,411.7,0.25,80.58,33.27,23.88,28.58,9.39,22776.3,0.29,239.9,0.16,78.76,32.65,22.75,27.7,9.9,15245.73,0.05,176.2,0.16,79.15,5953.49
3831,Mecanizado,SI,Otro,Algodon,SI,Mecanizada,NO,5,47,86,73000,9,1,0,0,0,0,0,2,0,0,0,1,4,0,0,1.5,103.5,0,2.5,0,0,30,30,0,0,2,3,4,PLANO O LLANO,PLANO,2,6,SIN ROCAS,NO,-1,-1,NO,-1,NO,ATERRONADA,NO,NO,NO HAY,LA MANIANA Y LA TARDE,NO HAY,NO HAY,NO,SI,24,PLANTAS NORMALES,SI,NO,SI,NO,BUENO,61,BUENO,LENTO,0,0,0,0,0,0,0,100,0,0,0,0,0,54.1,45.9,0,0,0,33.31,24.53,28.92,8.78,15221.06,0.45,380.8,0.22,80.2,33.13,23.9,28.52,9.23,22515.62,0.24,243.1,0.16,79.1,32.72,22.85,27.79,9.88,16857.47,0.12,204.3,0.17,79.14,5651.16
4030,Mecanizado,SI,Otro,Algodon,SI,Manual,NO,5,46,87,72000,15,2,0,0,0,0,0,2,2,0,0,1,5,0,0,0,115,0,0,0,0,0,30,0,0,0,3,4,PLANO O LLANO,PLANO,2,6,SIN ROCAS,NO,-1,-1,NO,-1,NO,GRANULAR,NO,NO,NO HAY,LA MANIANA Y LA TARDE,NO HAY,NO HAY,NO,SI,28,PLANTAS NORMALES,SI,NO,SI,NO,BUENO,61,BUENO,LENTO,0,0,0,0,0,0,0,100,0,0,0,0,0,100,0,0,0,0,33.27,24.47,28.87,8.8,15353.37,0.42,414.8,0.25,80.03,33.24,23.83,28.54,9.41,22807.7,0.28,238.7,0.16,78.96,32.32,22.44,27.38,9.88,16557.82,0.05,176,0.15,79.42,5970.93
4136,Manual,SI,ICA V 156,Maiz,SI,Manual,SI,5,48,85,62000,61,0,0,0,0,0,0,0,1,0,0,0,3,0,0,0,92,0,0,0,0,0,30,0,0,0,3,4,PLANO O LLANO,PLANO,2,5,SIN ROCAS,NO,-1,-1,NO,-1,NO,GRANULAR,NO,NO,NO HAY,LA MANIANA Y LA TARDE,NO HAY,NO HAY,NO,SI,28,PLANTAS NORMALES,SI,NO,SI,SI,BUENO,59,BUENO,LENTO,0,0,0,0,0,0,0,49.15,50.85,0,0,0,0,100,0,0,0,0,33.75,23.53,28.64,10.22,16849.98,0.38,204.3,0.12,81.06,34.66,23.25,28.96,11.41,23662.79,0.72,334.2,0.14,80.92,34.48,23.34,28.91,11.14,17244.35,0.76,267.3,0.12,80.78,3767.44
4141,Mecanizado,SI,Otro,Algodon,SI,Mecanizada,NO,5,46,88,74000,11,2,0,0,0,0,0,0,4,0,0,0,6,0,0,7.5,115,0,7.5,0,0,37.5,30,0,0,2,3,4,PLANO O LLANO,PLANO,3,6.5,SIN ROCAS,NO,-1,-1,SI,40,NO,GRANULAR,NO,NO,NO HAY,LA MANIANA Y LA TARDE,NO HAY,NO HAY,NO,SI,30,PLANTAS NORMALES,SI,NO,SI,SI,BUENO,40,LENTO A MUY LENTO,LENTO,0,0,0,0,0,0,0,100,0,0,0,0,0,100,0,0,0,0,33.07,24.52,28.8,8.55,15082.03,0.4,412.1,0.25,80.78,33.24,23.88,28.56,9.35,22662.63,0.28,221.8,0.14,78.8,32.55,22.63,27.59,9.92,17225.25,0.07,197.3,0.17,79.25,6046.51
4144,Mecanizado,SI,Otro,Maiz,SI,Mecanizada,NO,5,46,86,75000,15,2,0,0,0,0,0,0,2,0,0,0,5,0,0,7.5,103.5,0,7.5,0,0,37.5,30,0,0,2,3,3,PLANO O LLANO,PLANO,2,5,SIN ROCAS,NO,-1,-1,NO,-1,NO,GRANULAR,NO,NO,NO HAY,LA MANIANA Y LA TARDE,NO HAY,NO HAY,NO,SI,24,PLANTAS NORMALES,SI,NO,SI,NO,BUENO,59,BUENO,LENTO,0,0,0,0,0,0,0,100,0,0,55.93,44.07,0,0,0,0,0,0,33.31,24.53,28.92,8.78,15221.06,0.45,380.8,0.22,80.2,33.13,23.9,28.52,9.23,22515.62,0.24,243.1,0.16,79.1,32.79,22.87,27.83,9.91,16542.7,0.12,204.3,0.18,79.05,6232.56
4230,Mecanizado,NO,DK7088,Maiz,NO,Mecanizada,NO,6,47,83,61000,17,0,0,0,0,0,0,0,1,0,0,0,2,0,0,0,103.5,0,0,0,0,0,30,0,0,0,4,3,PLANO O LLANO,PLANO,2,6,SIN ROCAS,NO,-1,-1,NO,-1,NO,ATERRONADA,NO,NO,NO HAY,LA MANIANA Y LA TARDE,NO HAY,NO HAY,NO,SI,27,PLANTAS NORMALES,SI,NO,SI,NO,BUENO,60,BUENO,LENTO,0,0,0,0,0,0,0,100,0,0,0,0,0,100,0,0,0,0,33.3,24.29,28.8,9.01,15429.55,0.4,395.4,0.25,79.88,33.26,23.69,28.48,9.57,23213.61,0.26,245.1,0.16,78.74,32.08,22.46,27.27,9.62,15350.2,0.05,260,0.18,80.05,6216.74
4249,Mecanizado,SI,Otro,Maiz,SI,Manual,SI,5,46,84,73000,6,0,0,0,0,0,2,0,1,0,1,0,2,0,0,0,69,0,0,0,0,0,60,0,0,0,4,3,PLANO O LLANO,PLANO,2,5.5,SIN ROCAS,NO,-1,-1,NO,-1,NO,ATERRONADA,NO,NO,NO HAY,LA MANIANA Y LA TARDE,NO HAY,NO HAY,NO,SI,41,PLANTAS NORMALES,SI,NO,SI,NO,REGULAR,69,BUENO,LENTO,0,0,0,0,0,0,0,100,0,0,0,0,0,49.28,50.72,0,0,0,33.11,24.47,28.79,8.64,15224.75,0.4,414.8,0.25,80.5,33.26,23.86,28.56,9.4,22784.95,0.29,235.5,0.16,78.88,32.53,22.68,27.6,9.84,15479.61,0.05,176.2,0.16,79.28,5302.33
4261,Manual,NO,ADV 9339 (Syngenta),Maiz,SI,Manual,SI,4,46,81,72000,6,0,0,0,0,0,1,0,1,0,1,1,1,0,0,0,92,0,0,0,0,0,0,0,0,0,2,3,PLANO O LLANO,PLANO,3,5,SIN ROCAS,NO,-1,-1,NO,-1,NO,ATERRONADA,NO,NO,NO HAY,LA MANIANA Y LA TARDE,NO HAY,NO HAY,NO,SI,40,PLANTAS NORMALES,SI,NO,SI,NO,BUENO,70,BUENO,LENTO,0,0,0,0,0,0,0,57.14,42.86,0,0,0,0,42.86,57.14,0,0,0,33.31,24.45,28.88,8.86,15301.82,0.42,412.8,0.28,80.03,33.29,23.77,28.53,9.53,23027.95,0.28,237.7,0.14,78.82,32.46,22.68,27.57,9.79,13875.07,0.06,163,0.18,79.36,6232.56
4280,Mecanizado,SI,Otro,Maiz,NO,Manual,NO,5,46,86,72000,8,0,0,0,0,0,1,0,1,0,1,0,1,0,0,0,80.5,0,0,0,0,0,30,0,0,0,3,3,PLANO O LLANO,PLANO,3,5.5,SIN ROCAS,NO,-1,-1,SI,24,NO,ATERRONADA,NO,NO,NO HAY,LA MANIANA Y LA TARDE,NO HAY,NO HAY,NO,SI,39,PLANTAS NORMALES,SI,NO,SI,NO,REGULAR,39,LENTO A MUY LENTO,LENTO,0,0,0,0,0,0,0,100,0,0,0,0,0,35,65,0,0,0,33.14,24.23,28.69,8.91,15322.65,0.38,395.4,0.25,79.92,33.33,23.72,28.53,9.61,23404.95,0.26,245.1,0.16,78.59,32.05,22.44,27.24,9.61,15697.35,0.05,268.2,0.18,80.19,5603.49
4282,Mecanizado,SI,P4082 (Pioneer),Maiz,NO,Manual,SI,5,45,87,72000,5,0,0,0,0,0,1,0,1,0,1,0,2,0,0,0,80.5,0,0,0,0,0,30,0,0,0,3,3,PLANO O LLANO,PLANO,3,5.5,SIN ROCAS,NO,-1,-1,NO,-1,NO,ATERRONADA,NO,NO,NO HAY,LA MANIANA Y LA TARDE,NO HAY,NO HAY,NO,SI,37,PLANTAS NORMALES,SI,NO,SI,NO,REGULAR,67,BUENO,LENTO,0,0,0,0,0,0,0,100,0,0,0,0,0,32.84,67.16,0,0,0,33.13,24.19,28.66,8.94,15355.27,0.38,426.4,0.28,79.97,33.36,23.72,28.54,9.63,23476.86,0.26,214.1,0.14,78.52,32.05,22.47,27.26,9.58,15609.7,0.05,268.2,0.18,80.13,5274.42
4289,Mecanizado,SI,P4082 (Pioneer),Maiz,NO,Manual,SI,9,41,87,72000,6,0,0,0,0,0,1,0,1,0,1,0,2,0,0,0,92,0,0,0,0,0,30,0,0,0,3,3,PLANO O LLANO,PLANO,2,5,SIN ROCAS,NO,-1,-1,NO,-1,NO,ATERRONADA,NO,NO,NO HAY,LA MANIANA Y LA TARDE,NO HAY,NO HAY,NO,SI,40,PLANTAS NORMALES,SI,NO,SI,NO,BUENO,71,BUENO,LENTO,0,0,0,0,0,0,0,100,0,0,0,0,0,47.89,52.11,0,0,0,33.11,24.47,28.79,8.64,15224.75,0.4,414.8,0.25,80.5,33.26,23.86,28.56,9.4,22784.95,0.29,235.5,0.16,78.88,32.49,22.58,27.53,9.91,16324.32,0.05,179.2,0.15,79.24,5488.37
1828,Manual,SI,PAC 105,Pastos,SI,Manual,NO,5,48,76,66000,10,0,0,0,0,0,0,0,2,0,0,0,3,0,0,0,138,0,0,0,0,0,60,0,0,0,4,1.2,PLANO O LLANO,PLANO,2,5.5,SIN ROCAS,NO,-1,-1,SI,30,SI,ATERRONADA,NO,NO,NO HAY,LA MANIANA Y LA TARDE,NO HAY,NO HAY,NO,SI,20,MUY AFECTADAS,SI,NO,SI,SI,MUY BUENO,30,LENTO A MUY LENTO,NINGUNO,0,0,0,0,0,0,0,100,0,0,0,0,0,100,0,0,0,0,33.22,24.32,28.77,8.9,14930.25,0.35,181.3,0.12,80.62,34.39,24.58,29.49,9.82,22703.7,0.55,272.6,0.16,79.3,33.31,24.41,28.86,8.9,12072.78,0.31,88.6,0.12,82.19,3534.88
2910,Mecanizado,SI,P3966 (Pioneer),Maiz,SI,Mecanizada,NO,5,46,92,73000,5,0,0,0,0,0,0,0,2,0,0,0,3,0,0,0,80,0,0,30,0,0,10,0,0,0,3,4,PLANO O LLANO,PLANO,3,5.5,SIN ROCAS,NO,-1,-1,SI,20,NO,ATERRONADA,NO,NO,NO HAY,LA MANIANA Y LA TARDE,NO HAY,NO HAY,NO,SI,45,PLANTAS NORMALES,SI,NO,SI,NO,REGULAR,45,LENTO A MUY LENTO,LENTO,0,0,0,0,0,0,0,100,0,0,0,0,0,48.33,51.67,0,0,0,32.99,24.33,28.66,8.66,14733.47,0.28,252.1,0.15,82.55,33.18,24.36,28.77,8.82,21823.25,0.36,159.8,0.09,81.41,34.71,23.84,29.28,10.87,20412.94,0.83,2.2,0,73.78,5462.79
2917,Mecanizado,SI,P3966 (Pioneer),Maiz,SI,Manual,SI,5,46,96,73000,5,0,0,0,0,0,0,0,1,0,0,0,4,0,0,0,122,0,0,0,0,0,20,0,0,0,3,4,PLANO O LLANO,PLANO,3,5.5,SIN ROCAS,NO,-1,-1,SI,20,NO,ATERRONADA,NO,NO,NO HAY,LA MANIANA Y LA TARDE,NO HAY,NO HAY,NO,SI,41,PLANTAS NORMALES,SI,NO,SI,NO,REGULAR,41,LENTO A MUY LENTO,LENTO,0,0,0,0,0,0,0,100,0,0,0,0,0,51.43,48.57,0,0,0,33.01,24.25,28.63,8.75,14788.75,0.28,247.8,0.15,82.38,33.22,24.37,28.79,8.85,21950.9,0.38,159.6,0.09,81.26,34.86,23.95,29.4,10.91,22109.47,0.84,2.2,0,73.7,5462.79
2918,Mecanizado,SI,P3966 (Pioneer),Maiz,SI,Mecanizada,NO,5,46,95,73000,5,0,0,0,0,0,0,0,2,0,0,0,2,0,0,0,110.5,0,0,0,0,0,20,0,0,0,3,3,PLANO O LLANO,PLANO,3,5.5,SIN ROCAS,NO,-1,-1,SI,21,NO,ATERRONADA,NO,NO,NO HAY,LA MANIANA Y LA TARDE,NO HAY,NO HAY,NO,SI,43,PLANTAS NORMALES,SI,NO,SI,NO,REGULAR,43,LENTO A MUY LENTO,LENTO,0,0,0,0,0,0,0,100,0,0,0,0,0,54.41,45.59,0,0,0,33.01,24.25,28.63,8.75,14788.75,0.28,247.8,0.15,82.38,33.22,24.37,28.79,8.85,21950.9,0.38,159.6,0.09,81.26,34.83,23.92,29.37,10.91,21670.87,0.84,2.2,0,73.69,5462.79
3033,Mecanizado,SI,Otro,Maiz,SI,Manual,SI,5,47,85,73000,4,0,0,0,0,0,0,0,1,0,0,0,3,0,0,0,46,0,0,0,0,0,0,0,0,0,1,4,PLANO O LLANO,PLANO,2,5.5,SIN ROCAS,NO,-1,-1,NO,-1,NO,ATERRONADA,NO,NO,NO HAY,LA MANIANA Y LA TARDE,NO HAY,NO HAY,NO,SI,42,POCO AFECTADAS,SI,NO,SI,NO,REGULAR,70,BUENO,LENTO,0,0,0,0,0,0,0,100,0,0,0,0,0,45.71,54.29,0,0,0,32.91,24.05,28.48,8.87,14777.39,0.25,279,0.18,82.12,33.44,24.48,28.96,8.97,22174.7,0.45,127.1,0.07,80.84,34.65,23.79,29.22,10.87,17865.74,0.8,2.2,0,73.58,3767.44
3034,Mecanizado,SI,P3966 (Pioneer),Maiz,SI,Manual,SI,5,47,84,73000,3,0,0,0,0,0,0,0,1,0,0,0,2,0,0,0,92,0,0,0,0,0,0,0,0,0,2,4,PLANO O LLANO,PLANO,2,5.5,SIN ROCAS,NO,-1,-1,NO,-1,NO,ATERRONADA,NO,NO,NO HAY,LA MANIANA Y LA TARDE,NO HAY,NO HAY,NO,SI,38,PLANTAS NORMALES,SI,NO,SI,NO,REGULAR,70,BUENO,LENTO,0,0,48.57,0,0,0,0,51.43,0,0,0,0,0,48.57,51.43,0,0,0,32.91,24.05,28.48,8.87,14777.39,0.25,279,0.18,82.12,33.44,24.48,28.96,8.97,22174.7,0.45,127.1,0.07,80.84,34.63,23.74,29.19,10.89,17456.03,0.79,2.2,0,73.59,4050
3037,Mecanizado,SI,P3966 (Pioneer),Maiz,SI,Manual,SI,6,47,87,72000,6,0,0,0,0,0,1,0,1,0,1,0,2,0,0,0,92,0,0,0,0,0,0,0,0,0,2,4,PLANO O LLANO,PLANO,3,5,SIN ROCAS,NO,-1,-1,SI,22,NO,ATERRONADA,NO,NO,NO HAY,LA MANIANA Y LA TARDE,NO HAY,NO HAY,NO,SI,40,PLANTAS NORMALES,SI,NO,SI,NO,REGULAR,40,LENTO A MUY LENTO,LENTO,0,0,0,0,0,0,0,100,0,0,0,0,0,41.43,58.57,0,0,0,32.68,24.01,28.35,8.67,14512.39,0.15,268.6,0.18,82.35,33.73,24.51,29.12,9.22,22540.07,0.52,109.7,0.05,79.93,34.88,23.87,29.38,11.02,19202.86,0.88,0,0,73.23,3861.63
3038,Mecanizado,SI,DK 234 YGRR,Maiz,SI,Manual,SI,5,47,91,73000,5,0,0,0,0,0,1,0,1,0,1,0,1,0,0,0,74.5,0,0,0,0,0,0,0,0,0,2,4,PLANO O LLANO,PLANO,3,5.5,SIN ROCAS,NO,-1,-1,SI,24,NO,ATERRONADA,NO,NO,NO HAY,LA MANIANA Y LA TARDE,NO HAY,NO HAY,NO,SI,39,PLANTAS NORMALES,SI,NO,SI,NO,ESPACIADO,39,LENTO A MUY LENTO,LENTO,0,0,0,0,0,0,0,55.71,44.29,0,0,0,0,44.29,55.71,0,0,0,32.59,24.02,28.31,8.57,14390.09,0.15,249,0.15,82.55,33.71,24.49,29.1,9.22,22609.97,0.5,129.3,0.07,79.98,34.94,23.89,29.42,11.05,20542.56,0.89,0,0,73.2,3861.63
3042,Mecanizado,SI,DK 234 YGRR,Maiz,SI,Manual,SI,5,47,97,73000,4,0,0,0,0,0,0,0,1,0,0,0,1,0,0,0,86,0,0,0,0,0,0,0,0,0,2,3,PLANO O LLANO,PLANO,3,5.5,SIN ROCAS,NO,-1,-1,NO,-1,NO,GRANULAR,NO,NO,NO HAY,LA MANIANA Y LA TARDE,NO HAY,NO HAY,NO,SI,41,PLANTAS NORMALES,SI,NO,SI,NO,REGULAR,70,BUENO,LENTO,0,0,0,0,0,0,0,55.71,44.29,0,0,0,0,44.29,55.71,0,0,0,32.8,24.04,28.42,8.76,14702.5,0.2,270.2,0.18,82.17,33.6,24.48,29.04,9.11,22395.11,0.48,128.6,0.07,80.41,34.97,24.03,29.5,10.95,23032.91,0.87,0.7,0,73.35,3767.44
3043,Mecanizado,SI,DK 234 YGRR,Maiz,SI,Manual,SI,5,47,94,73000,7,0,0,0,0,0,0,0,1,0,0,0,2,0,0,0,86,0,0,0,0,0,0,0,0,0,2,3,PLANO O LLANO,PLANO,3,5.5,SIN ROCAS,NO,-1,-1,NO,-1,NO,GRANULAR,NO,NO,NO HAY,LA MANIANA Y LA TARDE,NO HAY,NO HAY,NO,SI,38,PLANTAS NORMALES,SI,NO,SI,NO,REGULAR,70,BUENO,LENTO,0,0,0,0,0,0,0,51.43,48.57,0,0,0,0,48.57,51.43,0,0,0,32.9,24.04,28.47,8.86,14848.21,0.22,270.2,0.18,81.97,33.51,24.49,29,9.02,22236.9,0.47,128.6,0.07,80.67,34.89,23.94,29.41,10.95,21748.48,0.86,0.7,0,73.49,3767.44
3045,Manual,NO,DK 234 YGRR,Maiz,SI,Manual,SI,5,46,90,72000,5,0,0,0,0,0,1,0,1,0,1,0,0,0,0,0,76,0,0,0,0,0,0,0,0,0,2,3,PLANO O LLANO,PLANO,3,5,SIN ROCAS,NO,-1,-1,NO,-1,NO,GRANULAR,NO,NO,NO HAY,LA MANIANA Y LA TARDE,NO HAY,NO HAY,NO,SI,42,PLANTAS NORMALES,SI,NO,SI,NO,ESPACIADO,60,BUENO,LENTO,0,0,0,0,0,0,0,65,35,0,0,0,0,35,65,0,0,0,32.89,24.04,28.46,8.85,14788.15,0.22,279,0.18,82.08,33.46,24.51,28.98,8.95,22086.63,0.45,128.1,0.07,80.83,34.8,23.84,29.32,10.96,19587.74,0.84,1.2,0,73.45,3861.63
3694,Mecanizado,SI,P3966 (Pioneer),Maiz,SI,Manual,SI,5,45,86,72500,14,0,0,0,0,0,0,0,1,0,0,0,1,0,0,0,92,0,0,0,0,0,0,0,0,0,2,4,PLANO O LLANO,PLANO,2,6,SIN ROCAS,NO,-1,-1,SI,22,NO,GRANULAR,NO,NO,NO HAY,LA MANIANA Y LA TARDE,NO HAY,NO HAY,NO,SI,18,PLANTAS NORMALES,SI,NO,SI,NO,BUENO,22,LENTO A MUY LENTO,LENTO,0,0,0,0,0,0,0,100,0,0,0,0,0,60,40,0,0,0,32.94,23.92,28.43,9.03,15272.72,0.32,311,0.22,79.81,33.21,23.45,28.33,9.76,23880.35,0.21,271.1,0.19,78.59,32.14,22.78,27.46,9.36,14867.34,0.03,285.4,0.21,80.22,6122.09
3697,Mecanizado,SI,P3966 (Pioneer),Maiz,SI,Mecanizada,NO,5,47,81,80000,12,0,1,0,0,0,0,2,2,0,0,1,3,2,0,15,92,0,15,0,0,15,30,0,0,1,3,4,PLANO O LLANO,PLANO,3,6.5,SIN ROCAS,NO,-1,-1,SI,45,NO,GRANULAR,NO,NO,NO HAY,LA MANIANA Y LA TARDE,NO HAY,NO HAY,NO,SI,32,PLANTAS NORMALES,SI,NO,SI,SI,BUENO,45,LENTO A MUY LENTO,LENTO,0,0,0,0,0,0,0,100,0,0,0,0,0,100,0,0,0,0,33.3,24.29,28.8,9.01,15429.55,0.4,395.4,0.25,79.88,33.26,23.69,28.48,9.57,23213.61,0.26,245.1,0.16,78.74,32.2,22.44,27.32,9.76,14370.61,0.06,151.7,0.14,79.8,6046.51
3700,Manual,SI,Otro,Maiz,SI,Manual,SI,5,47,83,62000,12,0,0,0,0,0,0,2,1,0,0,1,7,0,0,0,92,0,0,0,0,0,30,0,0,0,3,3,PLANO O LLANO,PLANO,2,6,SIN ROCAS,NO,-1,-1,NO,-1,NO,ATERRONADA,NO,NO,NO HAY,LA MANIANA Y LA TARDE,NO HAY,NO HAY,NO,SI,17,PLANTAS NORMALES,SI,NO,SI,NO,REGULAR,65,BUENO,LENTO,0,0,0,0,0,0,0,53.85,46.15,0,0,0,0,46.15,53.85,0,0,0,33.08,24.47,28.77,8.61,15128.73,0.4,411.7,0.25,80.58,33.27,23.88,28.58,9.39,22776.3,0.29,239.9,0.16,78.76,32.58,22.73,27.66,9.86,15560.51,0.05,176.2,0.16,79.24,5302.33
3715,Manual,NO,Otro,Pastos,SI,Manual,SI,5,45,76,68000,40,0,0,0,0,0,0,0,1,0,0,0,2,0,0,0,75,0,0,12,0,0,36,0,0,0,4,4,PLANO O LLANO,PLANO,2,6,SIN ROCAS,NO,-1,-1,NO,-1,NO,ATERRONADA,NO,NO,NO HAY,LA MANIANA Y LA TARDE,NO HAY,NO HAY,NO,NO,-1,PLANTAS NORMALES,SI,NO,SI,NO,REGULAR,53,BUENO,LENTO,0,0,0,0,0,0,0,100,0,0,0,0,0,60.38,39.62,0,0,0,33.34,24.09,28.72,9.24,15335.62,0.32,159.7,0.12,78.94,32.51,22.62,27.57,9.89,23726.82,0.09,244,0.16,79.33,31.95,23.21,27.58,8.74,10547.13,0,260.5,0.24,80.99,4615.12
3716,Manual,NO,PIONEER 30F35,Pastos,SI,Manual,SI,5,46,108,70000,40,0,0,0,0,0,0,0,1,0,0,0,5,0,0,0,53.5,0,0,7.5,0,0,37.5,0,0,0,4,4,PLANO O LLANO,PLANO,2,6,SIN ROCAS,NO,-1,-1,NO,-1,NO,ATERRONADA,NO,NO,NO HAY,LA MANIANA Y LA TARDE,NO HAY,NO HAY,NO,SI,19,PLANTAS NORMALES,SI,NO,SI,NO,REGULAR,55,BUENO,LENTO,0,0,0,0,0,0,0,36.36,63.64,0,0,0,0,63.64,36.36,0,0,0,33.05,24.14,28.59,8.91,15174.77,0.38,422.8,0.28,80.05,33.27,23.59,28.43,9.68,23796.34,0.22,239,0.16,78.63,31.89,22.7,27.29,9.19,23218.79,0.02,390.3,0.18,80.57,4615.12
4137,Mecanizado,SI,Otro,Maiz,SI,Manual,SI,5,46,78,73000,14,1,0,0,0,0,0,0,1,0,0,0,4,0,0,15,80.5,0,15,0,0,15,30,0,0,1,3,4,PLANO O LLANO,PLANO,2,6,SIN ROCAS,NO,-1,-1,NO,-1,NO,ATERRONADA,NO,NO,NO HAY,LA MANIANA Y LA TARDE,NO HAY,NO HAY,NO,SI,23,PLANTAS NORMALES,SI,NO,SI,NO,ESPACIADO,60,BUENO,LENTO,0,0,0,0,0,0,0,100,0,0,0,0,0,63.33,36.67,0,0,0,33.23,24.08,28.65,9.15,15080.61,0.32,170,0.15,79.07,32.68,22.72,27.7,9.96,24043.77,0.09,244.7,0.16,79.06,31.79,23.11,27.45,8.68,11489.25,0,260.5,0.22,81.27,5327.91
4151,Manual,NO,P3966 (Pioneer),Maiz,SI,Mecanizada,NO,4,50,75,68750,16,0,0,0,0,0,0,0,2,0,0,0,1,1,0,0,115,0,0,0,0,0,0,0,0,0,2,3,PLANO O LLANO,PLANO,2,5.5,SIN ROCAS,NO,-1,-1,NO,-1,NO,ATERRONADA,NO,NO,NO HAY,LA MANIANA Y LA TARDE,NO HAY,NO HAY,NO,SI,23,PLANTAS NORMALES,SI,NO,SI,NO,BUENO,60,BUENO,LENTO,0,0,0,0,0,0,41.67,58.33,0,0,0,0,0,41.67,58.33,0,0,0,33.16,24.54,28.85,8.63,15197.96,0.42,412.1,0.25,80.33,33.19,23.88,28.53,9.3,22550.01,0.26,216.1,0.14,79.04,32.95,22.82,27.89,10.13,13461.26,0.12,155.5,0.19,78.88,6197.67
4189,Mecanizado,SI,Otro,Maiz,NO,Mecanizada,NO,5,47,97,72000,5,0,0,0,0,0,0,0,2,0,0,0,3,0,0,0,109,0,0,0,0,0,20,0,0,0,3,3,PLANO O LLANO,PLANO,3,6,SIN ROCAS,NO,-1,-1,SI,20,NO,ATERRONADA,NO,NO,NO HAY,LA MANIANA Y LA TARDE,NO HAY,NO HAY,NO,SI,19,PLANTAS NORMALES,SI,NO,SI,SI,REGULAR,20,LENTO A MUY LENTO,LENTO,0,0,0,0,0,0,0,100,0,0,0,0,0,45.45,54.55,0,0,0,33.28,24.84,29.06,8.44,14845.46,0.4,262.7,0.15,80.3,33.19,24.02,28.61,9.17,22319.79,0.29,330.5,0.17,78.96,32.65,22.62,27.63,10.03,21579.56,0.1,238,0.17,79.1,5839.53
4191,Mecanizado,SI,Otro,Maiz,NO,Mecanizada,NO,5,46,97,72000,6,0,0,0,0,0,0,2,1,0,0,0,1,0,0,0,120.5,0,0,0,0,0,20,0,0,0,3,3,PLANO O LLANO,PLANO,3,5.5,SIN ROCAS,NO,-1,-1,SI,20,NO,ATERRONADA,NO,NO,NO HAY,LA MANIANA Y LA TARDE,NO HAY,NO HAY,NO,SI,35,PLANTAS NORMALES,SI,NO,SI,NO,REGULAR,35,LENTO A MUY LENTO,LENTO,0,0,0,0,0,0,0,100,0,0,0,0,0,45.45,54.55,0,0,0,33.07,24.52,28.8,8.55,15082.03,0.4,412.1,0.25,80.78,33.24,23.88,28.56,9.35,22662.63,0.28,221.8,0.14,78.8,32.31,22.55,27.43,9.75,20340.72,0.06,313.8,0.18,79.77,6046.51
4193,Mecanizado,SI,Otro,Algodon,SI,Mecanizada,NO,5,46,98,73000,6,0,0,0,0,0,0,2,1,0,0,0,2,0,0,0,132,0,0,0,0,0,0,0,0,0,3,3,PLANO O LLANO,PLANO,3,5.5,SIN ROCAS,NO,-1,-1,SI,40,NO,ATERRONADA,NO,NO,NO HAY,LA MANIANA Y LA TARDE,NO HAY,NO HAY,NO,SI,40,PLANTAS NORMALES,SI,NO,SI,NO,BUENO,40,LENTO A MUY LENTO,LENTO,0,0,0,0,0,0,0,100,0,0,0,0,0,50,50,0,0,0,33.08,24.47,28.77,8.61,15128.73,0.4,411.7,0.25,80.58,33.27,23.88,28.58,9.39,22776.3,0.29,239.9,0.16,78.76,32.3,22.57,27.43,9.73,20678.78,0.04,300.6,0.15,79.72,5860.47
4199,Mecanizado,SI,Otro,Maiz,NO,Mecanizada,NO,5,46,102,73000,5,0,0,0,0,0,0,0,2,0,0,0,2,0,0,0,120.5,0,0,0,0,0,20,0,0,0,3,3,PLANO O LLANO,PLANO,3,6,SIN ROCAS,NO,-1,-1,SI,22,NO,ATERRONADA,NO,NO,NO HAY,LA MANIANA Y LA TARDE,NO HAY,NO HAY,NO,SI,30,PLANTAS NORMALES,SI,NO,SI,SI,REGULAR,30,LENTO A MUY LENTO,LENTO,0,0,0,0,0,0,0,100,0,0,0,0,0,47.06,52.94,0,0,0,33.3,24.75,29.02,8.55,14874.73,0.42,347,0.18,80.33,33.18,23.96,28.57,9.22,22423.29,0.28,262.5,0.17,79.06,32.42,22.6,27.51,9.82,22695.21,0.09,330,0.18,79.51,5953.49
4201,Mecanizado,SI,Otro,Maiz,SI,Mecanizada,NO,5,46,81,73000,5,0,0,0,0,0,0,2,2,0,0,0,0,0,0,0,109,0,0,0,0,0,20,0,0,0,3,4,PLANO O LLANO,PLANO,3,5,SIN ROCAS,NO,-1,-1,SI,17,NO,ATERRONADA,NO,NO,NO HAY,LA MANIANA Y LA TARDE,NO HAY,NO HAY,NO,SI,38,PLANTAS NORMALES,SI,NO,SI,NO,BUENO,38,LENTO A MUY LENTO,LENTO,0,0,0,0,0,0,0,100,0,0,0,0,0,50,50,0,0,0,33.31,24.45,28.88,8.86,15301.82,0.42,412.8,0.28,80.03,33.29,23.77,28.53,9.53,23027.95,0.28,237.7,0.14,78.82,32.43,22.58,27.5,9.85,14274.25,0.06,163.5,0.17,79.34,6122.09
4202,Mecanizado,SI,Otro,Maiz,SI,Mecanizada,NO,5,46,87,73000,5,0,0,0,0,0,0,2,1,0,0,1,2,0,0,0,120.5,0,0,0,0,0,50,0,0,0,4,3,PLANO O LLANO,PLANO,3,5,SIN ROCAS,NO,-1,-1,SI,20,NO,ATERRONADA,NO,NO,NO HAY,LA MANIANA Y LA TARDE,NO HAY,NO HAY,NO,SI,37,PLANTAS NORMALES,SI,NO,SI,NO,BUENO,37,LENTO A MUY LENTO,LENTO,0,0,0,0,0,0,0,100,0,0,0,0,0,47.27,52.73,0,0,0,33.07,24.52,28.8,8.55,15082.03,0.4,412.1,0.25,80.78,33.24,23.88,28.56,9.35,22662.63,0.28,221.8,0.14,78.8,32.55,22.65,27.6,9.91,16779.72,0.07,194.8,0.17,79.27,6122.09
4203,Mecanizado,SI,Otro,Maiz,SI,Mecanizada,NO,5,47,79,73000,5,0,0,0,0,0,0,2,1,0,0,1,2,0,0,0,109,0,0,0,0,0,20,0,0,0,3,3,PLANO O LLANO,PLANO,3,5,SIN ROCAS,NO,-1,-1,SI,20,NO,ATERRONADA,NO,NO,NO HAY,LA MANIANA Y LA TARDE,NO HAY,NO HAY,NO,SI,42,PLANTAS NORMALES,SI,NO,SI,NO,BUENO,42,LENTO A MUY LENTO,LENTO,0,0,0,0,0,0,0,100,0,0,0,0,0,41.18,58.82,0,0,0,33.31,24.45,28.88,8.86,15301.82,0.42,412.8,0.28,80.03,33.29,23.77,28.53,9.53,23027.95,0.28,237.7,0.14,78.82,32.46,22.68,27.57,9.79,13875.07,0.06,163,0.18,79.36,5933.72
4248,Mecanizado,NO,Otro,Maiz,SI,Manual,NO,5,47,82,62500,5,0,0,0,0,0,1,0,1,0,1,0,2,0,0,0,0,0,0,0,0,0,0,0,0,0,2,4,PLANO O LLANO,PLANO,3,5.5,SIN ROCAS,NO,-1,-1,SI,24,NO,ATERRONADA,NO,NO,NO HAY,LA MANIANA Y LA TARDE,NO HAY,NO HAY,NO,SI,35,PLANTAS NORMALES,SI,NO,SI,NO,REGULAR,35,LENTO A MUY LENTO,LENTO,0,0,0,0,0,0,0,100,0,0,0,0,0,31.15,68.85,0,0,0,33.31,24.45,28.88,8.86,15301.82,0.42,412.8,0.28,80.03,33.29,23.77,28.53,9.53,23027.95,0.28,237.7,0.14,78.82,32.46,22.68,27.57,9.79,13875.07,0.06,163,0.18,79.36,5148.84
4275,Mecanizado,SI,P4082 (Pioneer),Maiz,SI,Manual,SI,5,46,79,72000,8,0,0,0,0,0,0,0,1,0,0,0,3,0,0,0,92,0,0,0,0,0,0,0,0,0,2,3,PLANO O LLANO,PLANO,2,5,SIN ROCAS,NO,-1,-1,NO,-1,NO,ATERRONADA,NO,NO,NO HAY,LA MANIANA Y LA TARDE,NO HAY,NO HAY,NO,SI,36,PLANTAS NORMALES,SI,NO,SI,NO,ESPACIADO,60,BUENO,LENTO,0,0,0,0,0,0,0,100,0,0,0,0,0,40,60,0,0,0,33.16,24.54,28.85,8.63,15197.96,0.42,412.1,0.25,80.33,33.19,23.88,28.53,9.3,22550.01,0.26,216.1,0.14,79.04,32.92,22.84,27.88,10.08,13830.69,0.12,155.5,0.18,78.94,5556.98
4281,Mecanizado,SI,P4082 (Pioneer),Maiz,SI,Manual,NO,5,46,86,72000,6,0,0,0,0,0,0,0,1,0,0,0,4,0,0,0,92,0,0,0,0,0,0,0,0,0,2,3,PLANO O LLANO,PLANO,3,5,SIN ROCAS,NO,-1,-1,SI,26,NO,ATERRONADA,NO,NO,NO HAY,LA MANIANA Y LA TARDE,NO HAY,NO HAY,NO,SI,38,PLANTAS NORMALES,SI,NO,SI,NO,BUENO,38,LENTO A MUY LENTO,LENTO,0,0,0,0,0,0,0,65.22,34.78,0,0,0,0,34.78,65.22,0,0,0,33.07,24.52,28.8,8.55,15082.03,0.4,412.1,0.25,80.78,33.24,23.88,28.56,9.35,22662.63,0.28,221.8,0.14,78.8,32.59,22.73,27.66,9.86,16380.54,0.08,194.3,0.18,79.29,5236.05
4286,Manual,NO,P4082 (Pioneer),Maiz,NO,Manual,SI,4,46,85,65000,4,0,0,0,0,0,0,0,1,0,0,0,4,0,0,0,80.5,0,0,0,0,0,0,0,0,0,2,3,PLANO O LLANO,PLANO,2,5.5,SIN ROCAS,NO,-1,-1,NO,-1,NO,ATERRONADA,NO,NO,NO HAY,LA MANIANA Y LA TARDE,NO HAY,NO HAY,NO,SI,40,PLANTAS NORMALES,SI,NO,SI,NO,BUENO,72,BUENO,LENTO,0,0,0,0,0,0,0,100,0,0,0,0,0,51.39,48.61,0,0,0,33.31,24.53,28.92,8.78,15221.06,0.45,380.8,0.22,80.2,33.13,23.9,28.52,9.23,22515.62,0.24,243.1,0.16,79.1,32.86,22.93,27.89,9.93,15800.24,0.13,193.9,0.18,79,5395.35
4287,Mecanizado,SI,Otro,Maiz,NO,Manual,SI,5,46,84,72000,5,0,0,0,0,0,1,0,1,0,1,0,0,0,0,0,92,0,0,0,0,0,0,0,0,0,2,3,PLANO O LLANO,PLANO,3,5.5,SIN ROCAS,NO,-1,-1,SI,25,NO,ATERRONADA,NO,NO,NO HAY,LA MANIANA Y LA TARDE,NO HAY,NO HAY,NO,SI,35,PLANTAS NORMALES,SI,NO,SI,NO,BUENO,35,LENTO A MUY LENTO,LENTO,0,0,0,0,0,0,0,53.42,46.58,0,0,0,0,46.58,53.42,0,0,0,33.16,24.54,28.85,8.63,15197.96,0.42,412.1,0.25,80.33,33.19,23.88,28.53,9.3,22550.01,0.26,216.1,0.14,79.04,32.79,22.87,27.83,9.92,15735.53,0.11,195.1,0.18,79.05,6046.51
2916,Mecanizado,SI,P3966 (Pioneer),Maiz,SI,Manual,SI,5,47,90,72000,5,0,0,0,0,0,0,2,1,0,0,0,1,0,0,0,76,0,0,0,0,0,20,0,0,0,2,4,PLANO O LLANO,PLANO,3,5.5,SIN ROCAS,NO,-1,-1,SI,18,NO,ATERRONADA,NO,NO,NO HAY,LA MANIANA Y LA TARDE,NO HAY,NO HAY,NO,SI,36,PLANTAS NORMALES,SI,NO,SI,NO,REGULAR,36,LENTO A MUY LENTO,LENTO,0,0,0,0,0,0,0,100,0,0,51.67,48.33,0,0,0,0,0,0,32.91,24.05,28.48,8.87,14777.39,0.25,279,0.18,82.12,33.44,24.48,28.96,8.97,22174.7,0.45,127.1,0.07,80.84,34.78,23.88,29.33,10.9,19938.4,0.82,2.2,0,73.58,5180.23
4283,Mecanizado,SI,Otro,Maiz,NO,Manual,SI,5,46,85,73000,5,0,0,0,0,0,0,0,1,0,0,0,2,0,0,0,92,0,0,0,0,0,0,0,0,0,2,3,PLANO O LLANO,PLANO,3,5,SIN ROCAS,NO,-1,-1,SI,25,NO,ATERRONADA,NO,NO,NO HAY,LA MANIANA Y LA TARDE,NO HAY,NO HAY,NO,SI,40,PLANTAS NORMALES,SI,NO,SI,NO,REGULAR,40,LENTO A MUY LENTO,LENTO,0,0,0,0,0,0,0,63.38,36.62,0,0,0,0,36.62,63.38,0,0,0,33.16,24.54,28.85,8.63,15197.96,0.42,412.1,0.25,80.33,33.19,23.88,28.53,9.3,22550.01,0.26,216.1,0.14,79.04,32.75,22.83,27.79,9.92,16124.38,0.1,200,0.18,79.07,5511.63
469,Mecanizado,SI,FNC 114,Maiz,SI,Manual,NO,5,50,70,60000,11,0,0,0,0,0,1,0,1,0,0,0,1,0,0,0,92,0,0,0,0,0,0,0,0,0,2,2,PLANO O LLANO,PLANO,2,6,SIN ROCAS,SI,17,5,NO,-1,NO,MASIVA,NO,NO,POCO MARCADAS,LA MANIANA Y LA TARDE,NO HAY,NO HAY,NO,SI,20,PLANTAS NORMALES,SI,NO,SI,SI,BUENO,20,BUENO,NINGUNO,0,35.71,0,0,64.29,0,0,0,0,0,0,0,0,0,100,0,0,0,32.27,23.78,28.02,8.49,14142.87,0,132.5,0.12,81.85,32.71,23.69,28.2,9.02,22838.14,0.05,102.8,0.05,79.79,33.15,23.12,28.14,10.03,12457.07,0.18,6.4,0,74.5,3767.44
2391,Mecanizado,SI,P4082 (Pioneer),Maiz,SI,Manual,SI,4,46,79,80000,12,0,0,0,0,0,0,1,1,0,0,0,2,0,0,0,184,0,0,0,0,0,120,0,0,0,4,1,PLANO O LLANO,PLANO,2,5.5,SIN ROCAS,NO,-1,-1,NO,-1,NO,ATERRONADA,NO,NO,NO HAY,LA MANIANA Y LA TARDE,NO HAY,NO HAY,NO,SI,35,PLANTAS NORMALES,NO,NO,SI,NO,BUENO,50,BUENO,NINGUNO,0,0,0,0,56,44,0,0,0,0,0,100,0,0,0,0,0,0,33.32,24.36,28.84,8.96,14658.39,0.4,198.3,0.15,80.7,34.56,24.82,29.69,9.74,22774.85,0.6,227.2,0.12,78.69,33.38,24.32,28.85,9.07,12043.27,0.28,122.6,0.19,81.92,3579.07
2491,Manual,NO,DK 234,Maiz,SI,Manual,SI,4,41,85,50000,10,0,0,0,0,0,0,0,1,0,0,0,1,0,0,0,46,0,0,0,0,0,0,0,0,0,1,1,PLANO O LLANO,PLANO,2,6,SIN ROCAS,NO,-1,-1,NO,-1,NO,GRANULAR,NO,NO,NO HAY,LA MANIANA Y LA TARDE,NO HAY,NO HAY,NO,SI,30,PLANTAS NORMALES,SI,NO,SI,NO,BUENO,55,BUENO,NINGUNO,0,0,0,0,0,0,45.45,54.55,0,0,0,0,0,100,0,0,0,0,33.38,24.48,28.93,8.9,15307.87,0.45,188,0.15,80.9,34.64,24.8,29.72,9.84,22929.24,0.6,255.9,0.14,78.65,33.38,24.27,28.82,9.11,12519.29,0.27,124.5,0.18,81.44,3720.93
2495,Mecanizado,SI,DK 234,Maiz,SI,Manual,SI,6,46,77,80000,12,0,0,0,0,0,0,0,0,0,0,0,1,0,0,0,161,0,0,0,0,0,60,0,0,0,2,1,PLANO O LLANO,PLANO,2,6,SIN ROCAS,NO,-1,-1,NO,-1,NO,GRANULAR,NO,NO,NO HAY,LA MANIANA Y LA TARDE,NO HAY,NO HAY,NO,SI,30,PLANTAS NORMALES,SI,NO,SI,NO,BUENO,50,BUENO,NINGUNO,0,0,0,0,0,0,100,0,0,0,0,0,0,100,0,0,0,0,33.87,24.75,29.31,9.12,15076.68,0.57,190.6,0.15,79.92,34.25,24.67,29.46,9.58,22381.38,0.48,258.1,0.14,79.1,33.91,24.41,29.16,9.51,12566.99,0.47,103,0.16,80.48,4481.4
2633,Mecanizado,NO,Otro,Maiz,NO,Manual,NO,7,54,87,55000,11,0,0,0,0,0,0,0,0,0,0,0,1,0,0,0,276,0,0,0,0,0,60,0,0,0,4,1,PLANO O LLANO,PLANO,1,5.5,SIN ROCAS,NO,-1,-1,NO,-1,NO,ATERRONADA,NO,NO,NO HAY,LA MANIANA Y LA TARDE,NO HAY,NO HAY,NO,SI,25,POCO AFECTADAS,SI,NO,SI,NO,BUENO,40,BUENO,NINGUNO,0,0,0,0,0,0,0,100,0,0,0,0,0,0,100,0,0,0,33.91,24.75,29.33,9.17,15178.36,0.57,189.1,0.15,79.7,34.27,24.68,29.48,9.59,22439.93,0.5,259.6,0.14,79.01,33.74,24.46,29.1,9.27,19592.48,0.45,136.8,0.12,81.2,4372.09
2641,Mecanizado,SI,ADV 9339 (Syngenta),Maiz,SI,Manual,SI,6,51,88,60000,10,0,0,0,0,0,0,0,0,0,0,0,1,0,0,0,138,0,0,0,0,0,0,0,0,0,2,1,PLANO O LLANO,PLANO,1,4.5,SIN ROCAS,NO,-1,-1,NO,-1,NO,ATERRONADA,NO,NO,NO HAY,LA MANIANA Y LA TARDE,NO HAY,NO HAY,NO,SI,24,POCO AFECTADAS,NO,NO,SI,NO,BUENO,40,BUENO,NINGUNO,0,0,0,0,100,0,0,0,0,0,0,0,0,0,100,0,0,0,33.99,24.71,29.35,9.28,15239.28,0.6,189.1,0.15,79.5,34.26,24.68,29.47,9.59,22480.59,0.5,253.4,0.14,78.98,33.75,24.5,29.12,9.25,18419.16,0.42,136.1,0.12,81.18,3813.95
3041,Manual,NO,P3966 (Pioneer),Maiz,SI,Manual,SI,5,47,86,71000,6,0,0,0,0,0,1,0,1,0,1,0,2,0,0,0,46,0,0,0,0,0,0,0,0,0,1,3,PLANO O LLANO,PLANO,3,5,SIN ROCAS,NO,-1,-1,NO,-1,NO,ATERRONADA,NO,NO,NO HAY,LA MANIANA Y LA TARDE,NO HAY,NO HAY,NO,SI,43,PLANTAS NORMALES,SI,NO,SI,NO,REGULAR,70,BUENO,LENTO,0,0,0,0,0,0,0,55.71,44.29,0,0,0,0,44.29,55.71,0,0,0,32.6,23.96,28.28,8.65,14397.48,0.12,268.6,0.18,82.58,33.82,24.57,29.2,9.26,22613.73,0.55,109.7,0.05,79.71,34.88,23.85,29.37,11.04,18374.72,0.88,0,0,73.12,3673.26
4259,Manual,NO,DK7088,Maiz,SI,Manual,NO,6,51,81,60500,16,0,0,0,0,0,0,0,2,0,0,0,1,0,0,0,92,0,0,0,0,0,30,0,0,0,4,4,PLANO O LLANO,PLANO,2,6,SIN ROCAS,NO,-1,-1,NO,-1,NO,ATERRONADA,NO,NO,NO HAY,LA MANIANA Y LA TARDE,NO HAY,NO HAY,NO,SI,22,PLANTAS NORMALES,SI,NO,SI,NO,BUENO,60,BUENO,LENTO,0,100,0,0,0,0,0,0,0,0,0,0,0,0,100,0,0,0,33.27,24.47,28.87,8.8,15353.37,0.42,414.8,0.25,80.03,33.24,23.83,28.54,9.41,22807.7,0.28,238.7,0.16,78.96,32.32,22.44,27.38,9.88,16557.82,0.05,176,0.15,79.42,5730.47
4268,Manual,NO,Otro,Maiz,SI,Manual,NO,6,49,79,61000,17,0,0,0,0,0,0,0,1,0,0,0,2,0,0,0,92,0,0,0,0,0,30,0,0,0,4,3,PLANO O LLANO,PLANO,2,5.5,SIN ROCAS,NO,-1,-1,NO,-1,NO,MASIVA,NO,NO,NO HAY,LA MANIANA Y LA TARDE,NO HAY,NO HAY,NO,SI,18,PLANTAS NORMALES,SI,NO,NO,NO,BUENO,18,BUENO,LENTO,0,100,0,0,0,0,0,0,0,0,0,0,0,0,100,0,0,0,33.35,24.47,28.91,8.88,15416.88,0.42,411.4,0.25,79.83,33.28,23.8,28.54,9.48,22871.44,0.28,248.5,0.16,78.92,32.43,22.54,27.48,9.89,15184.77,0.05,166,0.16,79.28,6736.51
4327,Mecanizado,NO,P3966 (Pioneer),Maiz,SI,Mecanizada,NO,6,49,79,75000,17,0,0,0,0,0,0,2,1,0,0,0,2,0,0,15,92,0,15,0,0,15,30,0,0,1,3,3,PLANO O LLANO,PLANO,2,6,SIN ROCAS,NO,-1,-1,NO,-1,NO,ATERRONADA,NO,NO,NO HAY,LA MANIANA Y LA TARDE,NO HAY,NO HAY,NO,SI,24,PLANTAS NORMALES,NO,NO,SI,NO,REGULAR,60,BUENO,LENTO,0,0,0,0,0,0,0,100,0,0,0,0,0,53.33,46.67,0,0,0,33.11,24.18,28.64,8.93,15207.06,0.38,426.4,0.28,80,33.34,23.66,28.5,9.68,23722.32,0.26,214.1,0.14,78.51,31.93,22.41,27.17,9.52,14311.33,0.03,268.2,0.19,80.3,7913.95
4378,Mecanizado,SI,Otro,Maiz,NO,Mecanizada,NO,7,47,84,70000,18,0,0,0,0,0,0,0,0,0,0,0,3,0,0,0,138,0,0,0,0,0,30,0,0,0,4,4,PLANO O LLANO,PLANO,2,6,SIN ROCAS,NO,-1,-1,NO,-1,NO,GRANULAR,NO,NO,NO HAY,LA MANIANA Y LA TARDE,NO HAY,NO HAY,NO,SI,38,PLANTAS NORMALES,NO,NO,SI,NO,REGULAR,60,BUENO,LENTO,0,0,0,0,0,0,45,0,0,55,0,0,0,100,0,0,0,0,33.16,24.54,28.85,8.63,15197.96,0.42,412.1,0.25,80.33,33.19,23.88,28.53,9.3,22550.01,0.26,216.1,0.14,79.04,32.66,22.78,27.72,9.88,16808.47,0.1,200,0.17,79.23,6418.6
1998,Mecanizado,SI,Otro,Pastos,SI,Mecanizada,SI,5,45,83,62500,6,0,0,0,0,0,0,1,1,0,0,0,1,1,0,0,37.5,0,0,37.5,0,0,37.5,0,0,0,2,1.9,PLANO O LLANO,PLANO,2,6,SIN ROCAS,NO,-1,-1,NO,-1,NO,GRANULAR,NO,NO,NO HAY,LA MANIANA Y LA TARDE,NO HAY,NO HAY,NO,SI,45,MUY AFECTADAS,SI,NO,SI,SI,MUY BUENO,60,BUENO,NINGUNO,0,0,35,0,0,0,0,65,0,0,0,0,0,65,0,0,35,0,34.83,25.02,29.92,9.81,15882,0.6,62,0.05,77.14,33.5,24.29,28.9,9.2,21864.16,0.36,320.7,0.21,81.9,33.4,24.53,28.96,8.87,13522.13,0.44,153.1,0.08,81.89,1871.63
1926,Mecanizado,NO,Otro,Frijol,SI,Mecanizada,SI,5,46,100,55000,12,0,0,0,0,0,0,1,0,0,0,0,2,0,0,0,57.5,0,0,0,0,0,15,0,0,0,4,3.3,PLANO O LLANO,PLANO,3,5.5,SIN ROCAS,NO,-1,-1,NO,-1,NO,GRANULAR,NO,NO,NO HAY,LA MANIANA Y LA TARDE,NO HAY,NO HAY,NO,SI,60,PLANTAS NORMALES,SI,NO,SI,SI,MUY BUENO,60,BUENO,LENTO,0,0,0,0,28.33,35,0,36.67,0,0,0,0,0,28.33,36.67,0,35,0,33.22,24.32,28.77,8.9,14930.25,0.35,181.3,0.12,80.62,34.39,24.58,29.49,9.82,22703.7,0.55,272.6,0.16,79.3,33.25,24.45,28.85,8.8,20167.35,0.35,228,0.13,82.37,2790.7
277,Manual,NO,Otro,Algodon,SI,Manual,NO,5,68,54,60000,14,0,0,0,0,0,0,0,0,0,0,0,1,0,0,0,46,0,0,0,0,0,0,0,0,0,1,2,PLANO O LLANO,PLANO,2,6,SIN ROCAS,SI,15,1,SI,64,NO,GRANULAR,NO,NO,NO HAY,LA MANIANA Y LA TARDE,NO HAY,NO HAY,NO,NO,-1,PLANTAS NORMALES,SI,NO,SI,NO,BUENO,15,BUENO,NINGUNO,0,0,0,0,78.05,0,0,21.95,0,0,100,0,0,0,0,0,0,0,32.48,24.36,28.42,8.12,14804.76,0.15,164.7,0.08,81.2,32.53,23.77,28.15,8.76,24163.02,0.16,305.1,0.17,80.24,32.17,23.43,27.8,8.75,10350.68,0.03,207.8,0.27,82.63,5462.79
2905,Manual,NO,PIONEER 30F35 HRR,Maiz,SI,Manual,NO,5,49,79,60000,5,0,0,0,0,0,0,1,1,0,0,0,2,0,0,0,92,0,0,0,0,0,0,0,0,0,2,1,PLANO O LLANO,PLANO,2,6,SIN ROCAS,NO,-1,-1,SI,22,NO,GRANULAR,NO,NO,POCO MARCADAS,LA MANIANA Y LA TARDE,POCO MARCADAS,NO HAY,NO,SI,17,PLANTAS NORMALES,NO,NO,SI,NO,BUENO,22,LENTO A MUY LENTO,NINGUNO,0,35,0,0,0,0,0,65,0,0,65,35,0,0,0,0,0,0,31.8,24.73,28.26,7.07,13512.05,0,161,0.15,89,33.25,25.19,29.22,8.07,22336.62,0.19,163.8,0.07,83.97,32.55,24.91,28.73,7.64,13749.66,0.14,15.1,0.03,82.44,3474.42
270,Mecanizado,NO,PIONEER 30F35,Frijol,SI,Manual,NO,5,56,71,60000,14,0,0,0,0,0,0,0,1,0,0,0,1,0,0,0,46,0,0,0,0,0,0,0,0,0,1,2,PLANO O LLANO,PLANO,3,5,SIN ROCAS,SI,17,1.5,SI,15,NO,GRANULAR,NO,NO,NO HAY,LA MANIANA Y LA TARDE,NO HAY,NO HAY,NO,NO,-1,PLANTAS NORMALES,SI,NO,NO,NO,BUENO,15,LENTO A MUY LENTO,NINGUNO,0,0,0,0,0,58.11,0,41.89,0,0,100,0,0,0,0,0,0,0,32.66,24.07,28.36,8.59,15518.97,0.22,233.8,0.12,81.25,32.24,23.64,27.94,8.6,23738.24,0.07,328,0.19,80.24,32.07,23.76,27.92,8.31,11604.91,0.06,161.7,0.17,82.34,4238.37
1789,Mecanizado,SI,DK7088,Algodon,SI,Mecanizada,NO,9,47,87,60000,5,0,0,0,0,0,2,0,1,0,0,0,1,0,0,0,46,0,0,0,0,0,0,0,0,0,1,2,PLANO O LLANO,PLANO,2,6.5,SIN ROCAS,SI,13,11,NO,-1,NO,GRANULAR,NO,NO,NO HAY,LA MANIANA Y LA TARDE,NO HAY,NO HAY,NO,SI,32,POCO AFECTADAS,NO,NO,SI,SI,ESPACIADO,32,BUENO,NINGUNO,0,0,0,0,78.33,21.67,0,0,0,0,0,0,0,100,0,0,0,0,33.02,24.07,28.55,8.95,14698.22,0.28,236.5,0.2,81.77,34.11,23.72,28.91,10.39,24332.58,0.5,268.7,0.14,83.79,32.47,24.04,28.25,8.43,17704.49,0.02,291.2,0.22,86.41,3051.16
3933,Mecanizado,SI,P3966 (Pioneer),Maiz,NO,Manual,NO,4,46,85,65000,14,0,0,0,0,0,0,1,1,0,0,0,2,0,0,0,80.5,0,0,0,0,0,0,0,0,0,2,1,PLANO O LLANO,PLANO,2,6,SIN ROCAS,NO,-1,-1,SI,22,NO,GRANULAR,NO,NO,NO HAY,LA MANIANA Y LA TARDE,NO HAY,POCO MARCADAS,NO,SI,19,PLANTAS NORMALES,NO,NO,NO,SI,ESPACIADO,22,LENTO A MUY LENTO,NINGUNO,0,31.67,0,0,0,0,0,68.33,0,0,100,0,0,0,0,0,0,0,32.91,23.83,28.37,9.08,16491.43,0.3,337.9,0.22,83.93,32.56,23.24,27.9,9.31,23779.62,0.16,190.2,0.14,83.34,31.85,23.29,27.57,8.55,15403.89,0,93.3,0.05,82.84,5530.23
3052,Mecanizado,NO,PIONEER 30F35 HRR,Maiz,NO,Manual,NO,4,48,81,55000,10,1,0,0,0,0,0,1,1,0,0,0,1,0,0,0,61,0,0,15,0,0,15,0,0,0,2,2,PLANO O LLANO,PLANO,2,5.5,SIN ROCAS,NO,-1,-1,SI,20,NO,GRANULAR,NO,NO,POCO MARCADAS,LA MANIANA Y LA TARDE,NO HAY,NO HAY,NO,SI,22,PLANTAS NORMALES,NO,NO,SI,NO,ESPACIADO,22,LENTO A MUY LENTO,NINGUNO,0,0,0,0,0,0,68.33,31.67,0,0,68.33,31.67,0,0,0,0,0,0,31.96,24.83,28.39,7.13,14512.39,0.02,268.6,0.18,88.83,33.23,25.19,29.21,8.04,22540.07,0.19,109.7,0.05,84.49,32.45,24.94,28.7,7.51,16183.07,0.08,0,0,82.25,5404.65
1794,Mecanizado,NO,PAC 105,Algodon,SI,Manual,NO,3,49,77,60000,6,0,0,0,0,0,0,0,1,0,0,0,1,0,0,0,92,0,0,0,0,0,0,0,0,0,2,2,PLANO O LLANO,PLANO,2,6.5,SIN ROCAS,NO,-1,-1,NO,-1,NO,GRANULAR,NO,NO,NO HAY,LA MANIANA Y LA TARDE,NO HAY,NO HAY,NO,SI,35,PLANTAS NORMALES,NO,NO,SI,NO,ESPACIADO,60,BUENO,NINGUNO,0,0,0,0,0,0,41.67,58.33,0,0,0,0,0,0,100,0,0,0,34.38,23.86,29.12,10.52,15896.17,0.5,135.3,0.12,80.15,32.87,23.79,28.33,9.09,22756.15,0.22,398.4,0.21,86.57,32.44,24.27,28.35,8.18,12344.45,0.03,207.5,0.25,86.41,3255.81
4254,Mecanizado,NO,DK 234 YGRR,Algodon,SI,Mecanizada,NO,5,49,81,59700,18,0,0,0,0,0,0,0,1,0,0,0,2,0,0,0,84,0,0,15,0,0,15,0,0,0,3,2,PLANO O LLANO,PLANO,2,6,SIN ROCAS,NO,-1,-1,NO,-1,NO,MASIVA,NO,NO,NO HAY,LA MANIANA Y LA TARDE,NO HAY,NO HAY,NO,SI,16,POCO AFECTADAS,NO,NO,NO,NO,REGULAR,16,BUENO,NINGUNO,0,100,0,0,0,0,0,0,0,0,0,0,0,0,100,0,0,0,33.14,24.23,28.69,8.91,15322.65,0.38,395.4,0.25,79.92,33.33,23.72,28.53,9.61,23404.95,0.26,245.1,0.16,78.59,32.03,22.42,27.22,9.61,14911.78,0.05,260,0.18,80.09,6169.19
3671,Mecanizado,SI,ADV 9293 (Syngenta),Algodon,SI,Manual,NO,4,49,80,62000,6,0,0,0,0,0,0,0,1,0,0,0,1,1,0,0,92,0,0,0,0,0,0,0,0,0,2,1,PLANO O LLANO,PLANO,2,7,SIN ROCAS,SI,13,10,NO,-1,NO,ATERRONADA,NO,NO,NO HAY,LA MANIANA Y LA TARDE,NO HAY,NO HAY,NO,SI,16,PLANTAS NORMALES,NO,NO,SI,SI,ESPACIADO,16,BUENO,NINGUNO,0,0,0,0,54.29,0,45.71,0,0,0,100,0,0,0,0,0,0,0,33.27,24.47,28.87,8.8,15353.37,0.42,414.8,0.25,80.03,33.24,23.83,28.54,9.41,22807.7,0.28,238.7,0.16,78.96,32.53,22.68,27.61,9.85,14730.05,0.06,173,0.17,79.16,4958.14
1792,Mecanizado,SI,Otro,Algodon,SI,Mecanizada,NO,5,47,78,75000,17,0,0,0,0,0,0,2,2,0,0,0,3,0,0,0,115,0,0,0,0,0,30,0,0,0,3,3,PLANO O LLANO,PLANO,3,5.5,SIN ROCAS,NO,-1,-1,SI,35,NO,GRANULAR,NO,NO,NO HAY,LA MANIANA Y LA TARDE,NO HAY,NO HAY,NO,SI,32,PLANTAS NORMALES,SI,NO,SI,NO,ESPACIADO,35,LENTO A MUY LENTO,LENTO,0,0,0,0,0,0,0,58.33,41.67,0,73.33,26.67,0,0,0,0,0,0,34.63,25.05,29.84,9.59,15520.22,0.57,98.2,0.05,77.57,33.57,24.21,28.89,9.36,22346.75,0.38,336.5,0.22,81.3,33.39,24.61,29,8.78,12468.88,0.45,55.8,0.03,82.24,5720.93
3744,Mecanizado,SI,DK 234,Algodon,NO,Manual,NO,4,46,85,65000,7,0,0,0,0,0,0,0,1,0,0,0,1,0,0,0,92,0,0,0,0,0,0,0,0,0,2,1,PLANO O LLANO,PLANO,2,6,SIN ROCAS,NO,-1,-1,SI,29,NO,ATERRONADA,NO,NO,POCO MARCADAS,LA MANIANA Y LA TARDE,NO HAY,NO HAY,NO,SI,22,PLANTAS NORMALES,NO,NO,NO,SI,REGULAR,29,LENTO A MUY LENTO,NINGUNO,0,0,0,0,0,0,53.33,46.67,0,0,100,0,0,0,0,0,0,0,32.78,23.81,28.3,8.97,16264,0.25,315.5,0.2,84.26,32.7,23.32,28.01,9.38,23978.67,0.19,212.2,0.16,83.27,31.78,23.23,27.5,8.56,15309.44,0,58.7,0.03,82.92,5053.49
1933,Mecanizado,SI,DK 234,Algodon,SI,Mecanizada,NO,4,49,78,60000,5,0,0,0,0,0,0,0,1,0,0,0,1,0,0,0,46,0,0,0,0,0,30,0,0,0,3,1,PLANO O LLANO,PLANO,2,5.5,SIN ROCAS,NO,-1,-1,NO,-1,NO,ATERRONADA,NO,NO,NO HAY,LA MANIANA Y LA TARDE,NO HAY,NO HAY,NO,SI,31,POCO AFECTADAS,NO,NO,NO,NO,REGULAR,60,BUENO,NINGUNO,0,0,0,0,0,0,31.67,0,68.33,0,100,0,0,0,0,0,0,0,33.83,24.73,29.28,9.1,15505.82,0.42,118.3,0.08,79.27,33.99,24.42,29.2,9.57,22471.86,0.48,306.2,0.19,80.25,33.38,24.54,28.96,8.84,12791.64,0.38,64.9,0.06,82.41,3069.77
674,Mecanizado,SI,PIONEER 30F35 H,Algodon,SI,Mecanizada,NO,6,42,83,65000,6,0,0,0,0,0,0,2,1,0,0,0,1,1,0,82.5,46,0,34.5,0,0,30,0,0,0,3,1,4,PLANO O LLANO,PLANO CON ONDULACIONES,2,5,SIN ROCAS,NO,-1,-1,SI,36,SI,MASIVA,NO,NO,NO HAY,LA MANIANA Y LA TARDE,NO HAY,NO HAY,NO,SI,35,PLANTAS NORMALES,NO,NO,SI,NO,BUENO,35,LENTO A MUY LENTO,LENTO,0,0,0,0,54.29,45.71,0,0,0,0,45.71,0,0,0,54.29,0,0,0,32.07,24.25,28.16,7.82,14559.85,0.02,155.7,0.1,82.81,33.12,24.08,28.6,9.04,26199.31,0.24,6.4,0,79.63,33,24.35,28.67,8.65,14385.98,0.12,0,0,77.73,6466.28
3643,Mecanizado,SI,Otro,Algodon,SI,Manual,NO,5,46,84,65000,9,0,0,0,0,0,0,0,1,0,0,0,1,0,0,0,57.5,0,0,0,0,0,0,0,0,0,1,1,PLANO O LLANO,PLANO,2,6.5,SIN ROCAS,NO,-1,-1,SI,32,NO,GRANULAR,NO,NO,NO HAY,LA MANIANA Y LA TARDE,POCO MARCADAS,NO HAY,NO,SI,25,PLANTAS NORMALES,NO,NO,SI,SI,ESPACIADO,32,LENTO A MUY LENTO,NINGUNO,0,53.33,0,0,0,0,0,46.67,0,0,100,0,0,0,0,0,0,0,32.75,23.63,28.19,9.12,15355.27,0.22,426.4,0.28,84.11,32.56,23.19,27.87,9.37,23476.86,0.16,214.1,0.14,83.14,31.68,23.39,27.54,8.29,14875.42,0,260,0.18,83.17,4767.44
2449,Mecanizado,NO,Impacto (Syngenta),Maiz,SI,Mecanizada,SI,5,47,70,70000,54,0,0,0,0,0,0,2,1,0,0,0,1,0,0,12,52,0,24,20,0,12,30,0,0,1,3,3,PLANO O LLANO,PLANO,2,5.5,SIN ROCAS,NO,-1,-1,NO,-1,NO,GRANULAR,NO,NO,NO HAY,LA MANIANA Y LA TARDE,NO HAY,NO HAY,NO,SI,20,PLANTAS NORMALES,NO,NO,SI,NO,ESPACIADO,60,BUENO,LENTO,0,0,0,0,0,0,0,100,0,0,0,0,0,100,0,0,0,0,34.73,23.36,29.05,11.38,15855.63,0.6,114.4,0.1,80.67,35.14,23.28,29.21,11.86,24629.7,0.76,424.4,0.17,81.07,35.26,23.21,29.23,12.05,10237.24,0.76,34.9,0.04,80.81,4651.16
3924,Mecanizado,SI,DK 234,Maiz,NO,Manual,NO,4,48,78,65000,10,0,0,0,0,0,0,0,2,0,0,0,1,0,0,0,96.6,0,0,0,0,0,0,0,0,0,2,2,PLANO O LLANO,PLANO,2,5.5,SIN ROCAS,NO,-1,-1,NO,-1,NO,GRANULAR,NO,NO,NO HAY,LA MANIANA Y LA TARDE,NO HAY,NO HAY,NO,SI,24,PLANTAS NORMALES,NO,NO,SI,SI,REGULAR,60,BUENO,NINGUNO,0,43.33,0,0,0,0,0,56.67,0,0,100,0,0,0,0,0,0,0,33.07,24.52,28.8,8.55,15082.03,0.4,412.1,0.25,80.78,33.24,23.88,28.56,9.35,22662.63,0.28,221.8,0.14,78.8,32.81,22.82,27.82,9.99,13759.58,0.09,149.8,0.18,79.09,5086.05
4164,Mecanizado,NO,Otro,Algodon,SI,Mecanizada,NO,6,50,82,60000,15,0,0,0,0,0,0,3,1,0,0,0,2,0,0,0,92,0,0,0,0,0,0,0,0,0,2,3,PLANO O LLANO,PLANO,2,6,SIN ROCAS,NO,-1,-1,NO,-1,NO,ATERRONADA,NO,NO,NO HAY,LA MANIANA Y LA TARDE,NO HAY,NO HAY,NO,SI,27,PLANTAS NORMALES,NO,NO,SI,NO,BUENO,65,BUENO,LENTO,0,55.38,0,0,0,0,0,44.62,0,0,0,0,0,44.62,55.38,0,0,0,33.07,24.19,28.63,8.88,15123.25,0.38,426.4,0.28,79.97,33.32,23.62,28.47,9.7,23832.9,0.24,220.9,0.14,78.6,32.07,22.57,27.32,9.5,15853.6,0.02,276.5,0.2,80.05,5745.35
4231,Manual,NO,P3966 (Pioneer),Maiz,SI,Mecanizada,NO,6,49,84,63000,19,0,0,0,0,0,0,0,1,0,0,0,2,0,0,0,69,0,0,0,0,0,0,0,0,0,2,3,PLANO O LLANO,PLANO,2,6,SIN ROCAS,NO,-1,-1,NO,-1,NO,MASIVA,NO,NO,NO HAY,LA MANIANA Y LA TARDE,NO HAY,NO HAY,NO,SI,16,POCO AFECTADAS,NO,NO,NO,NO,REGULAR,16,BUENO,LENTO,0,100,0,0,0,0,0,0,0,0,0,0,0,0,100,0,0,0,33.31,24.45,28.88,8.86,15301.82,0.42,412.8,0.28,80.03,33.29,23.77,28.53,9.53,23027.95,0.28,237.7,0.14,78.82,32.13,22.44,27.29,9.69,16683.85,0.05,274.3,0.19,79.84,6817.44
2630,Manual,NO,DK 234,Algodon,SI,Manual,NO,7,54,81,60000,10,0,0,0,0,0,0,0,0,0,0,0,1,0,0,0,92,0,0,0,0,0,30,0,0,0,3,1,PLANO O LLANO,PLANO,2,5,SIN ROCAS,NO,-1,-1,NO,-1,NO,ATERRONADA,NO,NO,NO HAY,LA MANIANA Y LA TARDE,NO HAY,NO HAY,NO,SI,28,POCO AFECTADAS,NO,NO,SI,NO,REGULAR,40,BUENO,NINGUNO,0,0,0,0,37.5,62.5,0,0,0,0,0,100,0,0,0,0,0,0,33.31,24.34,28.83,8.97,14594.58,0.4,198.3,0.15,80.53,34.56,24.78,29.67,9.78,22680.32,0.6,227.2,0.12,78.7,33.44,24.45,28.95,9,17114.73,0.36,135.3,0.13,81.99,3174.42
1795,Mecanizado,NO,PAC 105,Algodon,NO,Manual,NO,4,47,80,60000,7,0,0,0,0,0,0,0,1,0,0,0,3,0,0,0,115,0,0,0,0,0,0,0,0,0,3,1,PLANO O LLANO,PLANO,2,6,SIN ROCAS,NO,-1,-1,NO,-1,NO,ATERRONADA,NO,NO,NO HAY,LA MANIANA Y LA TARDE,NO HAY,NO HAY,NO,SI,50,PLANTAS NORMALES,NO,NO,SI,NO,REGULAR,60,BUENO,NINGUNO,0,0,0,0,41.67,58.33,0,0,0,0,0,0,0,0,100,0,0,0,33.9,23.81,28.86,10.09,15001.74,0.4,182.9,0.18,80.72,33.25,23.74,28.5,9.51,23440.79,0.31,389.2,0.21,86.02,32.46,24.24,28.35,8.22,13118.71,0.03,170.7,0.18,85.96,1695.35
4094,Mecanizado,SI,DK 234,Algodon,NO,Manual,NO,5,47,90,60000,10,0,0,0,0,0,0,0,2,0,0,0,1,0,0,0,92,0,0,0,0,0,0,0,0,0,2,1,PLANO O LLANO,PLANO,2,6.5,SIN ROCAS,NO,-1,-1,SI,25,NO,GRANULAR,NO,NO,NO HAY,LA MANIANA Y LA TARDE,NO HAY,POCO MARCADAS,NO,SI,23,PLANTAS NORMALES,NO,NO,SI,SI,REGULAR,25,LENTO A MUY LENTO,NINGUNO,0,0,0,0,0,0,60,40,0,0,100,0,0,0,0,0,0,0,32.75,23.63,28.19,9.12,16404.95,0.22,316.1,0.22,84.11,32.56,23.19,27.87,9.37,23982,0.16,168.5,0.1,83.14,31.73,23.58,27.65,8.15,17483.02,0,159.3,0.09,83.21,5434.88
3057,Manual,SI,PIONEER 30F35 HRR,Maiz,NO,Manual,NO,4,48,83,55000,9,0,0,0,0,0,0,0,1,0,0,0,2,0,0,0,61,0,0,15,0,0,15,0,0,0,2,1,PLANO O LLANO,PLANO,2,6,SIN ROCAS,NO,-1,-1,SI,16,NO,GRANULAR,NO,NO,POCO MARCADAS,LA MANIANA Y LA TARDE,NO HAY,POCO MARCADAS,NO,SI,23,PLANTAS NORMALES,NO,NO,SI,NO,ESPACIADO,23,LENTO A MUY LENTO,NINGUNO,0,25,0,0,75,0,0,0,0,0,100,0,0,0,0,0,0,0,33.11,24.43,28.77,8.68,14738.29,0.35,181.6,0.1,82.42,32.92,24.37,28.64,8.55,21433.19,0.28,237.2,0.12,82.22,34.77,23.79,29.28,10.97,16964.79,0.82,2.2,0,73.92,4958.14
3941,Mecanizado,SI,P3966 (Pioneer),Maiz,SI,Manual,NO,4,46,83,68000,6,0,0,0,0,0,0,1,1,0,0,0,1,0,0,0,61,0,0,15,0,0,15,0,0,0,2,2,PLANO O LLANO,PLANO,2,5,SIN ROCAS,SI,15,10,NO,-1,NO,GRANULAR,NO,NO,NO HAY,LA MANIANA Y LA TARDE,NO HAY,NO HAY,NO,SI,10,PLANTAS NORMALES,NO,NO,SI,SI,REGULAR,15,BUENO,NINGUNO,0,30,0,0,0,0,0,70,0,0,100,0,0,0,0,0,0,0,32.76,23.64,28.2,9.12,16424.63,0.22,330.8,0.22,84.16,32.56,23.17,27.86,9.38,23957.29,0.16,174.9,0.12,83.15,31.7,23.43,27.56,8.27,14073.05,0,94.4,0.06,83.18,5720.93
47,Mecanizado,SI,DK 234,Maiz,SI,Manual,NO,6,72,55,60000,19,0,0,0,0,0,0,1,1,0,0,0,2,0,0,0,92,0,0,0,0,0,0,0,0,0,2,2,PLANO O LLANO,PLANO,3,5,SIN ROCAS,SI,20,1.5,SI,20,NO,GRANULAR,NO,NO,NO HAY,LA MANIANA Y LA TARDE,NO HAY,NO HAY,NO,SI,27,PLANTAS NORMALES,SI,NO,NO,NO,BUENO,27,LENTO A MUY LENTO,NINGUNO,0,0,0,0,44.44,0,0,55.56,0,0,100,0,0,0,0,0,0,0,32.42,24.32,28.37,8.1,14948.1,0.15,183.6,0.1,81.38,32.55,23.8,28.18,8.76,23795.42,0.16,281.4,0.16,80.48,32.28,23.58,27.93,8.7,12690.3,0.03,232,0.25,82.11,4958.14
4360,Mecanizado,NO,Otro,Maiz,SI,Mecanizada,NO,4,49,95,60000,17,0,0,0,0,0,0,0,2,0,0,0,1,1,0,0,120.5,0,0,0,0,0,50,0,0,0,4,4,PLANO O LLANO,PLANO,2,6,SIN ROCAS,NO,-1,-1,NO,-1,NO,ATERRONADA,NO,NO,NO HAY,LA MANIANA Y LA TARDE,NO HAY,NO HAY,NO,SI,25,PLANTAS NORMALES,NO,NO,SI,NO,REGULAR,60,BUENO,LENTO,0,0,0,0,0,0,0,100,0,0,0,0,0,45,55,0,0,0,32.94,24.09,28.51,8.85,15010.44,0.35,409.4,0.28,80.36,33.23,23.53,28.38,9.7,23864.03,0.21,249.3,0.17,78.59,32.16,22.78,27.47,9.38,19578.08,0.02,329.8,0.18,80.17,5050.26
690,Manual,NO,PAC 105,Algodon,SI,Manual,NO,4,43,77,66000,13,0,0,0,0,0,0,0,1,1,0,0,2,0,0,0,69,0,0,0,0,0,0,0,0,0,2,3,ONDULADO,PLANO CON ONDULACIONES,2,5,SIN ROCAS,SI,28,7,NO,-1,NO,ATERRONADA,NO,NO,NO HAY,LA MANIANA Y LA TARDE,NO HAY,NO HAY,NO,SI,25,PLANTAS NORMALES,NO,NO,SI,NO,REGULAR,28,BUENO,LENTO,0,0,0,0,0,0,0,74.29,25.71,0,0,0,0,25.71,74.29,0,0,0,32.16,24.62,28.39,7.53,14736.66,0.1,224.3,0.2,80.6,33.47,24.28,28.88,9.19,22494.87,0.38,297.4,0.1,78.52,32.4,23.63,28.02,8.77,10096.26,0.19,197.6,0.22,80.67,3720.93
1997,Mecanizado,SI,PAC 105,Algodon,SI,Mecanizada,SI,5,46,89,62500,5,1,0,0,0,0,0,0,1,0,0,0,2,0,0,0,115,0,0,0,0,0,0,0,0,0,2,1.2,PLANO O LLANO,PLANO,2,6,SIN ROCAS,NO,-1,-1,SI,20,SI,ATERRONADA,NO,NO,NO HAY,LA MANIANA Y LA TARDE,NO HAY,NO HAY,NO,SI,52,MUY AFECTADAS,SI,NO,SI,SI,REGULAR,52,LENTO A MUY LENTO,NINGUNO,0,0,0,36.54,0,0,0,63.46,0,0,0,0,0,0,0,0,100,0,34.37,24.89,29.63,9.48,15771.34,0.52,98.2,0.05,77.97,33.68,24.32,29,9.36,22303.83,0.41,317.6,0.21,81.01,33.33,24.48,28.9,8.84,16031.24,0.4,178.3,0.09,82.37,1804.88
2175,Manual,SI,DK 234,Maiz,SI,Manual,SI,5,46,80,70000,12,0,0,0,0,0,0,0,1,0,0,0,1,0,0,0,230,0,0,0,0,0,0,0,0,0,2,1,PLANO O LLANO,PLANO,2,5.5,SIN ROCAS,SI,23,12,NO,-1,NO,ATERRONADA,NO,NO,POCO MARCADAS,LA MANIANA Y LA TARDE,NO HAY,NO HAY,NO,SI,25,POCO AFECTADAS,NO,NO,NO,NO,REGULAR,25,BUENO,NINGUNO,0,0,0,0,54,46,0,0,0,0,0,100,0,0,0,0,0,0,33.35,24.46,28.9,8.89,15070.36,0.45,186.4,0.15,81.05,34.68,24.84,29.76,9.84,22916.17,0.62,254.8,0.14,78.58,33.36,24.3,28.83,9.06,12914.14,0.26,128.3,0.18,81.48,4520.93
1793,Mecanizado,SI,Otro,Algodon,SI,Mecanizada,NO,5,47,72,75000,17,1,0,0,0,0,0,2,1,0,0,1,3,0,0,9,92,0,23,0,0,30,30,0,0,2,3,4,PLANO O LLANO,PLANO,2,6,SIN ROCAS,NO,-1,-1,SI,25,NO,GRANULAR,NO,NO,NO HAY,LA MANIANA Y LA TARDE,NO HAY,NO HAY,NO,SI,17,PLANTAS NORMALES,SI,NO,SI,NO,ESPACIADO,25,LENTO A MUY LENTO,LENTO,0,0,0,0,0,0,0,43.33,56.67,0,0,0,0,56.67,43.33,0,0,0,34.63,25.05,29.84,9.59,15520.22,0.57,98.2,0.05,77.57,33.57,24.21,28.89,9.36,22346.75,0.38,336.5,0.22,81.3,33.39,24.7,29.04,8.69,10014.21,0.44,34.6,0,82.67,5674.42
3755,Mecanizado,SI,DK 234,Algodon,NO,Mecanizada,NO,4,46,98,60000,5,0,0,0,0,0,0,1,1,0,0,0,2,0,0,0,34.5,0,0,0,0,0,0,0,0,0,1,2,PLANO O LLANO,PLANO,2,6.5,SIN ROCAS,SI,13,11,NO,-1,NO,GRANULAR,NO,NO,NO HAY,LA MANIANA Y LA TARDE,NO HAY,NO HAY,NO,SI,32,PLANTAS NORMALES,NO,NO,NO,SI,ESPACIADO,32,BUENO,NINGUNO,0,0,0,0,78.33,21.67,0,0,0,0,100,0,0,0,0,0,0,0,32.91,23.84,28.38,9.06,16501.17,0.3,332.4,0.22,83.89,32.57,23.21,27.89,9.37,23862.81,0.16,174.8,0.12,83.35,31.75,23.53,27.64,8.22,20013.41,0,172.5,0.08,83.13,5720.93
3927,Manual,SI,P3966 (Pioneer),Algodon,NO,Manual,NO,5,47,82,62500,8,0,0,0,0,0,0,1,1,0,0,0,2,0,0,0,0,0,0,0,0,0,0,0,0,0,2,1,PLANO O LLANO,PLANO,2,6.5,SIN ROCAS,NO,-1,-1,SI,17,NO,GRANULAR,NO,NO,NO HAY,LA MANIANA Y LA TARDE,NO HAY,POCO MARCADAS,NO,SI,11,PLANTAS NORMALES,NO,NO,SI,SI,ESPACIADO,17,LENTO A MUY LENTO,NINGUNO,0,0,0,0,0,0,75.86,24.14,0,0,100,0,0,0,0,0,0,0,33.31,24.53,28.92,8.78,15221.06,0.45,380.8,0.22,80.2,33.13,23.9,28.52,9.23,22515.62,0.24,243.1,0.16,79.1,32.89,22.95,27.92,9.94,14968.58,0.14,189.4,0.19,79.03,6388.37
2607,Manual,NO,PAC 105,Algodon,NO,Manual,NO,6,42,80,63000,19,2,0,0,0,0,0,0,1,0,0,0,1,1,0,0,138,0,0,0,0,0,0,0,0,0,2,2,PLANO O LLANO,PLANO,2,5,SIN ROCAS,NO,-1,-1,NO,-1,NO,GRANULAR,NO,NO,NO HAY,LA MANIANA Y LA TARDE,NO HAY,NO HAY,NO,SI,58,PLANTAS NORMALES,NO,NO,SI,NO,BUENO,70,BUENO,NINGUNO,0,0,0,0,0,0,0,0,60,40,0,0,0,100,0,0,0,0,33.32,24.36,28.84,8.96,14658.39,0.4,198.3,0.15,80.7,34.56,24.82,29.69,9.74,22774.85,0.6,227.2,0.12,78.69,33.5,24.38,28.94,9.12,11765.42,0.29,122.6,0.19,81.76,3296.51
2897,Manual,NO,DK 234 YGRR,Maiz,NO,Manual,NO,5,48,72,60000,5,0,0,0,0,0,0,1,1,0,0,0,2,0,0,0,92,0,0,0,0,0,0,0,0,0,2,1,PLANO O LLANO,PLANO,2,6,SIN ROCAS,NO,-1,-1,SI,17,NO,GRANULAR,NO,NO,NO HAY,LA MANIANA Y LA TARDE,NO HAY,POCO MARCADAS,NO,SI,13,PLANTAS NORMALES,NO,NO,SI,NO,REGULAR,17,LENTO A MUY LENTO,NINGUNO,0,26.67,0,0,0,0,73.33,0,0,0,73.33,26.67,0,0,0,0,0,0,32.1,24.87,28.49,7.24,15185,0.02,197.7,0.2,88.98,33.11,25.15,29.13,7.95,21418,0.19,89.1,0.07,85.15,32.6,24.85,28.73,7.76,10881.51,0.04,100,0.04,82.41,5469.77
3631,Mecanizado,SI,DK 234,Pastos,SI,Mecanizada,NO,4,46,85,65000,5,0,0,0,0,0,0,0,1,0,0,0,1,0,0,0,69,0,0,0,0,0,0,0,0,0,2,1,PLANO O LLANO,PLANO,2,5.5,SIN ROCAS,NO,-1,-1,SI,23,NO,GRANULAR,NO,NO,NO HAY,LA MANIANA Y LA TARDE,POCO MARCADAS,NO HAY,NO,SI,27,PLANTAS NORMALES,NO,NO,SI,SI,ESPACIADO,27,LENTO A MUY LENTO,NINGUNO,0,38.33,0,0,0,0,61.67,0,0,0,100,0,0,0,0,0,0,0,32.91,23.83,28.37,9.08,16491.43,0.3,337.9,0.22,83.93,32.56,23.24,27.9,9.31,23779.62,0.16,190.2,0.14,83.34,31.85,23.29,27.57,8.55,15403.89,0,93.3,0.05,82.84,2637.21
4274,Mecanizado,NO,Otro,Algodon,NO,Mecanizada,NO,5,49,80,68000,18,0,0,0,0,0,0,0,1,0,0,0,2,0,0,0,101.2,0,0,0,0,0,30,0,0,0,3,2,PLANO O LLANO,PLANO,2,6,SIN ROCAS,NO,-1,-1,NO,-1,NO,MASIVA,NO,NO,NO HAY,LA MANIANA Y LA TARDE,NO HAY,NO HAY,NO,SI,23,PLANTAS NORMALES,NO,NO,SI,NO,BUENO,23,BUENO,NINGUNO,0,100,0,0,0,0,0,0,0,0,0,0,0,0,100,0,0,0,33.35,24.47,28.91,8.88,15416.88,0.42,411.4,0.25,79.83,33.28,23.8,28.54,9.48,22871.44,0.28,248.5,0.16,78.92,32.43,22.54,27.48,9.89,15184.77,0.05,166,0.16,79.28,5720.93
4309,Mecanizado,NO,PIONEER 30F35 HRR,Maiz,SI,Mecanizada,NO,6,49,83,60000,16,0,0,0,0,0,0,0,1,0,0,0,2,0,0,0,92,0,0,0,0,0,0,0,0,0,2,2,PLANO O LLANO,PLANO,2,5.5,SIN ROCAS,NO,-1,-1,NO,-1,NO,ATERRONADA,NO,NO,NO HAY,LA MANIANA Y LA TARDE,NO HAY,NO HAY,NO,SI,28,PLANTAS NORMALES,SI,NO,SI,NO,BUENO,60,BUENO,NINGUNO,0,100,0,0,0,0,0,0,0,0,0,0,0,0,100,0,0,0,33.35,24.47,28.91,8.88,15416.88,0.42,411.4,0.25,79.83,33.28,23.8,28.54,9.48,22871.44,0.28,248.5,0.16,78.92,32.22,22.42,27.32,9.8,16499.49,0.05,166,0.15,79.63,6245.35
4294,Mecanizado,NO,Otro,Maiz,SI,Mecanizada,NO,6,49,83,61000,16,0,0,0,0,0,0,0,1,0,0,0,1,0,46,0,46,0,0,0,0,0,30,0,1,0,3,3,PLANO O LLANO,PLANO,2,6,SIN ROCAS,NO,-1,-1,NO,-1,NO,ATERRONADA,NO,NO,NO HAY,LA MANIANA Y LA TARDE,NO HAY,NO HAY,NO,SI,22,PLANTAS NORMALES,NO,NO,SI,NO,BUENO,60,BUENO,LENTO,0,100,0,0,0,0,0,0,0,0,0,0,0,0,100,0,0,0,33.3,24.29,28.8,9.01,15429.55,0.4,395.4,0.25,79.88,33.26,23.69,28.48,9.57,23213.61,0.26,245.1,0.16,78.74,32.1,22.48,27.29,9.62,16135.77,0.05,268.2,0.17,80.15,6128.49
276,Mecanizado,NO,Otro,Maiz,SI,Manual,NO,4,60,63,60000,16,0,0,0,0,0,0,0,0,0,0,0,1,0,0,0,46,0,0,0,0,0,0,0,0,0,1,1,PLANO O LLANO,PLANO,2,6,SIN ROCAS,NO,-1,-1,NO,-1,NO,GRANULAR,NO,NO,NO HAY,LA MANIANA Y LA TARDE,NO HAY,NO HAY,NO,NO,-1,PLANTAS NORMALES,SI,NO,SI,NO,BUENO,67,BUENO,NINGUNO,0,0,0,0,74.63,0,0,25.37,0,0,100,0,0,0,0,0,0,0,33.36,24.53,28.95,8.83,15063.7,0.36,168.12,0.12,80.21,33.94,24.47,29.21,9.47,22563.31,0.46,266.56,0.15,79.75,33.36,24.27,28.81,9.08,14081.49,0.36,111.53,0.12,81.08,4868.6
2544,Manual,NO,DK 234,Maiz,NO,Manual,SI,6,50,84,70000,20,0,0,0,0,0,0,0,1,0,0,0,1,0,0,0,138,0,0,0,0,0,0,0,0,0,2,1,PLANO O LLANO,PLANO,1,5.5,SIN ROCAS,NO,-1,-1,NO,-1,NO,GRANULAR,NO,NO,NO HAY,LA MANIANA Y LA TARDE,NO HAY,NO HAY,NO,NO,-1,POCO AFECTADAS,NO,NO,SI,NO,REGULAR,40,BUENO,NINGUNO,0,0,0,0,0,0,100,0,0,0,0,0,0,0,100,0,0,0,34.3,24.69,29.49,9.61,15158.98,0.65,206.1,0.18,78.85,34.07,24.67,29.37,9.41,22128.79,0.45,262.6,0.14,79.08,33.72,24.38,29.05,9.33,16692.95,0.44,175,0.16,81.24,3348.84
710,Manual,SI,PAC 105,Frijol,SI,Manual,NO,6,47,81,60000,8,0,0,0,0,0,0,1,1,0,1,0,2,0,0,0,115,0,0,0,0,0,30,0,0,0,4,3,PLANO O LLANO,PLANO,2,5,SIN ROCAS,NO,-1,-1,NO,-1,NO,MASIVA,NO,NO,NO HAY,LA MANIANA Y LA TARDE,NO HAY,NO HAY,NO,SI,38,PLANTAS NORMALES,NO,NO,NO,NO,ESPACIADO,38,BUENO,LENTO,0,48.57,0,0,51.43,0,0,0,0,0,0,48.57,0,0,51.43,0,0,0,31.9,24.62,28.26,7.28,14456.12,0.08,198.6,0.15,81.05,33.6,24.38,28.99,9.22,22617.82,0.4,333.3,0.14,78.43,32.26,23.7,27.98,8.56,13565.86,0.14,199.4,0.16,80.81,3711.63
2773,Mecanizado,NO,PIONEER 30F35 HRR,Maiz,NO,Manual,NO,3,47,78,62000,6,0,0,0,0,0,0,0,2,0,0,0,1,0,0,0,61,0,0,15,0,0,15,0,0,0,2,1,PLANO O LLANO,PLANO,2,6,SIN ROCAS,NO,-1,-1,SI,20,NO,GRANULAR,NO,NO,POCO MARCADAS,LA MANIANA Y LA TARDE,NO HAY,NO HAY,NO,SI,20,PLANTAS NORMALES,NO,NO,SI,NO,ESPACIADO,20,LENTO A MUY LENTO,NINGUNO,0,0,0,31.67,0,0,68.33,0,0,0,100,0,0,0,0,0,0,0,32.35,24.89,28.62,7.46,13662.97,0.08,121,0.1,87.48,33.07,24.98,29.02,8.09,22858.34,0.16,113.8,0.03,83.16,32.62,24.83,28.73,7.79,11923.95,0.16,15.1,0.03,82.29,4958.14
51,Manual,SI,Otro,Maiz,SI,Manual,NO,5,47,86,60000,14,0,0,0,0,0,0,0,1,0,0,0,1,0,0,0,46,0,0,0,0,0,0,0,0,0,1,2,PLANO O LLANO,PLANO,3,7,SIN ROCAS,SI,33,1.5,SI,37,NO,GRANULAR,NO,NO,NO HAY,LA MANIANA Y LA TARDE,NO HAY,NO HAY,NO,NO,-1,PLANTAS NORMALES,SI,NO,NO,NO,BUENO,33,LENTO A MUY LENTO,NINGUNO,0,37.04,40.74,0,0,0,0,22.22,0,0,100,0,0,0,0,0,0,0,32.05,24.25,28.15,7.8,14546.31,0.1,248.6,0.12,81.3,32.67,23.91,28.29,8.76,24396.64,0.21,271.2,0.14,80.52,32.29,23.53,27.91,8.77,14448.17,0.02,251,0.24,82.05,4426.74
2924,Manual,NO,DK 234,Maiz,NO,Manual,NO,4,47,81,60000,3,0,0,0,0,0,0,1,1,0,0,0,1,0,0,0,92,0,0,0,0,0,0,0,0,0,2,1,PLANO O LLANO,PLANO,2,5.5,SIN ROCAS,NO,-1,-1,SI,27,NO,GRANULAR,NO,NO,POCO MARCADAS,LA MANIANA Y LA TARDE,NO HAY,NO HAY,NO,SI,22,PLANTAS NORMALES,NO,NO,SI,NO,ESPACIADO,27,LENTO A MUY LENTO,NINGUNO,0,41.67,0,0,0,0,0,58.33,0,0,100,0,0,0,0,0,0,0,31.96,24.8,28.38,7.16,13459.33,0.02,105,0.1,88.5,33.27,25.09,29.18,8.18,22923.88,0.17,163.8,0.07,83.54,32.62,24.82,28.72,7.8,13504.05,0.17,15.1,0.03,82.31,4004.65
3632,Mecanizado,SI,P3966 (Pioneer),Pastos,NO,Mecanizada,NO,4,45,86,65000,6,0,0,0,0,0,0,1,1,0,0,0,1,0,0,0,92,0,0,0,0,0,0,0,0,0,2,1,PLANO O LLANO,PLANO,2,5.5,SIN ROCAS,NO,-1,-1,SI,16,NO,GRANULAR,NO,NO,NO HAY,LA MANIANA Y LA TARDE,POCO MARCADAS,NO HAY,NO,SI,20,PLANTAS NORMALES,NO,NO,SI,SI,ESPACIADO,20,LENTO A MUY LENTO,NINGUNO,0,25,0,0,0,0,0,75,0,0,100,0,0,0,0,0,0,0,32.85,23.8,28.32,9.05,16403.48,0.28,315.5,0.2,84.08,32.66,23.29,27.98,9.37,23934.27,0.17,212.6,0.16,83.28,31.76,23.24,27.5,8.52,15287.49,0,58.3,0.03,82.94,3013.95
4310,Mecanizado,NO,Otro,Algodon,SI,Mecanizada,NO,7,53,74,59800,17,0,0,0,0,0,0,0,1,0,0,0,2,0,0,0,69,0,0,0,0,0,30,0,0,0,3,2,PLANO O LLANO,PLANO,2,6,SIN ROCAS,NO,-1,-1,NO,-1,NO,MASIVA,NO,NO,NO HAY,LA MANIANA Y LA TARDE,NO HAY,NO HAY,NO,SI,19,PLANTAS NORMALES,NO,NO,SI,NO,BUENO,19,BUENO,NINGUNO,0,0,0,48.33,0,0,51.67,0,0,0,0,0,0,48.33,51.67,0,0,0,32.77,23.61,28.18,9.16,16499.64,0.22,316.1,0.22,83.94,32.51,23.16,27.84,9.35,23989.18,0.14,172.6,0.1,83.06,31.67,23.4,27.54,8.27,14265.3,0,131.9,0.08,83.23,6436.05
4180,Mecanizado,NO,DK 234 YGRR,Algodon,SI,Mecanizada,NO,5,47,95,70000,14,0,0,0,0,0,0,0,1,0,0,0,2,0,0,0,61,0,0,15,0,0,45,0,0,0,3,4,PLANO O LLANO,PLANO CON ONDULACIONES,2,6,SIN ROCAS,NO,-1,-1,NO,-1,NO,ATERRONADA,NO,NO,NO HAY,LA MANIANA Y LA TARDE,NO HAY,NO HAY,NO,SI,21,PLANTAS NORMALES,SI,NO,SI,NO,BUENO,60,BUENO,LENTO,0,0,0,0,0,0,100,0,0,0,0,0,0,100,0,0,0,0,33.3,24.29,28.8,9.01,15429.55,0.4,395.4,0.25,79.88,33.26,23.69,28.48,9.57,23213.61,0.26,245.1,0.16,78.74,32.33,22.77,27.55,9.56,19692.64,0.04,343.4,0.2,79.93,7063.95
4267,Mecanizado,NO,Otro,Algodon,SI,Mecanizada,NO,5,48,66,58600,18,0,0,0,0,0,0,0,1,0,0,0,2,0,46,0,46,0,0,0,0,0,0,0,1,0,1,2,PLANO O LLANO,PLANO,2,6,SIN ROCAS,NO,-1,-1,NO,-1,NO,MASIVA,NO,NO,NO HAY,LA MANIANA Y LA TARDE,NO HAY,NO HAY,NO,SI,20,PLANTAS NORMALES,NO,NO,SI,NO,BUENO,20,BUENO,NINGUNO,0,0,0,0,0,0,45,55,0,0,0,0,0,45,55,0,0,0,33.14,24.23,28.69,8.91,15322.65,0.38,395.4,0.25,79.92,33.33,23.72,28.53,9.61,23404.95,0.26,245.1,0.16,78.59,32.68,22.75,27.71,9.94,9125.22,0.09,104.2,0.18,79.33,6027.91
1829,Manual,NO,P3966 (Pioneer),Algodon,SI,Manual,NO,5,47,76,66000,9,0,0,0,0,0,0,0,2,0,0,0,3,0,0,0,138,0,0,0,0,0,60,0,0,0,4,2.9,PLANO O LLANO,PLANO,2,5.5,SIN ROCAS,NO,-1,-1,NO,-1,NO,ATERRONADA,NO,NO,NO HAY,LA MANIANA Y LA TARDE,NO HAY,NO HAY,NO,SI,22,MUY AFECTADAS,SI,NO,SI,SI,MUY BUENO,60,BUENO,NINGUNO,0,0,0,0,66.67,0,33.33,0,0,0,0,0,0,33.33,66.67,0,0,0,33.22,24.32,28.77,8.9,14930.25,0.35,181.3,0.12,80.62,34.39,24.58,29.49,9.82,22703.7,0.55,272.6,0.16,79.3,33.28,24.43,28.86,8.85,11610.11,0.32,88.6,0.13,82.26,5193.02
1938,Mecanizado,NO,DK 234,Algodon,NO,Manual,NO,4,49,74,55000,9,0,0,0,0,0,0,0,1,0,0,0,0,0,0,0,46,0,0,0,0,0,0,0,0,0,1,1,PLANO O LLANO,PLANO,2,5,SIN ROCAS,NO,-1,-1,SI,17,NO,GRANULAR,NO,NO,NO HAY,LA MANIANA Y LA TARDE,NO HAY,NO HAY,SI,SI,32,POCO AFECTADAS,NO,NO,SI,SI,BUENO,32,LENTO A MUY LENTO,NINGUNO,0,0,0,0,0,0,20,0,80,0,0,100,0,0,0,0,0,0,34.31,23.87,29.09,10.45,15670.01,0.5,160.3,0.15,80.43,32.96,23.76,28.36,9.19,22911.46,0.24,389.2,0.21,86.41,32.51,24.21,28.36,8.3,11692.15,0.03,170.7,0.2,86.14,2883.72
4091,Mecanizado,SI,DK 234,Algodon,NO,Manual,NO,4,47,82,65000,5,0,0,0,0,0,0,0,2,0,0,0,0,0,0,0,92,0,0,0,0,0,0,0,0,0,2,1,PLANO O LLANO,PLANO,2,6,SIN ROCAS,NO,-1,-1,SI,18,NO,GRANULAR,NO,NO,POCO MARCADAS,LA MANIANA Y LA TARDE,NO HAY,NO HAY,NO,SI,13,PLANTAS NORMALES,NO,NO,SI,SI,ESPACIADO,18,LENTO A MUY LENTO,NINGUNO,0,28.33,0,0,0,0,0,71.67,0,0,100,0,0,0,0,0,0,0,32.91,23.83,28.37,9.08,16491.43,0.3,337.9,0.22,83.93,32.56,23.24,27.9,9.31,23779.62,0.16,190.2,0.14,83.34,31.83,23.26,27.55,8.57,14559.38,0,58.3,0.03,82.86,5148.84
2031,Mecanizado,NO,P3966 (Pioneer),Algodon,NO,Manual,NO,4,45,83,60000,13,1,0,0,0,0,0,0,1,0,0,0,2,0,0,0,46,0,0,0,0,0,30,0,0,0,2,2,PLANO O LLANO,PLANO,2,7,SIN ROCAS,SI,10,12,SI,20,NO,ATERRONADA,NO,NO,NO HAY,LA MANIANA Y LA TARDE,NO HAY,NO HAY,NO,SI,9,PLANTAS NORMALES,NO,NO,SI,NO,ESPACIADO,10,LENTO A MUY LENTO,NINGUNO,0,0,0,0,0,0,71.67,28.33,0,0,0,100,0,0,0,0,0,0,34.28,24.89,29.59,9.39,15925.34,0.5,98.2,0.05,78.17,33.74,24.32,29.03,9.42,22363.23,0.43,306.6,0.19,80.89,33.38,24.55,28.96,8.83,13298.65,0.4,85.7,0.09,82.31,4862.79
2901,Manual,NO,PIONEER 30F35 HRR,Maiz,NO,Manual,NO,4,46,78,60000,6,0,0,0,0,0,0,1,1,0,0,0,2,0,0,0,92,0,0,0,0,0,0,0,0,0,2,1,PLANO O LLANO,PLANO,2,6,SIN ROCAS,NO,-1,-1,SI,25,NO,GRANULAR,NO,NO,NO HAY,LA MANIANA Y LA TARDE,NO HAY,NO HAY,NO,SI,12,PLANTAS NORMALES,NO,NO,SI,NO,BUENO,25,LENTO A MUY LENTO,NINGUNO,0,40,0,0,0,0,0,60,0,0,60,40,0,0,0,0,0,0,32.1,24.82,28.46,7.29,13956.84,0.02,98,0.1,88.2,33.27,25.08,29.17,8.19,22720.54,0.19,163.8,0.07,83.37,32.51,24.88,28.7,7.62,11855.04,0.16,15.1,0.03,82.42,4632.56
1917,Mecanizado,NO,DK 234,Algodon,SI,Mecanizada,NO,15,46,68,62500,12,0,0,0,0,0,0,1,1,0,0,0,2,0,0,9.6,46,0,19.2,0,0,9.6,30,0,0,1,2,3.6,PLANO O LLANO,PLANO,2,5.5,SIN ROCAS,NO,-1,-1,NO,-1,NO,ATERRONADA,NO,NO,NO HAY,LA MANIANA Y LA TARDE,NO HAY,NO HAY,NO,SI,40,PLANTAS NORMALES,SI,NO,SI,SI,MUY BUENO,54,BUENO,LENTO,0,0,0,0,29.63,0,0,70.37,0,0,0,0,0,70.37,29.63,0,0,0,33.31,24.34,28.83,8.97,14594.58,0.4,198.3,0.15,80.53,34.56,24.78,29.67,9.78,22680.32,0.6,227.2,0.12,78.7,33.38,24.32,28.85,9.07,12154.03,0.28,122.6,0.19,81.8,3534.88
485,Mecanizado,NO,Otro,Maiz,SI,Manual,NO,5,42,71,65000,10,0,0,0,0,0,0,0,1,0,0,0,0,0,0,0,121,0,0,3,0,0,30,0,0,0,5,2,PLANO O LLANO,PLANO,2,6,SIN ROCAS,SI,17,7,NO,-1,NO,ATERRONADA,NO,NO,NO HAY,LA MANIANA Y LA TARDE,NO HAY,NO HAY,SI,SI,25,PLANTAS NORMALES,NO,NO,NO,SI,REGULAR,25,BUENO,NINGUNO,0,100,0,0,0,0,0,0,0,0,0,0,0,0,100,0,0,0,31.99,23.97,27.98,8.02,13301.9,0.02,162.4,0.12,82.45,32.62,23.82,28.22,8.8,21859.17,0.02,147.7,0.07,80.95,32.77,23.2,27.98,9.57,9094.8,0.1,6.4,0,76.66,5339.53
484,Mecanizado,NO,PIONEER 30F35,Maiz,SI,Manual,NO,5,43,79,68000,8,2,0,0,0,0,0,0,2,0,0,0,0,0,0,0,115,0,0,0,0,0,0,0,0,0,3,2,PLANO O LLANO,PLANO,2,6.5,SIN ROCAS,NO,-1,-1,NO,-1,NO,ATERRONADA,NO,NO,NO HAY,LA MANIANA Y LA TARDE,NO HAY,NO HAY,SI,SI,23,PLANTAS NORMALES,NO,NO,NO,SI,REGULAR,70,BUENO,NINGUNO,0,100,0,0,0,0,0,0,0,0,0,0,0,71.43,28.57,0,0,0,32.42,23.85,28.13,8.57,13926.43,0,134.2,0.12,82.12,32.65,23.57,28.11,9.08,23340.33,0.05,97.3,0.03,79.14,33.48,23.22,28.35,10.26,13360.27,0.23,0,0,73.73,4767.44
2359,Mecanizado,NO,ADV 9339 (Syngenta),Algodon,SI,Manual,SI,5,46,71,70000,16,0,0,0,0,0,0,0,0,0,0,0,5,0,0,0,103.5,0,0,0,0,0,0,0,0,0,2,5,PLANO O LLANO,PLANO,2,5.5,SIN ROCAS,NO,-1,-1,NO,-1,NO,GRANULAR,NO,NO,NO HAY,LA MANIANA Y LA TARDE,NO HAY,NO HAY,NO,SI,17,PLANTAS NORMALES,NO,NO,SI,NO,ESPACIADO,60,BUENO,LENTO,0,0,0,0,0,0,0,100,0,0,0,0,0,100,0,0,0,0,33.89,24.79,29.34,9.1,15447.88,0.45,118.3,0.08,79.07,33.92,24.34,29.13,9.57,22537.01,0.47,306.6,0.19,80.34,33.39,24.58,28.99,8.81,9281.1,0.36,54.4,0.08,82.48,4651.16
2463,Mecanizado,NO,Otro,Algodon,SI,Manual,SI,5,46,70,70000,14,0,0,0,0,0,1,0,1,0,0,0,0,0,0,0,92,0,0,0,0,0,75,0,0,0,4,4,PLANO O LLANO,PLANO,2,6,SIN ROCAS,NO,-1,-1,NO,-1,NO,GRANULAR,NO,NO,NO HAY,LA MANIANA Y LA TARDE,NO HAY,NO HAY,NO,SI,19,PLANTAS NORMALES,NO,NO,SI,NO,ESPACIADO,60,BUENO,LENTO,0,0,0,0,0,0,0,100,0,0,0,0,0,100,0,0,0,0,34.37,24.89,29.63,9.48,15771.34,0.52,98.2,0.05,77.97,33.68,24.32,29,9.36,22303.83,0.41,317.6,0.21,81.01,33.44,24.58,29.01,8.86,9034.63,0.38,43.4,0.04,82.42,4744.19
2034,Mecanizado,SI,DK7088,Algodon,SI,Mecanizada,NO,4,49,91,60000,4,0,0,0,0,0,0,0,1,0,0,0,2,0,0,0,92,0,0,0,0,0,0,0,0,0,2,1,PLANO O LLANO,PLANO,2,5.5,SIN ROCAS,NO,-1,-1,SI,25,NO,GRANULAR,NO,NO,NO HAY,LA MANIANA Y LA TARDE,NO HAY,NO HAY,NO,SI,32,PLANTAS NORMALES,NO,NO,SI,NO,ESPACIADO,32,LENTO A MUY LENTO,NINGUNO,0,0,0,0,0,0,60,40,0,0,0,100,0,0,0,0,0,0,33.36,23.79,28.57,9.57,14347.75,0.3,234.7,0.2,81.3,33.62,23.8,28.71,9.83,24224.37,0.38,333.7,0.16,85.48,32.45,24.41,28.43,8.04,18160.15,0.04,285.4,0.26,86.15,4386.05
2818,Manual,NO,Otro,Maiz,NO,Manual,NO,6,49,83,56000,14,0,0,0,0,0,0,0,1,0,0,0,2,0,0,0,80.5,0,0,0,0,0,0,0,0,0,2,2,PLANO O LLANO,PLANO,2,6,SIN ROCAS,NO,-1,-1,NO,-1,NO,ATERRONADA,NO,NO,NO HAY,LA MANIANA Y LA TARDE,NO HAY,NO HAY,NO,SI,30,POCO AFECTADAS,SI,NO,SI,SI,BUENO,70,BUENO,NINGUNO,0,64.29,0,0,0,0,0,35.71,0,0,0,0,0,0,64.29,0,35.71,0,33.12,24.36,28.74,8.77,14854.25,0.38,164.5,0.08,82.38,32.87,24.42,28.64,8.45,21312.92,0.26,255.7,0.14,82.33,34.65,23.86,29.25,10.78,18006.83,0.78,2.7,0,74.66,4102.33
2635,Manual,NO,DK7088,Algodon,SI,Manual,SI,6,56,84,60000,10,0,0,0,0,0,0,0,1,0,0,0,0,0,0,0,207,0,0,0,0,0,90,0,0,0,5,1,PLANO O LLANO,PLANO,2,4.5,SIN ROCAS,NO,-1,-1,NO,-1,NO,ATERRONADA,NO,NO,NO HAY,LA MANIANA Y LA TARDE,NO HAY,NO HAY,NO,SI,26,PLANTAS NORMALES,NO,NO,SI,SI,BUENO,40,BUENO,NINGUNO,0,0,0,0,37.5,62.5,0,0,0,0,0,100,0,0,0,0,0,0,33.98,24.67,29.33,9.31,15196.15,0.57,188.7,0.15,79.35,34.26,24.68,29.47,9.58,22454.76,0.5,253.8,0.14,78.98,33.77,24.5,29.13,9.27,18881.13,0.43,136.1,0.12,81.15,4290.7
2612,Mecanizado,SI,DK 234,Maiz,NO,Mecanizada,NO,6,40,82,72000,18,0,0,0,0,0,0,0,1,0,0,0,1,0,0,0,80.5,0,0,0,0,0,0,0,0,0,2,2,PLANO O LLANO,PLANO,2,5.5,SIN ROCAS,NO,-1,-1,NO,-1,NO,MASIVA,NO,NO,NO HAY,LA MANIANA Y LA TARDE,NO HAY,NO HAY,NO,SI,30,PLANTAS NORMALES,NO,NO,NO,NO,REGULAR,30,BUENO,NINGUNO,0,100,0,0,0,0,0,0,0,0,0,100,0,0,0,0,0,0,33.29,24.35,28.82,8.94,14619.55,0.38,198.3,0.15,80.67,34.52,24.74,29.63,9.78,22745.34,0.59,236,0.12,78.92,33.47,24.32,28.9,9.15,11877.41,0.32,113.8,0.19,81.65,1674.42
2499,Mecanizado,SI,DK 234,Maiz,SI,Manual,SI,6,51,84,60000,11,0,0,0,0,0,0,0,1,0,0,0,0,0,0,0,230,0,0,0,0,0,60,0,0,0,3,1,PLANO O LLANO,PLANO,1,5.5,SIN ROCAS,SI,35,10,NO,-1,NO,ATERRONADA,NO,NO,POCO MARCADAS,LA MANIANA Y LA TARDE,NO HAY,NO HAY,NO,SI,30,PLANTAS NORMALES,SI,NO,SI,NO,REGULAR,35,BUENO,NINGUNO,0,100,0,0,0,0,0,0,0,0,0,100,0,0,0,0,0,0,33.28,24.32,28.8,8.96,14610.72,0.38,198.3,0.15,80.58,34.59,24.79,29.69,9.8,22622.31,0.62,227.2,0.12,78.67,33.4,24.44,28.92,8.96,16768.08,0.34,135.3,0.14,82.1,4262.79
2629,Manual,NO,Impacto (Syngenta),Algodon,NO,Manual,SI,7,52,80,50000,10,0,0,0,0,0,0,0,1,0,0,0,2,0,0,0,92,0,0,0,0,0,30,0,0,0,5,1,PLANO O LLANO,PLANO,2,5.5,SIN ROCAS,SI,22,4,NO,-1,NO,ATERRONADA,NO,NO,NO HAY,LA MANIANA Y LA TARDE,NO HAY,NO HAY,NO,SI,20,MUY AFECTADAS,NO,NO,NO,NO,ESPACIADO,22,BUENO,NINGUNO,0,0,0,0,62.5,37.5,0,0,0,0,0,100,0,0,0,0,0,0,33.32,24.36,28.84,8.96,14658.39,0.4,198.3,0.15,80.7,34.56,24.82,29.69,9.74,22774.85,0.6,227.2,0.12,78.69,33.5,24.36,28.93,9.15,15994.75,0.36,134,0.14,81.72,3255.81
2913,Mecanizado,SI,DK7088,Maiz,SI,Manual,NO,5,48,84,62000,6,0,0,0,0,0,0,1,0,0,0,0,1,0,0,0,61,0,0,15,0,0,15,0,0,0,2,2,PLANO O LLANO,PLANO,2,6,SIN ROCAS,NO,-1,-1,SI,20,NO,GRANULAR,NO,NO,NO HAY,LA MANIANA Y LA TARDE,NO HAY,NO HAY,NO,SI,18,PLANTAS NORMALES,NO,NO,SI,NO,MUY BUENO,20,LENTO A MUY LENTO,NINGUNO,0,30,0,0,0,0,0,70,0,0,100,0,0,0,0,0,0,0,32.01,24.86,28.43,7.14,14905.89,0.02,197.7,0.2,89.01,33.07,25.13,29.1,7.94,21434.31,0.17,89.1,0.07,85.24,32.5,24.92,28.71,7.58,15262.14,0.05,115.1,0.05,82.31,5816.28
2951,Manual,NO,Sinko (Syngenta),Maiz,NO,Manual,NO,4,47,85,60000,3,0,0,0,0,0,0,2,1,0,0,0,2,0,0,0,92,0,0,0,0,0,0,0,0,0,2,1,PLANO O LLANO,PLANO,2,5.5,SIN ROCAS,NO,-1,-1,SI,17,NO,GRANULAR,NO,NO,POCO MARCADAS,LA MANIANA Y LA TARDE,NO HAY,NO HAY,NO,SI,23,PLANTAS NORMALES,NO,NO,SI,NO,BUENO,23,LENTO A MUY LENTO,NINGUNO,0,26.67,0,0,0,0,0,73.33,0,0,73.33,26.67,0,0,0,0,0,0,31.95,24.79,28.37,7.17,13316.27,0.02,106.8,0.1,88.6,33.28,25.1,29.19,8.19,23085.61,0.17,163.8,0.07,83.61,32.55,24.82,28.68,7.73,14908.28,0.15,15.1,0.03,82.36,3088.37
4173,Mecanizado,NO,DK7088,Maiz,SI,Mecanizada,NO,7,51,83,60000,16,0,0,0,0,0,0,0,1,0,0,0,2,0,0,0,69,0,0,0,0,0,60,0,0,0,4,2,PLANO O LLANO,PLANO,2,5.5,SIN ROCAS,NO,-1,-1,NO,-1,NO,MASIVA,NO,NO,NO HAY,LA MANIANA Y LA TARDE,NO HAY,NO HAY,NO,SI,28,PLANTAS NORMALES,NO,NO,SI,NO,BUENO,28,BUENO,NINGUNO,0,0,0,0,0,0,0,100,0,0,0,0,0,100,0,0,0,0,33.27,24.47,28.87,8.8,15320.63,0.42,413.8,0.25,80,33.24,23.8,28.52,9.44,22778.46,0.28,239,0.16,78.98,32.16,22.44,27.3,9.73,17571.95,0.05,283.8,0.18,79.72,7618.37
4256,Mecanizado,NO,Otro,Algodon,SI,Mecanizada,NO,5,50,85,60000,17,0,0,0,0,0,0,0,1,0,0,0,2,0,0,0,76,0,0,30,0,0,30,0,0,0,2,2,PLANO O LLANO,PLANO,2,6,SIN ROCAS,NO,-1,-1,NO,-1,NO,MASIVA,NO,NO,NO HAY,LA MANIANA Y LA TARDE,NO HAY,NO HAY,NO,SI,20,PLANTAS NORMALES,NO,NO,SI,NO,BUENO,20,BUENO,NINGUNO,0,65,0,35,0,0,0,0,0,0,0,0,0,35,65,0,0,0,32.94,24.09,28.51,8.85,15010.44,0.35,409.4,0.28,80.36,33.23,23.53,28.38,9.7,23864.03,0.21,249.3,0.17,78.59,32.22,22.79,27.51,9.43,16567.78,0.02,318.6,0.21,80.04,6197.67
1825,Mecanizado,NO,P4082 (Pioneer),Algodon,SI,Mecanizada,NO,4,47,74,70000,14,0,0,0,0,0,1,0,0,0,0,0,2,0,0,0,138,0,0,0,0,0,60,0,0,0,4,1.6,PLANO O LLANO,PLANO,2,6.5,SIN ROCAS,NO,-1,-1,NO,-1,NO,ATERRONADA,NO,NO,NO HAY,LA MANIANA Y LA TARDE,NO HAY,NO HAY,NO,SI,40,POCO AFECTADAS,SI,NO,SI,SI,MUY BUENO,60,BUENO,NINGUNO,0,0,0,0,0,0,0,100,0,0,0,0,0,0,28.33,0,71.67,0,34.68,25.07,29.88,9.62,15731.78,0.6,61.7,0.05,77.57,33.48,24.18,28.83,9.31,22218.06,0.36,318,0.21,81.42,33.54,24.71,29.12,8.83,10617.84,0.46,55.8,0.04,82.39,2086.05
4187,Mecanizado,SI,Otro,Maiz,SI,Mecanizada,NO,5,46,90,73000,7,0,0,0,0,0,0,2,2,0,0,0,0,0,0,0,120.5,0,0,0,0,0,20,0,0,0,3,3,PLANO O LLANO,PLANO,3,5.5,SIN ROCAS,NO,-1,-1,NO,-1,NO,GRANULAR,NO,NO,NO HAY,LA MANIANA Y LA TARDE,NO HAY,NO HAY,NO,SI,35,PLANTAS NORMALES,SI,NO,SI,NO,BUENO,60,BUENO,LENTO,0,0,0,0,0,0,0,100,0,0,0,0,0,31.67,68.33,0,0,0,33.27,24.47,28.87,8.8,15320.63,0.42,413.8,0.25,80,33.24,23.8,28.52,9.44,22778.46,0.28,239,0.16,78.98,32.16,22.44,27.3,9.73,17571.95,0.05,283.8,0.18,79.72,5180.23
2626,Manual,NO,DK 234,Maiz,NO,Mecanizada,SI,7,52,77,60000,11,0,0,0,0,0,0,0,0,0,0,0,1,0,0,0,115,0,0,0,0,0,30,0,0,0,4,1,PLANO O LLANO,PLANO,2,5,SIN ROCAS,NO,-1,-1,NO,-1,NO,ATERRONADA,NO,NO,NO HAY,LA MANIANA Y LA TARDE,NO HAY,NO HAY,NO,SI,25,POCO AFECTADAS,NO,NO,SI,NO,REGULAR,50,BUENO,NINGUNO,0,0,0,0,0,0,0,100,0,0,0,100,0,0,0,0,0,0,34.32,24.77,29.54,9.55,14400.01,0.68,227.1,0.2,78.75,34.12,24.68,29.4,9.44,22709.41,0.47,212.6,0.1,78.72,33.75,24.27,29.01,9.48,15115.51,0.46,192.2,0.18,81.17,3355.81
714,Mecanizado,SI,Otro,Maiz,SI,Manual,NO,7,43,71,64000,10,0,0,0,0,0,0,1,1,0,0,0,2,0,0,55,46,0,23,0,0,0,0,0,0,2,2,2,PLANO O LLANO,PLANO CON ONDULACIONES,2,6,SIN ROCAS,SI,17,6,NO,-1,NO,ATERRONADA,NO,NO,NO HAY,LA MANIANA Y LA TARDE,NO HAY,NO HAY,NO,SI,22,POCO AFECTADAS,NO,NO,NO,SI,REGULAR,22,BUENO,NINGUNO,0,100,0,0,0,0,0,0,0,0,0,100,0,0,0,0,0,0,33.06,24.53,28.79,8.53,14969.2,0.28,168.93,0.12,80.86,33.62,24.43,29.02,9.19,22452.28,0.39,252.18,0.13,80.18,33.3,24.17,28.73,9.13,13929.16,0.35,109.71,0.11,80.27,4576.74
654,Manual,SI,Otro,Algodon,SI,Manual,NO,4,44,79,60000,12,0,1,0,0,1,0,1,0,0,0,0,2,1,0,0,92,0,0,0,0,0,0,0,0,0,4,1,PLANO O LLANO,PLANO,2,4.5,SIN ROCAS,NO,-1,-1,NO,-1,NO,MASIVA,NO,NO,NO HAY,LA MANIANA Y LA TARDE,NO HAY,NO HAY,NO,SI,50,PLANTAS NORMALES,NO,NO,SI,SI,REGULAR,50,BUENO,NINGUNO,0,0,0,0,100,0,0,0,0,0,0,0,0,100,0,0,0,0,32.12,24.62,28.37,7.49,14710.63,0.1,166,0.1,80.53,33.32,24.53,28.93,8.79,22090.73,0.38,315.1,0.14,78.48,32.89,23.64,28.27,9.25,11880.76,0.2,159.3,0.17,79.6,3296.51
2003,Mecanizado,SI,P4082 (Pioneer),Algodon,SI,Manual,SI,5,47,69,75000,17,0,0,0,0,0,0,2,1,0,0,0,0,0,0,0,45,0,0,45,0,0,45,0,0,0,3,4,PLANO O LLANO,PLANO,2,6,SIN ROCAS,NO,-1,-1,NO,-1,NO,GRANULAR,NO,NO,NO HAY,LA MANIANA Y LA TARDE,NO HAY,NO HAY,NO,SI,24,PLANTAS NORMALES,NO,NO,SI,NO,ESPACIADO,60,BUENO,LENTO,0,0,0,0,0,0,0,100,0,0,0,0,0,56.67,43.33,0,0,0,34.37,24.89,29.63,9.48,15771.34,0.52,98.2,0.05,77.97,33.68,24.32,29,9.36,22303.83,0.41,317.6,0.21,81.01,33.44,24.58,29.01,8.86,9034.63,0.38,43.4,0.04,82.42,4625.58
1947,Mecanizado,SI,Otro,Algodon,SI,Manual,NO,5,47,80,72000,17,1,0,0,0,0,0,2,3,0,0,1,3,0,0,11.25,28,0,11.25,0,0,11.25,30,0,0,1,3,4,PLANO O LLANO,PLANO,2,5.5,SIN ROCAS,NO,-1,-1,NO,-1,NO,ATERRONADA,NO,NO,NO HAY,LA MANIANA Y LA TARDE,NO HAY,NO HAY,NO,SI,23,PLANTAS NORMALES,NO,NO,SI,NO,ESPACIADO,60,BUENO,LENTO,0,0,0,0,0,0,0,100,0,0,0,0,0,51.67,48.33,0,0,0,34.22,24.82,29.52,9.4,15785.73,0.5,98.2,0.05,78.29,33.78,24.32,29.05,9.46,22356.15,0.43,306.6,0.19,80.77,33.39,24.58,28.99,8.81,13266.3,0.4,85.7,0.09,82.37,4534.88
2205,Mecanizado,NO,DK 234 YGRR,Algodon,NO,Manual,NO,4,46,80,60000,7,0,0,0,0,0,0,0,1,0,0,0,1,0,0,0,46,0,0,0,0,0,0,0,0,0,1,1,PLANO O LLANO,PLANO,2,6,SIN ROCAS,NO,-1,-1,SI,22,NO,GRANULAR,NO,NO,NO HAY,LA MANIANA Y LA TARDE,NO HAY,NO HAY,NO,SI,26,POCO AFECTADAS,NO,NO,SI,NO,REGULAR,26,LENTO A MUY LENTO,NINGUNO,0,35,0,0,0,0,0,65,0,0,100,0,0,0,0,0,0,0,33.89,24.79,29.34,9.1,15447.88,0.45,118.3,0.08,79.07,33.92,24.34,29.13,9.57,22537.01,0.47,306.6,0.19,80.34,33.41,24.62,29.02,8.79,12358.22,0.39,64.5,0.06,82.55,4004.65
4198,Mecanizado,SI,Otro,Maiz,NO,Mecanizada,NO,5,47,52,73000,4,0,0,0,0,0,0,0,2,0,0,0,2,0,0,0,120.5,0,0,0,0,0,50,0,0,0,4,4,PLANO O LLANO,PLANO,3,5,SIN ROCAS,NO,-1,-1,SI,24,NO,GRANULAR,NO,NO,NO HAY,LA MANIANA Y LA TARDE,NO HAY,NO HAY,NO,SI,40,PLANTAS NORMALES,SI,NO,SI,NO,BUENO,40,LENTO A MUY LENTO,LENTO,0,0,0,0,0,0,0,100,0,0,0,0,0,46.38,53.62,0,0,0,33.27,24.47,28.87,8.8,15353.37,0.42,414.8,0.25,80.03,33.24,23.83,28.54,9.41,22807.7,0.28,238.7,0.16,78.96,33,22.54,27.77,10.46,2996.36,0,24.3,0.14,77.61,4897.67
4170,Manual,NO,Otro,Maiz,SI,Manual,NO,6,49,83,60000,36,0,0,0,0,0,0,1,0,0,0,0,2,0,0,0,69,0,0,0,0,0,0,0,0,0,2,2,PLANO O LLANO,PLANO,2,5.5,SIN ROCAS,NO,-1,-1,NO,-1,NO,ATERRONADA,NO,NO,NO HAY,LA MANIANA Y LA TARDE,NO HAY,NO HAY,NO,SI,20,PLANTAS NORMALES,NO,NO,SI,NO,BUENO,60,BUENO,NINGUNO,0,100,0,0,0,0,0,0,0,0,0,0,0,0,100,0,0,0,33.27,24.47,28.87,8.8,15353.37,0.42,414.8,0.25,80.03,33.24,23.83,28.54,9.41,22807.7,0.28,238.7,0.16,78.96,32.32,22.44,27.38,9.88,16557.82,0.05,176,0.15,79.42,6562.79
4214,Mecanizado,NO,Otro,Algodon,SI,Mecanizada,NO,5,50,78,66000,16,0,0,0,0,0,0,0,2,0,0,0,2,0,0,0,92,0,0,0,0,0,0,0,0,0,2,3,PLANO O LLANO,PLANO,2,5.5,SIN ROCAS,SI,22,9,NO,-1,NO,MASIVA,NO,NO,NO HAY,LA MANIANA Y LA TARDE,NO HAY,NO HAY,NO,SI,20,POCO AFECTADAS,NO,NO,NO,NO,REGULAR,20,BUENO,LENTO,0,48.33,0,51.67,0,0,0,0,0,0,0,0,0,0,100,0,0,0,33.29,24.61,28.95,8.69,15050.74,0.42,362.8,0.2,80.35,33.15,23.9,28.53,9.25,22467.56,0.26,246.7,0.16,79.06,32.96,22.9,27.93,10.06,15187.45,0.14,174.2,0.19,78.89,7534.88
1831,Mecanizado,NO,P4082 (Pioneer),Algodon,SI,Mecanizada,NO,4,57,64,85700,10,1,0,0,0,0,0,1,0,0,0,0,1,0,0,0,46,0,0,0,0,0,60,0,0,0,4,0.7,PLANO O LLANO,PLANO,2,6.5,SIN ROCAS,NO,-1,-1,NO,-1,NO,ATERRONADA,NO,NO,NO HAY,LA MANIANA Y LA TARDE,NO HAY,NO HAY,NO,SI,40,POCO AFECTADAS,SI,NO,SI,SI,MUY BUENO,56,BUENO,NINGUNO,0,0,0,71.43,0,0,0,28.57,0,0,0,0,0,28.57,0,0,71.43,0,33.83,24.73,29.28,9.1,15505.82,0.42,118.3,0.08,79.27,33.99,24.42,29.2,9.57,22471.86,0.48,306.2,0.19,80.25,33.41,24.48,28.94,8.94,10617.2,0.36,54.8,0.07,82.21,1995.35
479,Mecanizado,NO,Otro,Maiz,SI,Manual,SI,6,45,70,60000,12,0,0,0,0,0,0,0,3,0,0,0,1,0,0,0,69,0,0,0,0,0,0,0,0,0,3,1,PLANO O LLANO,PLANO,2,5.5,SIN ROCAS,NO,-1,-1,NO,-1,NO,MASIVA,NO,NO,NO HAY,LA MANIANA Y LA TARDE,NO HAY,NO HAY,SI,SI,43,PLANTAS NORMALES,NO,NO,SI,NO,REGULAR,43,BUENO,NINGUNO,0,16.67,29.17,20.83,0,8.33,0,0,0,25,0,0,0,0,66.67,8.33,25,0,32.27,23.78,28.02,8.49,14142.87,0,132.5,0.12,81.85,32.71,23.69,28.2,9.02,22838.14,0.05,102.8,0.05,79.79,32.95,23.15,28.05,9.8,10574.79,0.08,6.4,0,74.62,3581.4
665,Manual,NO,PIONEER 30F35 H,Pastos,NO,Manual,NO,8,34,78,57000,12,0,0,0,0,0,1,0,0,1,0,0,2,1,0,46,23,0,0,0,0,0,0,0,0,1,1,2,PLANO O LLANO,PLANO,2,5.5,SIN ROCAS,NO,-1,-1,NO,-1,NO,MASIVA,NO,NO,NO HAY,LA MANIANA Y LA TARDE,NO HAY,NO HAY,NO,SI,25,PLANTAS NORMALES,NO,NO,SI,NO,REGULAR,25,BUENO,NINGUNO,0,42.86,0,0,57.14,0,0,0,0,0,0,0,0,57.14,42.86,0,0,0,32.19,24.68,28.43,7.51,14734.5,0.05,208.7,0.18,80.42,33.58,24.15,28.87,9.44,22637.09,0.43,343.1,0.12,78.48,32.18,23.55,27.87,8.63,8341.79,0.09,177.6,0.26,82.09,3013.95
1550,Mecanizado,NO,Otro,Maiz,SI,Manual,NO,4,53,76,75000,18,0,0,0,0,0,0,2,0,0,0,0,2,0,0,0,103.5,0,0,0,0,0,0,0,0,0,2,2,PLANO O LLANO,PLANO,2,5,SIN ROCAS,SI,15,4,NO,-1,NO,MASIVA,NO,NO,NO HAY,LA MANIANA Y LA TARDE,NO HAY,NO HAY,NO,SI,22,PLANTAS NORMALES,NO,NO,NO,NO,REGULAR,22,BUENO,NINGUNO,0,38.57,0,0,61.43,0,0,0,0,0,0,38.57,0,0,61.43,0,0,0,32.25,23.98,28.11,8.27,13913.1,0.1,276.8,0.18,83.35,32.92,24.07,28.5,8.86,21550.7,0.19,133.8,0.07,81.19,34.43,23.28,28.86,11.14,14919.67,0.75,0.5,0,74.87,4238.37
1823,Manual,NO,DK 1040,Frijol,SI,Manual,SI,5,49,77,66000,9,0,0,0,0,0,1,0,0,0,0,0,2,0,0,0,69,0,0,0,0,0,0,0,0,0,2,1.1,PLANO O LLANO,PLANO,3,5.5,SIN ROCAS,NO,-1,-1,SI,12,SI,ATERRONADA,NO,NO,NO HAY,LA MANIANA Y LA TARDE,NO HAY,NO HAY,NO,SI,30,MUY AFECTADAS,SI,NO,SI,SI,MUY BUENO,30,LENTO A MUY LENTO,NINGUNO,0,0,0,0,0,100,0,0,0,0,0,0,0,66.67,0,0,33.33,0,34.63,25.05,29.84,9.59,15520.22,0.57,98.2,0.05,77.57,33.57,24.21,28.89,9.36,22346.75,0.38,336.5,0.22,81.3,33.44,24.63,29.03,8.81,12834.97,0.47,55.8,0.03,82.09,1906.98
1932,Manual,NO,Otro,Maiz,NO,Manual,NO,3,48,81,60000,7,0,0,0,0,0,0,0,0,0,0,0,2,0,0,0,69,0,0,0,0,0,0,0,0,0,2,1,PLANO O LLANO,PLANO,2,6.5,SIN ROCAS,NO,-1,-1,SI,22,NO,ATERRONADA,NO,NO,NO HAY,LA MANIANA Y LA TARDE,NO HAY,NO HAY,NO,SI,25,POCO AFECTADAS,NO,NO,SI,SI,REGULAR,25,LENTO A MUY LENTO,NINGUNO,0,0,0,0,0,0,68.33,31.67,0,0,0,100,0,0,0,0,0,0,33.32,24.31,28.82,9.01,14614.81,0.38,198.3,0.15,80.5,34.41,24.67,29.54,9.74,22731.31,0.55,260.1,0.14,79.23,33.38,24.37,28.87,9.01,13283.73,0.34,101.1,0.14,81.91,1601.16
1992,Mecanizado,NO,Otro,Maiz,NO,Manual,SI,5,51,58,71452,6,0,0,0,0,0,1,0,0,1,0,0,1,0,0,0,184,0,0,0,0,0,0,0,0,0,2,1.4,PLANO O LLANO,PLANO,2,6,SIN ROCAS,NO,-1,-1,NO,-1,NO,ATERRONADA,NO,NO,NO HAY,LA MANIANA Y LA TARDE,NO HAY,NO HAY,NO,SI,35,MUY AFECTADAS,NO,NO,SI,SI,REGULAR,60,BUENO,NINGUNO,0,0,0,66.67,0,0,0,33.33,0,0,0,0,0,33.33,0,0,66.67,0,34.28,24.89,29.59,9.39,15925.34,0.5,98.2,0.05,78.17,33.74,24.32,29.03,9.42,22363.23,0.43,306.6,0.19,80.89,33.59,24.55,29.07,9.04,6420.16,0.35,43,0.12,81.88,1976.74
2176,Manual,NO,DK 234,Maiz,SI,Manual,SI,12,33,71,70000,11,0,0,0,0,0,0,0,1,0,0,0,2,0,0,0,138,0,0,0,0,0,60,0,0,0,2,1,PLANO O LLANO,PLANO,2,4.5,SIN ROCAS,NO,-1,-1,NO,-1,NO,ATERRONADA,NO,NO,NO HAY,LA MANIANA Y LA TARDE,NO HAY,NO HAY,NO,SI,36,PLANTAS NORMALES,NO,NO,SI,NO,ESPACIADO,50,BUENO,NINGUNO,0,48,0,0,0,0,0,52,0,0,0,100,0,0,0,0,0,0,33.28,24.32,28.8,8.96,14773.84,0.38,198.3,0.15,80.55,34.58,24.81,29.69,9.76,22604.08,0.62,232.8,0.12,78.71,33.89,23.97,28.93,9.91,2836.86,0.29,39.8,0.29,81.29,3767.44
2263,Manual,NO,DK 234,Maiz,SI,Manual,SI,4,77,49,66000,13,0,0,0,0,0,0,0,1,0,0,0,1,0,0,0,153,0,0,15,0,0,60,0,0,0,4,1,PLANO O LLANO,PLANO,2,5,SIN ROCAS,SI,28,8,NO,-1,NO,ATERRONADA,NO,NO,MUY MARCADAS,LA MANIANA Y LA TARDE,NO HAY,POCO MARCADAS,NO,SI,24,POCO AFECTADAS,NO,NO,NO,NO,ESPACIADO,28,BUENO,NINGUNO,0,100,0,0,0,0,0,0,0,0,0,100,0,0,0,0,0,0,33.91,24.75,29.33,9.17,15178.36,0.57,189.1,0.15,79.7,34.27,24.68,29.48,9.59,22439.93,0.5,259.6,0.14,79.01,33.89,24.42,29.16,9.47,12873.18,0.45,103,0.15,80.59,3446.51
2387,Manual,NO,PIONEER 30F35,Algodon,SI,Manual,SI,5,77,46,50000,12,0,0,0,0,0,0,0,0,0,0,0,1,0,0,0,92,0,0,0,0,0,120,0,0,0,4,1,PLANO O LLANO,PLANO,2,5.5,SIN ROCAS,NO,-1,-1,NO,-1,NO,ATERRONADA,NO,NO,NO HAY,LA MANIANA Y LA TARDE,NO HAY,NO HAY,NO,SI,32,PLANTAS NORMALES,NO,NO,NO,NO,REGULAR,50,BUENO,NINGUNO,0,0,0,0,0,44,0,56,0,0,0,100,0,0,0,0,0,0,33.83,24.73,29.28,9.1,15505.82,0.42,118.3,0.08,79.27,33.99,24.42,29.2,9.57,22471.86,0.48,306.2,0.19,80.25,33.5,24.43,28.96,9.07,8008.66,0.33,43.4,0.1,81.81,3441.86
2486,Manual,NO,DK 234,Maiz,SI,Manual,SI,5,46,80,50000,11,0,0,0,0,0,0,0,1,0,0,0,1,0,0,0,46,0,0,0,0,0,60,0,0,0,2,1,PLANO O LLANO,PLANO,2,5.5,SIN ROCAS,NO,-1,-1,NO,-1,NO,GRANULAR,NO,NO,NO HAY,LA MANIANA Y LA TARDE,NO HAY,NO HAY,NO,SI,30,PLANTAS NORMALES,NO,NO,SI,SI,BUENO,50,BUENO,NINGUNO,0,0,0,0,100,0,0,0,0,0,0,100,0,0,0,0,0,0,34,24.77,29.39,9.23,15588.59,0.48,104.6,0.05,78.77,33.86,24.31,29.08,9.55,22479.53,0.45,306.6,0.19,80.52,33.48,24.66,29.07,8.82,12856.85,0.41,85.7,0.09,82.5,3906.98
2492,Manual,NO,DK 234,Maiz,SI,Manual,SI,5,45,81,60000,11,0,0,0,0,0,0,0,1,0,0,0,1,0,0,0,92,0,0,0,0,0,60,0,0,0,2,1,PLANO O LLANO,PLANO,1,5.5,SIN ROCAS,SI,35,10,NO,-1,NO,ATERRONADA,NO,NO,POCO MARCADAS,LA MANIANA Y LA TARDE,NO HAY,NO HAY,NO,SI,28,PLANTAS NORMALES,SI,NO,SI,NO,BUENO,35,BUENO,NINGUNO,0,0,0,0,100,0,0,0,0,0,0,100,0,0,0,0,0,0,34.37,24.89,29.63,9.48,15771.34,0.52,98.2,0.05,77.97,33.68,24.32,29,9.36,22303.83,0.41,317.6,0.21,81.01,33.36,24.51,28.94,8.85,12959.28,0.41,74.7,0.06,82.38,3906.98
2494,Manual,NO,DK 234,Algodon,NO,Manual,SI,5,45,82,60000,11,0,0,0,0,0,0,0,1,0,0,0,1,0,0,0,138,0,0,0,0,0,60,0,0,0,3,1,PLANO O LLANO,PLANO,2,5,SIN ROCAS,NO,-1,-1,NO,-1,NO,ATERRONADA,NO,NO,NO HAY,LA MANIANA Y LA TARDE,NO HAY,NO HAY,NO,SI,25,PLANTAS NORMALES,SI,NO,SI,SI,BUENO,60,BUENO,NINGUNO,0,0,0,0,0,0,0,33.33,66.67,0,0,100,0,0,0,0,0,0,33.89,24.79,29.34,9.1,15447.88,0.45,118.3,0.08,79.07,33.92,24.34,29.13,9.57,22537.01,0.47,306.6,0.19,80.34,33.45,24.61,29.03,8.84,13265.87,0.4,85.7,0.09,82.49,4000
2540,Manual,NO,DK 234,Maiz,NO,Manual,SI,6,49,84,60000,22,0,0,0,0,0,0,0,0,0,0,0,1,0,0,0,138,0,0,0,0,0,0,0,0,0,2,2,ONDULADO,PLANO CON ONDULACIONES,2,5,SIN ROCAS,NO,-1,-1,NO,-1,NO,ATERRONADA,NO,NO,NO HAY,LA MANIANA Y LA TARDE,NO HAY,NO HAY,NO,SI,28,POCO AFECTADAS,NO,NO,SI,NO,BUENO,50,BUENO,NINGUNO,0,0,0,0,100,0,0,0,0,0,0,0,0,0,100,0,0,0,33.47,24.55,29.01,8.92,15325.4,0.48,188.5,0.15,80.9,34.5,24.76,29.63,9.75,22750.85,0.57,255.9,0.14,78.79,33.63,24.36,29,9.26,16147.92,0.38,128.3,0.14,81.03,3534.88
2638,Manual,NO,P3966 (Pioneer),Maiz,SI,Manual,SI,5,53,79,60000,9,0,0,0,0,0,0,0,0,0,0,0,1,0,0,0,184,0,0,0,0,0,0,0,0,0,4,1,PLANO O LLANO,PLANO,2,5,SIN ROCAS,NO,-1,-1,NO,-1,NO,ATERRONADA,NO,NO,NO HAY,LA MANIANA Y LA TARDE,NO HAY,NO HAY,NO,SI,22,POCO AFECTADAS,NO,NO,SI,NO,BUENO,40,BUENO,NINGUNO,0,0,0,0,0,100,0,0,0,0,0,100,0,0,0,0,0,0,34.03,24.64,29.33,9.39,15263.79,0.6,198.6,0.18,79.25,34.3,24.69,29.5,9.6,22441.05,0.5,253.4,0.14,78.82,33.61,24.41,29.01,9.2,15310.22,0.4,126.7,0.15,81.49,4186.05
2639,Manual,NO,Otro,Maiz,SI,Manual,SI,7,55,86,50000,10,0,0,0,0,0,0,0,0,0,0,0,1,0,0,0,92,0,0,0,0,0,0,0,0,0,2,1,PLANO O LLANO,PLANO,1,5,SIN ROCAS,NO,-1,-1,NO,-1,NO,ATERRONADA,NO,NO,NO HAY,LA MANIANA Y LA TARDE,NO HAY,NO HAY,NO,SI,28,POCO AFECTADAS,NO,NO,SI,SI,BUENO,40,BUENO,NINGUNO,0,0,0,0,0,0,100,0,0,0,0,0,0,0,100,0,0,0,34.03,24.64,29.33,9.39,15263.79,0.6,198.6,0.18,79.25,34.3,24.69,29.5,9.6,22441.05,0.5,253.4,0.14,78.82,33.73,24.48,29.11,9.25,19586.67,0.43,136.9,0.12,81.28,4004.65
2644,Manual,SI,Otro,Maiz,NO,Manual,SI,5,52,88,60000,10,0,0,0,0,0,0,0,0,0,0,0,1,0,0,0,138,0,0,0,0,0,0,0,0,0,2,1,PLANO O LLANO,PLANO,2,5.5,SIN ROCAS,NO,-1,-1,NO,-1,NO,ATERRONADA,NO,NO,NO HAY,LA MANIANA Y LA TARDE,NO HAY,NO HAY,NO,SI,26,PLANTAS NORMALES,NO,NO,NO,SI,REGULAR,40,BUENO,NINGUNO,0,0,0,0,100,0,0,0,0,0,0,0,0,0,100,0,0,0,34.03,24.64,29.33,9.39,15263.79,0.6,198.6,0.18,79.25,34.3,24.69,29.5,9.6,22441.05,0.5,253.4,0.14,78.82,33.61,24.46,29.03,9.16,18279.83,0.4,136.9,0.12,81.49,4186.05
2646,Manual,NO,Otro,Maiz,NO,Manual,SI,6,52,94,60000,11,0,0,0,0,0,0,0,0,0,0,0,1,0,0,0,184,0,0,0,0,0,0,0,0,0,2,1,PLANO O LLANO,PLANO,2,5,SIN ROCAS,SI,24,4,NO,-1,NO,ATERRONADA,NO,NO,NO HAY,LA MANIANA Y LA TARDE,NO HAY,NO HAY,NO,SI,20,POCO AFECTADAS,NO,NO,NO,NO,REGULAR,24,BUENO,NINGUNO,0,0,0,0,23.33,76.67,0,0,0,0,0,0,0,0,100,0,0,0,33.91,24.75,29.33,9.17,15178.36,0.57,189.1,0.15,79.7,34.27,24.68,29.48,9.59,22439.93,0.5,259.6,0.14,79.01,33.71,24.49,29.1,9.22,21136.09,0.44,141.3,0.11,81.34,3900
2677,Manual,NO,P3966 (Pioneer),Maiz,NO,Manual,SI,6,47,79,60000,14,0,0,0,0,0,0,0,0,0,0,0,1,0,0,0,184,0,0,0,0,0,120,0,0,0,4,1,PLANO O LLANO,PLANO,2,5,SIN ROCAS,NO,-1,-1,NO,-1,NO,ATERRONADA,NO,NO,NO HAY,LA MANIANA Y LA TARDE,NO HAY,NO HAY,NO,SI,26,POCO AFECTADAS,NO,NO,SI,NO,BUENO,43,BUENO,NINGUNO,0,0,0,0,0,100,0,0,0,0,0,0,0,0,100,0,0,0,33.28,24.32,28.8,8.96,14610.72,0.38,198.3,0.15,80.58,34.59,24.79,29.69,9.8,22622.31,0.62,227.2,0.12,78.67,33.58,24.37,28.97,9.21,13522.79,0.34,122.6,0.17,81.58,4186.05
2684,Manual,SI,P3966 (Pioneer),Maiz,SI,Manual,SI,6,51,76,62000,11,0,0,0,0,0,0,0,1,0,0,0,2,0,0,0,230,0,0,0,0,0,60,0,0,0,3,1,PLANO O LLANO,PLANO,1,5.5,SIN ROCAS,SI,26,8,NO,-1,NO,ATERRONADA,NO,NO,NO HAY,LA MANIANA Y LA TARDE,NO HAY,NO HAY,NO,SI,24,POCO AFECTADAS,NO,NO,SI,NO,REGULAR,26,BUENO,NINGUNO,0,0,0,0,0,0,0,100,0,0,0,100,0,0,0,0,0,0,33.31,24.34,28.83,8.97,14594.58,0.4,198.3,0.15,80.53,34.56,24.78,29.67,9.78,22680.32,0.6,227.2,0.12,78.7,33.63,24.39,29.01,9.24,13869.44,0.36,122.6,0.17,81.46,4186.05
2685,Manual,NO,Otro,Maiz,NO,Manual,SI,6,52,85,60000,12,0,0,0,0,0,0,0,0,0,0,0,1,0,0,0,184,0,0,0,0,0,0,0,0,0,2,1,PLANO O LLANO,PLANO,1,5,SIN ROCAS,NO,-1,-1,NO,-1,NO,GRANULAR,NO,NO,NO HAY,LA MANIANA Y LA TARDE,NO HAY,NO HAY,NO,SI,23,POCO AFECTADAS,NO,NO,SI,NO,REGULAR,44,BUENO,NINGUNO,0,0,0,0,0,0,100,0,0,0,0,0,0,0,100,0,0,0,33.32,24.36,28.84,8.96,14658.39,0.4,198.3,0.15,80.7,34.56,24.82,29.69,9.74,22774.85,0.6,227.2,0.12,78.69,33.47,24.41,28.94,9.05,17480.09,0.37,135.3,0.13,81.92,4050
2690,Manual,NO,Otro,Maiz,NO,Manual,NO,5,53,85,60000,10,0,0,0,0,0,0,0,0,0,0,0,1,0,0,0,92,0,0,0,0,0,0,0,0,0,2,1,PLANO O LLANO,PLANO,2,5,SIN ROCAS,SI,26,4,NO,-1,NO,ATERRONADA,NO,NO,NO HAY,LA MANIANA Y LA TARDE,NO HAY,NO HAY,NO,SI,21,POCO AFECTADAS,NO,NO,NO,NO,REGULAR,26,BUENO,NINGUNO,0,0,0,0,53.49,46.51,0,0,0,0,0,100,0,0,0,0,0,0,33.35,24.44,28.89,8.91,14696.52,0.42,198.3,0.15,80.8,34.57,24.79,29.68,9.77,22891.43,0.6,227.2,0.12,78.65,33.45,24.4,28.93,9.05,17436.21,0.35,135.3,0.13,81.81,4186.05
2841,Manual,NO,PIONEER 30F35 HRR,Maiz,NO,Manual,NO,6,51,78,60000,16,0,0,0,0,0,0,0,1,0,0,0,2,0,0,0,103.5,0,0,0,0,0,0,0,0,0,2,2,PLANO O LLANO,PLANO,2,6,SIN ROCAS,NO,-1,-1,NO,-1,NO,ATERRONADA,NO,NO,NO HAY,LA MANIANA Y LA TARDE,NO HAY,NO HAY,NO,SI,25,MUY AFECTADAS,SI,NO,SI,SI,BUENO,60,BUENO,NINGUNO,0,0,0,70,0,0,0,30,0,0,0,0,0,100,0,0,0,0,33.25,24.46,28.85,8.79,14927.13,0.38,176.9,0.1,82.28,32.82,24.37,28.59,8.46,21365.12,0.26,241.9,0.12,82.38,34.77,23.84,29.31,10.94,16798.37,0.82,2.2,0,73.97,3579.07
2853,Manual,NO,PIONEER 30F35 HRR,Maiz,NO,Manual,NO,5,47,82,62500,15,0,0,0,0,0,0,0,1,0,0,0,2,0,0,0,0,0,0,0,0,0,0,0,0,0,2,2,PLANO O LLANO,PLANO,2,5.5,SIN ROCAS,NO,-1,-1,NO,-1,NO,MASIVA,NO,NO,NO HAY,LA MANIANA Y LA TARDE,NO HAY,NO HAY,NO,SI,33,PLANTAS NORMALES,SI,NO,SI,SI,BUENO,33,BUENO,NINGUNO,0,0,0,0,40,0,60,0,0,0,0,0,0,60,0,0,40,0,32.99,24.29,28.64,8.7,14752.47,0.3,223.1,0.12,82.4,33.09,24.42,28.76,8.67,21634.22,0.33,189.7,0.1,81.86,34.67,23.83,29.25,10.84,14293.02,0.78,2.2,0,74.03,3813.95
2940,Manual,NO,PIONEER 30F35 H,Maiz,NO,Manual,NO,3,47,81,60000,4,0,0,0,0,0,0,0,1,0,0,0,2,0,0,0,92,0,0,0,0,0,0,0,0,0,2,2,PLANO O LLANO,PLANO,2,6,SIN ROCAS,NO,-1,-1,NO,-1,NO,GRANULAR,NO,NO,NO HAY,LA MANIANA Y LA TARDE,NO HAY,NO HAY,NO,SI,17,PLANTAS NORMALES,NO,NO,SI,NO,MUY BUENO,60,BUENO,NINGUNO,0,38.33,0,0,0,0,61.67,0,0,0,100,0,0,0,0,0,0,0,31.95,24.8,28.38,7.16,14550.35,0.02,174,0.18,88.88,33.21,25.17,29.19,8.04,21873.43,0.19,63.8,0.05,84.63,32.35,24.91,28.63,7.45,12779.97,0.03,115.1,0.06,82.32,4053.49
2976,Manual,NO,DK7088,Maiz,NO,Manual,NO,5,46,78,55000,7,1,0,0,0,0,0,0,1,0,0,0,1,0,0,0,61,0,0,15,0,0,15,0,0,0,2,1,PLANO O LLANO,PLANO,2,6,SIN ROCAS,NO,-1,-1,NO,-1,NO,GRANULAR,NO,NO,NO HAY,LA MANIANA Y LA TARDE,NO HAY,NO HAY,NO,SI,16,PLANTAS NORMALES,NO,NO,SI,NO,ESPACIADO,60,BUENO,NINGUNO,0,26.67,0,0,0,0,73.33,0,0,0,73.33,26.67,0,0,0,0,0,0,32.28,24.92,28.6,7.36,13852.63,0.08,135.2,0.12,87.79,33.1,25.02,29.06,8.07,22561.93,0.16,113.8,0.03,83.3,32.61,24.83,28.72,7.77,12372.26,0.16,15.1,0.03,82.38,4862.79
3000,Manual,NO,Otro,Maiz,NO,Manual,NO,5,51,84,15000,79,0,0,0,1,0,0,0,0,0,0,0,0,0,0,0,0,0,0,0,0,0,0,0,0,0,2,5,ONDULADO Y MONTANIOSO,LADERA CONVEXA,2,5.5,SIN ROCAS,NO,-1,-1,NO,-1,NO,ATERRONADA,SI,NO,NO HAY,LA MANIANA Y LA TARDE,NO HAY,NO HAY,NO,SI,16,PLANTAS NORMALES,NO,NO,SI,NO,REGULAR,60,BUENO,LENTO,0,21.67,0,0,78.33,0,0,0,0,0,0,100,0,0,0,0,0,0,32.1,24.87,28.49,7.24,15185,0.02,197.7,0.2,88.98,33.11,25.15,29.13,7.95,21418,0.19,89.1,0.07,85.15,32.51,24.99,28.75,7.52,16310.89,0.07,115.1,0.05,82.31,1525.58
3016,Manual,NO,DK7088,Maiz,NO,Manual,NO,4,47,88,55000,11,0,0,0,0,0,0,1,1,0,0,0,2,0,0,0,15,0,0,15,0,0,15,0,0,0,1,3,ONDULADO Y MONTANIOSO,LADERA CONVEXA,2,5.5,SIN ROCAS,NO,-1,-1,NO,-1,NO,ATERRONADA,NO,NO,NO HAY,LA MANIANA Y LA TARDE,NO HAY,NO HAY,NO,SI,13,PLANTAS NORMALES,NO,NO,SI,NO,BUENO,60,BUENO,LENTO,0,30,0,0,0,0,70,0,0,0,0,100,0,0,0,0,0,0,31.88,24.75,28.31,7.12,13788.33,0.02,161,0.15,88.93,33.22,25.22,29.22,7.99,22101.05,0.19,163.8,0.07,84.14,32.65,24.77,28.71,7.88,16339.83,0.14,15.1,0.02,82.36,5053.49
3020,Manual,NO,Otro,Maiz,NO,Manual,NO,5,47,84,30000,55,0,0,0,0,0,0,1,0,0,0,0,0,0,0,0,23,0,0,0,0,0,0,0,0,0,1,3,ONDULADO Y MONTANIOSO,LADERA CONCAVA,2,5.5,SIN ROCAS,NO,-1,-1,NO,-1,NO,ATERRONADA,NO,NO,POCO MARCADAS,LA MANIANA Y LA TARDE,NO HAY,NO HAY,NO,SI,11,PLANTAS NORMALES,NO,NO,SI,NO,REGULAR,60,BUENO,LENTO,0,26.67,0,0,0,0,73.33,0,0,0,0,100,0,0,0,0,0,0,32.08,24.84,28.46,7.23,15071.32,0.02,189.5,0.18,88.98,33.14,25.15,29.14,7.99,21658.75,0.19,81.3,0.07,84.88,32.36,25.02,28.69,7.34,14463.58,0.03,115.1,0.05,82.38,1758.14
3063,Manual,NO,Otro,Maiz,NO,Manual,NO,4,47,87,30000,45,0,0,0,1,0,0,0,0,0,0,0,0,0,0,0,23,0,0,0,0,0,0,0,0,0,1,4,ONDULADO Y MONTANIOSO,LADERA CONVEXA,2,6,SIN ROCAS,NO,-1,-1,NO,-1,NO,ATERRONADA,NO,NO,POCO MARCADAS,LA MANIANA Y LA TARDE,NO HAY,NO HAY,NO,SI,13,PLANTAS NORMALES,NO,NO,SI,NO,REGULAR,60,BUENO,LENTO,0,28.33,0,0,0,0,0,71.67,0,0,0,100,0,0,0,0,0,0,31.79,24.79,28.29,7,13132.5,0,147.8,0.12,88.88,33.33,25.13,29.23,8.2,22960.25,0.19,163.8,0.07,83.68,32.55,24.79,28.67,7.76,15729.33,0.15,15.1,0.02,82.44,2002.33
3065,Manual,NO,Otro,Maiz,NO,Manual,NO,4,47,82,32000,44,0,0,0,1,0,0,0,0,0,0,0,0,0,0,0,23,0,0,0,0,0,0,0,0,0,1,3,ONDULADO Y MONTANIOSO,LADERA CONVEXA,2,6,SIN ROCAS,NO,-1,-1,SI,12,NO,ATERRONADA,NO,NO,POCO MARCADAS,LA MANIANA Y LA TARDE,NO HAY,NO HAY,NO,SI,14,PLANTAS NORMALES,NO,NO,SI,NO,BUENO,14,LENTO A MUY LENTO,LENTO,0,18.33,0,0,81.67,0,0,0,0,0,0,100,0,0,0,0,0,0,31.96,24.83,28.39,7.13,14508.87,0.02,161,0.15,88.83,33.23,25.19,29.21,8.04,21912.39,0.19,63.8,0.05,84.49,32.45,24.94,28.7,7.51,13609.78,0.08,115.1,0.06,82.25,2193.02
480,Mecanizado,NO,Otro,Maiz,SI,Manual,NO,5,46,92,68000,4,0,0,0,0,0,0,0,1,0,0,0,1,0,0,0,69,0,0,0,0,0,0,0,0,0,1,5,ONDULADO,PIE DE UNA ELEVACION,2,5,SIN ROCAS,SI,10,13,NO,-1,NO,MASIVA,NO,NO,NO HAY,LA MANIANA Y LA TARDE,NO HAY,NO HAY,SI,NO,-1,PLANTAS NORMALES,NO,NO,NO,SI,REGULAR,0,BUENO,LENTO,0,0,0,0,100,0,0,0,0,0,100,0,0,0,0,0,0,0,32.27,23.66,27.97,8.61,13642.27,0.05,271.2,0.2,82.1,32.35,23.83,28.09,8.53,20510.62,0,229.1,0.14,81.83,32.8,23.43,28.11,9.37,19295.36,0.07,12.6,0,78.04,2412.79
667,Manual,NO,PIONEER 30F35,Algodon,NO,Manual,NO,6,43,79,60000,11,0,0,0,0,0,1,0,1,0,0,0,3,0,0,34.5,23,0,0,0,0,0,0,0,0,1,1,2,PLANO O LLANO,PLANO,2,5.5,SIN ROCAS,NO,-1,-1,NO,-1,NO,MASIVA,NO,NO,NO HAY,LA MANIANA Y LA TARDE,NO HAY,NO HAY,NO,SI,30,PLANTAS NORMALES,NO,NO,SI,NO,BUENO,30,BUENO,NINGUNO,0,35.71,0,64.29,0,0,0,0,0,0,0,0,0,0,64.29,35.71,0,0,32.14,24.64,28.39,7.49,14749.75,0.1,223.8,0.2,80.53,33.46,24.27,28.86,9.19,22425.29,0.38,306.8,0.1,78.62,32.39,23.68,28.04,8.71,11521.78,0.16,219.3,0.23,81.13,3579.07
705,Manual,SI,PAC 105,Algodon,SI,Manual,NO,6,45,86,63000,8,0,0,0,0,0,0,1,1,0,0,0,3,0,0,0,115,0,0,0,0,0,0,0,0,0,3,2,PLANO O LLANO,PLANO,2,4.5,SIN ROCAS,SI,20,8,NO,-1,NO,ATERRONADA,NO,NO,NO HAY,LA MANIANA Y LA TARDE,NO HAY,NO HAY,NO,SI,26,PLANTAS NORMALES,NO,NO,NO,NO,REGULAR,26,BUENO,NINGUNO,0,67.14,0,32.86,0,0,0,0,0,0,0,67.14,0,0,32.86,0,0,0,33.74,24.5,29.12,9.24,14555.46,0.42,196.7,0.15,80.46,34.58,24.16,29.37,10.41,22100.33,0.66,202.4,0.09,79.67,32.59,22.89,27.74,9.69,15242.42,0.25,164.5,0.1,83.48,4576.74
1555,Manual,SI,DK 234 YGRR,Maiz,SI,Manual,NO,6,42,87,60000,14,0,0,0,0,0,0,0,2,0,0,0,2,0,0,34.5,69,0,0,0,0,0,0,0,0,1,2,2,PLANO O LLANO,PLANO CON ONDULACIONES,2,5.5,SIN ROCAS,NO,-1,-1,NO,-1,NO,ATERRONADA,NO,NO,NO HAY,LA MANIANA Y LA TARDE,NO HAY,NO HAY,NO,SI,30,PLANTAS NORMALES,NO,NO,NO,NO,REGULAR,70,BUENO,NINGUNO,0,100,0,0,0,0,0,0,0,0,0,100,0,0,0,0,0,0,32.48,23.59,28.03,8.88,15242.42,0.15,258.4,0.2,80.67,32.29,23.97,28.13,8.32,20343.16,0.09,332,0.16,82.93,33.09,24.11,28.6,8.98,14314.24,0.21,78.6,0.05,81.03,4825.58
1576,Manual,SI,DK7088,Maiz,NO,Manual,NO,7,37,98,62000,15,0,0,0,0,0,0,0,2,0,0,0,2,0,0,0,115,0,0,0,0,0,0,0,0,0,2,5,ONDULADO,PLANO CON ONDULACIONES,2,5,SIN ROCAS,NO,-1,-1,NO,-1,NO,MASIVA,NO,NO,NO HAY,LA MANIANA Y LA TARDE,NO HAY,NO HAY,NO,SI,27,PLANTAS NORMALES,NO,NO,SI,NO,BUENO,27,BUENO,LENTO,0,51.43,0,0,0,48.57,0,0,0,0,0,51.43,0,0,48.57,0,0,0,32.06,23.86,27.96,8.2,13990.94,0.1,359.3,0.25,83.3,32.74,24.1,28.42,8.65,20918.2,0.16,137.6,0.07,81.76,34.08,23.39,28.74,10.69,18307.74,0.6,8.5,0,76.34,3860.47
2333,Mecanizado,NO,P4082 (Pioneer),Algodon,NO,Manual,NO,5,45,78,62500,9,0,0,0,0,0,0,0,1,0,0,0,2,1,0,0,92,0,0,0,0,0,0,0,0,0,2,1.7,PLANO O LLANO,PLANO,2,6,SIN ROCAS,SI,1,16,NO,-1,NO,ATERRONADA,NO,NO,NO HAY,LA MANIANA Y LA TARDE,NO HAY,NO HAY,NO,SI,30,MUY AFECTADAS,SI,NO,SI,SI,REGULAR,30,BUENO,NINGUNO,0,0,0,0,0,100,0,0,0,0,0,0,0,0,0,0,73.33,26.67,33.32,24.36,28.84,8.96,14658.39,0.4,198.3,0.15,80.7,34.56,24.82,29.69,9.74,22774.85,0.6,227.2,0.12,78.69,33.5,24.38,28.94,9.12,11765.42,0.29,122.6,0.19,81.76,2412.79
2619,Manual,NO,Impacto (Syngenta),Maiz,NO,Manual,NO,6,48,84,70000,11,0,0,0,0,0,0,0,1,0,0,0,2,0,0,0,184,0,0,0,0,0,30,0,0,0,3,1,PLANO O LLANO,PLANO,2,5.5,SIN ROCAS,NO,-1,-1,NO,-1,NO,GRANULAR,NO,NO,NO HAY,LA MANIANA Y LA TARDE,NO HAY,NO HAY,NO,SI,28,POCO AFECTADAS,NO,NO,SI,NO,BUENO,40,BUENO,NINGUNO,0,0,0,0,0,0,100,0,0,0,0,0,0,0,100,0,0,0,33.39,24.53,28.96,8.87,15260.73,0.45,188.5,0.15,81.08,34.57,24.78,29.68,9.79,22824.1,0.59,255.9,0.14,78.72,33.57,24.32,28.94,9.25,15758.63,0.37,128.3,0.15,81.08,3627.91
2631,Mecanizado,SI,ICA V 109,Maiz,SI,Manual,NO,6,43,83,65500,2,0,0,0,0,0,0,0,1,0,0,0,1,1,0,0,138,0,0,0,0,0,0,0,0,0,2,2,PLANO O LLANO,PLANO,2,5.5,SIN ROCAS,NO,-1,-1,NO,-1,NO,ATERRONADA,NO,NO,NO HAY,LA MANIANA Y LA TARDE,NO HAY,NO HAY,NO,SI,30,PLANTAS NORMALES,NO,NO,NO,NO,REGULAR,70,BUENO,NINGUNO,0,28.57,0,0,0,0,0,71.43,0,0,0,100,0,0,0,0,0,0,33.83,24.73,29.28,9.1,15505.82,0.42,118.3,0.08,79.27,33.99,24.42,29.2,9.57,22471.86,0.48,306.2,0.19,80.25,33.41,24.58,28.99,8.83,13234.18,0.4,86.1,0.09,82.49,3051.16
2634,Manual,NO,ADV 9339 (Syngenta),Algodon,NO,Manual,NO,7,52,83,60000,10,0,0,0,0,0,0,0,0,0,0,0,1,0,0,0,207,0,0,0,0,0,0,0,0,0,3,1,PLANO O LLANO,PLANO,2,5,SIN ROCAS,SI,24,3,NO,-1,NO,ATERRONADA,NO,NO,NO HAY,LA MANIANA Y LA TARDE,NO HAY,POCO MARCADAS,NO,SI,21,POCO AFECTADAS,NO,NO,NO,NO,REGULAR,24,BUENO,NINGUNO,0,100,0,0,0,0,0,0,0,0,0,0,0,0,100,0,0,0,33.98,24.67,29.33,9.31,15196.15,0.57,188.7,0.15,79.35,34.26,24.68,29.47,9.58,22454.76,0.5,253.8,0.14,78.98,33.75,24.55,29.15,9.2,17238.4,0.4,136.1,0.13,81.28,4000
2645,Manual,NO,Otro,Maiz,SI,Manual,SI,5,54,92,60000,11,0,0,0,0,0,0,0,1,0,0,0,1,0,0,0,138,0,0,0,0,0,30,0,0,0,3,1,PLANO O LLANO,PLANO,2,5,SIN ROCAS,NO,-1,-1,NO,-1,NO,ATERRONADA,NO,NO,NO HAY,LA MANIANA Y LA TARDE,NO HAY,NO HAY,NO,SI,27,PLANTAS NORMALES,NO,NO,SI,NO,BUENO,40,BUENO,NINGUNO,0,0,0,0,0,0,0,100,0,0,0,0,0,0,100,0,0,0,33.56,24.56,29.06,9,15314.59,0.38,145.1,0.1,79.89,34.19,24.47,29.33,9.72,22685.08,0.52,282.9,0.17,79.87,33.12,24.49,28.8,8.63,19802.62,0.33,226.6,0.11,82.52,4186.05
2660,Mecanizado,NO,Otro,Maiz,NO,Manual,NO,5,54,80,60000,10,0,0,0,0,0,0,0,0,0,0,0,1,0,0,0,207,0,0,0,0,0,0,0,0,0,3,1,PLANO O LLANO,PLANO,2,5,SIN ROCAS,NO,-1,-1,NO,-1,NO,GRANULAR,NO,NO,NO HAY,LA MANIANA Y LA TARDE,NO HAY,NO HAY,NO,SI,24,POCO AFECTADAS,NO,NO,SI,NO,REGULAR,40,BUENO,NINGUNO,0,0,0,0,0,0,100,0,0,0,0,0,0,0,100,0,0,0,33.38,24.48,28.93,8.9,15307.87,0.45,188,0.15,80.9,34.64,24.8,29.72,9.84,22929.24,0.6,255.9,0.14,78.65,33.45,24.33,28.89,9.12,15969.46,0.36,134.3,0.14,81.3,4000
2665,Manual,NO,DK 234,Maiz,NO,Manual,NO,6,48,92,60000,10,0,0,0,0,0,0,0,0,0,0,0,1,0,0,0,184,0,0,0,0,0,120,0,0,0,4,1,PLANO O LLANO,PLANO,2,4.5,SIN ROCAS,SI,23,4,NO,-1,NO,ATERRONADA,NO,NO,NO HAY,LA MANIANA Y LA TARDE,NO HAY,NO HAY,NO,SI,18,POCO AFECTADAS,NO,NO,NO,SI,REGULAR,23,BUENO,NINGUNO,0,67.5,0,0,0,0,0,32.5,0,0,0,0,0,0,100,0,0,0,33.87,24.75,29.31,9.12,15076.68,0.57,190.6,0.15,79.92,34.25,24.67,29.46,9.58,22381.38,0.48,258.1,0.14,79.1,33.74,24.47,29.11,9.27,18867.52,0.45,135.9,0.12,81.11,3720.93
2675,Manual,SI,ADV 9339 (Syngenta),Maiz,NO,Manual,SI,6,54,85,60000,14,0,0,0,0,0,0,0,0,0,0,0,1,0,0,0,276,0,0,0,0,0,0,0,0,0,3,1,PLANO O LLANO,PLANO,2,5.5,SIN ROCAS,NO,-1,-1,NO,-1,NO,GRANULAR,NO,NO,NO HAY,LA MANIANA Y LA TARDE,NO HAY,NO HAY,NO,SI,22,POCO AFECTADAS,NO,NO,SI,NO,REGULAR,43,BUENO,NINGUNO,0,0,0,0,0,0,100,0,0,0,0,0,0,0,100,0,0,0,33.36,24.43,28.9,8.93,15294.89,0.35,145.1,0.1,80.39,34.24,24.49,29.37,9.76,22731.08,0.52,272.6,0.16,79.59,33.3,24.5,28.9,8.8,17987.05,0.4,222.5,0.15,82.19,3906.98
2678,Manual,SI,P4082 (Pioneer),Maiz,NO,Manual,SI,5,50,87,62000,12,0,0,0,0,0,0,0,1,0,0,0,1,0,0,0,138,0,0,0,0,0,60,0,0,0,3,1,PLANO O LLANO,PLANO,2,5,SIN ROCAS,NO,-1,-1,NO,-1,NO,ATERRONADA,NO,NO,NO HAY,LA MANIANA Y LA TARDE,NO HAY,NO HAY,NO,SI,26,PLANTAS NORMALES,NO,NO,SI,NO,BUENO,44,BUENO,NINGUNO,0,0,0,0,54.55,45.45,0,0,0,0,0,0,0,0,100,0,0,0,33.67,24.65,29.16,9.02,15545.39,0.4,118.3,0.08,79.49,34.09,24.45,29.27,9.64,22560.23,0.5,282.7,0.17,80.06,33.36,24.5,28.93,8.86,16964.55,0.4,212,0.13,82.11,4386.05
2679,Manual,SI,ADV 9339 (Syngenta),Maiz,NO,Manual,SI,6,53,76,60000,14,0,0,0,0,0,0,0,0,0,0,0,1,0,0,0,184,0,0,0,0,0,60,0,0,0,3,1,PLANO O LLANO,PLANO,2,5,SIN ROCAS,NO,-1,-1,NO,-1,NO,ATERRONADA,NO,NO,NO HAY,LA MANIANA Y LA TARDE,NO HAY,NO HAY,NO,SI,24,PLANTAS NORMALES,NO,NO,SI,NO,BUENO,44,BUENO,NINGUNO,0,0,0,0,0,0,0,100,0,0,0,100,0,0,0,0,0,0,33.36,24.43,28.9,8.93,15294.89,0.35,145.1,0.1,80.39,34.24,24.49,29.37,9.76,22731.08,0.52,272.6,0.16,79.59,33.35,24.62,28.98,8.73,14266.33,0.39,119.9,0.13,82.47,4093.02
2680,Manual,SI,Otro,Algodon,SI,Manual,SI,5,51,85,60000,10,0,0,0,0,0,0,0,0,0,0,0,1,0,0,0,276,0,0,0,0,0,60,0,0,0,4,1,PLANO O LLANO,PLANO,1,5.5,SIN ROCAS,NO,-1,-1,NO,-1,NO,ATERRONADA,NO,NO,NO HAY,LA MANIANA Y LA TARDE,NO HAY,NO HAY,NO,SI,22,POCO AFECTADAS,NO,NO,SI,NO,REGULAR,40,BUENO,NINGUNO,0,0,0,0,100,0,0,0,0,0,0,100,0,0,0,0,0,0,34,24.77,29.39,9.23,15588.59,0.48,104.6,0.05,78.77,33.86,24.31,29.08,9.55,22479.53,0.45,306.6,0.19,80.52,33.37,24.52,28.95,8.85,16485.61,0.41,188.3,0.11,82.3,4186.05
2682,Manual,NO,Otro,Algodon,NO,Manual,SI,6,51,86,60000,11,0,0,0,0,0,0,0,1,0,0,0,1,0,0,0,184,0,0,0,0,0,60,0,0,0,3,1,PLANO O LLANO,PLANO,1,5.5,SIN ROCAS,NO,-1,-1,NO,-1,NO,GRANULAR,NO,NO,NO HAY,LA MANIANA Y LA TARDE,NO HAY,NO HAY,NO,SI,27,PLANTAS NORMALES,NO,NO,SI,NO,BUENO,45,BUENO,NINGUNO,0,0,0,0,0,0,100,0,0,0,0,0,0,0,100,0,0,0,33.67,24.65,29.16,9.02,15545.39,0.4,118.3,0.08,79.49,34.09,24.45,29.27,9.64,22560.23,0.5,282.7,0.17,80.06,33.3,24.47,28.89,8.83,17242.86,0.39,212.2,0.13,82.22,4093.02
2686,Manual,NO,Otro,Algodon,NO,Manual,SI,6,53,80,60000,10,0,0,0,0,0,0,0,1,0,0,0,1,0,0,0,184,0,0,0,0,0,0,0,0,0,2,1,PLANO O LLANO,PLANO,2,5,SIN ROCAS,NO,-1,-1,NO,-1,NO,ATERRONADA,NO,NO,NO HAY,LA MANIANA,NO HAY,NO HAY,NO,SI,23,PLANTAS NORMALES,NO,NO,SI,NO,BUENO,40,BUENO,NINGUNO,0,0,0,0,40,60,0,0,0,0,0,100,0,0,0,0,0,0,33.35,24.46,28.9,8.89,15070.36,0.45,186.4,0.15,81.05,34.68,24.84,29.76,9.84,22916.17,0.62,254.8,0.14,78.58,33.43,24.27,28.85,9.16,16039.88,0.36,135.2,0.14,81.39,4186.05
2687,Manual,NO,Otro,Maiz,NO,Manual,SI,6,52,82,50000,10,0,0,0,0,0,0,0,1,0,0,0,1,0,0,0,184,0,0,0,0,0,120,0,0,0,4,1,PLANO O LLANO,PLANO,2,4.5,SIN ROCAS,NO,-1,-1,NO,-1,NO,ATERRONADA,NO,NO,NO HAY,LA MANIANA Y LA TARDE,NO HAY,NO HAY,NO,SI,26,PLANTAS NORMALES,NO,NO,SI,SI,BUENO,45,BUENO,NINGUNO,0,44.44,0,0,0,0,0,55.56,0,0,0,100,0,0,0,0,0,0,33.91,24.75,29.33,9.17,15178.36,0.57,189.1,0.15,79.7,34.27,24.68,29.48,9.59,22439.93,0.5,259.6,0.14,79.01,33.73,24.52,29.13,9.21,16466.74,0.4,129.9,0.14,81.24,4172.09
2689,Mecanizado,NO,Otro,Algodon,NO,Manual,SI,6,54,84,55000,11,0,0,0,0,0,0,0,0,0,0,0,1,0,0,0,161,0,0,0,0,0,45,0,0,0,3,1,PLANO O LLANO,PLANO,2,5.5,SIN ROCAS,NO,-1,-1,NO,-1,NO,GRANULAR,NO,NO,NO HAY,LA MANIANA Y LA TARDE,NO HAY,NO HAY,NO,SI,24,POCO AFECTADAS,NO,NO,SI,NO,REGULAR,45,BUENO,NINGUNO,0,0,0,0,0,0,100,0,0,0,0,0,0,0,100,0,0,0,33.81,24.7,29.26,9.11,15193.95,0.55,190.6,0.15,80.1,34.26,24.7,29.48,9.56,22364.94,0.5,259.7,0.14,79.17,33.82,24.45,29.14,9.37,18210.58,0.45,128.3,0.13,80.88,4279.07
3064,Manual,NO,Otro,Maiz,NO,Manual,NO,5,44,93,32000,47,0,0,0,1,0,0,0,0,0,0,0,1,0,0,0,23,0,0,0,0,0,0,0,0,0,1,4,ONDULADO Y MONTANIOSO,LADERA CONVEXA,2,6,SIN ROCAS,NO,-1,-1,SI,15,NO,ATERRONADA,NO,NO,NO HAY,LA MANIANA Y LA TARDE,POCO MARCADAS,NO HAY,NO,SI,17,PLANTAS NORMALES,NO,NO,SI,NO,BUENO,17,LENTO A MUY LENTO,LENTO,0,23.33,0,0,76.67,0,0,0,0,0,0,100,0,0,0,0,0,0,32.1,24.89,28.5,7.21,15200.04,0.02,197.7,0.2,89.05,33.1,25.14,29.12,7.96,21458.55,0.19,89.1,0.07,84.99,32.6,25.03,28.81,7.57,17071.87,0.11,115.1,0.04,82.49,2123.26
4157,Manual,NO,Otro,Maiz,SI,Manual,NO,6,50,81,72000,17,0,0,0,0,0,0,0,1,0,0,0,3,0,0,0,61,0,0,15,0,0,15,0,0,0,3,3,PLANO O LLANO,PLANO,2,5.5,SIN ROCAS,SI,26,4,NO,-1,NO,MASIVA,NO,NO,NO HAY,LA MANIANA Y LA TARDE,NO HAY,NO HAY,NO,SI,22,POCO AFECTADAS,NO,NO,SI,NO,REGULAR,22,BUENO,LENTO,0,100,0,0,0,0,0,0,0,0,0,0,0,0,100,0,0,0,32.92,24.02,28.47,8.9,15055.5,0.35,408,0.28,80.31,33.21,23.5,28.35,9.71,23870.97,0.21,252.6,0.17,78.56,32.17,22.72,27.45,9.45,15399.83,0.02,257.7,0.18,80.13,7627.91
4366,Manual,NO,Otro,Maiz,SI,Manual,NO,6,50,75,60000,17,0,0,0,0,0,0,0,1,0,0,0,2,0,0,0,69,0,0,0,0,0,0,0,0,0,2,2,PLANO O LLANO,PLANO,2,6,SIN ROCAS,NO,-1,-1,NO,-1,NO,ATERRONADA,NO,NO,NO HAY,LA MANIANA Y LA TARDE,NO HAY,NO HAY,NO,SI,24,PLANTAS NORMALES,NO,NO,SI,NO,REGULAR,60,BUENO,NINGUNO,0,46.67,0,0,0,0,0,53.33,0,0,0,0,0,53.33,46.67,0,0,0,33.07,24.19,28.63,8.88,15123.25,0.38,426.4,0.28,79.97,33.32,23.62,28.47,9.7,23832.9,0.24,220.9,0.14,78.6,31.86,22.35,27.1,9.5,13090.77,0.03,253.2,0.21,80.18,4539.77
4379,Manual,NO,Otro,Maiz,NO,Manual,NO,5,47,81,62000,16,0,0,0,0,0,0,0,0,0,0,0,3,0,0,0,99,0,0,10,0,0,20,0,0,0,3,3,PLANO O LLANO,PLANO,3,6,SIN ROCAS,NO,-1,-1,NO,-1,NO,ATERRONADA,NO,NO,NO HAY,LA MANIANA Y LA TARDE,NO HAY,NO HAY,NO,SI,20,PLANTAS NORMALES,NO,NO,SI,NO,BUENO,60,BUENO,LENTO,0,36.67,0,0,0,0,0,63.33,0,0,0,0,0,63.33,36.67,0,0,0,32.73,23.43,28.08,9.3,16597.03,0.2,334.7,0.22,83.66,32.27,23.03,27.65,9.24,23628.04,0.1,127.8,0.07,83.17,31.85,23.64,27.74,8.21,14105.22,0,150.7,0.11,83.15,5581.4
4380,Manual,NO,Otro,Maiz,SI,Manual,NO,6,49,79,61000,17,0,0,0,0,0,0,2,0,0,0,0,2,0,0,0,120.5,0,0,10,0,0,40,0,0,0,4,4,PLANO O LLANO,PLANO,2,5.5,SIN ROCAS,NO,-1,-1,NO,-1,NO,ATERRONADA,NO,NO,NO HAY,LA MANIANA Y LA TARDE,NO HAY,NO HAY,NO,SI,27,POCO AFECTADAS,NO,NO,SI,NO,REGULAR,60,BUENO,LENTO,0,58.33,0,0,0,0,0,41.67,0,0,0,0,0,41.67,58.33,0,0,0,33.04,24.13,28.58,8.9,15154.32,0.38,416.1,0.28,80.17,33.21,23.55,28.38,9.66,23775.15,0.21,239,0.16,78.67,31.98,22.49,27.24,9.5,14215.09,0.03,248.2,0.16,80.11,5106.98
2329,Manual,NO,Otro,Algodon,NO,Mecanizada,SI,15,36,99,50000,12,0,0,0,0,0,0,0,0,0,0,0,1,0,0,0,69,0,0,0,0,0,30,0,0,0,2,1,PLANO O LLANO,PLANO,2,5.5,SIN ROCAS,NO,-1,-1,NO,-1,NO,ATERRONADA,NO,NO,NO HAY,LA MANIANA Y LA TARDE,NO HAY,NO HAY,NO,SI,33,PLANTAS NORMALES,NO,NO,SI,NO,ESPACIADO,50,BUENO,NINGUNO,0,0,0,0,0,0,100,0,0,0,0,0,0,100,0,0,0,0,34.95,25.02,29.99,9.94,15012.77,0.82,156,0.12,76.97,34.1,24.6,29.35,9.5,22437.46,0.5,220.6,0.12,78.62,33.57,24.25,28.91,9.32,20204.61,0.38,314.4,0.23,81.52,2604.65
4285,Manual,NO,Otro,Maiz,NO,Manual,NO,7,47,81,70000,16,0,0,0,0,0,0,0,1,0,0,0,1,1,0,0,92,0,0,0,0,0,0,0,0,0,2,3,PLANO O LLANO,PLANO,3,6,SIN ROCAS,NO,-1,-1,SI,38,NO,MASIVA,NO,NO,NO HAY,LA MANIANA Y LA TARDE,NO HAY,NO HAY,NO,SI,28,PLANTAS NORMALES,NO,NO,SI,NO,BUENO,28,LENTO A MUY LENTO,LENTO,0,61.54,0,0,0,0,0,38.46,0,0,0,0,0,38.46,61.54,0,0,0,33,23.9,28.45,9.1,15308.9,0.32,247.9,0.2,79.75,33.19,23.45,28.32,9.74,23880.29,0.21,271.1,0.19,78.58,32.14,22.79,27.46,9.35,14484.53,0.03,285.4,0.21,80.24,5651.16
1927,Manual,NO,PIONEER 30F35,Frijol,SI,Manual,NO,5,54,63,62000,9,0,0,0,0,0,1,0,1,0,0,0,2,0,0,0,46,0,0,0,0,0,60,0,0,0,4,1.3,PLANO O LLANO,PLANO,2,5.5,SIN ROCAS,NO,-1,-1,SI,25,NO,ATERRONADA,NO,NO,NO HAY,LA MANIANA Y LA TARDE,NO HAY,NO HAY,NO,SI,47,POCO AFECTADAS,SI,NO,SI,SI,MUY BUENO,47,LENTO A MUY LENTO,NINGUNO,0,0,0,0,41.67,0,0,58.33,0,0,0,0,0,58.33,41.67,0,0,0,34.63,25.05,29.84,9.59,15520.22,0.57,98.2,0.05,77.57,33.57,24.21,28.89,9.36,22346.75,0.38,336.5,0.22,81.3,33.25,24.68,28.96,8.57,9154.69,0.4,34.6,0,82.92,2354.65
1937,Mecanizado,NO,DK 234,Algodon,NO,Manual,NO,4,48,82,55000,6,0,0,0,0,0,0,0,1,0,0,0,1,0,0,0,46,0,0,0,0,0,0,0,0,0,1,1,PLANO O LLANO,PLANO,2,6,SIN ROCAS,NO,-1,-1,NO,-1,NO,ATERRONADA,NO,NO,NO HAY,LA MANIANA Y LA TARDE,NO HAY,NO HAY,NO,SI,38,MUY AFECTADAS,SI,NO,SI,NO,ESPACIADO,60,BUENO,NINGUNO,0,38.33,0,0,0,0,0,61.67,0,0,0,100,0,0,0,0,0,0,33.9,23.81,28.86,10.09,15001.74,0.4,182.9,0.18,80.72,33.25,23.74,28.5,9.51,23440.79,0.31,389.2,0.21,86.02,32.41,24.3,28.35,8.11,14185.48,0.03,216.7,0.22,86.18,2232.56
1989,Manual,NO,DK 234 YGRR,Algodon,SI,Manual,NO,5,50,71,66666,11,1,0,0,0,0,0,0,1,0,0,0,0,0,0,0,138,0,0,0,0,0,0,0,0,0,2,1.9,PLANO O LLANO,PLANO,2,6,SIN ROCAS,NO,-1,-1,NO,-1,NO,ATERRONADA,NO,NO,NO HAY,LA MANIANA Y LA TARDE,NO HAY,NO HAY,NO,SI,32,POCO AFECTADAS,SI,NO,SI,SI,MUY BUENO,60,BUENO,NINGUNO,0,0,0,0,63.33,36.67,0,0,0,0,0,0,0,0,0,0,100,0,33.56,24.56,29.06,9,15314.59,0.38,145.1,0.1,79.89,34.19,24.47,29.33,9.72,22685.08,0.52,282.9,0.17,79.87,33.26,24.49,28.88,8.77,10793.77,0.31,78.3,0.1,82.24,4409.3
2842,Mecanizado,NO,PIONEER 30F35 HRR,Maiz,NO,Mecanizada,NO,5,47,79,62500,16,0,0,0,0,0,0,0,1,0,0,0,2,0,0,0,124,0,0,23,0,0,0,0,0,0,3,3,PLANO O LLANO,PLANO,2,5.5,SIN ROCAS,NO,-1,-1,NO,-1,NO,ATERRONADA,NO,NO,NO HAY,LA MANIANA Y LA TARDE,NO HAY,NO HAY,NO,SI,27,MUY AFECTADAS,SI,NO,SI,SI,REGULAR,60,BUENO,LENTO,0,0,0,45,55,0,0,0,0,0,0,0,0,55,0,0,45,0,33.2,24.53,28.86,8.67,14749.05,0.4,166.5,0.08,82.28,32.91,24.33,28.62,8.58,21596.3,0.24,249,0.14,82.21,34.59,24.12,29.36,10.47,14432.65,0.76,12.3,0,76.06,3623.26
3738,Mecanizado,SI,DK 234 YGRR,Maiz,NO,Manual,SI,4,49,82,63000,7,0,0,0,0,0,0,1,1,0,0,0,1,0,0,0,92,0,0,0,0,0,0,0,0,0,2,1,PLANO O LLANO,PLANO,2,6.5,SIN ROCAS,SI,12,12,NO,-1,NO,ATERRONADA,NO,NO,NO HAY,LA MANIANA Y LA TARDE,NO HAY,NO HAY,NO,SI,18,PLANTAS NORMALES,NO,NO,NO,SI,ESPACIADO,18,BUENO,NINGUNO,0,0,0,53.33,0,46.67,0,0,0,0,100,0,0,0,0,0,0,0,32.85,23.93,28.39,8.91,16235.3,0.25,263.9,0.2,84.36,32.71,23.35,28.03,9.37,23897.37,0.21,284,0.17,83.5,31.79,23.14,27.46,8.66,15270.49,0,53.4,0,82.92,5911.63
2490,Manual,SI,Impacto (Syngenta),Algodon,SI,Manual,SI,6,40,88,60000,11,0,0,0,0,0,0,0,1,0,0,0,1,0,0,0,184,0,0,0,0,0,0,0,0,0,2,1,PLANO O LLANO,PLANO,1,4.5,SIN ROCAS,NO,-1,-1,NO,-1,NO,ATERRONADA,NO,NO,NO HAY,LA MANIANA Y LA TARDE,NO HAY,NO HAY,NO,SI,35,PLANTAS NORMALES,NO,NO,SI,NO,BUENO,40,BUENO,NINGUNO,0,0,0,0,100,0,0,0,0,0,0,100,0,0,0,0,0,0,33.32,24.36,28.84,8.96,14658.39,0.4,198.3,0.15,80.7,34.56,24.82,29.69,9.74,22774.85,0.6,227.2,0.12,78.69,33.65,24.34,29,9.31,14234.79,0.38,122.6,0.16,81.39,3627.91
2681,Manual,SI,P3966 (Pioneer),Algodon,SI,Manual,SI,5,49,94,60000,11,0,0,0,0,0,0,0,0,0,0,0,1,0,0,0,276,0,0,0,0,0,0,0,0,0,3,1,PLANO O LLANO,PLANO,2,5,SIN ROCAS,NO,-1,-1,NO,-1,NO,ATERRONADA,NO,NO,NO HAY,LA MANIANA Y LA TARDE,NO HAY,NO HAY,NO,SI,24,POCO AFECTADAS,NO,NO,SI,NO,BUENO,43,BUENO,NINGUNO,0,0,0,0,100,0,0,0,0,0,0,100,0,0,0,0,0,0,33.22,24.32,28.77,8.9,14930.25,0.35,181.3,0.12,80.62,34.39,24.58,29.49,9.82,22703.7,0.55,272.6,0.16,79.3,33.29,24.41,28.85,8.89,19223.64,0.37,222.5,0.14,82.18,4290.7
704,Manual,SI,PAC 105,Algodon,SI,Manual,NO,5,43,83,66000,10,0,0,0,0,0,0,1,0,1,0,0,3,0,0,0,126.5,0,0,0,0,0,0,0,0,0,3,2,PLANO O LLANO,PLANO,2,5,SIN ROCAS,NO,-1,-1,NO,-1,NO,MASIVA,NO,NO,NO HAY,LA MANIANA Y LA TARDE,NO HAY,NO HAY,NO,SI,25,PLANTAS NORMALES,NO,NO,SI,NO,REGULAR,25,BUENO,NINGUNO,0,100,0,0,0,0,0,0,0,0,0,100,0,0,0,0,0,0,31.88,24.52,28.2,7.36,14549.47,0.08,196.7,0.15,80.7,33.52,24.45,28.98,9.07,22519.3,0.38,313.7,0.12,78.29,32.4,23.69,28.04,8.72,12711.68,0.18,217.7,0.21,80.79,4709.3
2482,Mecanizado,NO,DK 234,Algodon,NO,Manual,SI,5,45,77,60000,12,0,0,0,0,0,0,0,0,0,0,0,1,0,0,0,115,0,0,0,0,0,150,0,0,0,4,1,PLANO O LLANO,PLANO,2,5.5,SIN ROCAS,NO,-1,-1,NO,-1,NO,ATERRONADA,NO,NO,NO HAY,LA MANIANA Y LA TARDE,NO HAY,NO HAY,NO,SI,30,PLANTAS NORMALES,SI,NO,SI,SI,BUENO,50,BUENO,NINGUNO,0,0,0,0,0,0,40,60,0,0,0,60,0,40,0,0,0,0,34.68,25.07,29.88,9.62,15731.78,0.6,61.7,0.05,77.57,33.48,24.18,28.83,9.31,22218.06,0.36,318,0.21,81.42,33.41,24.64,29.02,8.77,11344.25,0.43,55.8,0.03,82.33,4081.4
475,Manual,SI,PIONEER 30F35 H,Maiz,SI,Manual,NO,6,47,88,63000,10,0,0,0,0,0,0,0,1,0,0,0,0,0,0,0,92,0,0,0,0,0,30,0,0,0,3,2,PLANO O LLANO,PLANO,3,6.5,SIN ROCAS,NO,-1,-1,NO,-1,NO,MASIVA,NO,NO,NO HAY,LA MANIANA Y LA TARDE,NO HAY,NO HAY,NO,SI,60,PLANTAS NORMALES,NO,NO,NO,NO,ESPACIADO,60,BUENO,NINGUNO,0,54.29,0,45.71,0,0,0,0,0,0,0,0,0,45.71,54.29,0,0,0,32.01,23.92,27.96,8.09,13566.84,0.02,167.3,0.12,82.08,32.73,23.57,28.15,9.17,22634.01,0.05,142,0.07,80.19,33.19,23.38,28.29,9.81,19197.86,0.16,6.4,0,74.86,4000
668,Manual,SI,DK7088,Algodon,NO,Manual,NO,6,38,82,58000,12,0,0,0,0,0,0,2,0,0,0,0,3,0,0,0,92,0,0,0,0,0,0,0,0,0,3,2,PLANO O LLANO,PLANO,2,5,SIN ROCAS,NO,-1,-1,NO,-1,NO,MASIVA,NO,NO,NO HAY,LA MANIANA Y LA TARDE,NO HAY,NO HAY,SI,SI,35,PLANTAS NORMALES,NO,NO,SI,NO,BUENO,35,BUENO,NINGUNO,0,0,0,0,100,0,0,0,0,0,0,0,0,100,0,0,0,0,31.98,24.62,28.3,7.36,14489.54,0.08,233.2,0.2,80.97,33.51,24.32,28.91,9.19,22557.9,0.4,297.4,0.1,78.52,32.43,23.67,28.05,8.76,10849.72,0.17,197.6,0.21,80.52,2976.74
670,Mecanizado,SI,DK7088,Algodon,NO,Manual,NO,6,40,81,64000,13,0,0,0,0,0,0,1,1,0,0,0,2,0,0,0,115,0,0,0,0,0,0,0,0,0,3,2,PLANO O LLANO,PLANO,2,6,SIN ROCAS,NO,-1,-1,NO,-1,NO,MASIVA,NO,NO,NO HAY,LA MANIANA Y LA TARDE,NO HAY,NO HAY,NO,SI,28,PLANTAS NORMALES,NO,NO,NO,NO,REGULAR,28,BUENO,NINGUNO,0,32.86,0,0,67.14,0,0,0,0,0,0,32.86,0,0,67.14,0,0,0,31.95,24.63,28.29,7.33,14585.47,0.08,198.6,0.15,80.9,33.56,24.36,28.96,9.21,22475.45,0.4,333.3,0.14,78.55,32.35,23.65,28,8.7,11219.17,0.17,195,0.2,80.6,3860.47
3739,Mecanizado,SI,P3966 (Pioneer),Maiz,NO,Manual,NO,4,47,82,62000,8,0,0,0,0,0,0,1,1,0,0,0,2,0,0,0,92,0,0,0,0,0,0,0,0,0,2,2,PLANO O LLANO,PLANO,2,6.5,SIN ROCAS,NO,-1,-1,NO,-1,NO,GRANULAR,NO,NO,NO HAY,LA MANIANA Y LA TARDE,NO HAY,NO HAY,NO,SI,35,PLANTAS NORMALES,NO,NO,SI,SI,ESPACIADO,60,BUENO,NINGUNO,0,0,0,0,0,0,41.67,0,58.33,0,0,0,0,0,100,0,0,0,32.91,23.83,28.37,9.08,16491.43,0.3,337.9,0.22,83.93,32.56,23.24,27.9,9.31,23779.62,0.16,190.2,0.14,83.34,31.83,23.26,27.55,8.57,14559.38,0,58.3,0.03,82.86,6102.33
2210,Mecanizado,SI,DK 234 YGRR,Algodon,NO,Manual,NO,4,46,78,60000,6,1,0,0,0,0,0,0,1,0,0,0,0,0,0,0,92,0,0,0,0,0,0,0,0,0,2,2,PLANO O LLANO,PLANO,2,5.5,SIN ROCAS,NO,-1,-1,NO,-1,NO,GRANULAR,NO,NO,NO HAY,LA TARDE,NO HAY,NO HAY,NO,SI,24,MUY AFECTADAS,NO,NO,SI,NO,REGULAR,60,BUENO,NINGUNO,0,43.33,0,0,0,0,0,56.67,0,0,0,100,0,0,0,0,0,0,33.83,24.73,29.28,9.1,15505.82,0.42,118.3,0.08,79.27,33.99,24.42,29.2,9.57,22471.86,0.48,306.2,0.19,80.25,33.33,24.52,28.93,8.81,11662.52,0.35,56.1,0.06,82.45,2543.02
2614,Manual,SI,PAC 105,Algodon,NO,Manual,NO,6,44,78,50000,19,0,0,0,0,0,0,0,1,0,0,0,1,0,0,0,92,0,0,0,0,0,60,0,0,0,4,5,ONDULADO,PLANO CON ONDULACIONES,2,5,SIN ROCAS,NO,-1,-1,NO,-1,NO,MASIVA,NO,NO,NO HAY,LA MANIANA Y LA TARDE,NO HAY,NO HAY,NO,SI,27,PLANTAS NORMALES,NO,NO,SI,NO,BUENO,27,BUENO,LENTO,0,51.43,0,0,0,48.57,0,0,0,0,0,51.43,0,0,48.57,0,0,0,33.83,24.73,29.28,9.1,15505.82,0.42,118.3,0.08,79.27,33.99,24.42,29.2,9.57,22471.86,0.48,306.2,0.19,80.25,33.33,24.52,28.93,8.81,11662.52,0.35,56.1,0.06,82.45,4386.05
3737,Manual,NO,PIONEER 30F35 H,Algodon,NO,Manual,NO,4,46,75,62000,7,0,0,0,0,0,0,1,1,0,0,0,1,0,0,0,61,0,0,15,0,0,15,0,0,0,2,2,PLANO O LLANO,PLANO,2,6,SIN ROCAS,NO,-1,-1,NO,-1,NO,GRANULAR,NO,NO,NO HAY,LA MANIANA Y LA TARDE,NO HAY,NO HAY,NO,SI,25,PLANTAS NORMALES,NO,NO,SI,SI,ESPACIADO,60,BUENO,NINGUNO,0,0,0,0,63.33,0,0,0,36.67,0,100,0,0,0,0,0,0,0,33.31,24.45,28.88,8.86,15301.82,0.42,412.8,0.28,80.03,33.29,23.77,28.53,9.53,23027.95,0.28,237.7,0.14,78.82,32.67,22.82,27.74,9.85,11616.86,0.07,148.1,0.21,79.16,5816.28
1902,Manual,NO,PAC 105,Algodon,NO,Manual,NO,4,55,65,75000,7,1,0,0,0,0,0,1,1,0,0,0,6,0,0,0,30,0,0,30,0,0,30,0,0,0,2,1.7,PLANO O LLANO,PLANO,3,6.5,SIN ROCAS,NO,-1,-1,SI,29,SI,ATERRONADA,NO,NO,NO HAY,LA MANIANA Y LA TARDE,NO HAY,NO HAY,NO,SI,30,MUY AFECTADAS,SI,NO,SI,SI,REGULAR,30,LENTO A MUY LENTO,NINGUNO,0,0,0,81.67,0,0,0,18.33,0,0,0,0,0,100,0,0,0,0,33.83,24.73,29.28,9.1,15505.82,0.42,118.3,0.08,79.27,33.99,24.42,29.2,9.57,22471.86,0.48,306.2,0.19,80.25,33.37,24.46,28.91,8.91,10177.18,0.33,54.8,0.07,82.22,3234.23
2912,Mecanizado,SI,PIONEER 30F35 HRR,Maiz,NO,Manual,NO,4,47,87,62000,8,0,0,0,0,0,0,1,0,0,0,0,1,0,0,0,61,0,0,15,0,0,15,0,0,0,2,1,PLANO O LLANO,PLANO,2,6,SIN ROCAS,NO,-1,-1,SI,22,NO,GRANULAR,NO,NO,NO HAY,LA MANIANA Y LA TARDE,NO HAY,NO HAY,NO,SI,12,PLANTAS NORMALES,NO,NO,SI,NO,BUENO,22,LENTO A MUY LENTO,NINGUNO,0,35,0,0,0,0,65,0,0,0,65,35,0,0,0,0,0,0,32.9,24.04,28.47,8.86,14848.21,0.22,270.2,0.18,81.97,33.51,24.49,29,9.02,22236.9,0.47,128.6,0.07,80.67,34.77,23.8,29.29,10.97,18236.05,0.83,0.7,0,73.49,5790.7
2286,Mecanizado,SI,DK 234 YGRR,Algodon,NO,Mecanizada,NO,4,48,78,55000,6,0,0,0,0,0,0,0,1,0,0,0,1,0,0,0,92,0,0,0,0,0,0,0,0,0,2,2,PLANO O LLANO,PLANO,2,5.5,SIN ROCAS,NO,-1,-1,NO,-1,NO,GRANULAR,NO,NO,NO HAY,LA MANIANA Y LA TARDE,NO HAY,NO HAY,NO,SI,13,POCO AFECTADAS,NO,NO,SI,NO,ESPACIADO,60,BUENO,NINGUNO,0,0,51.67,48.33,0,0,0,0,0,0,100,0,0,0,0,0,0,0,33.22,24.32,28.77,8.9,14180.5,0.28,234.7,0.2,81.47,33.73,24.58,29.15,9.15,24390.04,0.4,333.7,0.16,85.26,32.45,24.43,28.44,8.03,12523.37,0.03,179.2,0.21,85.17,3861.63
1833,Manual,NO,DK 234,Algodon,NO,Manual,NO,4,49,78,60000,4,0,0,0,0,0,0,0,2,0,0,0,0,0,0,0,92,0,0,0,0,0,0,0,0,0,2,1,PLANO O LLANO,PLANO,2,5.5,SIN ROCAS,NO,-1,-1,SI,35,NO,GRANULAR,NO,NO,NO HAY,LA MANIANA Y LA TARDE,NO HAY,NO HAY,NO,SI,34,POCO AFECTADAS,NO,NO,SI,NO,ESPACIADO,35,LENTO A MUY LENTO,NINGUNO,0,0,0,0,58.33,41.67,0,0,0,0,0,0,0,58.33,41.67,0,0,0,33.9,23.81,28.86,10.09,15001.74,0.4,182.9,0.18,80.72,33.25,23.74,28.5,9.51,23440.79,0.31,389.2,0.21,86.02,32.46,24.24,28.35,8.22,13118.71,0.03,170.7,0.18,85.96,2046.51
2946,Manual,NO,PIONEER 30F35 HRR,Pastos,NO,Manual,NO,4,49,87,60000,3,0,0,0,0,0,0,1,0,0,0,0,2,0,0,0,58,0,0,24,0,0,12,0,0,0,2,2,PLANO O LLANO,PLANO,2,6,SIN ROCAS,NO,-1,-1,SI,31,NO,GRANULAR,NO,NO,POCO MARCADAS,LA MANIANA Y LA TARDE,NO HAY,NO HAY,NO,SI,21,PLANTAS NORMALES,NO,NO,SI,NO,REGULAR,31,LENTO A MUY LENTO,NINGUNO,0,50,0,0,0,0,50,0,0,0,50,50,0,0,0,0,0,0,31.89,24.77,28.33,7.12,14404.68,0.02,268.6,0.18,82.7,33.23,25.23,29.23,8.01,22736.46,0.19,109.7,0.05,79.59,32.63,24.79,28.71,7.85,19283.26,0.14,0,0,72.93,4632.56
515,Mecanizado,NO,PIONEER 30F35,Maiz,SI,Manual,NO,5,45,102,60000,16,0,0,0,0,0,0,0,1,0,0,0,0,0,0,0,115,0,0,0,0,0,0,0,0,0,2,2,PLANO O LLANO,PLANO,2,5.5,SIN ROCAS,NO,-1,-1,NO,-1,NO,ATERRONADA,NO,NO,NO HAY,LA MANIANA Y LA TARDE,NO HAY,NO HAY,SI,NO,-1,POCO AFECTADAS,NO,NO,NO,NO,REGULAR,28,BUENO,NINGUNO,0,100,0,0,0,0,0,0,0,0,0,0,0,0,100,0,0,0,32.52,23.87,28.19,8.65,14052.33,0,133.2,0.12,82.03,32.7,23.43,28.07,9.26,23593.01,0.05,97.3,0.03,78.69,34.18,23.54,28.86,10.64,24523.88,0.53,4.3,0,73.18,4825.58
278,Manual,NO,PIONEER 30F35,Yuca,SI,Manual,NO,6,65,70,60000,15,0,0,0,0,0,0,1,0,0,0,0,2,0,0,0,46,0,0,0,0,0,0,0,0,0,1,2,PLANO O LLANO,PLANO,3,6,SIN ROCAS,SI,25,2,SI,26,NO,GRANULAR,NO,NO,NO HAY,LA MANIANA Y LA TARDE,NO HAY,NO HAY,NO,NO,-1,PLANTAS NORMALES,SI,NO,SI,NO,BUENO,25,LENTO A MUY LENTO,NINGUNO,0,0,0,0,28.24,0,0,29.41,42.35,0,100,0,0,0,0,0,0,0,32.47,24.38,28.42,8.09,14967.08,0.15,173.6,0.1,81.28,32.47,23.64,28.06,8.83,23857.79,0.16,295,0.16,80.29,32.22,23.73,27.97,8.5,15222.72,0.05,281.8,0.2,82.16,5052.33
4093,Mecanizado,SI,DK 234,Frijol,NO,Manual,NO,4,46,84,65000,4,0,0,0,0,0,0,0,1,0,0,0,1,0,0,0,92,0,0,0,0,0,0,0,0,0,2,1,PLANO O LLANO,PLANO,2,6,SIN ROCAS,NO,-1,-1,SI,27,NO,GRANULAR,NO,NO,NO HAY,LA MANIANA Y LA TARDE,NO HAY,POCO MARCADAS,NO,SI,18,PLANTAS NORMALES,NO,NO,SI,SI,REGULAR,27,LENTO A MUY LENTO,NINGUNO,0,0,0,0,0,0,56.67,43.33,0,0,100,0,0,0,0,0,0,0,32.81,23.66,28.23,9.15,16512.35,0.22,348.3,0.25,83.79,32.34,23.03,27.68,9.31,23801.56,0.1,139,0.09,83.14,31.76,23.56,27.66,8.2,14366.18,0,154.8,0.11,83.29,5148.84
2500,Mecanizado,SI,P3966 (Pioneer),Algodon,NO,Manual,SI,6,50,76,60000,10,0,0,0,0,0,0,0,1,0,0,0,2,0,0,0,276,0,0,0,0,0,0,0,0,0,3,1,PLANO O LLANO,PLANO,2,6,SIN ROCAS,NO,-1,-1,NO,-1,NO,GRANULAR,NO,NO,NO HAY,LA MANIANA Y LA TARDE,NO HAY,NO HAY,NO,SI,35,PLANTAS NORMALES,SI,NO,SI,NO,BUENO,50,BUENO,NINGUNO,0,0,0,0,0,0,60,40,0,0,0,40,0,60,0,0,0,0,33.32,24.31,28.82,9.01,14614.81,0.38,198.3,0.15,80.5,34.41,24.67,29.54,9.74,22731.31,0.55,260.1,0.14,79.23,33.38,24.37,28.87,9.01,13283.73,0.34,101.1,0.14,81.91,4558.14
2157,Mecanizado,SI,Otro,Algodon,SI,Manual,NO,5,46,74,71000,15,0,0,0,0,0,0,0,1,0,0,0,3,0,0,0,92,0,0,0,0,0,60,0,0,0,4,3,PLANO O LLANO,PLANO,2,6,SIN ROCAS,NO,-1,-1,SI,60,NO,GRANULAR,NO,NO,NO HAY,LA MANIANA Y LA TARDE,NO HAY,NO HAY,NO,SI,24,PLANTAS NORMALES,SI,NO,SI,NO,REGULAR,60,BUENO,LENTO,0,0,0,0,0,0,0,100,0,0,100,0,0,0,0,0,0,0,33.89,24.79,29.34,9.1,15447.88,0.45,118.3,0.08,79.07,33.92,24.34,29.13,9.57,22537.01,0.47,306.6,0.19,80.34,33.45,24.62,29.03,8.83,10529.08,0.36,54.4,0.07,82.36,4672.09
2928,Mecanizado,NO,DK7088,Maiz,NO,Manual,NO,5,47,82,62000,4,0,0,0,0,0,0,1,1,0,0,0,1,0,0,0,61,0,0,15,0,0,15,0,0,0,2,1,PLANO O LLANO,PLANO,2,6,SIN ROCAS,NO,-1,-1,SI,17,NO,GRANULAR,NO,NO,POCO MARCADAS,LA MANIANA Y LA TARDE,NO HAY,NO HAY,NO,SI,19,PLANTAS NORMALES,NO,NO,SI,NO,ESPACIADO,19,LENTO A MUY LENTO,NINGUNO,0,26.67,0,0,0,0,0,73.33,0,0,73.33,26.67,0,0,0,0,0,0,31.89,24.77,28.33,7.12,14057.88,0.02,161,0.15,89.03,33.23,25.23,29.23,8.01,21941.39,0.19,163.8,0.07,84.16,32.58,24.9,28.74,7.68,14188.86,0.14,15.1,0.03,82.46,4958.14
4260,Mecanizado,NO,P3966 (Pioneer),Maiz,SI,Mecanizada,NO,6,41,93,68500,15,0,0,0,0,0,0,0,1,0,0,0,2,0,0,0,69,0,0,0,0,0,0,0,0,0,2,3,PLANO O LLANO,PLANO,2,6,SIN ROCAS,NO,-1,-1,NO,-1,NO,ATERRONADA,NO,NO,NO HAY,LA MANIANA Y LA TARDE,NO HAY,NO HAY,NO,SI,27,PLANTAS NORMALES,NO,NO,SI,NO,BUENO,60,BUENO,LENTO,0,100,0,0,0,0,0,0,0,0,0,0,0,0,100,0,0,0,33.04,24.13,28.58,8.9,15154.32,0.38,416.1,0.28,80.17,33.21,23.55,28.38,9.66,23775.15,0.21,239,0.16,78.67,32.19,22.74,27.46,9.46,16617.36,0.02,318.5,0.21,80.03,6388.37
514,Mecanizado,NO,Otro,Maiz,SI,Manual,NO,5,43,78,68000,9,0,0,0,0,0,0,0,1,0,0,0,1,0,0,0,92,0,0,0,0,0,30,0,0,0,3,4,PLANO O LLANO,PLANO CON ONDULACIONES,2,5,SIN ROCAS,NO,-1,-1,NO,-1,NO,ATERRONADA,NO,NO,NO HAY,LA MANIANA Y LA TARDE,NO HAY,NO HAY,SI,SI,28,PLANTAS NORMALES,NO,NO,NO,NO,BUENO,80,BUENO,LENTO,0,100,0,0,0,0,0,0,0,0,0,0,0,0,100,0,0,0,32.54,23.85,28.19,8.69,13792.28,0,134.2,0.12,82.22,32.64,23.52,28.08,9.12,23501.65,0.05,97.3,0.03,78.98,33.49,23.26,28.37,10.23,12852.99,0.24,0,0,73.79,3337.21
706,Mecanizado,SI,Otro,Algodon,SI,Mecanizada,NO,6,44,80,62500,9,0,0,0,0,0,0,2,1,0,0,0,3,0,0,0,115,0,0,0,0,0,30,0,0,0,4,2,PLANO O LLANO,PLANO,2,6,SIN ROCAS,SI,26,12,NO,-1,NO,MASIVA,NO,NO,NO HAY,LA MANIANA Y LA TARDE,NO HAY,NO HAY,NO,SI,25,PLANTAS NORMALES,NO,NO,NO,NO,REGULAR,25,BUENO,NINGUNO,0,100,0,0,0,0,0,0,0,0,0,100,0,0,0,0,0,0,32.17,24.7,28.43,7.47,14710.2,0.12,168.7,0.1,80.35,33.3,24.53,28.92,8.78,22027.11,0.38,315.1,0.14,78.5,32.71,23.59,28.15,9.12,12917.65,0.18,191.2,0.21,80.18,4053.49
4218,Mecanizado,NO,Otro,Maiz,SI,Mecanizada,NO,6,48,86,63000,15,0,0,0,0,0,0,0,2,0,0,0,1,0,0,0,80.5,0,0,0,0,0,30,0,0,0,3,4,PLANO O LLANO,PLANO,2,5.5,SIN ROCAS,NO,-1,-1,SI,35,NO,MASIVA,NO,NO,NO HAY,LA MANIANA Y LA TARDE,NO HAY,NO HAY,NO,SI,28,PLANTAS NORMALES,NO,NO,SI,NO,BUENO,28,LENTO A MUY LENTO,LENTO,0,100,0,0,0,0,0,0,0,0,0,0,0,0,100,0,0,0,33.16,24.54,28.85,8.63,15197.96,0.42,412.1,0.25,80.33,33.19,23.88,28.53,9.3,22550.01,0.26,216.1,0.14,79.04,32.61,22.68,27.64,9.94,17653.18,0.09,203,0.16,79.2,6674.42
4192,Mecanizado,SI,Otro,Maiz,NO,Mecanizada,NO,5,46,101,73000,6,0,0,0,0,0,0,0,2,0,0,0,2,0,0,0,120.5,0,0,0,0,0,20,0,0,0,3,3,PLANO O LLANO,PLANO,3,6,SIN ROCAS,NO,-1,-1,SI,20,NO,ATERRONADA,NO,NO,NO HAY,LA MANIANA Y LA TARDE,NO HAY,NO HAY,NO,SI,22,PLANTAS NORMALES,SI,NO,SI,SI,REGULAR,22,LENTO A MUY LENTO,LENTO,0,0,0,0,0,0,0,100,0,0,0,0,0,43.75,56.25,0,0,0,33.24,24.96,29.1,8.28,14653.7,0.4,262.4,0.15,80.09,33.22,24.03,28.62,9.19,22321.44,0.33,325.1,0.17,78.97,32.64,22.65,27.65,9.99,22784.71,0.09,244,0.16,79.07,5745.35
2000,Mecanizado,NO,DK 234 YGRR,Algodon,NO,Manual,SI,7,51,60,50000,6,0,0,0,0,0,1,0,1,0,0,0,0,0,0,0,92,0,0,0,0,0,60,0,0,0,4,1.3,PLANO O LLANO,PLANO,2,5.5,SIN ROCAS,NO,-1,-1,NO,-1,NO,GRANULAR,NO,NO,NO HAY,LA MANIANA Y LA TARDE,NO HAY,NO HAY,NO,SI,48,MUY AFECTADAS,SI,NO,SI,SI,REGULAR,60,BUENO,NINGUNO,0,68.33,0,0,0,0,0,31.67,0,0,0,0,0,100,0,0,0,0,34.51,24.98,29.74,9.53,15623.6,0.55,98.2,0.05,77.74,33.62,24.27,28.95,9.35,22322.2,0.4,322.7,0.21,81.13,33.38,24.56,28.97,8.82,7822.89,0.38,38.3,0.05,82.48,1695.35
3059,Manual,SI,DK 234,Maiz,NO,Manual,NO,4,47,82,55000,10,1,0,0,0,0,0,0,1,0,0,0,1,0,0,0,69,0,0,0,0,0,0,0,0,0,2,1,PLANO O LLANO,PLANO,2,5.5,SIN ROCAS,NO,-1,-1,SI,25,NO,GRANULAR,NO,NO,NO HAY,LA MANIANA Y LA TARDE,NO HAY,NO HAY,NO,SI,19,PLANTAS NORMALES,NO,NO,SI,NO,ESPACIADO,25,LENTO A MUY LENTO,NINGUNO,0,40,0,0,0,0,0,60,0,0,0,100,0,0,0,0,0,0,31.92,24.83,28.38,7.09,14410.85,0.02,268.6,0.18,82.55,33.25,25.23,29.24,8.02,22604.95,0.19,109.7,0.05,79.79,32.45,24.91,28.68,7.54,16236.15,0.08,0,0,73,5308.14
2941,Manual,NO,Impacto (Syngenta),Pastos,NO,Manual,NO,4,47,83,50000,3,0,0,0,0,0,0,1,0,0,0,0,2,0,0,0,46,0,0,0,0,0,0,0,0,0,1,2,PLANO O LLANO,PLANO,2,6,SIN ROCAS,NO,-1,-1,SI,27,NO,GRANULAR,NO,NO,NO HAY,LA MANIANA Y LA TARDE,NO HAY,NO HAY,NO,SI,16,PLANTAS NORMALES,NO,NO,SI,NO,BUENO,27,LENTO A MUY LENTO,NINGUNO,0,43.33,0,0,0,0,56.67,0,0,0,56.67,43.33,0,0,0,0,0,0,32.1,24.82,28.46,7.29,13956.84,0.02,98,0.1,88.2,33.27,25.08,29.17,8.19,22720.54,0.19,163.8,0.07,83.37,32.51,24.79,28.65,7.72,14262.03,0.14,15.1,0.03,82.49,4004.65
1954,Mecanizado,SI,P4082 (Pioneer),Algodon,SI,Mecanizada,NO,5,47,79,72000,17,0,1,0,0,0,2,0,2,0,1,0,2,2,0,9,115,0,23,0,0,30,30,0,0,2,3,4,PLANO O LLANO,PLANO,2,5,SIN ROCAS,NO,-1,-1,NO,-1,NO,GRANULAR,NO,NO,NO HAY,LA MANIANA Y LA TARDE,NO HAY,NO HAY,NO,SI,20,PLANTAS NORMALES,SI,NO,SI,NO,ESPACIADO,60,BUENO,LENTO,0,0,0,0,0,0,0,100,0,0,55,45,0,0,0,0,0,0,34,24.77,29.39,9.23,15588.59,0.48,104.6,0.05,78.77,33.86,24.31,29.08,9.55,22479.53,0.45,306.6,0.19,80.52,33.48,24.66,29.07,8.82,12856.85,0.41,85.7,0.09,82.5,6009.07
1907,Manual,NO,DK 234,Algodon,SI,Manual,SI,5,48,75,73000,18,0,0,0,0,0,0,0,1,0,0,0,2,0,0,0,46,0,0,0,0,0,0,0,0,0,1,5,PLANO O LLANO,PLANO,2,6,SIN ROCAS,NO,-1,-1,NO,-1,NO,GRANULAR,NO,NO,NO HAY,LA MANIANA Y LA TARDE,NO HAY,NO HAY,NO,SI,32,PLANTAS NORMALES,SI,NO,SI,NO,BUENO,60,BUENO,LENTO,0,0,0,0,0,0,0,100,0,0,0,0,0,100,0,0,0,0,33.27,24.34,28.81,8.93,14723.44,0.38,198.3,0.15,80.7,34.56,24.77,29.66,9.79,22712.64,0.6,234.3,0.12,78.75,33.43,24.32,28.87,9.1,11866.2,0.29,115.5,0.19,81.9,4672.09
3018,Manual,NO,PIONEER 30F35 HRR,Maiz,NO,Manual,NO,4,48,82,55000,12,1,0,0,0,0,0,0,1,0,0,0,1,0,0,0,61,0,0,15,0,0,15,0,0,0,2,1,PLANO O LLANO,PLANO,2,6,SIN ROCAS,NO,-1,-1,SI,20,NO,GRANULAR,NO,NO,POCO MARCADAS,LA MANIANA Y LA TARDE,NO HAY,NO HAY,NO,SI,16,PLANTAS NORMALES,NO,NO,SI,NO,BUENO,20,LENTO A MUY LENTO,NINGUNO,0,31.67,0,0,0,0,68.33,0,0,0,68.33,31.67,0,0,0,0,0,0,31.76,24.79,28.27,6.97,13314.25,0,147.8,0.12,88.95,33.34,25.15,29.25,8.19,22727.41,0.19,163.8,0.07,83.71,32.56,24.84,28.7,7.72,14174.68,0.16,15.1,0.03,82.38,4958.14
4212,Mecanizado,NO,DK7088,Algodon,SI,Mecanizada,NO,6,49,81,62000,17,0,0,0,0,0,0,0,2,0,0,0,2,0,0,0,92,0,0,0,0,0,0,0,0,0,2,3,PLANO O LLANO,PLANO,2,6,SIN ROCAS,NO,-1,-1,NO,-1,NO,ATERRONADA,NO,NO,NO HAY,LA MANIANA Y LA TARDE,NO HAY,NO HAY,NO,SI,29,PLANTAS NORMALES,NO,NO,SI,NO,REGULAR,60,BUENO,LENTO,0,60,0,0,0,0,0,40,0,0,0,0,0,40,60,0,0,0,33.08,24.47,28.77,8.61,15128.73,0.4,411.7,0.25,80.58,33.27,23.88,28.58,9.39,22776.3,0.29,239.9,0.16,78.76,32.55,22.7,27.62,9.85,15929.82,0.05,176.2,0.15,79.32,7534.88
4188,Mecanizado,SI,Otro,Maiz,SI,Mecanizada,NO,5,46,98,74000,5,0,0,0,0,0,0,0,2,0,0,0,0,0,0,0,120.5,0,0,0,0,0,20,0,0,0,3,3,PLANO O LLANO,PLANO,3,6,SIN ROCAS,NO,-1,-1,SI,24,NO,ATERRONADA,NO,NO,NO HAY,LA MANIANA Y LA TARDE,NO HAY,NO HAY,NO,SI,32,PLANTAS NORMALES,SI,NO,SI,NO,BUENO,32,LENTO A MUY LENTO,LENTO,0,0,0,0,0,0,0,100,0,0,0,0,0,50.7,49.3,0,0,0,33.28,24.64,28.96,8.64,14943.58,0.42,347,0.18,80.53,33.15,23.91,28.53,9.24,22447.12,0.26,262.5,0.17,79.05,32.43,22.62,27.53,9.8,21060.41,0.1,234,0.17,79.51,5839.53
470,Mecanizado,NO,Otro,Maiz,SI,Manual,NO,5,47,78,60000,10,0,0,0,0,0,0,1,2,0,0,0,2,0,0,0,92,0,0,0,0,0,0,0,0,0,2,2,PLANO O LLANO,PLANO,2,6,SIN ROCAS,SI,15,7,NO,-1,NO,MASIVA,NO,NO,NO HAY,LA MANIANA Y LA TARDE,NO HAY,NO HAY,NO,SI,15,POCO AFECTADAS,SI,NO,NO,SI,BUENO,15,BUENO,NINGUNO,0,25.71,0,0,74.29,0,0,0,0,0,0,0,0,74.29,25.71,0,0,0,32.14,23.81,27.98,8.33,14092.52,0,165.1,0.12,81.65,32.7,23.66,28.18,9.04,22575.08,0.05,140,0.07,80.47,33.12,23.26,28.19,9.86,14333.48,0.15,6.4,0,75,3720.93
2094,Mecanizado,SI,Otro,Algodon,SI,Manual,SI,5,46,79,72000,18,3,0,0,0,0,0,1,1,0,0,0,1,0,0,0,138,0,0,0,0,0,0,0,0,0,2,4,PLANO O LLANO,PLANO,3,6,SIN ROCAS,NO,-1,-1,SI,43,NO,GRANULAR,NO,NO,NO HAY,LA MANIANA Y LA TARDE,NO HAY,NO HAY,NO,SI,34,PLANTAS NORMALES,NO,NO,SI,NO,ESPACIADO,43,LENTO A MUY LENTO,LENTO,0,0,0,0,0,0,0,66.67,33.33,0,0,0,0,100,0,0,0,0,33.83,24.73,29.28,9.1,15505.82,0.42,118.3,0.08,79.27,33.99,24.42,29.2,9.57,22471.86,0.48,306.2,0.19,80.25,33.31,24.52,28.91,8.79,12391.87,0.36,64.9,0.06,82.55,5115.12
2155,Mecanizado,SI,PAC 105,Algodon,SI,Manual,SI,5,48,74,70000,15,0,0,0,0,0,0,0,1,0,0,0,3,0,0,0,92,0,0,0,0,0,60,0,0,0,4,3,PLANO O LLANO,PLANO,2,6,SIN ROCAS,NO,-1,-1,SI,60,NO,GRANULAR,NO,NO,NO HAY,LA MANIANA Y LA TARDE,NO HAY,NO HAY,NO,SI,22,PLANTAS NORMALES,SI,NO,SI,NO,ESPACIADO,60,BUENO,LENTO,0,0,0,0,0,0,0,100,0,0,100,0,0,0,0,0,0,0,33.83,24.73,29.28,9.1,15505.82,0.42,118.3,0.08,79.27,33.99,24.42,29.2,9.57,22471.86,0.48,306.2,0.19,80.25,33.3,24.53,28.91,8.77,11234.55,0.33,56.1,0.07,82.47,4709.3
2937,Manual,NO,DK7088,Maiz,NO,Manual,NO,4,48,83,60000,7,0,0,0,0,0,0,1,0,0,0,0,2,0,0,0,92,0,0,0,0,0,0,0,0,0,2,1,PLANO O LLANO,PLANO,2,6,SIN ROCAS,NO,-1,-1,SI,27,NO,GRANULAR,NO,NO,POCO MARCADAS,LA MANIANA Y LA TARDE,POCO MARCADAS,NO HAY,NO,SI,17,PLANTAS NORMALES,NO,NO,SI,NO,BUENO,27,LENTO A MUY LENTO,NINGUNO,0,43.33,0,0,0,0,0,56.67,0,0,56.67,43.33,0,0,0,0,0,0,32.1,24.82,28.46,7.29,13956.84,0.02,98,0.1,88.2,33.27,25.08,29.17,8.19,22720.54,0.19,163.8,0.07,83.37,32.55,24.75,28.65,7.8,14745.36,0.13,15.1,0.03,82.34,3763.95
4367,Mecanizado,NO,Otro,Maiz,NO,Mecanizada,NO,5,48,88,60000,17,0,0,0,0,0,0,2,0,0,1,0,1,0,0,0,106,0,0,0,0,0,30,0,0,0,2,4,PLANO O LLANO,PLANO,2,6,SIN ROCAS,NO,-1,-1,NO,-1,NO,GRANULAR,NO,NO,NO HAY,LA MANIANA Y LA TARDE,NO HAY,POCO MARCADAS,NO,SI,28,PLANTAS NORMALES,NO,NO,SI,NO,BUENO,65,BUENO,LENTO,0,100,0,0,0,0,0,0,0,0,0,0,0,0,100,0,0,0,33.05,24.18,28.62,8.87,15241.33,0.35,426.4,0.28,80.05,33.38,23.71,28.55,9.67,23601.26,0.28,214.1,0.14,78.48,32.14,22.64,27.39,9.5,17078.79,0.02,283.3,0.18,80.04,5963.86
4247,Mecanizado,SI,Otro,Maiz,SI,Manual,NO,5,46,82,73000,5,0,0,0,0,0,1,0,2,0,1,0,1,0,0,0,92,0,0,0,0,0,30,0,0,0,3,4,PLANO O LLANO,PLANO,3,5.5,SIN ROCAS,NO,-1,-1,SI,25,NO,ATERRONADA,NO,NO,NO HAY,LA MANIANA Y LA TARDE,NO HAY,NO HAY,NO,SI,35,PLANTAS NORMALES,SI,NO,SI,NO,REGULAR,35,LENTO A MUY LENTO,LENTO,0,0,0,0,0,0,0,67.8,32.2,0,0,0,0,32.2,67.8,0,0,0,33.31,24.45,28.88,8.86,15301.82,0.42,412.8,0.28,80.03,33.29,23.77,28.53,9.53,23027.95,0.28,237.7,0.14,78.82,32.42,22.56,27.49,9.86,14719.78,0.06,166,0.17,79.32,5462.79
1798,Mecanizado,SI,Otro,Algodon,SI,Mecanizada,NO,5,47,81,75000,17,1,0,0,0,0,0,2,1,0,0,1,3,0,0,9,92,0,23,0,0,30,30,0,0,2,3,4,PLANO O LLANO,PLANO,2,6,SIN ROCAS,NO,-1,-1,SI,24,NO,GRANULAR,NO,NO,NO HAY,LA MANIANA Y LA TARDE,NO HAY,NO HAY,NO,SI,15,PLANTAS NORMALES,SI,NO,SI,NO,ESPACIADO,24,LENTO A MUY LENTO,LENTO,0,0,0,0,0,0,0,40,60,0,0,0,0,60,40,0,0,0,34.63,25.05,29.84,9.59,15520.22,0.57,98.2,0.05,77.57,33.57,24.21,28.89,9.36,22346.75,0.38,336.5,0.22,81.3,33.39,24.68,29.04,8.71,13479.12,0.47,107,0.06,82.25,5625.58
1871,Mecanizado,SI,P4082 (Pioneer),Algodon,SI,Mecanizada,NO,5,45,77,75000,17,0,1,0,0,0,0,0,1,0,0,0,3,2,0,9,0,0,23,0,0,30,30,0,0,2,2,5,PLANO O LLANO,PLANO,2,5.5,SIN ROCAS,NO,-1,-1,NO,-1,NO,GRANULAR,NO,NO,NO HAY,LA MANIANA Y LA TARDE,NO HAY,NO HAY,NO,SI,25,PLANTAS NORMALES,NO,NO,SI,NO,ESPACIADO,60,BUENO,LENTO,0,0,0,0,0,0,0,100,0,0,0,0,0,55,45,0,0,0,33.31,24.36,28.83,8.95,15132.61,0.35,181.1,0.12,80.44,34.32,24.54,29.43,9.77,22715.79,0.53,272.6,0.16,79.46,33.28,24.5,28.89,8.78,11161.66,0.33,88.6,0.13,82.3,5933.72
2274,Mecanizado,NO,DK 234 YGRR,Maiz,NO,Manual,NO,4,47,85,55000,6,0,0,0,0,0,0,0,1,0,0,0,1,0,0,0,46,0,0,0,0,0,0,0,0,0,1,1,PLANO O LLANO,PLANO,2,6,SIN ROCAS,NO,-1,-1,SI,23,NO,GRANULAR,NO,NO,NO HAY,LA MANIANA Y LA TARDE,NO HAY,NO HAY,NO,SI,23,PLANTAS NORMALES,NO,NO,SI,NO,BUENO,23,LENTO A MUY LENTO,NINGUNO,0,33.33,0,0,0,0,0,66.67,0,0,100,0,0,0,0,0,0,0,33.36,23.79,28.57,9.57,14347.75,0.3,234.7,0.2,81.3,33.62,23.8,28.71,9.83,24224.37,0.38,333.7,0.16,85.48,32.43,24.16,28.29,8.27,14779.25,0.03,259.2,0.26,85.8,2260.47
2899,Mecanizado,NO,Otro,Maiz,NO,Manual,NO,5,48,79,60000,6,0,0,0,0,0,0,1,1,0,0,0,2,0,0,0,92,0,0,0,0,0,0,0,0,0,2,2,PLANO O LLANO,PLANO,2,6,SIN ROCAS,NO,-1,-1,SI,39,NO,GRANULAR,NO,NO,NO HAY,LA MANIANA Y LA TARDE,NO HAY,NO HAY,NO,SI,19,PLANTAS NORMALES,NO,NO,SI,NO,REGULAR,39,LENTO A MUY LENTO,NINGUNO,0,0,0,0,0,0,36.67,63.33,0,0,100,0,0,0,0,0,0,0,32.07,23.3,27.69,8.76,14260.27,0.08,98.3,0.08,83.5,32.33,23.72,28.03,8.61,23014.42,0.14,158.3,0.05,82.98,34.52,23.25,28.89,11.27,16498.69,0.7,12.1,0.03,77.77,5053.49
3060,Mecanizado,SI,DK7088,Maiz,NO,Manual,NO,4,47,84,60000,11,0,0,0,0,0,0,1,1,0,0,0,1,0,0,0,61,0,0,15,0,0,15,0,0,0,2,2,PLANO O LLANO,PLANO,2,6,SIN ROCAS,NO,-1,-1,SI,16,NO,GRANULAR,NO,NO,NO HAY,LA MANIANA Y LA TARDE,POCO MARCADAS,NO HAY,NO,NO,-1,PLANTAS NORMALES,NO,NO,SI,NO,REGULAR,16,LENTO A MUY LENTO,NINGUNO,0,25,0,0,75,0,0,0,0,0,100,0,0,0,0,0,0,0,31.96,24.8,28.38,7.16,13459.33,0.02,105,0.1,88.5,33.27,25.09,29.18,8.18,22923.88,0.17,163.8,0.07,83.54,32.57,24.81,28.69,7.77,14589.21,0.16,15.1,0.03,82.34,5530.23
1884,Mecanizado,SI,P4082 (Pioneer),Algodon,SI,Mecanizada,NO,5,47,73,75000,17,0,1,0,0,0,0,1,1,0,0,2,3,2,0,9,115,0,23,0,0,30,30,0,0,2,3,5,PLANO O LLANO,PLANO,2,5.5,SIN ROCAS,NO,-1,-1,NO,-1,NO,GRANULAR,NO,NO,NO HAY,LA MANIANA Y LA TARDE,NO HAY,NO HAY,NO,SI,21,PLANTAS NORMALES,NO,NO,SI,NO,ESPACIADO,60,BUENO,LENTO,0,0,0,0,0,0,0,100,0,0,0,0,0,56.67,43.33,0,0,0,33.56,24.56,29.06,9,15314.59,0.38,145.1,0.1,79.89,34.19,24.47,29.33,9.72,22685.08,0.52,282.9,0.17,79.87,33.24,24.52,28.88,8.72,10331.11,0.32,78.3,0.11,82.32,5933.72
2091,Mecanizado,SI,Otro,Algodon,SI,Manual,SI,5,46,75,71000,18,0,0,0,0,0,0,2,0,0,0,0,5,0,0,0,115,0,0,0,0,0,30,0,0,0,3,4,PLANO O LLANO,PLANO,2,5.5,SIN ROCAS,NO,-1,-1,NO,-1,NO,GRANULAR,NO,NO,NO HAY,LA MANIANA Y LA TARDE,NO HAY,NO HAY,NO,SI,31,PLANTAS NORMALES,NO,NO,SI,NO,ESPACIADO,60,BUENO,LENTO,0,0,0,0,0,0,0,55,45,0,0,0,0,100,0,0,0,0,34.22,24.82,29.52,9.4,15785.73,0.5,98.2,0.05,78.29,33.78,24.32,29.05,9.46,22356.15,0.43,306.6,0.19,80.77,33.34,24.63,28.99,8.72,10772.72,0.38,64.5,0.07,82.69,4958.14
2465,Manual,NO,P4082 (Pioneer),Algodon,SI,Manual,NO,5,47,81,67000,14,1,0,0,0,0,1,0,1,0,0,0,0,0,0,0,69,0,0,0,0,0,30,0,0,0,3,5,PLANO O LLANO,PLANO,2,5.5,SIN ROCAS,NO,-1,-1,NO,-1,NO,GRANULAR,NO,NO,NO HAY,LA MANIANA Y LA TARDE,NO HAY,NO HAY,NO,SI,22,PLANTAS NORMALES,SI,NO,SI,NO,ESPACIADO,60,BUENO,LENTO,0,0,0,0,0,0,0,100,0,0,0,0,0,55,45,0,0,0,33.83,24.73,29.28,9.1,15505.82,0.42,118.3,0.08,79.27,33.99,24.42,29.2,9.57,22471.86,0.48,306.2,0.19,80.25,33.42,24.54,28.98,8.88,13699.29,0.39,86.1,0.08,82.36,4834.88
2903,Mecanizado,NO,DK 234 YGRR,Maiz,NO,Manual,NO,5,45,85,62000,4,0,0,0,0,0,1,0,1,0,0,0,2,0,0,0,61,0,0,15,0,0,15,0,0,0,2,1,PLANO O LLANO,PLANO,2,6,SIN ROCAS,NO,-1,-1,SI,34,NO,GRANULAR,NO,NO,NO HAY,LA MANIANA Y LA TARDE,NO HAY,NO HAY,NO,SI,16,PLANTAS NORMALES,NO,NO,SI,NO,REGULAR,34,LENTO A MUY LENTO,NINGUNO,0,0,0,0,0,0,45,55,0,0,100,0,0,0,0,0,0,0,32.1,24.89,28.5,7.21,15200.04,0.02,197.7,0.2,89.05,33.1,25.14,29.12,7.96,21458.55,0.19,89.1,0.07,84.99,32.45,24.96,28.71,7.49,14304.51,0.03,115.1,0.05,82.39,3909.3
4319,Mecanizado,NO,P3966 (Pioneer),Algodon,SI,Mecanizada,NO,5,52,78,67600,17,0,0,0,0,0,0,0,1,0,0,0,1,0,0,0,69,0,0,0,0,0,30,0,0,0,3,2,PLANO O LLANO,PLANO,2,5.5,SIN ROCAS,NO,-1,-1,NO,-1,NO,MASIVA,NO,NO,NO HAY,LA MANIANA Y LA TARDE,NO HAY,NO HAY,NO,SI,24,PLANTAS NORMALES,SI,NO,SI,NO,BUENO,24,BUENO,NINGUNO,0,100,0,0,0,0,0,0,0,0,0,0,0,0,100,0,0,0,33.27,24.47,28.87,8.8,15353.37,0.42,414.8,0.25,80.03,33.24,23.83,28.54,9.41,22807.7,0.28,238.7,0.16,78.96,32.46,22.56,27.51,9.9,15498.54,0.05,173.5,0.16,79.23,6140.47
4208,Mecanizado,NO,P3966 (Pioneer),Maiz,SI,Mecanizada,NO,7,51,81,70000,16,0,0,0,0,0,0,0,0,0,0,0,3,0,0,0,109,0,0,0,0,0,20,0,0,0,3,2,PLANO O LLANO,PLANO,2,5.5,SIN ROCAS,SI,20,18,NO,-1,NO,ATERRONADA,NO,NO,NO HAY,LA MANIANA Y LA TARDE,NO HAY,NO HAY,NO,SI,20,PLANTAS NORMALES,SI,NO,SI,NO,REGULAR,20,BUENO,NINGUNO,0,100,0,0,0,0,0,0,0,0,0,0,0,0,100,0,0,0,33.31,24.45,28.88,8.86,15301.82,0.42,412.8,0.28,80.03,33.29,23.77,28.53,9.53,23027.95,0.28,237.7,0.14,78.82,32.13,22.44,27.29,9.69,16683.85,0.05,274.3,0.19,79.84,7421.86
4227,Mecanizado,NO,Otro,Algodon,NO,Mecanizada,NO,7,50,83,62000,17,0,0,0,0,0,0,0,2,0,0,0,2,0,0,0,115,0,0,0,0,0,30,0,0,0,4,3,PLANO O LLANO,PLANO,2,6,SIN ROCAS,NO,-1,-1,NO,-1,NO,MASIVA,NO,NO,NO HAY,LA MANIANA Y LA TARDE,NO HAY,NO HAY,NO,SI,26,PLANTAS NORMALES,NO,NO,SI,NO,BUENO,26,BUENO,LENTO,0,100,0,0,0,0,0,0,0,0,0,0,0,0,100,0,0,0,33.05,24.18,28.62,8.87,15241.33,0.35,426.4,0.28,80.05,33.38,23.71,28.55,9.67,23601.26,0.28,214.1,0.14,78.48,32.12,22.58,27.35,9.54,16746.87,0.02,283.3,0.19,80.02,5651.16
4372,Mecanizado,NO,P4082 (Pioneer),Maiz,SI,Mecanizada,NO,8,41,87,60000,17,1,0,0,0,0,0,2,1,0,0,1,1,0,0,0,92,0,0,0,0,0,30,0,0,0,3,3,PLANO O LLANO,PLANO,2,6,SIN ROCAS,NO,-1,-1,NO,-1,NO,ATERRONADA,NO,NO,NO HAY,LA MANIANA Y LA TARDE,NO HAY,NO HAY,NO,SI,24,PLANTAS NORMALES,NO,NO,SI,NO,REGULAR,60,BUENO,LENTO,0,53.33,0,0,0,0,0,46.67,0,0,0,0,0,46.67,53.33,0,0,0,33.13,24.19,28.66,8.94,15355.27,0.38,426.4,0.28,79.97,33.36,23.72,28.54,9.63,23476.86,0.26,214.1,0.14,78.52,32.01,22.44,27.23,9.58,15243.88,0.05,268.2,0.18,80.19,6122.09
4211,Mecanizado,NO,Otro,Algodon,NO,Mecanizada,NO,7,49,77,65000,17,0,0,0,0,0,0,0,2,0,0,0,1,0,0,0,92,0,0,0,0,0,0,0,0,0,2,2,PLANO O LLANO,PLANO,2,6,SIN ROCAS,NO,-1,-1,NO,-1,NO,ATERRONADA,NO,NO,NO HAY,LA MANIANA Y LA TARDE,NO HAY,NO HAY,NO,SI,21,PLANTAS NORMALES,NO,NO,SI,NO,BUENO,70,BUENO,NINGUNO,0,0,0,0,0,0,0,100,0,0,0,0,0,50,50,0,0,0,33.16,24.54,28.85,8.63,15197.96,0.42,412.1,0.25,80.33,33.19,23.88,28.53,9.3,22550.01,0.26,216.1,0.14,79.04,32.83,22.9,27.87,9.94,14946.08,0.11,189.6,0.19,79.05,6593.02
3692,Mecanizado,NO,PIONEER 30F35 HRR,Maiz,SI,Manual,NO,5,46,86,71000,15,0,0,0,0,0,0,0,1,0,0,0,2,0,0,0,69,0,0,0,0,0,30,0,0,0,3,4,PLANO O LLANO,PLANO,2,6,SIN ROCAS,NO,-1,-1,SI,27,NO,GRANULAR,NO,NO,NO HAY,LA MANIANA Y LA TARDE,NO HAY,NO HAY,NO,SI,32,PLANTAS NORMALES,SI,NO,SI,NO,BUENO,32,LENTO A MUY LENTO,LENTO,0,0,0,0,0,0,0,100,0,0,0,0,0,100,0,0,0,0,33.02,23.99,28.5,9.04,15131.59,0.32,247.2,0.18,79.36,33.17,23.21,28.19,9.96,24203.24,0.16,273.8,0.19,78.57,31.85,22.84,27.35,9.01,14797.94,0,260.8,0.18,80.78,5260.47
2154,Mecanizado,SI,P4082 (Pioneer),Algodon,SI,Manual,SI,5,47,78,73000,15,1,0,0,0,0,0,1,0,0,0,0,1,0,0,0,92,0,0,0,0,0,60,0,0,0,4,3,PLANO O LLANO,PLANO,2,6,SIN ROCAS,NO,-1,-1,SI,60,NO,GRANULAR,NO,NO,NO HAY,LA MANIANA Y LA TARDE,NO HAY,NO HAY,NO,SI,25,PLANTAS NORMALES,SI,NO,SI,NO,REGULAR,60,BUENO,LENTO,0,0,0,0,0,0,0,100,0,0,100,0,0,0,0,0,0,0,33.83,24.73,29.28,9.1,15505.82,0.42,118.3,0.08,79.27,33.99,24.42,29.2,9.57,22471.86,0.48,306.2,0.19,80.25,33.31,24.52,28.91,8.79,12391.87,0.36,64.9,0.06,82.55,4862.79
4129,Mecanizado,SI,Otro,Maiz,SI,Mecanizada,NO,5,46,85,77000,7,1,0,0,0,0,0,2,1,0,0,1,0,0,0,1.5,115,0,2.5,0,0,30,30,0,0,2,3,3,PLANO O LLANO,PLANO,2,5.5,SIN ROCAS,NO,-1,-1,NO,-1,NO,ATERRONADA,NO,NO,NO HAY,LA MANIANA Y LA TARDE,NO HAY,NO HAY,NO,SI,42,PLANTAS NORMALES,SI,NO,SI,NO,BUENO,71,BUENO,LENTO,0,0,0,0,0,0,0,100,0,0,0,0,0,50.7,49.3,0,0,0,33.3,24.29,28.8,9.01,15429.55,0.4,395.4,0.25,79.88,33.26,23.69,28.48,9.57,23213.61,0.26,245.1,0.16,78.74,32.08,22.46,27.27,9.62,15350.2,0.05,260,0.18,80.05,6246.51
2211,Mecanizado,NO,Otro,Algodon,NO,Manual,NO,3,47,79,60000,4,0,0,0,0,0,0,1,1,0,0,0,1,0,0,0,69,0,0,0,0,0,0,0,0,0,1,1,PLANO O LLANO,PLANO,2,5,SIN ROCAS,NO,-1,-1,SI,18,NO,GRANULAR,NO,NO,NO HAY,LA MANIANA Y LA TARDE,NO HAY,NO HAY,NO,SI,23,MUY AFECTADAS,NO,NO,SI,NO,MUY BUENO,23,LENTO A MUY LENTO,NINGUNO,0,25,0,0,0,0,0,75,0,0,100,0,0,0,0,0,0,0,34,24.77,29.39,9.23,15588.59,0.48,104.6,0.05,78.77,33.86,24.31,29.08,9.55,22479.53,0.45,306.6,0.19,80.52,33.44,24.67,29.05,8.77,11949.2,0.41,64.5,0.06,82.56,1144.19
2288,Mecanizado,SI,DK 234 YGRR,Algodon,NO,Manual,NO,4,48,83,60000,9,0,0,0,0,0,0,0,1,0,0,0,1,0,0,0,92,0,0,0,0,0,0,0,0,0,2,1,PLANO O LLANO,PLANO,2,5.5,SIN ROCAS,NO,-1,-1,SI,20,NO,GRANULAR,NO,SI,NO HAY,LA MANIANA Y LA TARDE,NO HAY,NO HAY,NO,SI,21,PLANTAS NORMALES,NO,NO,SI,NO,ESPACIADO,21,LENTO A MUY LENTO,NINGUNO,0,28.33,0,0,0,0,0,71.67,0,0,100,0,0,0,0,0,0,0,33.69,24.56,29.13,9.14,14672.54,0.35,227.5,0.2,80.82,33.42,24.47,28.94,8.95,23841.37,0.34,367.2,0.19,85.83,32.44,24.56,28.5,7.87,14526.3,0.03,225.7,0.21,85.94,2383.72
1800,Mecanizado,NO,Otro,Algodon,NO,Manual,NO,1,50,75,60000,5,0,0,0,0,0,0,0,2,0,0,0,1,0,0,0,80.5,0,0,0,0,0,0,0,0,0,2,2,PLANO O LLANO,PLANO,2,7,SIN ROCAS,NO,-1,-1,NO,-1,NO,GRANULAR,NO,NO,NO HAY,LA MANIANA Y LA TARDE,NO HAY,NO HAY,NO,SI,40,MUY AFECTADAS,NO,NO,SI,NO,REGULAR,60,BUENO,NINGUNO,0,0,0,0,0,0,53.33,0,46.67,0,0,0,0,46.67,53.33,0,0,0,33.81,23.8,28.81,10.02,14867.65,0.38,182.9,0.18,80.67,33.33,23.73,28.53,9.59,23572.61,0.33,367.2,0.19,85.99,32.49,24.04,28.27,8.45,10834.92,0.04,145.7,0.18,85.08,1209.3
2111,Mecanizado,NO,Otro,Algodon,SI,Mecanizada,SI,5,38,92,62500,8,0,0,0,0,0,0,1,1,0,0,0,4,0,0,0,92,0,0,0,0,0,0,0,0,0,2,1.4,PLANO O LLANO,PLANO,3,6,SIN ROCAS,SI,1,10,NO,-1,NO,ATERRONADA,NO,NO,NO HAY,LA MANIANA Y LA TARDE,NO HAY,NO HAY,NO,SI,22,MUY AFECTADAS,SI,NO,SI,SI,MUY BUENO,22,BUENO,NINGUNO,0,0,0,0,83.33,16.67,0,0,0,0,0,0,0,0,83.33,16.67,0,0,34.8,25.07,29.93,9.73,15671.54,0.6,61.1,0.05,77.39,33.48,24.24,28.86,9.24,22079.72,0.36,319,0.21,81.65,33.47,24.57,29.02,8.9,14226.91,0.45,156.5,0.08,82,4125.35
1985,Mecanizado,NO,Otro,Maiz,SI,Manual,NO,5,46,76,75000,7,0,0,0,0,0,1,0,0,0,0,0,3,0,0,0,108,0,0,10,0,0,60,0,0,0,6,1.5,PLANO O LLANO,PLANO,2,5,SIN ROCAS,NO,-1,-1,NO,-1,NO,ATERRONADA,NO,NO,NO HAY,LA MANIANA Y LA TARDE,NO HAY,NO HAY,NO,SI,40,MUY AFECTADAS,SI,NO,SI,SI,BUENO,60,BUENO,NINGUNO,0,0,0,0,0,0,0,100,0,0,0,0,0,100,0,0,0,0,34.28,24.89,29.59,9.39,15925.34,0.5,98.2,0.05,78.17,33.74,24.32,29.03,9.42,22363.23,0.43,306.6,0.19,80.89,33.41,24.63,29.02,8.79,11203.14,0.4,64.5,0.07,82.53,6312.09
2545,Mecanizado,NO,DK 234,Maiz,NO,Manual,SI,5,51,90,70000,20,0,0,0,0,0,0,0,1,0,0,0,2,0,0,0,184,0,0,0,0,0,60,0,0,0,3,4,PLANO O LLANO,PLANO,2,5.5,SIN ROCAS,NO,-1,-1,NO,-1,NO,GRANULAR,NO,NO,NO HAY,LA MANIANA Y LA TARDE,NO HAY,NO HAY,NO,SI,29,POCO AFECTADAS,NO,NO,SI,NO,BUENO,45,BUENO,LENTO,0,0,0,0,0,0,100,0,0,0,0,0,0,100,0,0,0,0,33.28,24.32,28.8,8.96,14773.84,0.38,198.3,0.15,80.55,34.58,24.81,29.69,9.76,22604.08,0.62,232.8,0.12,78.71,33.38,24.41,28.89,8.96,18750.22,0.35,159.7,0.14,82.27,3813.95
1879,Manual,NO,DK 234,Algodon,NO,Manual,NO,4,47,82,60000,6,0,0,0,0,0,0,0,2,0,0,0,0,0,0,0,92,0,0,0,0,0,0,0,0,0,2,1,PLANO O LLANO,PLANO,2,6.5,SIN ROCAS,NO,-1,-1,NO,-1,NO,ATERRONADA,NO,NO,NO HAY,LA MANIANA Y LA TARDE,NO HAY,NO HAY,NO,SI,38,POCO AFECTADAS,NO,NO,SI,NO,REGULAR,60,BUENO,NINGUNO,0,0,0,0,0,0,61.67,38.33,0,0,100,0,0,0,0,0,0,0,33.69,23.81,28.75,9.88,14672.54,0.35,227.5,0.2,80.82,33.42,23.76,28.59,9.67,23841.37,0.34,367.2,0.19,85.83,32.43,24.18,28.31,8.25,13723.58,0.03,192.7,0.19,85.77,2260.47
471,Mecanizado,NO,FNC 114,Maiz,NO,Manual,NO,5,48,72,68000,12,0,0,0,0,0,0,1,1,0,0,0,1,0,0,0,92,0,0,0,0,0,0,0,0,0,2,2,PLANO O LLANO,PLANO,2,6,SIN ROCAS,SI,12,6,SI,23,NO,MASIVA,NO,NO,NO HAY,LA MANIANA Y LA TARDE,NO HAY,NO HAY,NO,SI,25,PLANTAS NORMALES,SI,NO,NO,SI,BUENO,25,LENTO A MUY LENTO,NINGUNO,0,28.57,0,0,71.43,0,0,0,0,0,0,0,0,71.43,28.57,0,0,0,32.27,23.78,28.02,8.49,14142.87,0,132.5,0.12,81.85,32.71,23.69,28.2,9.02,22838.14,0.05,102.8,0.05,79.79,33.15,23.12,28.14,10.03,12457.07,0.18,6.4,0,74.5,3767.44
4326,Mecanizado,NO,Otro,Algodon,SI,Mecanizada,NO,6,48,85,76000,16,0,0,0,0,0,0,0,1,0,0,0,2,0,0,0,92,0,0,0,0,0,30,0,0,0,3,4,PLANO O LLANO,PLANO,2,6,SIN ROCAS,NO,-1,-1,NO,-1,NO,ATERRONADA,NO,NO,NO HAY,LA MANIANA Y LA TARDE,NO HAY,NO HAY,NO,SI,19,PLANTAS NORMALES,NO,NO,SI,NO,BUENO,60,BUENO,LENTO,0,60,0,0,0,0,0,40,0,0,0,0,0,40,60,0,0,0,33.11,24.18,28.64,8.93,15207.06,0.38,426.4,0.28,80,33.34,23.66,28.5,9.68,23722.32,0.26,214.1,0.14,78.51,32.1,22.59,27.34,9.52,16288.59,0.02,283.3,0.19,80.07,7817.44
4288,Manual,NO,Otro,Maiz,NO,Manual,NO,4,45,86,65000,4,0,0,0,0,0,0,0,1,0,0,0,2,0,0,0,80.5,0,0,0,0,0,0,0,0,0,2,3,PLANO O LLANO,PLANO,2,5.5,SIN ROCAS,NO,-1,-1,NO,-1,NO,ATERRONADA,NO,NO,NO HAY,LA MANIANA Y LA TARDE,NO HAY,NO HAY,NO,SI,35,PLANTAS NORMALES,SI,NO,SI,NO,BUENO,69,BUENO,LENTO,0,0,0,0,0,0,0,100,0,0,0,0,0,50.72,49.28,0,0,0,33.29,24.61,28.95,8.69,15050.74,0.42,362.8,0.2,80.35,33.15,23.9,28.53,9.25,22467.56,0.26,246.7,0.16,79.06,32.89,22.96,27.92,9.93,15907.02,0.13,203.8,0.21,78.99,5787.21
4166,Mecanizado,NO,Otro,Maiz,SI,Manual,NO,5,49,93,58000,16,0,0,0,0,0,0,0,1,0,0,0,2,1,46,0,23,0,0,0,0,0,0,0,1,0,1,2,PLANO O LLANO,PLANO,2,6,SIN ROCAS,NO,-1,-1,NO,-1,NO,ATERRONADA,NO,NO,NO HAY,LA MANIANA Y LA TARDE,NO HAY,NO HAY,NO,SI,23,PLANTAS NORMALES,SI,NO,SI,NO,BUENO,60,BUENO,NINGUNO,0,0,0,0,0,0,100,0,0,0,0,0,0,46.67,53.33,0,0,0,33.14,24.23,28.69,8.91,15322.65,0.38,395.4,0.25,79.92,33.33,23.72,28.53,9.61,23404.95,0.26,245.1,0.16,78.59,32.31,22.79,27.55,9.52,19580.33,0.04,353.8,0.22,79.98,7440.7
4197,Mecanizado,SI,Otro,Maiz,NO,Mecanizada,NO,5,47,82,72000,6,0,0,0,0,0,0,0,2,0,0,0,0,0,0,0,120.5,0,0,0,0,0,50,0,0,0,4,4,PLANO O LLANO,PLANO,3,5,SIN ROCAS,NO,-1,-1,SI,25,NO,GRANULAR,NO,NO,NO HAY,LA MANIANA Y LA TARDE,NO HAY,NO HAY,NO,SI,43,PLANTAS NORMALES,SI,NO,SI,NO,BUENO,43,LENTO A MUY LENTO,LENTO,0,0,0,0,0,0,0,100,0,0,0,0,0,40,60,0,0,0,33.27,24.47,28.87,8.8,15353.37,0.42,414.8,0.25,80.03,33.24,23.83,28.54,9.41,22807.7,0.28,238.7,0.16,78.96,32.5,22.66,27.58,9.84,15099.35,0.05,173,0.16,79.24,5180.23
2336,Mecanizado,SI,DK 234 YGRR,Algodon,SI,Manual,NO,3,55,64,62500,12,0,0,0,0,0,0,1,0,0,0,0,0,0,0,0,105.8,0,0,0,0,0,0,0,0,0,2,2.6,PLANO O LLANO,PLANO,2,6.5,SIN ROCAS,NO,-1,-1,NO,-1,NO,ATERRONADA,NO,NO,NO HAY,LA MANIANA Y LA TARDE,NO HAY,NO HAY,NO,SI,20,POCO AFECTADAS,SI,NO,SI,SI,REGULAR,60,BUENO,NINGUNO,0,0,0,0,71.67,0,0,28.33,0,0,0,0,0,28.33,0,0,71.67,0,33.89,24.79,29.34,9.1,15447.88,0.45,118.3,0.08,79.07,33.92,24.34,29.13,9.57,22537.01,0.47,306.6,0.19,80.34,33.39,24.58,28.99,8.81,9281.1,0.36,54.4,0.08,82.48,5308.14
3683,Mecanizado,SI,DK7088,Frijol,NO,Mecanizada,NO,4,47,90,62000,5,0,0,0,0,0,0,1,0,0,0,0,1,0,0,0,92,0,0,0,0,0,30,0,0,0,3,1,PLANO O LLANO,PLANO,2,6,SIN ROCAS,NO,-1,-1,SI,17,NO,GRANULAR,NO,NO,NO HAY,LA MANIANA Y LA TARDE,NO HAY,NO HAY,NO,SI,22,PLANTAS NORMALES,NO,NO,SI,SI,ESPACIADO,22,LENTO A MUY LENTO,NINGUNO,0,26.67,0,0,0,0,0,73.33,0,0,100,0,0,0,0,0,0,0,32.85,23.93,28.39,8.91,16235.3,0.25,263.9,0.2,84.36,32.71,23.35,28.03,9.37,23897.37,0.21,284,0.17,83.5,31.82,23.2,27.51,8.62,17719.86,0,71.3,0.02,82.88,5720.93
2287,Mecanizado,NO,PAC 105,Algodon,NO,Manual,NO,4,46,79,62500,13,0,0,0,0,0,0,1,1,0,0,0,2,0,0,0,92,0,0,0,0,0,0,0,0,0,2,2,PLANO O LLANO,PLANO,2,6,SIN ROCAS,NO,-1,-1,SI,22,NO,ATERRONADA,NO,SI,NO HAY,LA MANIANA Y LA TARDE,NO HAY,NO HAY,NO,SI,21,POCO AFECTADAS,NO,NO,SI,NO,ESPACIADO,21,LENTO A MUY LENTO,NINGUNO,70,0,30,0,0,0,0,0,0,0,100,0,0,0,0,0,0,0,34.38,24.89,29.63,9.49,15896.17,0.5,135.3,0.12,80.15,32.87,24.32,28.59,8.56,22756.15,0.22,398.4,0.21,86.57,32.44,24.57,28.51,7.88,12344.45,0.03,207.5,0.25,86.41,2072.09
4178,Mecanizado,NO,Otro,Maiz,SI,Mecanizada,NO,6,49,80,60000,18,0,0,0,0,0,0,0,1,0,0,0,2,0,0,0,107,0,0,15,0,0,45,0,0,0,4,3,PLANO O LLANO,PLANO,2,6,SIN ROCAS,NO,-1,-1,NO,-1,NO,MASIVA,NO,NO,NO HAY,LA MANIANA Y LA TARDE,NO HAY,NO HAY,NO,SI,27,PLANTAS NORMALES,SI,NO,SI,NO,BUENO,27,BUENO,LENTO,0,50,0,50,0,0,0,0,0,0,0,0,0,50,50,0,0,0,33.11,24.47,28.79,8.64,15224.75,0.4,414.8,0.25,80.5,33.26,23.86,28.56,9.4,22784.95,0.29,235.5,0.16,78.88,32.53,22.68,27.6,9.84,15479.61,0.05,176.2,0.16,79.28,7627.91
4265,Mecanizado,SI,Otro,Maiz,SI,Manual,SI,5,46,81,74000,5,0,0,0,0,0,0,0,2,0,0,0,1,0,0,0,92,0,0,0,0,0,0,0,0,0,2,4,PLANO O LLANO,PLANO,2,5.5,SIN ROCAS,NO,-1,-1,NO,-1,NO,ATERRONADA,NO,NO,NO HAY,LA MANIANA Y LA TARDE,NO HAY,NO HAY,NO,SI,37,PLANTAS NORMALES,SI,NO,SI,NO,BUENO,70,BUENO,LENTO,0,0,0,0,0,0,0,100,0,0,0,0,0,45.71,54.29,0,0,0,33.07,24.52,28.8,8.55,15082.03,0.4,412.1,0.25,80.78,33.24,23.88,28.56,9.35,22662.63,0.28,221.8,0.14,78.8,32.76,22.85,27.81,9.91,14518.15,0.09,183.9,0.2,79.11,6122.09
