ID_EVENTO,ID_LOTE,ID_FINCA,ID_PROD,FECHA_SIEMBRA,LAT_LOTE,LONG_LOTE,FECHA_EMERGENCIA,FECHA_FLORACION,FECHA_COSECHA,DEPARTAMENTO,MUNICIPIO,PROD_COSECHADO,RDT_AJUSTADO
53,40,42,13,2013-05-13,8.877222222,-75.76444444,2013-05-18,2013-07-20,2013-09-26,CORDOBA,CERETE,Grano seco,4767.441860465116
54,43,43,14,2013-05-02,8.879166667,-75.76555556,2013-05-07,2013-07-10,2013-09-11,CORDOBA,CERETE,Grano seco,4651.162790697675
56,44,44,15,2013-05-12,8.88,-75.76583333,2013-05-17,2013-07-15,2013-09-19,CORDOBA,CERETE,Grano seco,5180.232558139535
57,45,45,16,2013-05-07,8.878611111,-75.75888889,2013-05-12,2013-07-15,2013-09-12,CORDOBA,CERETE,Grano seco,4897.674418604651
273,46,46,17,2013-05-07,8.876388889,-75.75916667,2013-05-12,2013-07-14,2013-09-12,CORDOBA,CERETE,Grano seco,5302.325581395349
282,47,47,18,2013-05-08,8.8475,-75.76666667,2013-05-14,2013-07-25,2013-09-18,CORDOBA,CERETE,Grano seco,4958.139534883721
283,51,50,22,2013-05-02,8.847777778,-75.7675,2013-05-07,2013-06-23,2013-09-17,CORDOBA,CERETE,Grano seco,4426.7441860465115
284,268,240,266,2013-05-09,8.853055556,-75.75777778,2013-05-14,2013-06-25,2013-09-22,CORDOBA,CERETE,Grano seco,5790.697674418605
286,269,241,267,2013-05-03,8.8525,-75.75722222,2013-05-09,2013-06-20,2013-09-14,CORDOBA,CERETE,Grano seco,5116.279069767442
287,270,242,268,2013-05-26,8.848888889,-75.76472222,2013-05-31,2013-07-26,2013-10-05,CORDOBA,CERETE,Grano seco,4238.372093023256
288,271,243,269,2013-05-01,8.849722222,-75.76666667,2013-05-07,2013-07-02,2013-09-12,CORDOBA,CERETE,Grano seco,5911.627906976744
289,272,245,271,2013-05-01,8.849444444,-75.76611111,2013-05-06,2013-06-18,2013-09-11,CORDOBA,CERETE,Grano seco,5053.488372093024
290,273,246,272,2013-05-10,8.867222222,-75.77,2013-05-15,2013-07-12,2013-09-21,CORDOBA,CERETE,Grano seco,4186.0465116279065
291,274,247,273,2013-05-20,8.876388889,-75.76388889,2013-05-25,2013-07-23,2013-09-30,CORDOBA,CERETE,Grano seco,5790.697674418605
293,276,249,275,2013-05-20,8.880833333,-75.76416667,2013-05-24,2013-07-23,2013-09-24,CORDOBA,CERETE,Grano seco,4868.60465116279
294,277,250,276,2013-05-13,8.850277778,-75.76666667,2013-05-18,2013-07-25,2013-09-17,CORDOBA,CERETE,Grano seco,5462.790697674419
295,278,244,277,2013-05-15,8.849722222,-75.76666667,2013-05-21,2013-07-25,2013-10-03,CORDOBA,CERETE,Grano seco,5052.325581395348
536,470,455,504,2013-09-26,8.935277778,-75.76111111,2013-10-01,2013-11-17,2014-02-03,CORDOBA,CERETE,Grano seco,3720.9302325581393
537,471,456,505,2013-10-01,8.937416667,-75.75902778,2013-10-06,2013-11-23,2014-02-03,CORDOBA,CERETE,Grano seco,3767.4418604651164
539,469,454,503,2013-10-01,8.935555556,-75.76194444,2013-10-06,2013-11-25,2014-02-03,CORDOBA,CERETE,Grano seco,3767.4418604651164
540,475,461,509,2013-09-22,8.953638889,-75.78311111,2013-09-28,2013-11-14,2014-02-10,CORDOBA,SAN PELAYO,Grano seco,4000.0
543,478,464,512,2013-08-25,8.899361111,-75.67894444,2013-08-30,2013-11-17,2014-01-15,CORDOBA,CIENAGA DE ORO,Grano seco,2383.720930232558
548,479,477,527,2013-10-01,8.87875,-75.76086111,2013-10-07,2013-11-21,2014-01-30,CORDOBA,CERETE,Grano seco,3581.3953488372094
549,480,478,528,2013-08-25,8.897861111,-75.68011111,2013-08-30,2013-10-15,2014-01-15,CORDOBA,CIENAGA DE ORO,Grano seco,2412.790697674419
559,484,481,530,2013-10-06,8.884722222,-75.66416667,2013-10-11,2013-11-23,2014-02-10,CORDOBA,CIENAGA DE ORO,Grano seco,4767.441860465116
560,485,482,531,2013-09-14,8.891083333,-75.66652778,2013-09-19,2013-10-31,2014-01-10,CORDOBA,CIENAGA DE ORO,Grano seco,5339.53488372093
617,514,496,541,2013-10-07,8.8835,-75.66436111,2013-10-12,2013-11-24,2014-02-10,CORDOBA,CIENAGA DE ORO,Grano seco,3337.2093023255816
618,515,497,542,2013-10-09,8.877472222,-75.7185,2013-10-14,2013-11-28,2014-03-10,CORDOBA,CIENAGA DE ORO,Grano seco,4825.581395348838
766,651,631,728,2014-05-10,8.845916667,-75.75672222,2014-05-15,2014-06-28,2014-09-09,CORDOBA,CERETE,Grano seco,3296.5116279069766
769,654,647,732,2014-05-06,8.843333333,-75.75416667,2014-05-10,2014-06-23,2014-09-10,CORDOBA,CERETE,Grano seco,3296.5116279069766
779,665,658,743,2014-05-28,8.844444444,-75.7575,2014-06-05,2014-07-09,2014-09-25,CORDOBA,CERETE,Grano seco,3013.953488372093
780,666,659,744,2014-05-08,8.846388889,-75.75666667,2014-05-15,2014-06-25,2014-09-12,CORDOBA,CERETE,Grano seco,3398.8372093023254
781,667,660,745,2014-05-20,8.845277778,-75.75694444,2014-05-26,2014-07-08,2014-09-25,CORDOBA,CERETE,Grano seco,3579.0697674418607
783,669,662,747,2014-05-05,8.843611111,-75.75444444,2014-05-11,2014-06-22,2014-09-07,CORDOBA,CERETE,Grano seco,2790.6976744186045
784,670,663,748,2014-05-13,8.844166667,-75.75722222,2014-05-19,2014-06-28,2014-09-17,CORDOBA,CERETE,Grano seco,3860.46511627907
785,671,664,749,2014-05-26,8.879444444,-75.76055556,2014-06-02,2014-07-10,2014-10-03,CORDOBA,CERETE,Grano seco,3955.813953488372
786,672,665,750,2013-08-27,8.386944444,-75.45416667,2013-09-03,2013-10-12,2014-02-02,CORDOBA,CERETE,Grano seco,5000.0
787,653,646,731,2014-05-10,8.880277778,-75.76472222,2014-05-16,2014-06-27,2014-09-15,CORDOBA,CERETE,Grano seco,3813.953488372093
788,668,661,746,2014-05-17,8.844722222,-75.7575,2014-05-23,2014-06-30,2014-09-20,CORDOBA,CERETE,Grano seco,2976.7441860465115
789,673,666,751,2013-11-15,9.034722222,-76.57361111,2013-11-20,2014-01-03,2014-03-31,CORDOBA,COTORRA,Grano seco,5860.46511627907
791,674,668,425,2013-11-02,9.088055556,-76.53222222,2013-11-08,2013-12-20,2014-03-13,CORDOBA,LORICA,Grano seco,6466.279069767442
797,676,670,417,2013-09-17,8.549444444,-75.51166667,2013-09-23,2013-11-05,2014-01-15,CORDOBA,CERETE,Grano seco,6948.837209302326
804,680,674,418,2013-09-29,8.526666667,-75.50388889,2013-10-05,2013-11-18,2014-01-20,CORDOBA,CERETE,Grano seco,6483.720930232558
805,681,675,413,2013-07-19,8.978333333,-75.83194444,2013-07-26,2013-09-06,2013-12-20,CORDOBA,SAN PELAYO,Grano seco,6273.2558139534885
806,682,676,419,2013-09-13,8.8775,-75.82277778,2013-09-19,2013-10-31,2014-01-14,CORDOBA,CERETE,Grano seco,6404.6511627906975
807,683,677,818,2014-05-09,8.4425,-75.51861111,2014-05-13,2014-06-24,2014-09-02,CORDOBA,CIENAGA DE ORO,Grano seco,5720.930232558139
813,689,683,824,2014-05-07,8.575944444,-75.46227778,2014-05-13,2014-06-22,2014-09-12,CORDOBA,CERETE,Grano seco,3398.8372093023254
814,690,684,825,2014-05-19,8.215555556,-75.43722222,2014-05-23,2014-07-05,2014-09-20,CORDOBA,CIENAGA DE ORO,Grano seco,3720.9302325581393
816,692,686,827,2014-03-26,8.466944444,-75.50222222,2014-04-03,2014-05-12,2014-07-31,CORDOBA,MONTERIA,Grano seco,6197.674418604652
817,693,687,828,2014-05-06,8.638888889,-75.67527778,2014-05-14,2014-06-24,2014-09-18,CORDOBA,CERETE,Grano seco,3720.9302325581393
818,694,688,829,2014-05-10,9.037222222,-75.82361111,2014-05-17,2014-06-26,2014-09-12,CORDOBA,LORICA,Grano seco,4238.372093023256
820,696,690,831,2014-05-20,9.059722222,-75.73666667,2014-05-27,2014-07-07,2014-09-22,CORDOBA,LORICA,Grano seco,5244.186046511628
821,697,691,832,2014-05-08,9.017777778,-75.43416667,2014-05-13,2014-06-23,2014-09-12,CORDOBA,COTORRA,Grano seco,2860.4651162790697
823,699,693,834,2014-05-05,8.524166667,-75.45166667,2014-05-11,2014-06-25,2014-09-02,CORDOBA,SAN PELAYO,Grano seco,3296.5116279069766
824,700,695,835,2014-05-10,9.097222222,-75.41388889,2014-05-18,2014-06-27,2014-09-25,CORDOBA,COTORRA,Grano seco,3490.6976744186045
825,701,696,836,2014-05-20,9.624166667,-75.51083333,2014-05-27,2014-07-05,2014-09-25,CORDOBA,LORICA,Grano seco,3667.4418604651164
826,702,697,837,2014-05-12,8.5375,-75.42861111,2014-05-18,2014-06-30,2014-09-15,CORDOBA,SAN PELAYO,Grano seco,4238.372093023256
827,703,698,838,2014-05-01,9.061111111,-75.47305556,2014-05-07,2014-06-20,2014-09-28,CORDOBA,LORICA,Grano seco,4576.7441860465115
828,704,699,839,2014-05-10,9.089444444,-75.95388889,2014-05-15,2014-06-27,2014-09-18,CORDOBA,COTORRA,Grano seco,4709.302325581395
829,705,700,840,2014-05-04,9.076666667,-75.45833333,2014-05-10,2014-06-24,2014-09-18,CORDOBA,COTORRA,Grano seco,4576.7441860465115
830,706,701,841,2014-05-05,8.539722222,-75.49833333,2014-05-11,2014-06-24,2014-09-12,CORDOBA,SAN PELAYO,Grano seco,4053.4883720930234
834,710,705,845,2014-05-12,9.464722222,-75.64138889,2014-05-18,2014-07-04,2014-09-23,CORDOBA,COTORRA,Grano seco,3711.627906976744
835,711,706,846,2014-05-15,8.960555556,-75.41444444,2014-05-20,2014-07-05,2014-09-29,CORDOBA,CIENAGA DE ORO,Grano seco,4050.0
836,712,707,847,2014-05-10,8.8775,-76.28138889,2014-05-15,2014-06-29,2014-09-20,CORDOBA,CIENAGA DE ORO,Grano seco,4709.302325581395
838,714,709,849,2014-05-10,8.856111111,-76.46222222,2014-05-17,2014-06-29,2014-09-08,CORDOBA,CIENAGA DE ORO,Grano seco,4576.7441860465115
839,715,710,505,2013-04-30,8.716388889,-75.92388889,2013-05-06,2013-06-17,2013-09-05,CORDOBA,CERETE,Grano seco,5308.139534883721
840,716,711,850,2014-05-23,8.789722222,-75.70861111,2014-05-30,2014-07-12,2014-10-07,CORDOBA,CERETE,Grano seco,4709.302325581395
841,717,712,851,2013-05-01,8.975555556,-75.49638889,2013-05-13,2013-06-23,2013-09-17,CORDOBA,MONTERIA,Grano seco,6273.2558139534885
1770,1547,1381,1496,2014-08-28,8.898611111,-75.79166667,2014-09-01,2014-10-12,2015-01-20,CORDOBA,CIENAGA DE ORO,Grano seco,3623.2558139534885
1771,1548,1382,1497,2014-08-29,8.865833333,-75.71194444,2014-09-03,2014-10-17,2015-01-29,CORDOBA,CIENAGA DE ORO,Grano seco,3767.4418604651164
1772,1549,1383,1498,2014-10-01,8.901666667,-75.76416667,2014-10-08,2014-11-14,2015-02-06,CORDOBA,CERETE,Grano seco,3348.8372093023254
1773,1550,1384,1499,2014-09-19,8.873611111,-75.70916667,2014-09-23,2014-11-15,2015-01-30,CORDOBA,CIENAGA DE ORO,Grano seco,4238.372093023256
1778,1555,1388,1504,2014-08-10,8.878611111,-75.70666667,2014-08-16,2014-09-27,2014-12-23,CORDOBA,CIENAGA DE ORO,Grano seco,4825.581395348838
1799,1575,1407,1522,2014-08-27,9.099166667,-75.86944444,2014-09-02,2014-10-14,2015-01-05,CORDOBA,COTORRA,Grano seco,3813.953488372093
1800,1576,1408,1523,2014-09-08,8.906111111,-75.75777778,2014-09-15,2014-10-22,2015-01-28,CORDOBA,CERETE,Grano seco,3860.46511627907
2007,1789,1662,1825,2015-05-08,9.188794444,-75.82285,2015-05-17,2015-07-03,2015-09-28,CORDOBA,LORICA,Grano seco,3051.1627906976746
2008,1790,1663,1826,2015-05-15,8.97405,-75.62902222,2015-05-19,2015-07-07,2015-09-17,CORDOBA,CIENAGA DE ORO,Grano seco,1506.9767441860465
2010,1792,1676,1841,2015-05-27,8.950055556,-75.8,2015-06-01,2015-07-18,2015-10-04,CORDOBA,SAN PELAYO,Grano seco,5720.930232558139
2011,1793,1677,1842,2015-05-27,8.905,-75.8045,2015-06-01,2015-07-18,2015-09-28,CORDOBA,CERETE,Grano seco,5674.418604651163
2012,1794,1678,1856,2015-05-25,9.093333333,-75.80024167,2015-05-28,2015-07-16,2015-10-01,CORDOBA,LORICA,Grano seco,3255.813953488372
2013,1796,1681,1866,2015-05-23,9.078861111,-75.81130556,2015-05-27,2015-07-15,2015-09-28,CORDOBA,LORICA,Grano seco,3813.953488372093
2014,1797,1680,1866,2015-05-24,9.091111111,-75.8125,2015-05-28,2015-07-14,2015-09-22,CORDOBA,LORICA,Grano seco,2139.5348837209303
2015,1798,1682,1843,2015-05-27,8.905333333,-75.80452778,2015-06-01,2015-07-18,2015-10-07,CORDOBA,CERETE,Grano seco,5625.581395348838
2016,1799,1683,1843,2015-05-28,8.90525,-75.80505556,2015-06-02,2015-07-17,2015-10-07,CORDOBA,CERETE,Grano seco,5547.558139534884
2017,1800,1684,1876,2015-05-18,9.190894444,-75.82161944,2015-05-19,2015-07-08,2015-09-21,CORDOBA,LORICA,Grano seco,1209.3023255813953
2018,1801,1700,1894,2015-05-25,8.907977778,-75.77895278,2015-05-29,2015-07-15,2015-09-29,CORDOBA,CERETE,Grano seco,5212.209302325581
2020,1803,1702,1896,2015-05-17,8.95325,-75.74555556,2015-05-23,2015-07-15,2015-09-19,CORDOBA,CERETE,Grano seco,3858.139534883721
2021,1804,1703,1897,2015-05-20,8.955094444,-75.74631944,2015-05-25,2015-07-17,2015-09-18,CORDOBA,CERETE,Grano seco,5933.720930232558
2022,1805,1704,1898,2015-05-26,8.86525,-75.74630556,2015-05-31,2015-07-14,2015-09-28,CORDOBA,CERETE,Grano seco,3174.4186046511627
2029,1812,1711,1903,2015-05-20,8.877253128,-75.81922778,2015-05-24,2015-07-10,2015-09-15,CORDOBA,CERETE,Grano seco,2186.046511627907
2030,1814,1714,1907,2015-05-30,8.877211111,-75.82514722,2015-06-05,2015-07-14,2015-10-05,CORDOBA,CERETE,Grano seco,5236.0465116279065
2031,1815,1715,1844,2015-05-26,8.965555556,-75.79741667,2015-05-31,2015-07-17,2015-09-29,CORDOBA,SAN PELAYO,Grano seco,5180.232558139535
2032,1816,1716,1920,2015-05-21,8.930150592,-75.8378772,2015-05-26,2015-07-10,2015-09-24,CORDOBA,SAN PELAYO,Grano seco,3527.906976744186
2035,1820,1720,1924,2015-05-26,8.889105556,-75.81840278,2015-05-29,2015-07-14,2015-10-10,CORDOBA,CERETE,Grano seco,3720.9302325581393
2038,1822,1722,1925,2015-05-20,8.891635754,-75.81876618,2015-05-25,2015-07-10,2015-10-08,CORDOBA,CERETE,Grano seco,2860.4651162790697
2039,1823,1723,1926,2015-05-27,8.890177778,-75.81675,2015-06-01,2015-07-20,2015-10-05,CORDOBA,CERETE,Grano seco,1906.9767441860465
2040,1824,1724,1927,2015-05-31,8.919763748,-75.76561017,2015-06-04,2015-07-24,2015-09-29,CORDOBA,CERETE,Grano seco,1995.3488372093022
2041,1825,1725,1928,2015-05-28,8.91297628,-75.76676621,2015-06-01,2015-07-18,2015-09-30,CORDOBA,CERETE,Grano seco,2086.046511627907
2042,1826,1726,1929,2015-05-03,8.909429094,-75.76712283,2015-05-08,2015-06-25,2015-08-25,CORDOBA,CERETE,Grano seco,2418.6046511627906
2043,1827,1727,1930,2015-05-18,8.915188814,-75.76638889,2015-05-22,2015-07-10,2015-09-18,CORDOBA,CERETE,Grano seco,1032.5581395348836
2044,1828,1728,1931,2015-05-15,8.937051501,-75.76817204,2015-05-20,2015-07-07,2015-09-21,CORDOBA,CERETE,Grano seco,3534.883720930233
2045,1829,1729,1931,2015-05-15,8.934349447,-75.77053586,2015-05-20,2015-07-06,2015-09-20,CORDOBA,CERETE,Grano seco,5193.023255813953
2047,1833,1733,1935,2015-05-20,9.1185,-75.79641667,2015-05-24,2015-07-12,2015-09-28,CORDOBA,LORICA,Grano seco,2046.5116279069766
2048,1830,1730,1932,2015-05-28,8.897564749,-75.77410374,2015-05-31,2015-07-12,2015-10-02,CORDOBA,CERETE,Grano seco,3530.232558139535
2050,1871,1754,1919,2015-05-16,8.898472222,-75.76838889,2015-05-21,2015-07-05,2015-09-20,CORDOBA,CERETE,Grano seco,5933.720930232558
2051,1818,1719,1841,2015-05-26,8.96575,-75.79744444,2015-05-31,2015-07-17,2015-09-27,CORDOBA,SAN PELAYO,Grano seco,5651.162790697675
2052,1819,1718,1922,2015-05-18,8.953027778,-75.79072222,2015-05-23,2015-07-08,2015-09-22,CORDOBA,SAN PELAYO,Grano seco,6511.627906976744
2053,1872,1755,1921,2015-05-25,8.940555556,-75.76797222,2015-05-30,2015-07-17,2015-09-25,CORDOBA,CERETE,Grano seco,6626.7441860465115
2057,1795,1679,1859,2015-05-20,9.089888889,-75.80655556,2015-05-24,2015-07-10,2015-09-28,CORDOBA,LORICA,Grano seco,1695.3488372093022
2063,1879,1761,1935,2015-05-18,9.117527778,-75.79205556,2015-05-22,2015-07-08,2015-09-28,CORDOBA,LORICA,Grano seco,2260.4651162790697
2065,1880,1764,1901,2015-05-12,9.098888889,-75.80758333,2015-05-18,2015-07-07,2015-09-22,CORDOBA,LORICA,Grano seco,3069.767441860465
2066,1881,1763,1947,2015-05-18,9.118138889,-75.79680556,2015-05-23,2015-07-12,2015-09-23,CORDOBA,LORICA,Grano seco,2418.6046511627906
2068,1887,1770,1949,2015-05-20,9.105305556,-75.79336111,2015-05-23,2015-07-08,2015-09-25,CORDOBA,LORICA,Grano seco,2604.6511627906975
2069,1904,1783,1961,2015-05-22,9.047703481,-75.78254888,2015-05-27,2015-07-12,2015-10-12,CORDOBA,COTORRA,Grano seco,3527.906976744186
2070,1886,1768,1952,2015-05-23,9.118972222,-75.79822222,2015-05-27,2015-07-12,2015-09-28,CORDOBA,LORICA,Grano seco,2883.720930232558
2071,1889,1771,1950,2015-05-25,9.117972222,-75.79205556,2015-05-29,2015-07-18,2015-10-02,CORDOBA,LORICA,Grano seco,1811.6279069767443
2072,1891,1773,1950,2015-05-21,9.117583333,-75.79591667,2015-05-24,2015-07-09,2015-09-28,CORDOBA,LORICA,Grano seco,2232.5581395348836
2073,1894,1775,1951,2015-05-20,9.119083333,-75.79727778,2015-05-23,2015-07-09,2015-09-28,CORDOBA,LORICA,Grano seco,3162.7906976744184
2074,1897,1776,1953,2015-05-23,9.138305556,-75.77797222,2015-05-27,2015-07-14,2015-10-02,CORDOBA,LORICA,Grano seco,2883.720930232558
2076,1898,1780,1954,2015-05-18,9.062472222,-75.82288889,2015-05-22,2015-07-09,2015-09-28,CORDOBA,LORICA,Grano seco,2790.6976744186045
2077,1899,1778,1954,2015-05-24,9.071638889,-75.82477778,2015-05-28,2015-07-13,2015-10-02,CORDOBA,LORICA,Grano seco,2976.7441860465115
2078,1884,1767,1919,2015-05-18,8.898833333,-75.7605,2015-05-23,2015-07-09,2015-09-20,CORDOBA,CERETE,Grano seco,5933.720930232558
2079,1905,1786,1966,2015-05-07,8.936779146,-75.7699088,2015-05-12,2015-06-27,2015-09-20,CORDOBA,CERETE,Grano seco,4744.186046511628
2080,1906,1787,1967,2015-05-11,8.936666667,-75.77002778,2015-05-16,2015-07-02,2015-09-18,CORDOBA,CERETE,Grano seco,4709.302325581395
2081,1907,1788,1968,2015-05-09,8.93575,-75.76947222,2015-05-14,2015-07-01,2015-09-14,CORDOBA,CERETE,Grano seco,4672.093023255814
2082,1902,1781,1964,2015-05-20,9.04151764,-75.78270536,2015-05-24,2015-07-18,2015-09-21,CORDOBA,COTORRA,Grano seco,3234.232558139535
2083,1908,1789,1969,2015-05-11,8.936083333,-75.76958333,2015-05-15,2015-07-02,2015-09-17,CORDOBA,CERETE,Grano seco,4709.302325581395
2084,1903,1782,1960,2015-05-21,9.05034365,-75.77926738,2015-05-26,2015-07-16,2015-10-12,CORDOBA,COTORRA,Grano seco,3261.6279069767443
2086,1909,1790,1970,2015-05-20,8.930222222,-75.76963889,2015-05-25,2015-07-11,2015-09-19,CORDOBA,CERETE,Grano seco,5372.093023255814
2088,1910,1791,1971,2015-05-20,8.934138889,-75.76997222,2015-05-25,2015-07-10,2015-09-22,CORDOBA,CERETE,Grano seco,4576.7441860465115
2089,1831,1731,1933,2015-05-20,8.907114327,-75.76800716,2015-05-24,2015-07-20,2015-09-22,CORDOBA,CERETE,Grano seco,1995.3488372093022
2090,1911,1793,1972,2015-05-14,8.875861111,-75.76413889,2015-05-19,2015-07-05,2015-09-20,CORDOBA,CERETE,Grano seco,4988.372093023256
2091,1912,1794,1973,2015-05-23,8.937907,-75.756547,2015-05-28,2015-07-13,2015-09-25,CORDOBA,CERETE,Grano seco,5244.186046511628
2092,1913,1795,1972,2015-05-22,8.883101,-75.773501,2015-05-27,2015-08-13,2015-09-30,CORDOBA,CERETE,Grano seco,4476.7441860465115
2098,1940,1813,2002,2015-05-23,9.140777778,-75.77497222,2015-05-27,2015-06-15,2015-10-01,CORDOBA,LORICA,Grano seco,2511.6279069767443
2099,1939,1814,2002,2015-05-21,9.140944444,-75.77522222,2015-05-25,2015-07-12,2015-09-28,CORDOBA,LORICA,Grano seco,1130.2325581395348
2100,1938,1815,2008,2015-05-24,9.150944444,-75.77330556,2015-05-28,2015-07-16,2015-09-28,CORDOBA,LORICA,Grano seco,2883.720930232558
2101,1937,1816,2007,2015-05-20,9.130027778,-75.78247222,2015-05-24,2015-07-11,2015-10-01,CORDOBA,LORICA,Grano seco,2232.5581395348836
2102,1936,1817,2006,2015-05-21,9.097861111,-75.80822222,2015-05-25,2015-08-13,2015-09-28,CORDOBA,LORICA,Grano seco,3013.953488372093
2103,1935,1818,2005,2015-05-25,9.102194444,-75.80163889,2015-05-29,2015-07-15,2015-09-30,CORDOBA,LORICA,Grano seco,4744.186046511628
2104,1934,1819,2004,2015-05-20,9.101166667,-75.79919444,2015-05-24,2015-07-10,2015-10-02,CORDOBA,LORICA,Grano seco,1674.4186046511627
2105,1932,1821,1991,2015-05-12,8.956,-75.63316667,2015-05-15,2015-07-02,2015-09-21,CORDOBA,CIENAGA DE ORO,Grano seco,1601.1627906976744
2107,1946,1829,1842,2015-05-19,8.954833333,-75.7925,2015-05-24,2015-07-11,2015-09-25,CORDOBA,SAN PELAYO,Grano seco,6511.627906976744
2109,1933,1820,2003,2015-05-20,8.929638889,-75.66944444,2015-05-24,2015-07-12,2015-09-28,CORDOBA,CIENAGA DE ORO,Grano seco,3069.767441860465
2110,1947,1830,1972,2015-05-23,8.884976,-75.771774,2015-05-28,2015-07-14,2015-10-02,CORDOBA,CERETE,Grano seco,4534.883720930232
2111,1948,1831,2018,2015-05-01,8.903361111,-75.77441667,2015-05-06,2015-06-23,2015-09-05,CORDOBA,CERETE,Grano seco,5695.3488372093025
2113,1950,1833,2020,2015-05-20,8.974333333,-75.76347222,2015-06-09,2015-07-15,2015-09-30,CORDOBA,SAN PELAYO,Grano seco,4709.302325581395
2117,1952,1835,2022,2015-05-27,8.973222222,-75.76463889,2015-06-01,2015-07-16,2015-10-04,CORDOBA,SAN PELAYO,Grano seco,4897.674418604651
2118,1953,1836,2023,2015-05-21,8.975611111,-75.76238889,2015-05-26,2015-07-13,2015-09-27,CORDOBA,SAN PELAYO,Grano seco,4897.674418604651
2119,1954,1837,1921,2015-05-22,8.952861111,-75.78933333,2015-05-27,2015-07-13,2015-09-30,CORDOBA,SAN PELAYO,Grano seco,6009.069767441861
2120,1955,1838,1842,2015-05-30,8.969910166,-75.79632051,2015-06-04,2015-07-16,2015-10-05,CORDOBA,SAN PELAYO,Grano seco,5368.604651162791
2126,1929,1796,1981,2015-05-25,8.890527127,-75.81605045,2015-05-30,2015-07-25,2015-09-20,CORDOBA,CERETE,Grano seco,3255.813953488372
2128,1927,1798,1979,2015-05-27,8.893530172,-75.81792911,2015-06-01,2015-07-25,2015-09-26,CORDOBA,CERETE,Grano seco,2354.6511627906975
2129,1926,1799,1978,2015-05-15,8.876392052,-75.81489378,2015-05-20,2015-07-05,2015-10-13,CORDOBA,CERETE,Grano seco,2790.6976744186045
2130,1925,1800,1977,2015-05-17,8.877181773,-75.80449763,2015-05-20,2015-07-10,2015-09-12,CORDOBA,CERETE,Grano seco,4595.3488372093025
2132,1923,1802,1975,2015-05-16,8.923844021,-75.74833333,2015-05-21,2015-07-13,2015-09-15,CORDOBA,CERETE,Grano seco,2679.06976744186
2134,1921,1804,1989,2015-05-20,8.907980117,-75.81427808,2015-05-25,2015-07-10,2015-09-16,CORDOBA,CERETE,Grano seco,4186.0465116279065
2135,1920,1805,1988,2015-05-21,8.932121845,-75.78966888,2015-05-29,2015-07-14,2015-10-05,CORDOBA,CERETE,Grano seco,6865.116279069768
2136,1919,1806,1987,2015-05-20,8.842755784,-75.75196818,2015-05-25,2015-07-15,2015-09-25,CORDOBA,CERETE,Grano seco,4534.883720930232
2137,1918,1807,1986,2015-05-16,8.842154791,-75.7530623,2015-05-20,2015-07-10,2015-09-15,CORDOBA,CERETE,Grano seco,2790.6976744186045
2138,1917,1808,1985,2015-05-06,8.907383333,-75.75767778,2015-05-21,2015-07-06,2015-09-12,CORDOBA,CERETE,Grano seco,3534.883720930233
2140,1915,1810,1983,2015-05-25,8.855786863,-75.7565522,2015-05-30,2015-07-14,2015-09-23,CORDOBA,CERETE,Grano seco,4539.53488372093
2143,1961,1850,2029,2015-06-08,8.943277778,-75.65369444,2015-06-12,2015-07-30,2015-10-06,CORDOBA,CIENAGA DE ORO,Grano seco,3441.860465116279
2145,1962,1849,2030,2015-05-24,8.93525,-75.65805556,2015-05-24,2015-07-13,2015-09-28,CORDOBA,CIENAGA DE ORO,Grano seco,2825.5813953488373
2153,1976,1871,2067,2015-05-21,8.788111111,-75.72397222,2015-05-28,2015-07-22,2015-10-03,CORDOBA,SAN CARLOS,Grano seco,4186.0465116279065
2154,1977,1874,2068,2015-04-22,8.792472222,-75.71877778,2015-04-27,2015-06-11,2015-09-17,CORDOBA,SAN CARLOS,Grano seco,4465.116279069767
2157,2000,1861,2065,2015-05-26,9.04381818,-75.75040423,2015-06-02,2015-07-23,2015-09-21,CORDOBA,COTORRA,Grano seco,1695.3488372093022
2158,2003,1886,2069,2015-05-25,8.904435,-75.809724,2015-05-30,2015-07-16,2015-09-23,CORDOBA,CERETE,Grano seco,4625.581395348837
2159,2004,1887,2070,2015-05-25,8.976401,-75.770993,2015-05-30,2015-07-18,2015-10-03,CORDOBA,SAN PELAYO,Grano seco,5086.046511627907
2160,2005,1888,2071,2015-05-20,8.900059,-75.808925,2015-05-25,2015-07-11,2015-09-28,CORDOBA,CERETE,Grano seco,4709.302325581395
2161,2006,1889,2072,2015-05-15,8.901638,-75.809702,2015-05-20,2015-07-07,2015-09-23,CORDOBA,CERETE,Grano seco,4991.86046511628
2163,2007,1890,1923,2015-05-22,8.957739318,-75.78242548,2015-05-27,2015-07-14,2015-09-27,CORDOBA,SAN PELAYO,Grano seco,5116.279069767442
2164,1998,1863,2064,2015-06-01,9.03581091,-75.75907844,2015-06-06,2015-07-21,2015-10-12,CORDOBA,COTORRA,Grano seco,1871.6279069767443
2165,2008,1891,1923,2015-05-21,8.960277778,-75.78588889,2015-05-26,2015-07-10,2015-09-30,CORDOBA,SAN PELAYO,Grano seco,5339.53488372093
2166,1997,1864,2063,2015-05-25,9.035695218,-75.75717892,2015-05-30,2015-07-15,2015-10-12,CORDOBA,COTORRA,Grano seco,1804.8837209302324
2167,2009,1892,2019,2015-05-25,8.961472222,-75.76588889,2015-05-30,2015-07-16,2015-10-03,CORDOBA,SAN PELAYO,Grano seco,4897.674418604651
2184,1966,1845,2035,2015-05-20,9.091611111,-75.81455556,2015-05-24,2015-07-12,2015-10-05,CORDOBA,LORICA,Grano seco,2919.767441860465
2188,1968,1851,2028,2015-05-19,8.964388889,-75.64772222,2015-05-25,2015-07-09,2015-09-28,CORDOBA,CIENAGA DE ORO,Grano seco,3861.6279069767443
2206,1992,1869,2058,2015-05-24,9.081846317,-75.727328,2015-05-29,2015-07-19,2015-09-15,CORDOBA,COTORRA,Grano seco,1976.7441860465117
2207,2081,1968,2124,2015-05-29,8.901872,-75.808559,2015-06-03,2015-07-18,2015-10-15,CORDOBA,CERETE,Grano seco,3813.953488372093
2211,2082,1969,2125,2015-05-20,8.929806484,-75.77185347,2015-05-25,2015-07-10,2015-09-23,CORDOBA,CERETE,Grano seco,5116.279069767442
2214,1978,1885,2045,2015-05-28,8.953798862,-75.75444444,2015-06-02,2015-07-25,2015-09-26,CORDOBA,CERETE,Grano seco,3488.3720930232557
2216,1989,1873,2055,2015-05-18,8.834722222,-75.76111111,2015-05-23,2015-07-12,2015-09-21,CORDOBA,CERETE,Grano seco,4409.302325581395
2218,1988,1875,2054,2015-05-19,8.851882424,-75.75513555,2015-05-24,2015-07-09,2015-09-19,CORDOBA,CERETE,Grano seco,3344.0232558139533
2220,1987,1876,2053,2015-05-26,8.854545197,-75.75457136,2015-05-31,2015-07-18,2015-09-27,CORDOBA,CERETE,Grano seco,2250.0
2222,1985,1878,2051,2015-05-24,8.914122222,-75.74518611,2015-05-29,2015-07-14,2015-09-28,CORDOBA,CERETE,Grano seco,6312.093023255814
2224,1984,1879,2050,2015-05-30,8.903960896,-75.7375,2015-06-09,2015-07-19,2015-09-14,CORDOBA,CERETE,Grano seco,3627.9069767441856
2225,1983,1880,2049,2015-05-30,8.902776237,-75.73666667,2015-06-09,2015-07-19,2015-09-19,CORDOBA,CERETE,Grano seco,1931.8604651162789
2228,1981,1882,2047,2015-05-20,8.953503072,-75.74999539,2015-05-24,2015-07-14,2015-09-17,CORDOBA,CERETE,Grano seco,4186.0465116279065
2229,1980,1883,2047,2015-05-21,8.951206629,-75.75185293,2015-05-26,2015-07-12,2015-09-18,CORDOBA,CERETE,Grano seco,3720.9302325581393
2233,2091,1992,2144,2015-05-23,8.930416667,-75.77152778,2015-05-28,2015-07-13,2015-09-26,CORDOBA,CERETE,Grano seco,4958.139534883721
2234,2092,1716,1920,2015-05-21,8.930956,-75.83815,2015-05-26,2015-07-10,2015-09-27,CORDOBA,SAN PELAYO,Grano seco,3527.906976744186
2235,2093,1994,2145,2015-05-15,8.93225,-75.76875,2015-05-20,2015-07-04,2015-09-21,CORDOBA,CERETE,Grano seco,4672.093023255814
2236,2094,1995,2146,2015-05-20,8.930124095,-75.76766321,2015-05-25,2015-07-10,2015-09-27,CORDOBA,CERETE,Grano seco,5115.116279069768
2237,2095,1996,2147,2015-05-20,8.930305556,-75.76797222,2015-05-25,2015-07-11,2015-09-19,CORDOBA,CERETE,Grano seco,4520.930232558139
2238,2096,1997,2148,2015-05-17,8.931305556,-75.76944444,2015-05-22,2015-07-07,2015-09-20,CORDOBA,CERETE,Grano seco,4576.7441860465115
2241,2113,1978,2143,2015-05-23,9.055759993,-75.82341012,2015-05-28,2015-07-18,2015-09-25,CORDOBA,COTORRA,Grano seco,3422.9651162790697
2242,2112,1979,2143,2015-06-07,9.031164526,-75.80619146,2015-06-12,2015-07-27,2015-10-12,CORDOBA,COTORRA,Grano seco,4418.604651162791
2243,2097,1991,2131,2015-05-25,8.954212914,-75.75361111,2015-05-30,2015-07-22,2015-09-25,CORDOBA,CERETE,Grano seco,1860.4651162790697
2267,2111,1979,2143,2015-05-30,9.030652061,-75.8060383,2015-06-04,2015-07-12,2015-10-12,CORDOBA,COTORRA,Grano seco,4125.3488372093025
2275,2154,2042,2186,2015-05-20,8.974752,-75.780851,2015-05-25,2015-07-11,2015-09-27,CORDOBA,SAN PELAYO,Grano seco,4862.790697674419
2277,2155,2043,2186,2015-05-20,8.972173,-75.781543,2015-05-25,2015-07-12,2015-09-24,CORDOBA,SAN PELAYO,Grano seco,4709.302325581395
2280,2102,1987,2135,2015-05-20,8.95225423,-75.75532533,2015-05-28,2015-07-22,2015-09-20,CORDOBA,CERETE,Grano seco,2755.813953488372
2281,2157,2045,2186,2015-05-21,8.973072,-75.782233,2015-05-26,2015-07-11,2015-09-23,CORDOBA,SAN PELAYO,Grano seco,4672.093023255814
2282,2101,1988,2134,2015-05-23,8.961645804,-75.73925227,2015-05-28,2015-07-18,2015-09-14,CORDOBA,CERETE,Grano seco,3627.9069767441856
2283,2100,1989,2133,2015-05-18,8.93003644,-75.78446774,2015-05-23,2015-07-17,2015-09-25,CORDOBA,CERETE,Grano seco,5895.348837209302
2284,2099,1990,2132,2015-05-18,8.931236111,-75.78449801,2015-05-23,2015-07-07,2015-09-26,CORDOBA,CERETE,Grano seco,5970.930232558139
2292,2172,2060,2200,2015-05-08,8.811083333,-75.81066667,2015-05-12,2015-07-12,2015-09-29,CORDOBA,MONTERIA,Grano seco,4262.790697674418
2293,2171,2055,2199,2015-05-18,8.849457021,-75.7535737,2015-05-23,2015-07-15,2015-09-14,CORDOBA,CERETE,Grano seco,3174.4186046511627
2298,2174,2058,2202,2015-04-26,8.80225,-75.82022222,2015-05-01,2015-07-17,2015-09-04,CORDOBA,MONTERIA,Grano seco,4767.441860465116
2300,2173,2059,2201,2015-04-25,8.7955,-75.83441667,2015-04-30,2015-07-16,2015-09-02,CORDOBA,MONTERIA,Grano seco,4343.023255813953
2301,2175,2057,2203,2015-05-02,8.805361111,-75.83691667,2015-05-07,2015-06-22,2015-09-10,CORDOBA,MONTERIA,Grano seco,4520.930232558139
2302,2176,2056,2204,2015-04-26,8.802333333,-75.81847222,2015-05-08,2015-06-10,2015-08-20,CORDOBA,MONTERIA,Grano seco,3767.4418604651164
2314,2194,2080,2237,2015-06-06,8.820293523,-75.76194444,2015-06-11,2015-07-26,2015-10-05,CORDOBA,CERETE,Grano seco,3296.5116279069766
2351,2258,2146,2277,2015-05-18,8.944803715,-75.75041346,2015-05-23,2015-07-07,2015-09-14,CORDOBA,CERETE,Grano seco,5581.395348837209
2352,2257,2147,2276,2015-05-20,8.940284227,-75.74921052,2015-05-25,2015-07-09,2015-09-21,CORDOBA,CERETE,Grano seco,5790.697674418605
2387,2265,2148,2215,2015-05-03,8.769777778,-75.82286111,2015-05-07,2015-06-22,2015-09-07,CORDOBA,MONTERIA,Grano seco,2604.6511627906975
2391,2277,2164,2289,2015-05-15,9.011798554,-75.80381746,2015-05-20,2015-07-07,2015-09-10,CORDOBA,COTORRA,Grano seco,5581.395348837209
2392,2278,2162,2290,2015-05-20,9.006295168,-75.79130724,2015-05-26,2015-07-13,2015-09-15,CORDOBA,COTORRA,Grano seco,4988.372093023256
2403,2263,2149,2214,2015-04-23,8.767972222,-75.8295,2015-04-27,2015-07-13,2015-08-31,CORDOBA,MONTERIA,Grano seco,3446.5116279069766
2404,2262,2150,2213,2015-05-25,8.770722222,-75.82930556,2015-05-30,2015-07-16,2015-10-01,CORDOBA,MONTERIA,Grano seco,3906.9767441860463
2406,2308,2200,2322,2015-05-21,9.049947076,-75.77694062,2015-05-25,2015-07-09,2015-10-05,CORDOBA,COTORRA,Grano seco,1632.5581395348836
2435,2057,1931,2095,2015-05-20,9.142333333,-75.80819444,2015-05-24,2015-07-10,2015-09-28,CORDOBA,LORICA,Grano seco,3202.3255813953488
2441,2055,1930,2094,2015-05-21,9.135972222,-75.78216667,2015-05-26,2015-07-10,2015-09-28,CORDOBA,LORICA,Grano seco,2193.0232558139537
2442,2054,1929,2093,2015-05-20,8.904888889,-75.68555556,2015-05-24,2015-07-12,2015-09-28,CORDOBA,CIENAGA DE ORO,Grano seco,3813.953488372093
2443,2053,1928,2092,2015-05-20,8.906194444,-75.68441667,2015-05-23,2015-07-08,2015-09-30,CORDOBA,CIENAGA DE ORO,Grano seco,3720.9302325581393
2444,2206,2091,2228,2015-05-21,8.918972222,-75.68791667,2015-05-24,2015-07-09,2015-09-30,CORDOBA,CIENAGA DE ORO,Grano seco,4004.651162790698
2446,2056,1932,2095,2015-05-22,9.139722222,-75.80686111,2015-05-26,2015-07-09,2015-09-28,CORDOBA,LORICA,Grano seco,2002.325581395349
2447,2207,2092,2220,2015-05-25,8.925555556,-75.68663889,2015-05-25,2015-07-12,2015-10-05,CORDOBA,CIENAGA DE ORO,Grano seco,5488.372093023256
2449,2025,1907,2006,2015-05-20,9.093527778,-75.81511111,2015-05-25,2015-07-16,2015-09-29,CORDOBA,LORICA,Grano seco,2919.767441860465
2450,2027,1908,2077,2015-05-26,9.137194444,-75.80847222,2015-05-29,2015-07-15,2015-10-04,CORDOBA,LORICA,Grano seco,2790.6976744186045
2452,2030,1910,2079,2015-05-20,8.906805556,-75.68591667,2015-05-24,2015-07-10,2015-09-28,CORDOBA,CIENAGA DE ORO,Grano seco,3767.4418604651164
2454,2031,1911,2080,2015-05-24,8.906111111,-75.6795,2015-05-28,2015-07-12,2015-10-03,CORDOBA,CIENAGA DE ORO,Grano seco,4862.790697674419
2455,2032,1912,2080,2015-05-24,8.907055556,-75.67952778,2015-05-27,2015-07-11,2015-09-28,CORDOBA,CIENAGA DE ORO,Grano seco,4651.162790697675
2456,2034,1913,2081,2015-05-16,9.103444444,-75.79697222,2015-05-20,2015-07-08,2015-10-07,CORDOBA,LORICA,Grano seco,4386.046511627907
2457,2329,2213,2341,2015-04-04,8.825277778,-75.80125,2015-05-10,2015-05-25,2015-09-01,CORDOBA,MONTERIA,Grano seco,2604.6511627906975
2458,2326,2214,2342,2015-04-28,8.832527778,-75.81241667,2015-05-06,2015-06-22,2015-09-10,CORDOBA,MONTERIA,Grano seco,3146.5116279069766
2465,2338,2218,2345,2015-05-20,9.038362514,-75.80707701,2015-05-27,2015-07-11,2015-09-25,CORDOBA,COTORRA,Grano seco,4279.069767441861
2466,2340,2225,2354,2015-05-23,8.881362,-75.776283,2015-05-28,2015-07-13,2015-09-30,CORDOBA,CERETE,Grano seco,5804.6511627906975
2468,2336,2220,2351,2015-05-21,8.945091198,-75.75358662,2015-05-24,2015-07-18,2015-09-20,CORDOBA,CERETE,Grano seco,5308.139534883721
2472,2341,2226,2355,2015-05-25,8.85593134,-75.75846583,2015-05-30,2015-07-16,2015-10-02,CORDOBA,CERETE,Grano seco,3623.2558139534885
2474,2333,2223,2347,2015-05-05,8.855160543,-75.76653137,2015-05-10,2015-06-24,2015-09-10,CORDOBA,CERETE,Grano seco,2412.790697674419
2501,2357,2242,2355,2015-05-21,8.863464806,-75.76246198,2015-05-26,2015-07-10,2015-09-15,CORDOBA,CERETE,Grano seco,3579.0697674418607
2502,2035,1914,1901,2015-05-15,9.102042313,-75.80907933,2015-05-19,2015-07-06,2015-09-25,CORDOBA,LORICA,Grano seco,2812.790697674419
2503,2036,1915,2082,2015-05-27,9.134777778,-75.78058333,2015-06-01,2015-07-17,2015-10-29,CORDOBA,LORICA,Grano seco,2883.720930232558
2504,2038,1916,2083,2015-05-20,9.071111111,-75.82536111,2015-05-24,2015-07-10,2015-09-27,CORDOBA,LORICA,Grano seco,3337.2093023255816
2506,2359,2244,2371,2015-05-21,8.860172831,-75.76153469,2015-05-26,2015-07-11,2015-09-20,CORDOBA,CERETE,Grano seco,4651.162790697675
2507,2360,2245,2372,2015-05-05,8.870409204,-75.76088396,2015-05-10,2015-06-27,2015-09-14,CORDOBA,CERETE,Grano seco,5511.627906976744
2508,2361,2246,2374,2015-05-20,8.870352,-75.762224,2015-05-25,2015-07-12,2015-09-30,CORDOBA,CERETE,Grano seco,5116.279069767442
2510,2363,2248,2374,2015-05-05,8.870054,-75.761272,2015-06-04,2015-07-23,2015-09-28,CORDOBA,CERETE,Grano seco,5116.279069767442
2511,2364,2249,2375,2015-05-22,8.922136,-75.805824,2015-05-27,2015-07-12,2015-09-27,CORDOBA,CERETE,Grano seco,5577.906976744186
2523,2039,1917,2084,2015-05-16,9.084138889,-75.81863889,2015-05-20,2015-07-06,2015-09-27,CORDOBA,LORICA,Grano seco,3432.558139534884
2525,2040,1918,2084,2015-05-17,9.103,-75.80252778,2015-05-21,2015-07-06,2015-10-05,CORDOBA,LORICA,Grano seco,3579.0697674418607
2526,2041,1919,2085,2015-05-18,9.126611111,-75.81505556,2015-05-22,2015-07-05,2015-09-28,CORDOBA,LORICA,Grano seco,2383.720930232558
2535,2375,2272,2375,2015-05-28,8.873647,-75.82197,2015-06-02,2015-07-20,2015-10-15,CORDOBA,CERETE,Grano seco,5308.139534883721
2536,2376,2273,2355,2015-05-25,8.876423,-75.758777,2015-05-30,2015-07-15,2015-09-29,CORDOBA,CERETE,Grano seco,3579.0697674418607
2539,2327,2211,2343,2015-05-20,8.810583333,-75.80083333,2015-05-25,2015-07-09,2015-09-16,CORDOBA,MONTERIA,Grano seco,3174.4186046511627
2540,2328,2212,2340,2015-05-01,8.822166667,-75.80244444,2015-05-06,2015-07-30,2015-09-09,CORDOBA,MONTERIA,Grano seco,2046.5116279069766
2541,2379,2276,2343,2015-05-15,8.812027778,-75.80075,2015-05-20,2015-07-06,2015-09-12,CORDOBA,MONTERIA,Grano seco,3446.5116279069766
2545,2383,2281,1983,2015-05-19,8.851472288,-75.75649802,2015-05-24,2015-07-11,2015-09-10,CORDOBA,CERETE,Grano seco,3970.3255813953488
2550,2387,2278,2393,2015-05-20,8.810805556,-75.81425,2015-05-25,2015-08-10,2015-09-15,CORDOBA,MONTERIA,Grano seco,3441.860465116279
2553,2391,2288,2215,2015-05-05,8.748722222,-75.82152778,2015-05-09,2015-06-24,2015-09-11,CORDOBA,MONTERIA,Grano seco,3579.0697674418607
2554,2043,1920,2086,2015-05-20,9.081722222,-75.80933333,2015-05-24,2015-07-09,2015-09-26,CORDOBA,LORICA,Grano seco,2072.093023255814
2560,2397,2298,2398,2015-05-26,9.042412471,-75.74108823,2015-05-31,2015-07-16,2015-09-25,CORDOBA,SAN PELAYO,Grano seco,4615.116279069767
2562,2044,1921,2087,2015-05-25,9.13825,-75.81191667,2015-05-28,2015-07-13,2015-10-05,CORDOBA,LORICA,Grano seco,2543.0232558139537
2564,2045,1922,1856,2015-05-25,9.126166667,-75.811,2015-05-30,2015-07-15,2015-10-15,CORDOBA,LORICA,Grano seco,1544.186046511628
2565,2046,1923,2088,2015-05-26,9.137444444,-75.811,2015-05-30,2015-07-16,2015-10-05,CORDOBA,LORICA,Grano seco,1883.7209302325582
2566,2048,1924,2089,2015-05-16,9.143805556,-75.80608333,2015-05-20,2015-07-05,2015-09-28,CORDOBA,LORICA,Grano seco,2669.767441860465
2567,2049,1925,2078,2015-05-18,9.127138889,-75.81772222,2015-05-20,2015-07-05,2015-10-12,CORDOBA,LORICA,Grano seco,2895.3488372093025
2569,2050,1926,2090,2015-06-01,8.907444444,-75.68422222,2015-06-04,2015-07-23,2015-10-12,CORDOBA,CIENAGA DE ORO,Grano seco,2955.813953488372
2573,2400,2301,2402,2015-05-20,9.040012027,-75.74088581,2015-05-24,2015-07-14,2015-09-18,CORDOBA,SAN PELAYO,Grano seco,4651.162790697675
2575,2052,1927,2091,2015-05-16,9.139611111,-75.81008333,2015-05-20,2015-07-06,2015-09-28,CORDOBA,LORICA,Grano seco,3051.1627906976746
2576,2200,2079,2222,2015-05-24,8.908,-75.68694444,2015-05-28,2015-07-15,2015-10-05,CORDOBA,CIENAGA DE ORO,Grano seco,3813.953488372093
2577,2401,2302,2403,2015-05-30,9.023119463,-75.76165259,2015-06-04,2015-07-22,2015-09-29,CORDOBA,SAN PELAYO,Grano seco,4651.162790697675
2578,2205,2090,2227,2015-05-21,8.923333333,-75.68686111,2015-05-25,2015-07-10,2015-09-28,CORDOBA,CIENAGA DE ORO,Grano seco,4004.651162790698
2579,2402,2303,2404,2015-05-20,9.040055556,-75.744075,2015-05-25,2015-07-10,2015-09-22,CORDOBA,SAN PELAYO,Grano seco,4837.209302325581
2580,2204,2089,2226,2015-05-20,8.9245,-75.68725,2015-05-24,2015-07-10,2015-09-30,CORDOBA,CIENAGA DE ORO,Grano seco,4238.372093023256
2581,2203,2088,2225,2015-05-25,8.910111111,-75.68863889,2015-05-29,2015-07-14,2015-10-05,CORDOBA,CIENAGA DE ORO,Grano seco,4576.7441860465115
2582,2202,2087,2224,2015-05-20,8.915805556,-75.68752778,2015-05-24,2015-07-03,2015-10-05,CORDOBA,CIENAGA DE ORO,Grano seco,3377.906976744186
2583,2201,2086,2223,2015-05-21,8.911416667,-75.68880556,2015-05-24,2015-07-13,2015-09-29,CORDOBA,CIENAGA DE ORO,Grano seco,4238.372093023256
2584,2214,2099,2234,2015-05-07,8.960861111,-75.64563889,2015-05-12,2015-06-30,2015-09-21,CORDOBA,CIENAGA DE ORO,Grano seco,2097.6744186046512
2585,2216,2101,2236,2015-05-26,8.955194444,-75.64633333,2015-05-30,2015-07-16,2015-10-05,CORDOBA,CIENAGA DE ORO,Grano seco,3623.2558139534885
2586,2215,2100,2235,2015-05-18,8.9605,-75.64625,2015-05-23,2015-07-06,2015-09-28,CORDOBA,CIENAGA DE ORO,Grano seco,2002.325581395349
2587,2213,2098,2233,2015-05-20,8.953333333,-75.65102778,2015-05-24,2015-07-09,2015-09-28,CORDOBA,CIENAGA DE ORO,Grano seco,4767.441860465116
2588,2274,2161,2287,2015-05-16,9.1485,-75.80386111,2015-05-20,2015-07-06,2015-09-29,CORDOBA,LORICA,Grano seco,2260.4651162790697
2589,2275,2159,2286,2015-05-15,9.147666667,-75.80377778,2015-05-21,2015-07-07,2015-09-29,CORDOBA,LORICA,Grano seco,2383.720930232558
2591,2276,2160,2286,2015-05-17,9.148111111,-75.80213889,2015-05-22,2015-07-08,2015-09-28,CORDOBA,LORICA,Grano seco,3051.1627906976746
2592,2208,2093,2221,2015-05-26,8.915527778,-75.68686111,2015-05-30,2015-07-16,2015-09-29,CORDOBA,CIENAGA DE ORO,Grano seco,4290.697674418605
2594,2209,2094,2230,2015-05-22,8.917111111,-75.68611111,2015-05-25,2015-07-10,2015-10-05,CORDOBA,CIENAGA DE ORO,Grano seco,4520.930232558139
2595,2210,2095,2231,2015-05-20,8.961416667,-75.64069444,2015-05-24,2015-07-09,2015-09-25,CORDOBA,CIENAGA DE ORO,Grano seco,2543.0232558139537
2596,2211,2096,2232,2015-05-22,8.960583333,-75.64747222,2015-05-25,2015-07-11,2015-09-28,CORDOBA,CIENAGA DE ORO,Grano seco,1144.1860465116279
2597,2212,2097,2233,2015-05-18,8.961916667,-75.64822222,2015-05-22,2015-07-08,2015-10-05,CORDOBA,CIENAGA DE ORO,Grano seco,4004.651162790698
2609,2422,2319,2420,2015-05-26,8.901084,-75.812238,2015-05-31,2015-07-17,2015-09-25,CORDOBA,CERETE,Grano seco,3337.2093023255816
2617,2323,2203,2336,2015-05-19,9.086972222,-75.81197222,2015-05-24,2015-07-10,2015-09-30,CORDOBA,LORICA,Grano seco,1430.2325581395348
2618,2322,2204,2337,2015-05-27,9.088055556,-75.81019444,2015-06-01,2015-07-17,2015-10-12,CORDOBA,LORICA,Grano seco,3767.4418604651164
2619,2321,2205,2335,2015-05-18,8.888083333,-75.58247222,2015-05-22,2015-07-08,2015-09-28,CORDOBA,CIENAGA DE ORO,Grano seco,3955.813953488372
2620,2320,2206,2334,2015-05-16,8.884666667,-75.66455556,2015-05-19,2015-07-06,2015-09-29,CORDOBA,CIENAGA DE ORO,Grano seco,4709.302325581395
2621,2319,2207,2333,2015-05-12,8.877638889,-75.65694444,2015-05-17,2015-07-04,2015-09-24,CORDOBA,CIENAGA DE ORO,Grano seco,4958.139534883721
2622,2318,2208,2338,2015-05-26,9.104833333,-75.78916667,2015-05-30,2015-07-15,2015-10-05,CORDOBA,CIENAGA DE ORO,Grano seco,2383.720930232558
2623,2288,2173,2083,2015-05-18,9.104805556,-75.80394444,2015-05-22,2015-07-09,2015-09-30,CORDOBA,LORICA,Grano seco,2383.720930232558
2624,2286,2171,2295,2015-05-15,9.080888889,-75.80897222,2015-05-19,2015-07-06,2015-09-22,CORDOBA,LORICA,Grano seco,3861.6279069767443
2626,2285,2170,2294,2015-05-20,9.0885,-75.82094444,2015-05-24,2015-07-11,2015-09-30,CORDOBA,LORICA,Grano seco,2193.0232558139537
2628,2284,2169,2293,2015-05-21,9.105083333,-75.81944444,2015-05-25,2015-06-11,2015-09-28,CORDOBA,LORICA,Grano seco,2919.767441860465
2629,2283,2168,2292,2015-05-23,9.095222222,-75.81541667,2015-05-28,2015-07-13,2015-10-11,CORDOBA,LORICA,Grano seco,2002.325581395349
2630,2282,2167,2291,2015-05-18,9.07425,-75.81044444,2015-05-22,2015-07-08,2015-09-28,CORDOBA,LORICA,Grano seco,3337.2093023255816
2632,2280,2165,2287,2015-05-24,9.144805556,-75.80580556,2015-05-28,2015-07-13,2015-09-30,CORDOBA,LORICA,Grano seco,2260.4651162790697
2633,2287,2172,2296,2015-05-25,9.080611111,-75.80566667,2015-05-29,2015-07-14,2015-10-01,CORDOBA,LORICA,Grano seco,2072.093023255814
2635,2436,2320,2420,2015-06-01,8.902374,-75.811607,2015-06-06,2015-07-22,2015-09-26,CORDOBA,CERETE,Grano seco,3337.2093023255816
2636,2437,2326,2422,2015-05-28,9.001067,-75.837542,2015-06-02,2015-07-18,2015-09-16,CORDOBA,SAN PELAYO,Grano seco,2947.6744186046512
2637,2438,2327,2422,2015-05-20,9.002917,-75.83503,2015-05-25,2015-07-11,2015-09-15,CORDOBA,SAN PELAYO,Grano seco,2947.6744186046512
2641,2439,2328,2423,2015-05-12,8.856559049,-75.76069152,2015-05-17,2015-07-03,2015-09-25,CORDOBA,CERETE,Grano seco,4238.372093023256
2643,2440,2330,2425,2015-05-16,8.873395,-75.799557,2015-05-21,2015-07-06,2015-10-01,CORDOBA,CERETE,Grano seco,5953.488372093023
2661,2444,2338,2432,2015-05-20,8.876041,-75.758365,2015-05-25,2015-07-10,2015-09-18,CORDOBA,CERETE,Grano seco,4625.581395348837
2662,2445,2339,2433,2015-05-22,8.971416667,-75.77541667,2015-05-27,2015-07-13,2015-09-24,CORDOBA,SAN PELAYO,Grano seco,5180.232558139535
2663,2446,2340,2434,2015-05-17,8.330074,-76.111767,2015-05-22,2015-07-08,2015-09-19,CORDOBA,VALENCIA,Grano seco,4803.488372093023
2666,2448,2342,2434,2015-05-19,8.252012,-76.134454,2015-05-24,2015-07-10,2015-09-20,CORDOBA,VALENCIA,Grano seco,4651.162790697675
2668,2449,2343,2434,2015-05-15,8.271372,-76.148972,2015-05-20,2015-07-06,2015-09-14,CORDOBA,VALENCIA,Grano seco,4651.162790697675
2669,2450,2344,2437,2015-05-15,8.257094,-76.172647,2015-05-20,2015-07-06,2015-09-17,CORDOBA,VALENCIA,Grano seco,4409.302325581395
2675,2454,2348,2440,2015-05-03,8.327815,-76.103218,2015-05-08,2015-06-25,2015-09-16,CORDOBA,VALENCIA,Grano seco,4850.581395348837
2678,2457,2351,2443,2015-05-09,8.268726,-76.157836,2015-05-14,2015-06-30,2015-09-10,CORDOBA,VALENCIA,Grano seco,5023.2558139534885
2679,2458,2352,2444,2015-05-01,8.265328,-76.156883,2015-05-06,2015-06-21,2015-09-08,CORDOBA,VALENCIA,Grano seco,4651.162790697675
2680,2459,2353,2444,2015-05-01,8.266452452,-76.15699183,2015-05-06,2015-06-21,2015-09-10,CORDOBA,VALENCIA,Grano seco,4651.162790697675
2681,2460,2354,2445,2015-05-27,8.270894,-76.163395,2015-06-02,2015-07-17,2015-09-28,CORDOBA,VALENCIA,Grano seco,4615.116279069767
2687,2463,2357,2447,2015-05-25,8.899104,-75.809072,2015-05-30,2015-07-15,2015-09-23,CORDOBA,CERETE,Grano seco,4744.186046511628
2688,2464,2358,2448,2015-05-30,8.901471,-75.807328,2015-06-04,2015-07-21,2015-09-28,CORDOBA,CERETE,Grano seco,4238.372093023256
2690,2465,2359,2450,2015-05-20,8.901194,-75.812674,2015-05-25,2015-07-11,2015-09-30,CORDOBA,CERETE,Grano seco,4834.883720930233
2694,2468,2362,2452,2015-05-16,8.902289,-75.816336,2015-05-21,2015-07-07,2015-09-28,CORDOBA,CERETE,Grano seco,5441.860465116279
2718,2474,2368,2457,2015-05-23,8.904296,-75.814571,2015-05-28,2015-07-15,2015-09-24,CORDOBA,CERETE,Grano seco,4767.441860465116
2719,2475,2369,2459,2015-05-20,8.894159,-75.829907,2015-05-25,2015-07-12,2015-09-27,CORDOBA,CERETE,Grano seco,4632.558139534884
2721,2477,2371,2461,2015-05-20,8.909482,-75.823912,2015-05-25,2015-07-11,2015-09-15,CORDOBA,SAN PELAYO,Grano seco,4651.162790697675
2722,2478,2372,2462,2015-05-25,8.905316,-75.816065,2015-05-30,2015-07-16,2015-09-30,CORDOBA,CERETE,Grano seco,4576.7441860465115
2723,2479,2373,2463,2015-05-15,8.868114,-75.761739,2015-05-20,2015-07-05,2015-09-27,CORDOBA,CERETE,Grano seco,4684.883720930233
2733,2504,2399,2481,2015-05-18,8.930045898,-75.76400047,2015-05-23,2015-07-08,2015-09-20,CORDOBA,CERETE,Grano seco,4632.558139534884
2735,2506,2401,2482,2015-05-20,8.938751796,-75.7488651,2015-05-25,2015-07-10,2015-09-21,CORDOBA,CERETE,Grano seco,4672.093023255814
2736,2495,2389,2472,2015-04-24,8.798416667,-75.79952778,2015-04-30,2015-06-15,2015-08-31,CORDOBA,MONTERIA,Grano seco,4481.395348837209
2737,2481,2376,2464,2015-05-06,8.812083333,-75.80291667,2015-05-12,2015-06-26,2015-09-11,CORDOBA,MONTERIA,Grano seco,3813.953488372093
2738,2487,2381,2466,2015-05-04,8.835444444,-75.86586111,2015-05-09,2015-06-24,2015-09-14,CORDOBA,MONTERIA,Grano seco,4004.651162790698
2739,2488,2382,2466,2015-04-23,8.832972222,-75.86127778,2015-04-28,2015-06-12,2015-09-01,CORDOBA,MONTERIA,Grano seco,3813.953488372093
2740,2484,2378,2465,2015-05-14,8.813166667,-75.72102778,2015-05-19,2015-07-03,2015-09-29,CORDOBA,SAN CARLOS,Grano seco,3813.953488372093
2741,2485,2379,2465,2015-04-29,8.816472222,-75.7155,2015-05-05,2015-06-18,2015-09-18,CORDOBA,SAN CARLOS,Grano seco,4386.046511627907
2746,2482,2375,2464,2015-05-28,8.837527778,-75.91675,2015-06-02,2015-07-17,2015-10-02,CORDOBA,MONTERIA,Grano seco,4081.395348837209
2747,2483,2377,2464,2015-05-20,8.754972222,-75.78736111,2015-05-25,2015-06-20,2015-09-28,CORDOBA,SAN CARLOS,Grano seco,4186.0465116279065
2748,2486,2380,2479,2015-05-22,8.816833333,-75.71488889,2015-05-27,2015-07-12,2015-09-30,CORDOBA,SAN CARLOS,Grano seco,3906.9767441860463
2750,2490,2384,2468,2015-05-05,8.812555556,-75.71980556,2015-05-11,2015-06-20,2015-09-16,CORDOBA,SAN CARLOS,Grano seco,3627.9069767441856
2751,2491,2385,2469,2015-05-01,8.77375,-75.84391667,2015-05-05,2015-06-15,2015-09-08,CORDOBA,MONTERIA,Grano seco,3720.9302325581393
2752,2492,2386,2470,2015-05-25,8.780583333,-75.8255,2015-05-30,2015-07-14,2015-10-03,CORDOBA,MONTERIA,Grano seco,3906.9767441860463
2754,2494,2388,2471,2015-05-21,8.8135,-75.72127778,2015-05-26,2015-07-10,2015-09-30,CORDOBA,SAN CARLOS,Grano seco,4000.0
2757,2498,2392,2475,2015-05-01,8.816361111,-75.81591667,2015-05-06,2015-06-17,2015-08-21,CORDOBA,MONTERIA,Grano seco,4279.069767441861
2762,2499,2393,2476,2015-05-07,8.804972222,-75.79536111,2015-05-13,2015-07-03,2015-09-25,CORDOBA,MONTERIA,Grano seco,4262.790697674418
2763,2500,2394,2476,2015-05-12,8.811166667,-75.81344444,2015-05-18,2015-07-07,2015-09-21,CORDOBA,MONTERIA,Grano seco,4558.13953488372
2766,2502,2396,2477,2015-05-16,8.749,-75.71436111,2015-05-22,2015-07-11,2015-10-02,CORDOBA,SAN CARLOS,Grano seco,4081.395348837209
2767,2503,2397,2478,2015-05-11,8.830027778,-75.86466667,2015-05-16,2015-07-06,2015-09-21,CORDOBA,MONTERIA,Grano seco,3809.302325581395
2771,2513,2408,2070,2015-05-21,8.990933,-75.795482,2015-05-26,2015-07-11,2015-09-27,CORDOBA,SAN PELAYO,Grano seco,4930.232558139534
2772,2514,2409,2071,2015-05-25,8.885049,-75.816965,2015-05-30,2015-07-15,2015-10-04,CORDOBA,CERETE,Grano seco,5368.604651162791
2773,2515,2410,2124,2015-05-20,8.865573,-75.757878,2015-05-25,2015-07-11,2015-10-08,CORDOBA,CERETE,Grano seco,3813.953488372093
2774,2516,2411,2490,2015-05-18,8.245634,-76.160776,2015-05-23,2015-07-09,2015-09-18,CORDOBA,VALENCIA,Grano seco,4744.186046511628
2775,2517,2412,2490,2015-05-19,8.24431,-76.159909,2015-05-24,2015-07-10,2015-09-18,CORDOBA,VALENCIA,Grano seco,4651.162790697675
2826,2540,2442,2514,2015-04-29,8.669108333,-75.76625,2015-05-05,2015-06-23,2015-09-15,CORDOBA,SAN CARLOS,Grano seco,3534.8837209302324
2831,2541,2441,2515,2015-05-11,8.667166667,-75.76283333,2015-05-16,2015-07-08,2015-09-28,CORDOBA,SAN CARLOS,Grano seco,3265.116279069767
2835,2543,2440,2517,2015-05-01,8.661527778,-75.75397222,2015-05-06,2015-06-26,2015-09-14,CORDOBA,SAN CARLOS,Grano seco,3255.813953488372
2836,2544,2437,2518,2015-04-17,8.734265,-75.72033333,2015-04-23,2015-06-12,2015-09-04,CORDOBA,SAN CARLOS,Grano seco,3348.8372093023254
2837,2545,2444,2520,2015-05-08,8.751038889,-75.71577778,2015-05-13,2015-07-03,2015-10-01,CORDOBA,SAN CARLOS,Grano seco,3813.953488372093
2860,2607,2493,2571,2015-05-05,8.944166667,-75.70361111,2015-05-11,2015-06-22,2015-09-10,CORDOBA,CIENAGA DE ORO,Grano seco,3296.5116279069766
2862,2609,2495,2573,2015-05-10,8.943611111,-75.70305556,2015-05-16,2015-06-29,2015-09-15,CORDOBA,CIENAGA DE ORO,Grano seco,5308.139534883721
2863,2610,2496,2574,2015-05-25,8.943611111,-75.70388889,2015-05-30,2015-07-13,2015-09-25,CORDOBA,CIENAGA DE ORO,Grano seco,4651.162790697675
2864,2611,2497,2575,2015-05-17,8.943055556,-75.70333333,2015-05-23,2015-07-06,2015-09-25,CORDOBA,CIENAGA DE ORO,Grano seco,6273.2558139534885
2865,2612,2498,2576,2015-05-10,8.943611111,-75.70222222,2015-05-16,2015-06-25,2015-09-15,CORDOBA,CIENAGA DE ORO,Grano seco,1674.4186046511627
2866,2613,2499,2577,2015-05-20,8.945,-75.69444444,2015-05-26,2015-07-09,2015-09-17,CORDOBA,CIENAGA DE ORO,Grano seco,5018.604651162791
2867,2614,2500,2578,2015-05-20,8.943888889,-75.70194444,2015-05-26,2015-07-09,2015-09-25,CORDOBA,CIENAGA DE ORO,Grano seco,4386.046511627907
2871,2619,2505,2582,2015-04-30,8.76925,-75.77777778,2015-05-06,2015-06-23,2015-09-15,CORDOBA,SAN CARLOS,Grano seco,3627.9069767441856
2873,2618,2504,2580,2015-05-16,8.816277778,-75.80275,2015-05-22,2015-07-15,2015-10-02,CORDOBA,MONTERIA,Grano seco,3720.9302325581393
2886,2626,2508,2587,2015-04-13,8.805210013,-75.80639872,2015-04-20,2015-06-11,2015-08-27,CORDOBA,MONTERIA,Grano seco,3355.8139534883717
2888,2628,2510,2585,2015-05-12,8.830998691,-75.85700219,2015-05-19,2015-07-13,2015-09-28,CORDOBA,MONTERIA,Grano seco,3441.860465116279
2889,2629,2516,2589,2015-05-05,8.812944444,-75.70752778,2015-05-12,2015-07-03,2015-09-21,CORDOBA,SAN CARLOS,Grano seco,3255.813953488372
2890,2630,2511,2588,2015-05-06,8.813394617,-75.72629541,2015-05-13,2015-07-06,2015-09-25,CORDOBA,SAN CARLOS,Grano seco,3174.4186046511627
2891,2631,2517,2606,2015-05-20,8.89821,-75.72472,2015-05-26,2015-07-08,2015-09-29,CORDOBA,CIENAGA DE ORO,Grano seco,3051.1627906976746
2892,2632,2518,2612,2015-05-20,8.89748,-75.7189,2015-05-26,2015-07-10,2015-10-02,CORDOBA,CIENAGA DE ORO,Grano seco,2930.232558139535
2893,2634,2519,2598,2015-04-21,8.753305556,-75.78477778,2015-04-28,2015-06-19,2015-09-10,CORDOBA,SAN CARLOS,Grano seco,4000.0
2894,2633,2525,2598,2015-04-23,8.741972222,-75.80113889,2015-04-30,2015-06-23,2015-09-18,CORDOBA,SAN CARLOS,Grano seco,4372.093023255814
2895,2635,2520,2599,2015-04-21,8.815222222,-75.73180556,2015-04-27,2015-06-22,2015-09-14,CORDOBA,SAN CARLOS,Grano seco,4290.697674418605
2896,2636,2521,2604,2015-04-28,8.795027778,-75.71841667,2015-05-02,2015-06-27,2015-09-19,CORDOBA,SAN CARLOS,Grano seco,3906.9767441860463
2897,2637,2522,2607,2015-04-20,8.796027778,-75.72622222,2015-04-26,2015-06-23,2015-09-23,CORDOBA,SAN CARLOS,Grano seco,4081.395348837209
2898,2638,2527,2607,2015-04-20,8.8055,-75.73186111,2015-04-25,2015-06-17,2015-09-04,CORDOBA,SAN CARLOS,Grano seco,4186.0465116279065
2899,2639,2523,2608,2015-04-20,8.819916667,-75.72666667,2015-04-27,2015-06-21,2015-09-15,CORDOBA,SAN CARLOS,Grano seco,4004.651162790698
2901,2641,2524,2609,2015-04-22,8.819638889,-75.71361111,2015-04-28,2015-06-18,2015-09-14,CORDOBA,SAN CARLOS,Grano seco,3813.953488372093
2902,2642,2528,2605,2015-04-25,8.765388889,-75.79755556,2015-05-01,2015-06-24,2015-09-24,CORDOBA,SAN CARLOS,Grano seco,3906.9767441860463
2909,2645,2530,2596,2015-05-18,8.772527778,-75.76588889,2015-05-23,2015-07-16,2015-10-16,CORDOBA,SAN CARLOS,Grano seco,4186.0465116279065
2914,2646,2531,2597,2015-04-23,8.8131,-75.83429167,2015-04-29,2015-06-20,2015-09-22,CORDOBA,MONTERIA,Grano seco,3899.9999999999995
2915,2643,2532,2600,2015-05-18,8.791591667,-75.78126667,2015-05-23,2015-07-18,2015-10-07,CORDOBA,SAN CARLOS,Grano seco,4000.0
2917,2644,2529,2605,2015-04-20,8.753321353,-75.78672752,2015-04-25,2015-06-16,2015-09-12,CORDOBA,SAN CARLOS,Grano seco,4186.0465116279065
2921,2660,2549,2601,2015-05-01,8.810555556,-75.73305556,2015-05-06,2015-06-29,2015-09-17,CORDOBA,SAN CARLOS,Grano seco,4000.0
2923,2663,2548,2603,2015-04-24,8.8110556,-75.72244444,2015-04-30,2015-06-20,2015-09-15,CORDOBA,SAN CARLOS,Grano seco,3906.9767441860463
2924,2659,2550,2602,2015-05-23,8.8079722,-75.74019444,2015-05-29,2015-07-21,2015-10-13,CORDOBA,SAN CARLOS,Grano seco,3720.9302325581393
2925,2664,2547,2610,2015-05-02,8.84125,-75.74075,2015-05-08,2015-06-27,2015-09-22,CORDOBA,SAN CARLOS,Grano seco,3720.9302325581393
2926,2665,2546,2611,2015-04-24,8.8096667,-75.74386111,2015-04-30,2015-06-17,2015-09-17,CORDOBA,SAN CARLOS,Grano seco,3720.9302325581393
2935,2686,2561,2627,2015-05-02,8.807666667,-75.72919444,2015-05-08,2015-06-30,2015-09-18,CORDOBA,SAN CARLOS,Grano seco,4186.0465116279065
2936,2687,2562,2628,2015-04-23,8.823075,-75.72477778,2015-04-29,2015-06-20,2015-09-10,CORDOBA,SAN CARLOS,Grano seco,4172.093023255814
2937,2688,2563,2629,2015-05-23,8.8235,-75.72669444,2015-05-28,2015-07-17,2015-10-09,CORDOBA,SAN CARLOS,Grano seco,4186.0465116279065
2938,2689,2564,2630,2015-04-25,8.754472222,-75.80047222,2015-05-01,2015-06-24,2015-09-16,CORDOBA,SAN CARLOS,Grano seco,4279.069767441861
2940,2691,2566,2632,2015-04-28,8.803694444,-75.72613889,2015-05-04,2015-06-27,2015-09-17,CORDOBA,SAN CARLOS,Grano seco,4279.069767441861
2942,2693,2568,2634,2015-05-05,8.808666667,-75.7395,2015-05-11,2015-07-03,2015-09-25,CORDOBA,SAN CARLOS,Grano seco,4172.093023255814
2944,2675,2580,2648,2015-05-17,8.742694444,-75.84086111,2015-05-23,2015-07-16,2015-10-09,CORDOBA,MONTERIA,Grano seco,3906.9767441860463
2946,2677,2578,2646,2015-05-07,8.737,-75.84936111,2015-05-13,2015-06-29,2015-09-16,CORDOBA,MONTERIA,Grano seco,4186.0465116279065
2948,2679,2576,2644,2015-05-17,8.736194444,-75.81855556,2015-05-23,2015-07-15,2015-09-29,CORDOBA,MONTERIA,Grano seco,4093.0232558139533
2949,2678,2577,2645,2015-05-19,8.763063889,-75.80983333,2015-05-24,2015-07-13,2015-10-08,CORDOBA,SAN CARLOS,Grano seco,4386.046511627907
2950,2684,2571,2637,2015-05-06,8.807166667,-75.74736111,2015-05-12,2015-07-02,2015-09-16,CORDOBA,SAN CARLOS,Grano seco,4186.0465116279065
2952,2682,2573,2639,2015-05-19,8.790916667,-75.76744722,2015-05-25,2015-07-15,2015-10-09,CORDOBA,SAN CARLOS,Grano seco,4093.0232558139533
2953,2681,2574,2640,2015-05-15,8.789527778,-75.73305556,2015-05-20,2015-07-08,2015-10-10,CORDOBA,SAN CARLOS,Grano seco,4290.697674418605
2954,2680,2575,2641,2015-05-22,8.798472222,-75.72036111,2015-05-27,2015-07-17,2015-10-10,CORDOBA,SAN CARLOS,Grano seco,4186.0465116279065
3022,2744,2631,2696,2015-09-25,9.052035714,-75.71288942,2015-09-30,2015-11-14,2016-02-20,CORDOBA,CHIMA,Grano seco,5086.046511627907
3024,2746,2633,2701,2015-09-06,9.087861111,-75.77963889,2015-09-10,2015-10-27,2016-01-15,CORDOBA,COTORRA,Grano seco,5308.139534883721
3044,2766,2653,2713,2015-09-05,9.084722222,-75.79219444,2015-09-09,2015-10-25,2016-01-08,CORDOBA,COTORRA,Grano seco,2860.4651162790697
3048,2770,2657,2032,2015-09-10,9.091944444,-75.78177778,2015-09-14,2015-10-30,2016-01-15,CORDOBA,COTORRA,Grano seco,4767.441860465116
3103,2818,2704,2766,2015-09-10,8.877222222,-75.76638889,2015-09-16,2015-11-04,2016-01-26,CORDOBA,CERETE,Grano seco,4102.325581395348
3106,2827,2705,2767,2015-09-12,8.889444444,-75.71638889,2015-09-15,2015-11-04,2016-01-20,CORDOBA,CIENAGA DE ORO,Grano seco,2412.790697674419
3122,2841,2716,2779,2015-09-14,8.876944444,-75.7125,2015-09-20,2015-11-10,2016-01-27,CORDOBA,CIENAGA DE ORO,Grano seco,3579.0697674418607
3123,2829,2708,2769,2015-09-15,8.903888889,-75.70916667,2015-09-21,2015-11-04,2016-01-28,CORDOBA,CIENAGA DE ORO,Grano seco,3013.953488372093
3124,2842,2717,2780,2015-09-07,8.940555556,-75.69138889,2015-09-12,2015-10-29,2016-01-16,CORDOBA,CIENAGA DE ORO,Grano seco,3623.2558139534885
3125,2843,2718,2781,2015-09-20,8.938888889,-75.70611111,2015-09-25,2015-11-12,2016-01-29,CORDOBA,CIENAGA DE ORO,Grano seco,3337.2093023255816
3135,2853,2727,2793,2015-09-18,8.800833333,-75.77027778,,,2016-01-25,CORDOBA,SAN CARLOS,Grano seco,3813.953488372093
3145,2863,2737,2802,2015-09-17,9.086388913,-75.47948813,2015-09-22,2015-11-07,2016-02-02,CORDOBA,CHINU,Grano seco,1883.7209302325582
3146,2864,2738,2803,2015-09-19,9.085076,-75.479544,2015-09-24,2015-11-08,2016-02-05,CORDOBA,CHINU,Grano seco,1883.7209302325582
3147,2865,2739,2804,2015-09-16,9.086161,-75.480413,2015-09-21,2015-11-04,2016-01-27,CORDOBA,CHINU,Grano seco,1953.4883720930231
3148,2866,2740,2805,2015-09-20,9.084705,-75.479817,2015-09-25,2015-11-10,2016-02-05,CORDOBA,CHINU,Grano seco,2046.5116279069766
3157,2885,2759,2823,2015-09-29,9.086491,-75.481288,2015-10-05,2015-11-20,2016-02-11,CORDOBA,CHINU,Grano seco,2072.093023255814
3158,2886,2760,2824,2015-09-12,9.08667,-75.47807,2015-09-17,2015-11-03,2016-01-27,CORDOBA,CHINU,Grano seco,2354.6511627906975
3159,2887,2761,2824,2015-09-11,9.087096,-75.478679,2015-09-16,2015-11-02,2016-01-25,CORDOBA,CHINU,Grano seco,2046.5116279069766
3160,2888,2762,2825,2015-09-10,9.081459,-75.48853,2015-09-15,2015-10-31,2016-01-29,CORDOBA,CHINU,Grano seco,3674.4186046511627
3161,2889,2763,2826,2015-09-19,9.047109052,-75.71598758,2015-09-24,2015-11-10,2016-02-04,CORDOBA,CHIMA,Grano seco,2354.6511627906975
3164,2890,2764,2827,2015-09-14,9.086179254,-75.47875029,2015-09-19,2015-11-04,2016-02-02,CORDOBA,CHINU,Grano seco,3044.186046511628
3165,2891,2765,2828,2015-09-04,9.055785239,-75.71588854,2015-09-09,2015-10-05,2016-01-25,CORDOBA,CHIMA,Grano seco,2697.6744186046512
3170,2906,2780,2696,2015-10-04,9.058583,-75.721932,,,2016-02-16,CORDOBA,CHIMA,Grano seco,5274.418604651163
3171,2907,2781,2696,2015-10-08,9.057902,-75.720835,2015-10-13,2015-11-29,2016-02-19,CORDOBA,CHIMA,Grano seco,5180.232558139535
3172,2908,2782,2843,2015-10-02,9.072716,-75.71156,2015-10-07,2015-11-22,2016-02-25,CORDOBA,CHIMA,Grano seco,4709.302325581395
3173,2909,2783,2843,2015-10-03,9.073659,-75.712214,2015-10-08,2015-11-23,2016-02-26,CORDOBA,CHIMA,Grano seco,5180.232558139535
3174,2895,2769,2829,2015-09-18,9.103138889,-75.78111111,2015-09-22,2015-11-07,2016-01-28,CORDOBA,COTORRA,Grano seco,4343.023255813953
3175,2896,2770,2835,2015-09-23,9.089861111,-75.78255556,2015-09-27,2015-11-13,2016-02-05,CORDOBA,COTORRA,Grano seco,3088.372093023256
3176,2897,2771,2835,2015-09-25,9.106388889,-75.77525,2015-09-30,2015-11-17,2016-01-28,CORDOBA,COTORRA,Grano seco,5469.767441860465
3177,2898,2772,2833,2015-10-07,9.100305556,-75.78183333,2015-10-12,2015-11-29,2016-02-17,CORDOBA,COTORRA,Grano seco,2991.860465116279
3178,2899,2773,2832,2015-10-09,9.088722222,-75.78334722,2015-10-14,2015-12-01,2016-02-18,CORDOBA,COTORRA,Grano seco,5053.488372093024
3179,2900,2774,2831,2015-10-02,9.085055556,-75.79527778,2015-10-06,2015-11-22,2016-02-10,CORDOBA,COTORRA,Grano seco,4862.790697674419
3180,2901,2775,2834,2015-10-15,9.102888889,-75.77794444,2015-10-19,2015-12-04,2016-02-20,CORDOBA,COTORRA,Grano seco,4632.558139534884
3181,2902,2776,2834,2015-10-12,9.10225,-75.77480556,2015-10-16,2015-12-01,2016-02-20,CORDOBA,COTORRA,Grano seco,4825.581395348838
3182,2903,2777,2830,2015-09-26,9.095972222,-75.77058333,2015-10-01,2015-11-15,2016-02-08,CORDOBA,COTORRA,Grano seco,3909.3023255813955
3183,2904,2778,2842,2015-10-05,9.087805556,-75.77216667,2015-10-09,2015-11-27,2016-02-20,CORDOBA,COTORRA,Grano seco,4825.581395348838
3184,2905,2779,2842,2015-10-07,9.091166667,-75.78161111,2015-10-12,2015-11-30,2016-02-17,CORDOBA,COTORRA,Grano seco,3474.418604651163
3185,2910,2784,2843,2015-09-20,9.055756,-75.721094,2015-09-25,2015-11-10,2016-02-10,CORDOBA,CHIMA,Grano seco,5462.790697674419
3187,2911,2785,2844,2015-09-15,9.054708737,-75.71188857,2015-09-20,2015-11-05,2016-02-02,CORDOBA,CHIMA,Grano seco,4593.023255813953
3188,2912,2786,2845,2015-09-27,9.085388889,-75.78683333,2015-10-01,2015-11-17,2016-02-12,CORDOBA,COTORRA,Grano seco,5790.697674418605
3190,2916,2790,2847,2015-09-25,9.044573,-75.711397,2015-09-30,2015-11-16,2016-02-14,CORDOBA,CHIMA,Grano seco,5180.232558139535
3191,2913,2787,2845,2015-09-24,9.084333333,-75.79211111,2015-09-29,2015-11-16,2016-02-08,CORDOBA,COTORRA,Grano seco,5816.279069767442
3192,2914,2788,2846,2015-10-16,9.084833333,-75.79586111,2015-10-20,2015-12-08,2016-02-24,CORDOBA,COTORRA,Grano seco,5244.186046511628
3193,2773,2660,2717,2015-10-22,9.096194444,-75.7795,2015-10-25,2015-12-11,2016-02-27,CORDOBA,COTORRA,Grano seco,4958.139534883721
3194,2772,2659,2717,2015-10-27,9.092527778,-75.78080556,2015-11-02,2015-12-15,2016-03-07,CORDOBA,COTORRA,Grano seco,4958.139534883721
3195,2771,2658,2032,2015-10-27,9.093972222,-75.78094444,2015-11-01,2015-12-16,2016-03-03,CORDOBA,COTORRA,Grano seco,3909.3023255813955
3196,2917,2791,2847,2015-09-21,9.052995,-75.721589,2015-09-26,2015-11-11,2016-02-15,CORDOBA,CHIMA,Grano seco,5462.790697674419
3197,2918,2792,2847,2015-09-21,9.053074,-75.720717,2015-09-26,2015-11-11,2016-02-14,CORDOBA,CHIMA,Grano seco,5462.790697674419
3198,2919,2793,2848,2015-10-04,9.073187,-75.715748,2015-10-09,2015-11-24,2016-02-28,CORDOBA,CHIMA,Grano seco,4930.232558139534
3201,2920,2794,2849,2015-10-05,9.096694444,-75.78330556,2015-10-09,2015-11-26,2016-02-14,CORDOBA,COTORRA,Grano seco,4922.093023255814
3202,2921,2795,2849,2015-09-19,9.098361111,-75.78794444,2015-09-23,2015-11-08,2016-02-08,CORDOBA,COTORRA,Grano seco,4343.023255813953
3203,2922,2796,2829,2015-09-30,9.095805556,-75.78586111,2015-10-03,2015-11-17,2016-02-10,CORDOBA,COTORRA,Grano seco,4343.023255813953
3204,2923,2797,2337,2015-09-22,9.098638889,-75.78752778,2015-09-26,2015-11-13,2016-02-04,CORDOBA,COTORRA,Grano seco,4150.0
3205,2924,2798,2850,2015-10-13,9.096777778,-75.78288889,2015-10-17,2015-12-03,2016-02-22,CORDOBA,COTORRA,Grano seco,4004.651162790698
3206,2925,2799,2851,2015-10-30,9.096944444,-75.78258333,2015-11-03,2015-12-18,2016-03-12,CORDOBA,COTORRA,Grano seco,3377.906976744186
3207,2926,2800,2851,2015-10-24,9.0975,-75.78236111,2015-10-28,2015-12-12,2016-03-04,CORDOBA,COTORRA,Grano seco,3281.3953488372094
3208,2927,2801,2852,2015-10-07,9.094666667,-75.78672222,2015-10-12,2015-11-29,2016-02-22,CORDOBA,COTORRA,Grano seco,4439.53488372093
3209,2928,2802,2852,2015-10-05,9.097388889,-75.79263889,2015-10-10,2015-11-26,2016-02-16,CORDOBA,COTORRA,Grano seco,4958.139534883721
3210,2929,2803,2853,2015-10-20,9.093694444,-75.79683333,2015-10-24,2015-12-10,2016-02-27,CORDOBA,COTORRA,Grano seco,3763.953488372093
3211,2930,2804,2853,2015-10-25,9.093861111,-75.79622222,2015-10-29,2015-12-14,2016-03-02,CORDOBA,COTORRA,Grano seco,3860.46511627907
3212,2931,2805,2854,2015-11-03,9.099777778,-75.78208333,2015-11-07,2015-12-22,2016-03-12,CORDOBA,COTORRA,Grano seco,4150.0
3213,2932,2806,2854,2015-11-10,9.101138889,-75.78722222,2015-11-14,2015-12-30,2016-03-19,CORDOBA,COTORRA,Grano seco,4958.139534883721
3214,2933,2807,2850,2015-09-25,9.102305556,-75.77725,2015-09-29,2015-11-13,2016-02-15,CORDOBA,COTORRA,Grano seco,5079.069767441861
3215,2934,2808,2338,2015-09-30,9.103611111,-75.78127778,2015-10-04,2015-11-20,2016-02-15,CORDOBA,COTORRA,Grano seco,4862.790697674419
3216,2935,2809,2338,2015-09-27,9.103,-75.77763889,2015-10-01,2015-11-16,2016-02-08,CORDOBA,COTORRA,Grano seco,4729.069767441861
3217,2936,2810,2855,2015-09-22,9.102027778,-75.78261111,2015-09-26,2015-11-11,2016-02-02,CORDOBA,COTORRA,Grano seco,5018.604651162791
3218,2937,2811,2855,2015-10-15,9.099055556,-75.78236111,2015-10-19,2015-12-06,2016-02-27,CORDOBA,COTORRA,Grano seco,3763.953488372093
3219,2938,2812,2858,2015-10-22,9.087444444,-75.76272222,2015-10-26,2015-12-10,2016-03-02,CORDOBA,COTORRA,Grano seco,4150.0
3220,2939,2813,2858,2015-10-15,9.086555556,-75.76327778,2015-10-19,2015-12-06,2016-02-24,CORDOBA,COTORRA,Grano seco,5018.604651162791
3221,2940,2814,2711,2015-09-30,9.084944444,-75.77527778,2015-10-03,2015-11-19,2016-02-08,CORDOBA,COTORRA,Grano seco,4053.4883720930234
3222,2941,2815,2859,2015-10-15,9.086055556,-75.76325,2015-10-19,2015-12-05,2016-02-26,CORDOBA,COTORRA,Grano seco,4004.651162790698
3223,2942,2816,2859,2015-10-10,9.085638889,-75.76361111,2015-10-14,2015-11-30,2016-02-18,CORDOBA,COTORRA,Grano seco,4386.046511627907
3224,2943,2817,2860,2015-10-13,9.096722222,-75.76338889,2015-10-18,2015-12-04,2016-02-26,CORDOBA,COTORRA,Grano seco,4958.139534883721
3225,2944,2818,2860,2015-10-07,9.084638889,-75.76380556,2015-10-11,2015-11-27,2016-02-22,CORDOBA,COTORRA,Grano seco,4290.697674418605
3227,2946,2820,2861,2015-10-05,9.080944444,-75.76541667,2015-10-09,2015-11-27,2016-02-22,CORDOBA,COTORRA,Grano seco,4632.558139534884
3228,2947,2821,2862,2015-09-27,9.092277778,-75.78930556,2015-10-01,2015-11-17,2016-02-10,CORDOBA,COTORRA,Grano seco,2991.860465116279
3229,2948,2822,2862,2015-10-02,9.092194444,-75.79258333,2015-10-06,2015-11-22,2016-02-16,CORDOBA,COTORRA,Grano seco,3667.4418604651164
3230,2950,2823,2863,2015-09-30,9.09175,-75.78986111,2015-10-04,2015-11-20,2016-02-15,CORDOBA,COTORRA,Grano seco,1158.139534883721
3231,2951,2824,2863,2015-10-12,9.091472222,-75.79197222,2015-10-16,2015-12-02,2016-02-25,CORDOBA,COTORRA,Grano seco,3088.372093023256
3232,2952,2825,2864,2015-10-02,9.065557,-75.715645,2015-10-07,2015-11-25,2016-02-14,CORDOBA,CHIMA,Grano seco,4803.488372093023
3233,2953,2826,2865,2015-10-01,9.018071,-75.716401,2015-10-06,2015-11-23,2016-02-10,CORDOBA,CHIMA,Grano seco,4465.116279069767
3234,2954,2827,2866,2015-10-03,9.048907,-75.703847,2015-10-08,2015-11-25,2016-02-20,CORDOBA,CHIMA,Grano seco,4465.116279069767
3235,2955,2828,2867,2015-10-01,9.063812,-75.711692,2015-10-06,2015-11-23,2016-02-15,CORDOBA,CHIMA,Grano seco,4651.162790697675
3236,2956,2829,2868,2015-09-29,9.056145,-75.719443,2015-10-04,2015-11-20,2016-02-11,CORDOBA,CHIMA,Grano seco,4520.930232558139
3237,2957,2830,2848,2015-09-30,9.021023,-75.711247,2015-10-05,2015-11-22,2016-02-05,CORDOBA,CHIMA,Grano seco,5488.372093023256
3238,2958,2831,2848,2015-09-30,9.019901,-75.705749,2015-10-05,2015-11-21,2016-02-17,CORDOBA,CHIMA,Grano seco,5462.790697674419
3239,2959,2832,2869,2015-10-02,9.022509,-75.714584,2015-10-07,2015-11-23,2016-02-10,CORDOBA,CHIMA,Grano seco,5180.232558139535
3240,2960,2833,2869,2015-10-03,9.018342,-75.713147,2015-10-08,2015-11-23,2016-02-12,CORDOBA,CHIMA,Grano seco,5180.232558139535
3241,2961,2834,2869,2015-09-27,9.020812,-75.708218,2015-10-02,2015-11-17,2016-02-07,CORDOBA,CHIMA,Grano seco,5462.790697674419
3242,2962,2835,2870,2015-09-29,9.021598,-75.710789,2015-10-04,2015-11-22,2016-02-11,CORDOBA,CHIMA,Grano seco,5180.232558139535
3243,2963,2836,2871,2015-09-26,9.022381,-75.715431,2015-10-01,2015-11-17,2016-02-12,CORDOBA,CHIMA,Grano seco,5180.232558139535
3247,2967,2840,2875,2015-10-04,9.071874,-75.708838,2015-10-09,2015-11-24,2016-02-20,CORDOBA,CHIMA,Grano seco,4186.0465116279065
3248,2968,2842,2877,2015-10-01,9.03997,-75.712627,2015-10-06,2015-11-23,2016-02-16,CORDOBA,CHIMA,Grano seco,4186.0465116279065
3249,2969,2843,2878,2015-09-30,9.044866,-75.712903,2015-10-05,2015-11-23,2016-02-12,CORDOBA,CHIMA,Grano seco,4558.13953488372
3250,2970,2844,2879,2015-10-02,9.05793,-75.711451,2015-10-07,2015-11-23,2016-02-17,CORDOBA,CHIMA,Grano seco,4501.162790697675
3251,2971,2845,2879,2015-10-02,9.059304,-75.711266,2015-10-07,2015-11-24,2016-02-16,CORDOBA,CHIMA,Grano seco,4558.13953488372
3252,2972,2846,2881,2015-10-05,9.050729,-75.715362,2015-10-10,2015-11-26,2016-02-19,CORDOBA,CHIMA,Grano seco,4709.302325581395
3253,2973,2847,2882,2015-10-08,9.04904,-75.704237,,,2016-02-25,CORDOBA,CHIMA,Grano seco,4651.162790697675
3254,2974,2848,2883,2015-10-01,9.033473,-75.709733,2015-10-06,2015-11-22,2016-02-10,CORDOBA,CHIMA,Grano seco,4776.7441860465115
3255,2975,2849,2884,2015-10-02,9.01774,-75.721838,2015-10-07,2015-11-24,2016-02-23,CORDOBA,CHIMA,Grano seco,4593.023255813953
3256,2986,2860,2892,2015-09-18,9.086749,-75.473112,2015-09-23,2015-11-09,2016-01-30,CORDOBA,CHINU,Grano seco,3390.6976744186045
3257,2987,2861,2893,2015-09-21,9.087955,-75.479891,2015-09-26,2015-11-11,2016-02-03,CORDOBA,CHINU,Grano seco,3441.860465116279
3258,2989,2863,2895,2015-09-15,9.086241,-75.483377,2015-09-20,2015-11-06,2016-02-03,CORDOBA,CHINU,Grano seco,3534.8837209302324
3259,2988,2862,2893,2015-09-23,9.089346,-75.476251,2015-09-28,2015-11-14,2016-02-05,CORDOBA,CHINU,Grano seco,3484.883720930233
3260,2990,2864,2895,2015-09-17,9.084214,-75.485313,2015-09-22,2015-11-08,2016-02-05,CORDOBA,CHINU,Grano seco,3673.2558139534885
3261,2991,2865,2896,2015-09-26,9.082154,-75.482692,2015-10-01,2015-11-17,2016-02-15,CORDOBA,CHINU,Grano seco,3441.860465116279
3262,2992,2866,2896,2015-09-27,9.079658,-75.478019,2015-10-02,2015-11-16,2016-02-17,CORDOBA,CHINU,Grano seco,3296.5116279069766
3263,2993,2867,2897,2015-09-19,9.092197,-75.481955,2015-09-24,2015-11-10,2016-02-09,CORDOBA,CHINU,Grano seco,3348.8372093023254
3264,2994,2868,2897,2015-09-21,9.094247,-75.482541,2015-09-26,2015-11-12,2016-02-11,CORDOBA,CHINU,Grano seco,3162.7906976744184
3265,2995,2869,2900,2015-09-20,9.081186,-75.491023,2015-09-25,2015-11-06,2016-02-06,CORDOBA,CHINU,Grano seco,3255.813953488372
3266,2996,2870,2900,2015-09-19,9.080488,-75.489056,2015-09-24,2015-11-10,2016-02-04,CORDOBA,CHINU,Grano seco,3579.0697674418607
3267,2976,2850,2885,2015-10-19,9.098333333,-75.75386111,2015-10-24,2015-12-09,2016-02-25,CORDOBA,COTORRA,Grano seco,4862.790697674419
3268,2977,2851,2885,2015-10-08,9.097472222,-75.75408333,2015-10-12,2015-11-26,2016-02-16,CORDOBA,COTORRA,Grano seco,4481.395348837209
3270,2979,2853,2886,2015-10-01,9.098,-75.75513889,2015-10-05,2015-11-21,2016-02-20,CORDOBA,COTORRA,Grano seco,5244.186046511628
3271,2980,2854,2887,2015-10-02,9.093888889,-75.75913889,2015-10-06,2015-11-21,2016-02-13,CORDOBA,COTORRA,Grano seco,3051.1627906976746
3273,2982,2856,2888,2015-09-24,9.086305556,-75.759,2015-09-28,2015-11-14,2016-02-04,CORDOBA,COTORRA,Grano seco,3051.1627906976746
3274,2983,2857,2889,2015-10-25,9.080194444,-75.76011111,2015-10-30,2015-12-15,2016-02-08,CORDOBA,COTORRA,Grano seco,4825.581395348838
3275,2984,2858,2889,2015-10-21,9.08825,-75.784,2015-10-25,2015-12-11,2016-03-03,CORDOBA,COTORRA,Grano seco,4536.046511627907
3276,2985,2859,2890,2015-10-26,9.096805556,-75.75455556,2015-10-30,2015-12-15,2016-03-03,CORDOBA,COTORRA,Grano seco,4576.7441860465115
3277,2997,2871,2901,2015-10-17,9.096277778,-75.75436111,2015-10-21,2015-12-05,2016-02-23,CORDOBA,COTORRA,Grano seco,5816.279069767442
3278,2998,2872,2901,2015-09-28,9.097166667,-75.75355556,2015-10-02,2015-11-15,2016-02-09,CORDOBA,COTORRA,Grano seco,5339.53488372093
3279,2999,2873,2902,2015-10-05,9.096666667,-75.75327778,2015-10-09,2015-11-25,2016-02-20,CORDOBA,COTORRA,Grano seco,5148.837209302325
3280,3000,2874,2903,2015-09-25,9.302305556,-75.72805556,2015-09-30,2015-11-20,2016-02-12,CORDOBA,PURISIMA DE LA CONCEPCION,Grano seco,1525.5813953488373
3281,3001,2875,2899,2015-09-19,9.09004,-75.485781,2015-09-24,2015-11-15,2016-02-07,CORDOBA,CHINU,Grano seco,2825.5813953488373
3282,3002,2876,2899,2015-09-21,9.090589,-75.4842,2015-09-26,2015-11-13,2016-02-08,CORDOBA,CHINU,Grano seco,2790.6976744186045
3285,3005,2879,2905,2015-10-03,8.996124,-75.71593,2015-10-08,2015-11-24,2016-02-15,CORDOBA,CHIMA,Grano seco,4050.0
3286,3006,2880,2905,2015-10-04,8.993298,-75.729085,2015-10-09,2015-11-25,2016-02-16,CORDOBA,CHIMA,Grano seco,4144.186046511628
3287,3007,2881,2905,2015-10-04,8.99237,-75.727807,2015-10-09,2015-11-24,2016-02-16,CORDOBA,CHIMA,Grano seco,4144.186046511628
3290,3010,2884,2907,2015-10-03,9.03137,-75.713473,2015-10-08,2015-11-24,2016-02-19,CORDOBA,CHIMA,Grano seco,3627.906976744186
3291,3011,2885,2907,2015-10-03,9.035617,-75.711574,2015-10-08,2015-11-24,2016-02-17,CORDOBA,CHIMA,Grano seco,3720.9302325581393
3292,3012,2886,2908,2015-09-23,9.04593,-75.712621,2015-09-28,2015-11-13,2016-02-10,CORDOBA,CHIMA,Grano seco,2825.5813953488373
3293,3013,2887,2908,2015-10-05,9.047084,-75.714414,2015-10-11,2015-11-27,2016-02-28,CORDOBA,CHIMA,Grano seco,1286.046511627907
3294,3014,2888,2909,2015-10-06,9.046754,-75.713731,2015-10-11,2015-11-25,2016-02-25,CORDOBA,CHIMA,Grano seco,1116.2790697674418
3295,3015,2889,2909,2015-10-06,9.04812,-75.714572,2015-10-11,2015-11-26,2016-02-25,CORDOBA,CHIMA,Grano seco,1116.2790697674418
3297,3016,2890,2910,2015-10-06,9.096027778,-75.75372222,2015-10-10,2015-11-26,2016-02-22,CORDOBA,COTORRA,Grano seco,5053.488372093024
3298,3017,2891,2911,2015-09-26,9.09525,-75.75519444,2015-09-30,2015-11-11,2016-02-08,CORDOBA,COTORRA,Grano seco,4767.441860465116
3299,3018,2892,2911,2015-10-09,9.096277778,-75.75361111,2015-10-13,2015-11-30,2016-02-20,CORDOBA,COTORRA,Grano seco,4958.139534883721
3300,3019,2893,2912,2015-09-13,9.284944444,-75.72913889,2015-09-18,2015-11-06,2016-01-28,CORDOBA,PURISIMA DE LA CONCEPCION,Grano seco,1716.279069767442
3301,3020,2894,2913,2015-09-27,9.300194444,-75.72905556,2015-10-02,2015-11-18,2016-02-10,CORDOBA,PURISIMA DE LA CONCEPCION,Grano seco,1758.139534883721
3302,3021,2895,2914,2015-09-27,9.300333333,-75.72869444,2015-10-01,2015-10-18,2016-02-10,CORDOBA,PURISIMA DE LA CONCEPCION,Grano seco,1906.9767441860465
3303,3022,2896,2916,2015-10-02,9.038552,-75.704042,2015-10-07,2015-11-23,2016-02-17,CORDOBA,CHIMA,Grano seco,4426.7441860465115
3304,3023,2897,2917,2015-09-20,9.045707,-75.713927,2015-09-25,2015-11-10,2016-02-10,CORDOBA,CHIMA,Grano seco,2976.7441860465115
3305,3024,2898,2918,2015-09-22,9.048756,-75.717825,2015-09-27,2015-11-13,2016-02-09,CORDOBA,CHIMA,Grano seco,3767.4418604651164
3306,3025,2899,2919,2015-09-20,9.00604,-75.717699,2015-09-25,2015-11-11,2016-02-08,CORDOBA,CHIMA,Grano seco,3906.9767441860463
3307,3026,2900,2919,2015-09-20,9.002675,-75.720365,2015-09-25,2015-11-12,2016-02-09,CORDOBA,CHIMA,Grano seco,3955.813953488372
3308,3027,2901,2920,2015-09-25,9.004191,-75.719761,2015-09-30,2015-11-16,2016-02-10,CORDOBA,CHIMA,Grano seco,4144.186046511628
3309,3028,2902,2920,2015-09-26,9.004403,-75.716498,2015-10-01,2015-11-18,2016-02-12,CORDOBA,CHIMA,Grano seco,3767.4418604651164
3310,3029,2903,2921,2015-09-26,9.017037,-75.723997,2015-10-01,2015-11-16,2016-02-14,CORDOBA,CHIMA,Grano seco,4133.720930232558
3311,3030,2904,2922,2015-09-27,9.016456,-75.72213,2015-10-02,2015-11-17,2016-02-13,CORDOBA,CHIMA,Grano seco,3767.4418604651164
3312,3031,2905,2923,2015-09-28,9.006655,-75.721523,2015-10-03,2015-11-19,2016-02-18,CORDOBA,CHIMA,Grano seco,3673.2558139534885
3313,3032,2906,2923,2015-09-28,9.006335,-75.718981,2015-10-03,2015-11-19,2016-02-19,CORDOBA,CHIMA,Grano seco,3673.2558139534885
3314,3033,2907,2867,2015-09-25,9.01016,-75.714422,2015-09-30,2015-11-16,2016-02-09,CORDOBA,CHIMA,Grano seco,3767.4418604651164
3315,3034,2908,2924,2015-09-25,9.010184,-75.712511,2015-09-30,2015-11-16,2016-02-08,CORDOBA,CHIMA,Grano seco,4050.0
3316,3035,2909,2925,2015-09-27,9.012236,-75.708478,2015-10-02,2015-11-17,2016-02-12,CORDOBA,CHIMA,Grano seco,3296.5116279069766
3317,3036,2910,2925,2015-09-29,9.012153,-75.710816,2015-10-04,2015-11-19,2016-02-13,CORDOBA,CHIMA,Grano seco,3579.0697674418607
3318,3037,2911,2926,2015-10-02,9.01387,-75.713901,2015-10-08,2015-11-24,2016-02-19,CORDOBA,CHIMA,Grano seco,3861.6279069767443
3319,3038,2912,2927,2015-10-01,9.015692,-75.715546,2015-10-06,2015-11-22,2016-02-21,CORDOBA,CHIMA,Grano seco,3861.6279069767443
3320,3039,2913,2927,2015-10-01,9.014392,-75.713173,2015-10-06,2015-11-22,2016-02-20,CORDOBA,CHIMA,Grano seco,3720.9302325581393
3321,3040,2914,2928,2015-10-03,9.015161,-75.715054,2015-10-08,2015-11-24,2016-02-18,CORDOBA,CHIMA,Grano seco,3673.2558139534885
3322,3041,2915,2928,2015-10-04,9.016512,-75.718249,2015-10-09,2015-11-25,2016-02-19,CORDOBA,CHIMA,Grano seco,3673.2558139534885
3323,3042,2916,2929,2015-09-28,9.011467,-75.715316,2015-10-03,2015-11-19,2016-02-24,CORDOBA,CHIMA,Grano seco,3767.4418604651164
3324,3043,2917,2929,2015-09-27,9.014724,-75.719888,2015-10-02,2015-11-18,2016-02-20,CORDOBA,CHIMA,Grano seco,3767.4418604651164
3325,3044,2918,2934,2015-09-25,9.014047,-75.714875,2015-09-30,2015-11-15,2016-02-16,CORDOBA,CHIMA,Grano seco,3861.6279069767443
3326,3045,2922,2934,2015-09-26,9.015022,-75.717148,2015-10-01,2015-11-16,2016-02-14,CORDOBA,CHIMA,Grano seco,3861.6279069767443
3328,3046,2919,2930,2015-09-27,9.076388889,-75.79263889,2015-10-01,2015-11-17,2016-02-10,CORDOBA,COTORRA,Grano seco,4922.093023255814
3329,3047,2920,2930,2015-09-15,9.094222222,-75.75283333,2015-09-20,2015-11-07,2016-02-28,CORDOBA,COTORRA,Grano seco,5720.930232558139
3330,3048,2921,2902,2015-09-22,9.094944444,-75.75352778,2015-09-27,2015-11-12,2016-02-08,CORDOBA,COTORRA,Grano seco,5148.837209302325
3331,3049,2923,2931,2015-10-02,9.078333333,-75.78247222,2015-10-06,2015-11-22,2016-02-12,CORDOBA,COTORRA,Grano seco,4922.093023255814
3332,3050,2924,2931,2015-10-05,9.066472222,-75.79111111,2015-10-09,2015-11-26,2016-02-18,CORDOBA,COTORRA,Grano seco,5597.674418604652
3333,3051,2925,2932,2015-10-01,9.064027778,-75.79536111,2015-10-05,2015-11-22,2016-02-15,CORDOBA,COTORRA,Grano seco,5597.674418604652
3334,3052,2926,2932,2015-10-02,9.065027778,-75.79625,2015-10-06,2015-11-23,2016-02-12,CORDOBA,COTORRA,Grano seco,5404.6511627906975
3335,3053,2927,2933,2015-10-05,9.075027778,-75.79947222,2015-10-09,2015-11-25,2016-02-18,CORDOBA,COTORRA,Grano seco,5053.488372093024
3336,3054,2928,2933,2015-09-23,9.071555556,-75.80072222,2015-09-25,2015-11-13,2016-02-10,CORDOBA,LORICA,Grano seco,4922.093023255814
3337,3055,2929,2930,2015-09-30,9.078722222,-75.78580556,2015-10-04,2015-11-20,2016-02-13,CORDOBA,COTORRA,Grano seco,5115.116279069768
3339,3057,2932,2941,2015-09-15,9.080777778,-75.76388889,2015-09-19,2015-11-06,2016-01-28,CORDOBA,COTORRA,Grano seco,4958.139534883721
3340,3058,2933,2941,2015-09-20,9.068277778,-75.79202778,2015-09-24,2015-11-09,2016-02-03,CORDOBA,LORICA,Grano seco,5597.674418604652
3341,3059,2934,2941,2015-10-03,9.078388889,-75.79433333,2015-10-07,2015-11-23,2016-02-13,CORDOBA,COTORRA,Grano seco,5308.139534883721
3342,3060,2935,2942,2015-10-13,9.081027778,-75.78594444,2015-10-17,2015-12-03,2016-02-25,CORDOBA,COTORRA,Grano seco,5530.232558139535
3343,3061,2936,2942,2015-10-05,9.08075,-75.78605556,2015-10-09,2015-11-25,2016-02-16,CORDOBA,COTORRA,Grano seco,5308.139534883721
3344,3062,2937,2833,2015-09-18,9.080444444,-75.76375,2015-09-22,2015-11-08,2016-01-26,CORDOBA,COTORRA,Grano seco,5434.883720930233
3345,3063,2938,2914,2015-10-10,9.296055556,-75.73041667,2015-10-14,2015-11-30,2016-02-25,CORDOBA,PURISIMA DE LA CONCEPCION,Grano seco,2002.325581395349
3346,3064,2939,2903,2015-09-26,9.297694444,-75.72983333,2015-10-01,2015-11-14,2016-02-15,CORDOBA,PURISIMA DE LA CONCEPCION,Grano seco,2123.2558139534885
3347,3065,2940,2913,2015-10-02,9.295694444,-75.73041667,2015-10-06,2015-11-22,2016-02-12,CORDOBA,PURISIMA DE LA CONCEPCION,Grano seco,2193.0232558139537
3348,3066,2941,2833,2015-09-28,9.08025,-75.79641667,2015-10-02,2015-11-18,2016-02-09,CORDOBA,COTORRA,Grano seco,5339.53488372093
3690,3507,3535,3668,2016-05-04,8.789545688,-75.86059753,2016-05-09,2016-06-25,2016-09-24,CORDOBA,MONTERIA,Grano seco,6216.279069767442
3698,3516,3547,3688,2016-05-14,8.883282,-75.76421,2016-05-19,2016-07-04,2016-09-24,CORDOBA,CERETE,Grano seco,6404.6511627906975
3699,3517,3548,3688,2016-05-17,8.879416,-75.761472,2016-05-23,2016-07-08,2016-09-25,CORDOBA,CERETE,Grano seco,6102.325581395349
3701,3518,3549,3688,2016-05-17,8.878599,-75.761976,2016-05-27,2016-07-07,2016-09-29,CORDOBA,CERETE,Grano seco,5462.790697674419
3713,3540,3571,1901,2016-04-28,9.10204861,-75.80902836,2016-05-02,2016-06-20,2016-08-22,CORDOBA,LORICA,Grano seco,6076.7441860465115
3732,3559,3653,3793,2016-05-13,9.038861111,-75.84158333,2016-05-17,2016-07-03,2016-09-19,CORDOBA,COTORRA,Grano seco,4767.441860465116
3739,3569,3657,3795,2016-04-30,8.093797,-76.144728,2016-05-05,2016-06-20,2016-09-12,CORDOBA,TIERRALTA,Grano seco,5462.790697674419
3741,3571,3654,3793,2016-05-10,9.036888889,-75.8435,2016-05-14,2016-06-29,2016-09-19,CORDOBA,COTORRA,Grano seco,5244.186046511628
3744,3582,3659,2444,2016-05-05,8.290717775,-76.16081947,2016-05-10,2016-06-26,2016-09-13,CORDOBA,VALENCIA,Grano seco,6593.023255813953
3751,3586,3663,2444,2016-04-25,8.291332116,-76.15985324,2016-04-30,2016-06-17,2016-09-07,CORDOBA,VALENCIA,Grano seco,6511.627906976744
3775,3631,3667,3808,2016-05-10,9.111805556,-75.79344444,2016-05-14,2016-06-29,2016-09-22,CORDOBA,LORICA,Grano seco,2637.2093023255816
3815,3667,3700,2452,2016-05-16,8.902501,-75.816172,2016-05-21,2016-07-04,2016-09-30,CORDOBA,CERETE,Grano seco,5116.279069767442
3816,3668,3669,3806,2016-05-04,9.039805556,-75.84138889,2016-05-08,2016-06-26,2016-09-19,CORDOBA,COTORRA,Grano seco,5651.162790697675
3817,3633,3670,3807,2016-04-25,9.044055556,-75.84233333,2016-04-29,2016-06-14,2016-09-05,CORDOBA,COTORRA,Grano seco,6197.674418604652
3818,3643,3673,3810,2016-05-17,9.050611111,-75.84113889,2016-05-22,2016-07-07,2016-09-29,CORDOBA,COTORRA,Grano seco,4767.441860465116
3819,3644,3671,3807,2016-05-16,9.043305556,-75.84308333,2016-05-20,2016-07-04,2016-09-26,CORDOBA,COTORRA,Grano seco,6122.093023255814
3820,3632,3668,3808,2016-05-09,9.110763958,-75.79216235,2016-05-13,2016-06-27,2016-09-21,CORDOBA,LORICA,Grano seco,3013.953488372093
3821,3642,3672,3809,2016-04-27,9.0495,-75.84208333,2016-05-02,2016-06-14,2016-09-08,CORDOBA,COTORRA,Grano seco,4290.697674418605
3824,3671,3710,2084,2016-05-09,9.0844779,-75.81954011,2016-05-13,2016-07-01,2016-09-19,CORDOBA,LORICA,Grano seco,4958.139534883721
3825,3672,3711,2006,2016-05-03,9.09360193,-75.81657023,,,2016-09-19,CORDOBA,LORICA,Grano seco,5339.53488372093
3826,3673,3712,2094,2016-05-04,9.13729631,-75.782161,2016-05-06,2016-06-23,2016-09-12,CORDOBA,LORICA,Grano seco,5816.279069767442
3828,3675,3714,2292,2016-05-02,9.09645356,-75.80016104,2016-05-06,2016-06-20,2016-09-14,CORDOBA,LORICA,Grano seco,5911.627906976744
3829,3676,3714,2292,2016-05-03,9.095222222,-75.79894267,2016-05-07,2016-06-23,2016-09-12,CORDOBA,LORICA,Grano seco,5651.162790697675
3830,3677,3716,2293,2016-05-07,9.10577192,-75.82050123,2016-05-12,2016-06-27,2016-09-19,CORDOBA,LORICA,Grano seco,4897.674418604651
3849,3692,3730,2124,2016-06-06,8.90189,-75.808437,2016-06-11,2016-07-27,2016-10-21,CORDOBA,CERETE,Grano seco,5260.46511627907
3851,3693,3731,2018,2016-05-19,8.90332,-75.807652,2016-05-24,2016-07-09,2016-10-02,CORDOBA,CERETE,Grano seco,6046.511627906977
3853,3694,3732,3883,2016-05-27,8.903374,-75.814942,2016-06-01,2016-07-16,2016-10-10,CORDOBA,CERETE,Grano seco,6122.093023255814
3856,3695,3733,2072,2016-05-10,8.901414,-75.809894,2016-05-15,2016-06-30,2016-09-21,CORDOBA,CERETE,Grano seco,5933.720930232558
3857,3696,3734,1841,2016-04-28,8.965797,-75.797579,2016-05-03,2016-06-18,2016-09-14,CORDOBA,SAN PELAYO,Grano seco,6310.46511627907
3859,3697,3735,3884,2016-05-15,8.924428,-75.779568,2016-05-20,2016-07-06,2016-09-25,CORDOBA,CERETE,Grano seco,6046.511627906977
3860,3698,3736,3884,2016-05-14,8.927153,-75.773955,2016-05-19,2016-07-05,2016-09-23,CORDOBA,CERETE,Grano seco,6046.511627906977
3862,3699,3737,3884,2016-05-06,8.925662,-75.766891,2016-05-11,2016-06-26,2016-09-18,CORDOBA,CERETE,Grano seco,6325.581395348837
3864,3700,3738,4403,2016-05-07,8.890839899,-75.71352481,2016-05-12,2016-06-28,2016-09-19,CORDOBA,CIENAGA DE ORO,Grano seco,5302.325581395349
3865,3701,3944,4404,2016-05-12,8.853660985,-75.76653331,2016-05-17,2016-07-02,2016-09-20,CORDOBA,CERETE,Grano seco,6027.906976744186
3866,3710,3949,4404,2016-05-04,8.852078,-75.76734,2016-05-09,2016-06-24,2016-09-17,CORDOBA,CERETE,Grano seco,6027.906976744186
3881,3715,3952,4406,2016-06-21,8.866457,-75.547978,2016-06-26,2016-08-10,2016-10-25,CORDOBA,CIENAGA DE ORO,Grano seco,4615.116279069767
3882,3716,3953,4406,2016-05-21,8.866864,-75.547018,2016-05-26,2016-07-11,2016-10-27,CORDOBA,CIENAGA DE ORO,Grano seco,4615.116279069767
3883,3717,3954,4407,2016-05-12,8.869424,-75.761638,2016-05-17,2016-07-01,2016-09-26,CORDOBA,CERETE,Grano seco,5603.488372093023
3885,3718,3955,4409,2016-05-01,8.884154997,-75.66766063,2016-05-06,2016-06-22,2016-09-20,CORDOBA,CIENAGA DE ORO,Grano seco,6338.372093023256
3888,3719,3956,4409,2016-05-02,8.884766,-75.664246,2016-05-07,2016-06-24,2016-09-20,CORDOBA,CIENAGA DE ORO,Grano seco,6613.953488372093
3890,3720,3957,4409,2016-05-02,8.885,-75.664273,2016-05-07,2016-06-24,2016-09-20,CORDOBA,CIENAGA DE ORO,Grano seco,6613.953488372093
3910,3679,3723,2006,2016-04-28,9.097116762,-75.80826236,2016-05-02,2016-06-13,2016-09-15,CORDOBA,LORICA,Grano seco,5983.720930232558
3911,3686,3718,1950,2016-05-03,9.117961628,-75.79176588,2016-05-08,2016-06-26,2016-09-14,CORDOBA,LORICA,Grano seco,5434.883720930233
3912,3685,3719,1950,2016-05-08,9.117717983,-75.79685345,2016-05-12,2016-06-30,2016-09-20,CORDOBA,LORICA,Grano seco,5816.279069767442
3913,3684,3722,1901,2016-04-30,9.097371015,-75.80527974,2016-05-04,2016-06-19,2016-09-10,CORDOBA,LORICA,Grano seco,5933.720930232558
3914,3683,3721,1901,2016-05-01,9.096481128,-75.80716802,2016-05-05,2016-06-21,2016-09-19,CORDOBA,LORICA,Grano seco,5720.930232558139
3915,3682,3724,2095,2016-04-29,9.142084408,-75.80798791,2016-05-04,2016-06-22,2016-09-12,CORDOBA,LORICA,Grano seco,5244.186046511628
3916,3681,3720,1859,2016-05-01,9.090251857,-75.81590129,2016-05-05,2016-06-19,2016-09-13,CORDOBA,LORICA,Grano seco,5720.930232558139
3917,3680,3725,2095,2016-05-02,9.139097296,-75.80645101,2016-05-06,2016-06-23,2016-09-12,CORDOBA,LORICA,Grano seco,5530.232558139535
3918,3724,3960,4411,2016-05-05,9.142211519,-75.8074166,2016-05-09,2016-06-27,2016-09-12,CORDOBA,LORICA,Grano seco,5816.279069767442
3920,3733,3969,1934,2016-05-06,9.100183232,-75.799393,2016-05-10,2016-06-25,2016-09-14,CORDOBA,LORICA,Grano seco,5434.883720930233
3921,3734,3970,2083,2016-05-05,9.105405935,-75.8036524,2016-05-10,2016-06-28,2016-09-20,CORDOBA,LORICA,Grano seco,5148.837209302325
3923,3735,3971,4411,2016-04-30,9.103785104,-75.79683958,2016-05-03,2016-06-20,2016-09-20,CORDOBA,LORICA,Grano seco,6176.744186046512
3924,3736,3972,1826,2016-05-10,8.973631304,-75.62940243,2016-05-14,2016-06-28,2016-09-21,CORDOBA,CIENAGA DE ORO,Grano seco,6006.976744186047
3926,3737,3973,1826,2016-05-12,8.97424066,-75.62895182,2016-05-16,2016-07-01,2016-09-14,CORDOBA,CIENAGA DE ORO,Grano seco,5816.279069767442
3927,3738,3974,1866,2016-05-01,9.0777381,-75.81147722,2016-05-05,2016-06-23,2016-09-13,CORDOBA,LORICA,Grano seco,5911.627906976744
3929,3739,3975,1856,2016-05-10,9.089519473,-75.8148758,2016-05-14,2016-06-30,2016-09-20,CORDOBA,LORICA,Grano seco,6102.325581395349
3930,3740,3976,2294,2016-05-06,9.141046636,-75.80854581,2016-05-10,2016-06-24,2016-09-14,CORDOBA,LORICA,Grano seco,5816.279069767442
3931,3741,3977,2035,2016-05-02,9.091208537,-75.8159503,2016-05-07,2016-06-23,2016-09-12,CORDOBA,LORICA,Grano seco,5339.53488372093
3932,3742,3978,2081,2016-05-10,9.10624047,-75.793651,2016-05-15,2016-06-29,2016-09-19,CORDOBA,LORICA,Grano seco,5911.627906976744
3935,3745,3980,1856,2016-05-07,9.126058,-75.810424,2016-05-12,2016-06-30,2016-09-18,CORDOBA,LORICA,Grano seco,5434.883720930233
3936,3750,3984,2094,2016-05-02,9.138218667,-75.78009016,2016-05-06,2016-06-20,2016-09-13,CORDOBA,LORICA,Grano seco,5244.186046511628
3937,3743,3979,2293,2016-05-12,9.094586883,-75.81618215,2016-05-16,2016-06-29,2016-09-24,CORDOBA,LORICA,Grano seco,4767.441860465116
3939,3744,3987,4420,2016-05-08,9.132434238,-75.80295331,2016-05-12,2016-06-27,2016-09-20,CORDOBA,LORICA,Grano seco,5053.488372093024
3940,3746,3981,2084,2016-05-13,9.10332,-75.802564,2016-05-17,2016-07-04,2016-09-27,CORDOBA,LORICA,Grano seco,5625.581395348838
3942,3747,3982,2083,2016-05-04,9.0711323,-75.82568547,2016-05-09,2016-06-28,2016-09-12,CORDOBA,LORICA,Grano seco,5339.53488372093
3943,3748,3983,1866,2016-05-04,9.09352618,-75.812823,2016-05-09,2016-06-27,2016-09-15,CORDOBA,LORICA,Grano seco,5625.581395348838
3944,3749,3985,4421,2016-05-10,9.143764,-75.80599,2016-05-14,2016-07-01,2016-09-21,CORDOBA,LORICA,Grano seco,6388.372093023256
3945,3751,3986,4421,2016-05-05,9.143957,-75.805816,2016-05-09,2016-06-27,2016-09-20,CORDOBA,LORICA,Grano seco,5911.627906976744
3946,3752,3988,4420,2016-05-10,9.133218292,-75.80177315,2016-05-14,2016-06-30,2016-09-29,CORDOBA,LORICA,Grano seco,6006.976744186047
3957,3753,3991,1825,2016-05-15,9.18392978,-75.819602,2016-05-19,2016-07-05,2016-10-07,CORDOBA,LORICA,Grano seco,5983.720930232558
3958,3754,3989,1825,2016-05-16,9.189860866,-75.827498,2016-05-20,2016-07-06,2016-10-05,CORDOBA,LORICA,Grano seco,5434.883720930233
3960,3755,3990,1825,2016-05-12,9.1885899,-75.822391,2016-05-16,2016-07-01,2016-10-07,CORDOBA,LORICA,Grano seco,5720.930232558139
3961,3756,3993,2296,2016-05-08,9.080824,-75.805603,2016-05-12,2016-06-28,2016-09-20,CORDOBA,LORICA,Grano seco,4576.7441860465115
3963,3757,3992,2005,2016-05-06,9.101491,-75.8014413,2016-05-10,2016-06-27,2016-09-13,CORDOBA,LORICA,Grano seco,5911.627906976744
3981,3828,4065,2375,2016-05-07,8.937039,-75.846975,2016-05-12,2016-06-27,2016-09-18,CORDOBA,SAN PELAYO,Grano seco,5953.488372093023
3983,3830,4067,2375,2016-05-04,8.941885,-75.840199,2016-05-09,2016-06-24,2016-09-20,CORDOBA,SAN PELAYO,Grano seco,5556.976744186047
3984,3831,4068,2375,2016-05-04,8.934458,-75.843326,2016-05-09,2016-06-25,2016-09-19,CORDOBA,SAN PELAYO,Grano seco,5651.162790697675
4153,3922,4107,1935,2016-05-07,9.11741654,-75.7905052,2016-05-11,2016-06-27,2016-09-13,CORDOBA,LORICA,Grano seco,6102.325581395349
4155,3923,4108,2333,2016-05-07,8.87738869,-75.6570195,2016-05-11,2016-06-28,2016-09-28,CORDOBA,CIENAGA DE ORO,Grano seco,6466.279069767442
4156,3924,4109,2231,2016-05-06,8.961855,-75.6415194,2016-05-10,2016-06-27,2016-09-13,CORDOBA,CIENAGA DE ORO,Grano seco,5086.046511627907
4157,3925,4110,2085,2016-05-05,9.126354,-75.814849,2016-05-10,2016-06-27,2016-09-14,CORDOBA,LORICA,Grano seco,5053.488372093024
4158,3926,4111,2236,2016-05-04,8.955638111,-75.6465176,2016-05-08,2016-06-25,2016-09-12,CORDOBA,CIENAGA DE ORO,Grano seco,5530.232558139535
4159,3927,4112,2233,2016-05-04,8.952862,-75.650758,,,2016-09-14,CORDOBA,CIENAGA DE ORO,Grano seco,6388.372093023256
4161,3928,4113,2287,2016-05-06,9.14875529,-75.803851,2016-05-10,2016-06-26,2016-09-19,CORDOBA,LORICA,Grano seco,5148.837209302325
4162,3929,4114,1953,2016-05-10,9.13781184,-75.77742913,2016-05-15,2016-07-01,2016-09-20,CORDOBA,LORICA,Grano seco,4862.790697674419
4163,3930,4115,1991,2016-05-07,8.954516272,-75.6362673,2016-05-11,2016-07-02,2016-09-13,CORDOBA,CIENAGA DE ORO,Grano seco,4862.790697674419
4164,3931,4116,2287,2016-05-05,9.144742,-75.80533349,2016-05-09,2016-06-25,2016-09-13,CORDOBA,LORICA,Grano seco,5053.488372093024
4165,3932,4117,2082,2016-05-06,9.13507967,-75.78078718,2016-05-10,2016-06-26,2016-09-10,CORDOBA,LORICA,Grano seco,4958.139534883721
4166,3934,4137,2233,2016-05-03,8.9619709,-75.648193,2016-05-07,2016-06-24,2016-09-12,CORDOBA,LORICA,Grano seco,5816.279069767442
4167,3933,4118,2291,2016-05-10,9.0736157,-75.8108774,2016-05-14,2016-06-29,2016-09-22,CORDOBA,LORICA,Grano seco,5530.232558139535
4230,3935,4119,2336,2016-05-05,9.08719573,-75.81143599,2016-05-09,2016-06-25,2016-09-12,CORDOBA,LORICA,Grano seco,5244.186046511628
4236,3936,4120,2337,2016-05-12,9.0885958,-75.8106747,2016-05-17,2016-07-03,2016-09-27,CORDOBA,LORICA,Grano seco,5339.53488372093
4237,3937,4121,2338,2016-05-15,9.10484199,-75.7892793,2016-05-20,2016-07-06,2016-10-04,CORDOBA,LORICA,Grano seco,5434.883720930233
4238,3938,4122,2078,2016-05-12,9.12687797,-75.8179188,2016-05-17,2016-07-03,2016-09-27,CORDOBA,LORICA,Grano seco,4958.139534883721
4243,3939,4123,2086,2016-05-06,9.081460724,-75.810292,2016-05-10,2016-06-27,2016-09-19,CORDOBA,LORICA,Grano seco,5625.581395348838
4249,4028,4209,1923,2016-05-10,8.957739,-75.782425,2016-05-15,2016-06-29,2016-09-22,CORDOBA,SAN PELAYO,Grano seco,6076.7441860465115
4250,4029,4210,1923,2016-05-10,8.953573,-75.778381,2016-05-15,2016-06-30,2016-09-22,CORDOBA,SAN PELAYO,Grano seco,5970.930232558139
4251,4030,4211,1923,2016-05-09,8.960404175,-75.78558759,2016-05-14,2016-06-29,2016-09-24,CORDOBA,SAN PELAYO,Grano seco,5970.930232558139
4252,4031,4212,4622,2016-05-15,8.989801,-75.722934,2016-05-20,2016-07-05,2016-09-27,CORDOBA,CHIMA,Grano seco,6246.511627906976
4276,3947,4131,1935,2016-05-06,9.1185405,-75.79737323,2016-05-10,2016-06-28,2016-09-26,CORDOBA,LORICA,Grano seco,6674.418604651163
4277,3942,4126,2002,2016-05-17,9.140854518,-75.77487812,2016-05-21,2016-07-08,2016-09-26,CORDOBA,LORICA,Grano seco,5244.186046511628
4291,3946,4130,1953,2016-05-16,9.138524,-75.7788441,2016-05-19,2016-07-05,2016-09-29,CORDOBA,LORICA,Grano seco,6310.46511627907
4299,3945,4129,1949,2016-05-10,9.10518773,-75.7930949,2016-05-14,2016-06-30,2016-09-19,CORDOBA,LORICA,Grano seco,5720.930232558139
4300,3944,4128,1991,2016-05-05,8.95607401,-75.6333961,2016-05-09,2016-06-25,2016-09-19,CORDOBA,CIENAGA DE ORO,Grano seco,5720.930232558139
4301,3943,4127,2007,2016-05-12,9.130270119,-75.7835353,2016-05-15,2016-07-02,2016-09-19,CORDOBA,LORICA,Grano seco,5767.441860465116
4302,3941,4125,2002,2016-05-16,9.138822,-75.779538,2016-05-20,2016-07-05,2016-09-26,CORDOBA,LORICA,Grano seco,5720.930232558139
4303,3940,4124,2082,2016-05-16,9.13476988,-75.780426,2016-05-20,2016-07-04,2016-09-19,CORDOBA,LORICA,Grano seco,6122.093023255814
4316,4083,4258,2080,2016-05-15,8.90612701,-75.6793873,2016-05-19,2016-07-06,2016-10-05,CORDOBA,CIENAGA DE ORO,Grano seco,6102.325581395349
4323,4087,4259,2286,2016-05-22,9.14777259,-75.8041211,2016-05-26,2016-07-13,2016-10-06,CORDOBA,LORICA,Grano seco,6197.674418604652
4324,4084,4267,4661,2016-05-25,9.09766378,-75.79096058,2016-05-29,2016-07-14,2016-10-10,CORDOBA,COTORRA,Grano seco,5816.279069767442
4325,4085,4268,4661,2016-05-24,9.09650905,-75.7896087,2016-05-28,2016-07-14,2016-10-11,CORDOBA,COTORRA,Grano seco,6006.976744186047
4326,4088,4260,2035,2016-05-18,9.10320337,-75.789899,2016-05-22,2016-07-08,2016-10-03,CORDOBA,LORICA,Grano seco,5053.488372093024
4327,4086,4257,2225,2016-05-17,8.91008726,-75.6887059,2016-05-21,2016-07-04,2016-09-29,CORDOBA,CIENAGA DE ORO,Grano seco,5839.53488372093
4328,4092,4261,2032,2016-05-12,9.06636769,-75.8182987,2016-05-16,2016-07-03,2016-09-19,CORDOBA,LORICA,Grano seco,4767.441860465116
4330,4089,4263,1951,2016-05-16,9.11913629,-75.79751381,2016-05-20,2016-07-06,2016-09-29,CORDOBA,LORICA,Grano seco,5180.232558139535
4331,4094,4264,2033,2016-05-17,9.11656666,-75.8261499,2016-05-22,2016-07-08,2016-10-06,CORDOBA,LORICA,Grano seco,5434.883720930233
4332,4093,4262,1952,2016-05-22,9.11913112,-75.79842607,2016-05-26,2016-07-11,2016-10-03,CORDOBA,LORICA,Grano seco,5148.837209302325
4333,4090,4266,2077,2016-05-09,9.137448,-75.808987,2016-05-13,2016-06-30,2016-09-19,CORDOBA,LORICA,Grano seco,5720.930232558139
4335,4082,4265,2286,2016-05-10,9.14743319,-75.80128,2016-05-14,2016-06-30,2016-09-19,CORDOBA,LORICA,Grano seco,6006.976744186047
4336,4091,4256,2088,2016-05-10,9.13726436,-75.81087125,2016-05-14,2016-06-30,2016-09-20,CORDOBA,LORICA,Grano seco,5148.837209302325
4337,4112,4353,2444,2016-05-10,8.2891,-76.15487,2016-05-15,2016-06-30,2016-09-20,CORDOBA,VALENCIA,Grano seco,5787.209302325581
4341,4127,4357,4705,2016-04-29,8.889585,-75.714005,2016-05-04,2016-06-20,2016-09-14,CORDOBA,CIENAGA DE ORO,Grano seco,6593.023255813953
4343,4129,4359,4622,2016-05-15,8.989001762,-75.72211544,2016-05-20,2016-07-05,2016-09-28,CORDOBA,CHIMA,Grano seco,6246.511627906976
4352,4135,4361,4622,2016-05-11,8.994331,-75.722201,2016-05-16,2016-07-01,2016-09-23,CORDOBA,CHIMA,Grano seco,6232.558139534884
4354,4136,4362,3795,2016-05-03,8.096087,-76.14179,2016-05-08,2016-06-25,2016-09-18,CORDOBA,TIERRALTA,Grano seco,3767.4418604651164
4355,4137,4363,1972,2016-06-18,8.879417,-75.765908,2016-06-23,2016-08-08,2016-10-25,CORDOBA,CERETE,Grano seco,5327.906976744186
4359,4141,4368,1921,2016-05-06,8.901361,-75.783428,2016-05-11,2016-06-26,2016-09-22,CORDOBA,CERETE,Grano seco,6046.511627906977
4362,4144,4371,1842,2016-05-04,8.954833,-75.7925,2016-05-09,2016-06-24,2016-09-18,CORDOBA,SAN PELAYO,Grano seco,6232.558139534884
4366,4148,4374,1844,2016-05-10,8.940141,-75.769715,2016-05-15,2016-06-30,2016-09-25,CORDOBA,CERETE,Grano seco,6046.511627906977
4369,4174,4401,1843,2016-05-07,8.936024,-75.770502,2016-05-12,2016-06-27,2016-09-23,CORDOBA,CERETE,Grano seco,6232.558139534884
4370,4183,4410,1922,2016-05-21,8.958643,-75.79405,2016-05-26,2016-07-11,2016-09-28,CORDOBA,SAN PELAYO,Grano seco,6046.511627906977
4375,4186,4414,1841,2016-04-30,8.951455,-75.801218,2016-05-04,2016-06-20,2016-09-15,CORDOBA,SAN PELAYO,Grano seco,6122.093023255814
4376,4187,4415,2848,2016-05-10,9.021033,-75.710907,2016-05-15,2016-06-30,2016-09-28,CORDOBA,CHIMA,Grano seco,5180.232558139535
4377,4188,4416,2848,2016-05-01,9.073034,-75.716046,2016-05-06,2016-06-21,2016-09-27,CORDOBA,CHIMA,Grano seco,5839.53488372093
4378,4189,4417,2843,2016-04-27,9.071846,-75.713631,2016-05-02,2016-06-18,2016-09-23,CORDOBA,CHIMA,Grano seco,5839.53488372093
4379,4190,4418,2843,2016-04-25,9.06827,-75.714704,2016-04-30,2016-06-16,2016-09-24,CORDOBA,CHIMA,Grano seco,6027.906976744186
4380,4191,4419,2843,2016-05-06,9.054167,-75.721013,2016-05-11,2016-06-26,2016-10-01,CORDOBA,CHIMA,Grano seco,6046.511627906977
4381,4192,4420,2843,2016-04-24,9.073127,-75.916416,2016-04-29,2016-06-14,2016-09-23,CORDOBA,CHIMA,Grano seco,5745.3488372093025
4382,4193,4421,2847,2016-05-07,9.05585,-75.722148,2016-05-12,2016-06-27,2016-10-03,CORDOBA,CHIMA,Grano seco,5860.46511627907
4383,4194,4422,2847,2016-05-07,9.052141,-75.724108,2016-05-12,2016-06-28,2016-10-04,CORDOBA,CHIMA,Grano seco,5767.441860465116
4384,4195,4423,2870,2016-05-10,9.021597,-75.710485,2016-05-15,2016-06-30,2016-09-28,CORDOBA,CHIMA,Grano seco,5462.790697674419
4385,4196,4424,2869,2016-05-11,9.022286,-75.713118,2016-05-16,2016-07-02,2016-09-20,CORDOBA,CHIMA,Grano seco,5180.232558139535
4386,4197,4425,2869,2016-05-09,9.018301,-75.713134,2016-05-14,2016-06-30,2016-09-20,CORDOBA,CHIMA,Grano seco,5180.232558139535
4387,4198,4426,2869,2016-05-09,9.020698,-75.70743,2016-05-14,2016-06-30,2016-08-21,CORDOBA,CHIMA,Grano seco,4897.674418604651
4388,4199,4427,2848,2016-04-29,9.075981,-75.710125,2016-05-04,2016-06-19,2016-09-29,CORDOBA,CHIMA,Grano seco,5953.488372093023
4389,4200,4428,2848,2016-05-04,9.01545,-75.731017,2016-05-09,2016-06-25,2016-10-02,CORDOBA,SAN PELAYO,Grano seco,5651.162790697675
4390,4201,4429,2696,2016-05-12,9.057902,-75.720835,2016-05-17,2016-07-02,2016-09-21,CORDOBA,CHIMA,Grano seco,6122.093023255814
4391,4202,4430,2696,2016-05-06,9.053972,-75.712874,2016-05-11,2016-06-26,2016-09-21,CORDOBA,CHIMA,Grano seco,6122.093023255814
4392,4203,4431,2696,2016-05-12,9.058583,-75.721932,2016-05-17,2016-07-03,2016-09-20,CORDOBA,CHIMA,Grano seco,5933.720930232558
4414,4247,4475,2879,2016-05-12,9.059304,-75.711266,2016-05-17,2016-07-02,2016-09-22,CORDOBA,CHIMA,Grano seco,5462.790697674419
4417,4248,4476,2879,2016-05-12,9.05793,-75.711451,,,2016-09-20,CORDOBA,CHIMA,Grano seco,5148.837209302325
4419,4249,4477,2904,2016-05-08,8.995058,-75.715831,2016-05-13,2016-06-28,2016-09-20,CORDOBA,CHIMA,Grano seco,5302.325581395349
4421,4250,4478,2904,2016-05-08,8.993321,-75.714913,2016-05-13,2016-06-24,2016-09-18,CORDOBA,CHIMA,Grano seco,5581.395348837209
4429,4257,4485,2934,2016-05-06,9.014047,-75.71489,2016-05-11,2016-06-27,2016-09-17,CORDOBA,CHIMA,Grano seco,5530.232558139535
4430,4258,4486,2928,2016-05-14,9.015161,-75.715054,2016-05-18,2016-07-03,2016-09-26,CORDOBA,CHIMA,Grano seco,6430.232558139534
4431,4261,4489,2928,2016-05-12,9.016519,-75.718249,2016-05-16,2016-07-01,2016-09-20,CORDOBA,CHIMA,Grano seco,6232.558139534884
4432,4265,4493,2905,2016-05-06,8.996129,-75.71593,2016-05-11,2016-06-26,2016-09-15,CORDOBA,CHIMA,Grano seco,6122.093023255814
4433,4270,4498,2905,2016-05-05,8.993298,-75.729085,2016-05-10,2016-06-25,2016-09-12,CORDOBA,CHIMA,Grano seco,5745.3488372093025
4434,4275,4503,2905,2016-05-05,8.99237,-75.727807,2016-05-10,2016-06-25,2016-09-12,CORDOBA,CHIMA,Grano seco,5556.976744186047
4435,4279,4507,2865,2016-05-04,9.018071,-75.716401,2016-05-09,2016-06-25,2016-09-18,CORDOBA,CHIMA,Grano seco,5368.604651162791
4436,4280,4508,2919,2016-05-16,9.002675,-75.72037,2016-05-21,2016-07-06,2016-09-30,CORDOBA,CHIMA,Grano seco,5603.488372093023
4437,4281,4509,2920,2016-05-06,9.00442,-75.71649,2016-05-11,2016-06-26,2016-09-20,CORDOBA,CHIMA,Grano seco,5236.0465116279065
4438,4282,4510,2919,2016-05-17,9.00604,-75.717697,2016-05-22,2016-07-06,2016-10-01,CORDOBA,CHIMA,Grano seco,5274.418604651163
4439,4283,4511,2920,2016-05-05,9.004192,-75.71978,2016-05-10,2016-06-25,2016-09-18,CORDOBA,CHIMA,Grano seco,5511.627906976744
4440,4284,4512,2927,2016-05-06,9.015592,-75.715541,2016-05-11,2016-06-26,2016-09-14,CORDOBA,CHIMA,Grano seco,5462.790697674419
4441,4286,4514,2925,2016-05-04,9.01223,-75.708479,2016-05-08,2016-06-23,2016-09-16,CORDOBA,CHIMA,Grano seco,5395.3488372093025
4443,4287,4515,2927,2016-05-05,9.014392,-75.713173,2016-05-10,2016-06-25,2016-09-17,CORDOBA,CHIMA,Grano seco,6046.511627906977
4444,4288,4516,2925,2016-05-02,9.01214,-75.710816,2016-05-06,2016-06-20,2016-09-14,CORDOBA,CHIMA,Grano seco,5787.209302325581
4445,4289,4517,2923,2016-05-08,9.00666,-75.721523,2016-05-17,2016-06-27,2016-09-22,CORDOBA,CHIMA,Grano seco,5488.372093023256
4500,4328,4553,4790,2016-05-07,8.938722222,-75.797225,2016-05-13,2016-06-27,2016-09-18,CORDOBA,CERETE,Grano seco,7487.790697674419
4501,4327,4552,4790,2016-05-19,8.940833333,-75.80305556,2016-05-25,2016-07-13,2016-09-30,CORDOBA,CERETE,Grano seco,7913.9534883720935
4502,4368,4605,4834,2016-05-18,8.964361111,-75.83225,2016-05-24,2016-07-12,2016-10-07,CORDOBA,SAN PELAYO,Grano seco,5826.3488372093025
4503,4376,4612,4790,2016-05-07,8.938333333,-75.79805556,2016-05-13,2016-06-29,2016-09-18,CORDOBA,CERETE,Grano seco,7913.9534883720935
4504,4371,4608,4835,2016-05-17,9.040222222,-75.83337778,2016-05-23,2016-07-03,2016-09-23,CORDOBA,SAN PELAYO,Grano seco,5987.906976744186
4505,4377,4613,4791,2016-05-20,9.180134503,-75.7802388,2016-05-26,2016-07-15,2016-10-04,CORDOBA,LORICA,Grano seco,7063.9534883720935
4506,4369,4606,4835,2016-05-16,9.035277778,-75.84048056,2016-05-23,2016-07-10,2016-09-24,CORDOBA,SAN PELAYO,Grano seco,5411.046511627907
4507,4372,4609,4835,2016-05-17,9.041841667,-75.84104722,2016-05-25,2016-07-05,2016-09-30,CORDOBA,SAN PELAYO,Grano seco,6122.093023255814
4508,4378,4614,4791,2016-05-05,8.819944444,-75.70065833,2016-05-12,2016-06-28,2016-09-20,CORDOBA,SAN CARLOS,Grano seco,6418.604651162791
4509,4379,4615,4826,2016-05-25,9.129402778,-75.77713333,2016-05-30,2016-07-16,2016-10-05,CORDOBA,COTORRA,Grano seco,5581.395348837209
4510,4370,4607,4835,2016-05-16,9.050705556,-75.82486944,2016-05-22,2016-07-09,2016-10-02,CORDOBA,COTORRA,Grano seco,5925.813953488372
4511,4380,4616,4826,2016-05-22,9.024444444,-75.77611111,2016-05-28,2016-07-16,2016-10-03,CORDOBA,COTORRA,Grano seco,5106.976744186047
4512,4360,4597,4828,2016-05-23,9.028672222,-75.81301667,2016-05-27,2016-07-15,2016-10-18,CORDOBA,COTORRA,Grano seco,5050.2558139534885
4513,4381,4617,4826,2016-05-20,9.004675,-75.76815556,2016-05-25,2016-07-10,2016-09-24,CORDOBA,COTORRA,Grano seco,64046.51162790698
4514,4382,4618,4831,2016-05-21,8.802461111,-75.72315278,2016-05-28,2016-07-15,2016-10-18,CORDOBA,SAN CARLOS,Grano seco,5764.186046511628
4515,4296,4524,4767,2016-05-15,9.081025,-75.72941944,2016-05-21,2016-07-08,2016-09-29,CORDOBA,COTORRA,Grano seco,5441.860465116279
4517,4293,4521,4758,2016-05-23,9.03,-75.78233889,2016-05-27,2016-07-02,2016-09-30,CORDOBA,COTORRA,Grano seco,5180.232558139535
4526,4223,4451,4733,2016-05-08,9.064061111,-75.73958333,2016-05-14,2016-07-03,2016-09-23,CORDOBA,COTORRA,Grano seco,7103.488372093024
4530,4207,4435,4731,2016-05-12,8.870094444,-75.76222222,2016-05-18,2016-07-05,2016-09-25,CORDOBA,CERETE,Grano seco,4672.093023255814
4537,4361,4598,4829,2016-05-28,8.952972222,-75.76094722,2016-06-02,2016-07-20,2016-10-13,CORDOBA,CERETE,Grano seco,57762.32558139535
4538,4366,4603,4833,2016-05-20,9.019505556,-75.79870556,2016-05-26,2016-07-15,2016-09-28,CORDOBA,COTORRA,Grano seco,4539.767441860465
4541,4367,4604,4834,2016-05-18,8.947694444,-75.84769444,2016-05-23,2016-07-10,2016-10-06,CORDOBA,SAN PELAYO,Grano seco,5963.86046511628
4543,4324,4549,4788,2016-05-15,8.927472222,-75.87508056,2016-05-20,2016-07-11,2016-09-29,CORDOBA,SAN PELAYO,Grano seco,6674.418604651163
4544,4354,4591,4824,2016-05-22,8.8675,-75.69115556,2016-05-28,2016-07-14,2016-10-04,CORDOBA,CIENAGA DE ORO,Grano seco,6781.395348837209
4546,4355,4592,4825,2016-05-19,8.8486,-75.76439722,2016-05-24,2016-07-15,2016-10-03,CORDOBA,CERETE,Grano seco,6436.046511627907
4547,4325,4550,4789,2016-05-06,8.836138889,-75.752425,2016-05-12,2016-06-30,2016-09-24,CORDOBA,CERETE,Grano seco,7723.2558139534885
4548,4326,4551,4789,2016-05-19,8.835666667,-75.75083333,2016-05-25,2016-07-12,2016-10-05,CORDOBA,CERETE,Grano seco,7817.441860465116
4551,4295,4523,4767,2016-05-15,9.077452778,-75.74479444,2016-05-22,2016-07-11,2016-09-23,CORDOBA,COTORRA,Grano seco,5911.627906976744
4554,4285,4513,4758,2016-05-28,9.019941667,-75.78082778,2016-06-04,2016-07-21,2016-10-10,CORDOBA,COTORRA,Grano seco,5651.162790697675
4556,4222,4450,4733,2016-05-10,9.077416667,-75.72420556,2016-05-16,2016-07-03,2016-09-20,CORDOBA,CHIMA,Grano seco,7303.720930232558
4557,4173,4399,4723,2016-05-10,9.076438889,-75.73016111,2016-05-17,2016-07-07,2016-09-28,CORDOBA,COTORRA,Grano seco,7618.372093023256
4558,4432,4650,4749,2016-05-09,9.074875,-75.71970833,2016-05-13,2016-07-01,2016-09-22,CORDOBA,CHIMA,Grano seco,7341.86046511628
4559,4170,4396,4721,2016-05-09,8.745777778,-75.83980556,2016-05-15,2016-07-03,2016-09-24,CORDOBA,MONTERIA,Grano seco,6562.790697674419
4560,4172,4398,4723,2016-05-10,9.075694444,-75.74527778,2016-05-16,2016-07-13,2016-09-28,CORDOBA,COTORRA,Grano seco,7246.511627906977
4561,4171,4397,4722,2016-05-10,9.069705556,-75.72949167,2016-05-16,2016-07-03,2016-09-27,CORDOBA,COTORRA,Grano seco,5501.162790697675
4562,4253,4481,4750,2016-05-17,8.996613889,-75.78658889,2016-05-23,2016-07-10,2016-10-02,CORDOBA,SAN PELAYO,Grano seco,7532.558139534884
4563,4208,4436,4732,2016-05-12,8.923055556,-75.78716667,2016-05-19,2016-07-09,2016-09-28,CORDOBA,CERETE,Grano seco,7421.86046511628
4564,4215,4443,4733,2016-05-12,9.071608333,-75.73433056,2016-05-18,2016-07-06,2016-09-28,CORDOBA,COTORRA,Grano seco,7256.976744186046
4565,4205,4433,4730,2016-05-20,8.901666667,-75.71911111,2016-05-25,2016-07-12,2016-10-12,CORDOBA,CIENAGA DE ORO,Grano seco,7063.9534883720935
4566,4216,4444,4733,2016-05-12,9.0708,-75.73483056,2016-05-18,2016-07-05,2016-09-24,CORDOBA,COTORRA,Grano seco,7198.837209302325
4567,4217,4445,4733,2016-05-14,9.04455,-75.77637778,2016-05-21,2016-07-11,2016-09-30,CORDOBA,COTORRA,Grano seco,7532.558139534884
4568,4218,4446,4733,2016-05-05,9.035138889,-75.77010556,2016-05-11,2016-06-28,2016-09-22,CORDOBA,COTORRA,Grano seco,6674.418604651163
4569,4206,4434,4730,2016-05-20,8.901138889,-75.71569444,2016-05-27,2016-07-15,2016-10-12,CORDOBA,CIENAGA DE ORO,Grano seco,7627.906976744186
4570,4182,4409,4725,2016-05-15,8.907194444,-75.69979167,2016-05-21,2016-07-08,2016-10-09,CORDOBA,CIENAGA DE ORO,Grano seco,7720.93023255814
4571,4219,4447,4733,2016-05-04,9.032555556,-75.77119444,2016-05-10,2016-06-30,2016-09-14,CORDOBA,COTORRA,Grano seco,7008.139534883721
4574,4221,4449,4733,2016-05-19,9.041413889,-75.77613333,2016-05-26,2016-07-07,2016-10-05,CORDOBA,COTORRA,Grano seco,6769.767441860466
4575,4180,4407,4725,2016-05-15,8.895919444,-75.70278056,2016-05-20,2016-07-06,2016-10-09,CORDOBA,CIENAGA DE ORO,Grano seco,7063.9534883720935
4576,4212,4440,4733,2016-05-07,9.047161111,-75.76111111,2016-05-13,2016-07-01,2016-09-20,CORDOBA,COTORRA,Grano seco,7534.883720930233
4577,4181,4408,4725,2016-05-20,8.907166667,-75.69861111,2016-05-24,2016-07-12,2016-10-10,CORDOBA,CIENAGA DE ORO,Grano seco,7063.9534883720935
4596,4163,4389,4717,2016-05-09,9.018758333,-75.70883056,2016-05-16,2016-07-03,2016-09-25,CORDOBA,CHIMA,Grano seco,5768.604651162791
4597,4211,4439,4733,2016-05-05,9.062833333,-75.75563889,2016-05-12,2016-06-30,2016-09-15,CORDOBA,COTORRA,Grano seco,6593.023255813953
4598,4162,4388,4717,2016-05-09,9.047191667,-75.71454444,2016-05-15,2016-07-04,2016-09-25,CORDOBA,CHIMA,Grano seco,5911.627906976744
4599,4210,4438,4733,2016-05-03,9.062538889,-75.75996944,2016-05-09,2016-06-28,2016-09-10,CORDOBA,COTORRA,Grano seco,6697.674418604651
4600,4228,4456,4748,2016-05-10,9.043833333,-75.76392222,2016-05-16,2016-07-07,2016-09-19,CORDOBA,COTORRA,Grano seco,5813.953488372093
4601,4166,4392,4719,2016-05-16,9.044875,-75.78723889,2016-05-21,2016-07-09,2016-10-10,CORDOBA,COTORRA,Grano seco,7440.697674418605
4602,4230,4458,4748,2016-05-15,9.045,-75.75666667,2016-05-21,2016-07-07,2016-09-28,CORDOBA,COTORRA,Grano seco,6216.7441860465115
4605,4151,4377,4710,2016-05-05,8.949722222,-75.79871667,2016-05-09,2016-06-28,2016-09-11,CORDOBA,SAN PELAYO,Grano seco,6197.674418604652
4606,4149,4375,4709,2016-05-07,8.978022222,-75.78759167,2016-05-10,2016-06-26,2016-09-20,CORDOBA,SAN PELAYO,Grano seco,5839.53488372093
4607,4150,4376,4709,2016-05-07,8.973777778,-75.77575556,2016-05-12,2016-06-27,2016-09-21,CORDOBA,SAN PELAYO,Grano seco,5528.720930232558
4608,4179,4406,4724,2016-06-10,8.988522222,-75.75155556,2016-06-16,2016-08-04,2016-10-11,CORDOBA,SAN PELAYO,Grano seco,7440.697674418605
4609,4177,4404,4724,2016-05-25,8.991383333,-75.75723333,2016-05-26,2016-07-13,2016-10-08,CORDOBA,SAN PELAYO,Grano seco,7627.906976744186
4610,4178,4405,4724,2016-05-08,8.992444444,-75.75813889,2016-05-14,2016-07-02,2016-09-20,CORDOBA,SAN PELAYO,Grano seco,7627.906976744186
4611,4175,4402,4724,2016-05-08,9.003755556,-75.75196111,2016-05-15,2016-07-03,2016-09-23,CORDOBA,SAN PELAYO,Grano seco,7151.162790697675
4612,4176,4403,4724,2016-05-08,8.994416667,-75.75631389,2016-05-14,2016-07-02,2016-09-25,CORDOBA,SAN PELAYO,Grano seco,7151.162790697675
4613,4214,4442,4733,2016-05-02,9.04975,-75.75085,2016-05-07,2016-06-26,2016-09-12,CORDOBA,COTORRA,Grano seco,7534.883720930233
4614,4157,4383,4714,2016-05-24,9.045094444,-75.77739167,2016-05-30,2016-07-19,2016-10-08,CORDOBA,COTORRA,Grano seco,7627.906976744186
4615,4167,4393,4720,2016-05-09,9.045633333,-75.75334167,2016-05-15,2016-07-04,2016-09-25,CORDOBA,COTORRA,Grano seco,7440.697674418605
4616,4269,4497,4757,2016-05-12,8.996066667,-75.80291111,2016-05-17,2016-07-07,2016-09-26,CORDOBA,SAN PELAYO,Grano seco,6674.418604651163
4618,4277,4505,4757,2016-05-12,9.013025,-75.82204167,2016-05-16,2016-07-05,2016-09-26,CORDOBA,COTORRA,Grano seco,6466.279069767442
4620,4276,4504,4757,2016-05-08,9.012683333,-75.821275,2016-05-12,2016-07-08,2016-09-26,CORDOBA,COTORRA,Grano seco,5720.930232558139
4621,4274,4502,4757,2016-05-11,9.033566667,-75.80236111,2016-05-16,2016-07-04,2016-09-22,CORDOBA,COTORRA,Grano seco,5720.930232558139
4623,4278,4506,4757,2016-05-11,9.027875,-75.80660278,2016-05-17,2016-07-08,2016-09-22,CORDOBA,COTORRA,Grano seco,5887.209302325582
4625,4271,4499,4757,2016-05-11,9.033322222,-75.75224444,2016-05-16,2016-07-03,2016-09-22,CORDOBA,COTORRA,Grano seco,6436.046511627907
4627,4272,4500,4757,2016-05-11,9.02675,-75.80988333,2016-05-16,2016-07-05,2016-09-24,CORDOBA,COTORRA,Grano seco,5745.3488372093025
4628,4273,4501,4757,2016-05-15,9.035080556,-75.81295833,2016-05-21,2016-07-09,2016-10-01,CORDOBA,COTORRA,Grano seco,6310.46511627907
4629,4169,4395,4720,2016-05-25,9.045272222,-75.75746111,2016-05-30,2016-07-16,2016-10-03,CORDOBA,COTORRA,Grano seco,6404.6511627906975
4630,4168,4394,4720,2016-05-25,9.064280556,-75.75690833,2016-05-31,2016-07-18,2016-09-30,CORDOBA,COTORRA,Grano seco,6593.023255813953
4631,4224,4452,4746,2016-04-29,8.938130556,-75.77542222,2016-05-04,2016-06-22,2016-09-10,CORDOBA,SAN PELAYO,Grano seco,6498.837209302325
4632,4267,4495,4755,2016-05-16,9.075441667,-75.71819444,2016-05-21,2016-07-08,2016-09-12,CORDOBA,CHIMA,Grano seco,6027.906976744186
4633,4266,4494,4755,2016-05-22,9.017088889,-75.78513056,2016-05-27,2016-07-15,2016-10-06,CORDOBA,COTORRA,Grano seco,5838.9534883720935
4634,4294,4522,4767,2016-05-15,9.094502778,-75.73483333,2016-05-21,2016-07-09,2016-09-30,CORDOBA,COTORRA,Grano seco,6128.488372093024
4635,4309,4525,4767,2016-05-11,9.078094444,-75.73109167,2016-05-17,2016-07-05,2016-09-26,CORDOBA,COTORRA,Grano seco,6245.3488372093025
4636,4229,4457,4748,2016-05-07,9.0374,-75.75058056,2016-05-13,2016-06-30,2016-09-09,CORDOBA,COTORRA,Grano seco,5860.46511627907
4637,4226,4454,4748,2016-05-18,9.076666667,-75.73273611,2016-05-24,2016-07-12,2016-09-05,CORDOBA,COTORRA,Grano seco,5860.46511627907
4638,4227,4455,4748,2016-05-18,9.075505556,-75.73226389,2016-05-25,2016-07-14,2016-10-05,CORDOBA,COTORRA,Grano seco,5651.162790697675
4639,4158,4384,4715,2016-05-09,9.050277778,-75.72914167,2016-05-14,2016-07-05,2016-09-25,CORDOBA,SAN PELAYO,Grano seco,6197.674418604652
4640,4312,4537,4781,2016-05-19,9.086347222,-75.77681944,2016-05-20,2016-07-08,2016-09-30,CORDOBA,COTORRA,Grano seco,6664.883720930233
4641,4159,4385,4715,2016-05-09,9.065844444,-75.73096111,2016-05-15,2016-07-03,2016-09-24,CORDOBA,COTORRA,Grano seco,6498.837209302325
4642,4311,4536,4781,2016-05-19,9.090325,-75.78433056,2016-05-26,2016-07-16,2016-09-30,CORDOBA,COTORRA,Grano seco,6157.441860465116
4643,4310,4535,4781,2016-05-19,9.091088889,-75.78414444,2016-05-26,2016-07-18,2016-09-30,CORDOBA,COTORRA,Grano seco,6436.046511627907
4644,4255,4483,4751,2016-05-16,9.062755556,-75.73929444,2016-05-20,2016-07-10,2016-09-28,CORDOBA,COTORRA,Grano seco,5838.9534883720935
4645,4254,4482,4751,2016-05-16,9.719469444,-75.73242222,2016-05-21,2016-07-09,2016-09-28,CORDOBA,COTORRA,Grano seco,6169.186046511628
4647,4314,4539,4783,2016-05-20,9.061280556,-75.71203333,2016-05-25,2016-07-12,2016-10-05,CORDOBA,CHIMA,Grano seco,6562.790697674419
4650,4154,4380,4712,2016-05-15,8.990622222,-75.81539444,2016-05-21,2016-07-10,2016-09-30,CORDOBA,SAN PELAYO,Grano seco,7440.697674418605
4651,4315,4540,4783,2016-05-20,9.066494444,-75.71093889,2016-05-26,2016-07-14,2016-10-05,CORDOBA,CHIMA,Grano seco,6948.837209302326
4652,4156,4382,4713,2016-05-24,9.009597222,-75.78813333,2016-05-31,2016-07-18,2016-10-12,CORDOBA,COTORRA,Grano seco,7723.2558139534885
4653,4318,4543,4784,2016-05-09,9.022083333,-75.7726,2016-05-15,2016-07-05,2016-09-21,CORDOBA,COTORRA,Grano seco,5816.279069767442
4654,4316,4541,4784,2016-05-09,9.020558333,-75.78132778,2016-05-14,2016-07-02,2016-09-21,CORDOBA,COTORRA,Grano seco,6440.813953488372
4655,4317,4542,4784,2016-05-09,9.023508333,-75.77703611,2016-05-15,2016-07-04,2016-09-21,CORDOBA,COTORRA,Grano seco,6755.813953488372
4656,4264,4492,4754,2016-05-09,8.963486111,-75.80749167,2016-05-15,2016-07-04,2016-09-26,CORDOBA,SAN PELAYO,Grano seco,6027.906976744186
4657,4260,4488,4754,2016-05-22,9.07175,-75.75319444,2016-05-28,2016-07-08,2016-10-09,CORDOBA,COTORRA,Grano seco,6388.372093023256
4658,4262,4490,4754,2016-05-04,9.042738889,-75.73645,2016-05-10,2016-06-28,2016-09-20,CORDOBA,COTORRA,Grano seco,6404.6511627906975
4659,4263,4491,4754,2016-05-04,9.042786111,-75.74441389,2016-05-10,2016-06-29,2016-09-20,CORDOBA,COTORRA,Grano seco,6225.0
4660,4313,4538,4782,2016-05-18,9.086116667,-75.761375,2016-05-24,2016-07-13,2016-10-02,CORDOBA,COTORRA,Grano seco,6722.093023255814
4661,4225,4453,4747,2016-05-20,8.908244444,-75.77975833,2016-05-26,2016-07-14,2016-10-07,CORDOBA,CERETE,Grano seco,6147.790697674419
4662,4155,4381,4712,2016-05-03,8.995922222,-75.80141667,2016-05-08,2016-06-26,2016-09-18,CORDOBA,SAN PELAYO,Grano seco,7532.558139534884
4663,4231,4459,4749,2016-05-12,9.082936111,-75.72493611,2016-05-18,2016-07-06,2016-09-28,CORDOBA,CHIMA,Grano seco,6817.441860465116
4664,4164,4390,4718,2016-05-20,9.065969444,-75.80770278,2016-05-26,2016-07-15,2016-10-05,CORDOBA,LORICA,Grano seco,5745.3488372093025
4665,4259,4487,4753,2016-05-09,9.085191667,-75.73681389,2016-05-15,2016-07-05,2016-09-24,CORDOBA,COTORRA,Grano seco,5730.46511627907
4666,4165,4391,4718,2016-05-23,9.094833333,-75.78318611,2016-05-28,2016-07-19,2016-10-08,CORDOBA,COTORRA,Grano seco,5873.488372093024
4667,4161,4387,4716,2016-05-08,9.075958333,-75.72136944,2016-05-14,2016-07-04,2016-09-24,CORDOBA,CHIMA,Grano seco,6674.418604651163
4668,4160,4386,4716,2016-05-08,9.0737,-75.720725,2016-05-13,2016-07-02,2016-09-26,CORDOBA,CHIMA,Grano seco,6674.418604651163
4669,4256,4484,4752,2016-05-23,9.076805556,-75.72661111,2016-05-28,2016-07-17,2016-10-10,CORDOBA,COTORRA,Grano seco,6197.674418604652
4670,4268,4496,4756,2016-05-11,9.086805556,-75.7359,2016-05-17,2016-07-05,2016-09-22,CORDOBA,COTORRA,Grano seco,6736.511627906977
4671,4323,4548,4787,2016-05-21,9.018844444,-75.75853056,2016-05-25,2016-07-13,2016-10-04,CORDOBA,SAN PELAYO,Grano seco,6900.581395348838
4672,4322,4547,4786,2016-05-14,8.871502778,-75.77241111,2016-05-20,2016-07-08,2016-09-30,CORDOBA,CERETE,Grano seco,5983.720930232558
4673,4321,4546,4785,2016-05-07,8.853452778,-75.75119167,2016-05-12,2016-07-02,2016-09-23,CORDOBA,CERETE,Grano seco,6105.325581395349
4674,4320,4545,4784,2016-05-09,9.034286111,-75.78045833,2016-05-15,2016-07-03,2016-09-21,CORDOBA,COTORRA,Grano seco,6216.279069767442
4675,4319,4544,4784,2016-05-09,9.03135,-75.77995278,2016-05-14,2016-07-05,2016-09-21,CORDOBA,COTORRA,Grano seco,6140.46511627907
