ID_EVENTO,ID_LOTE,TIPO_SIEMBRA,SEM_TRATADAS,MATERIAL_GENETICO,CULT_ANT,DRENAJE,METODO_COSECHA,ALMACENAMIENTO_FINCA,AREA,RDT_AJUSTADO,DIAS_EN_EMERGER,DIAS_EN_EMERGER_A_FLORECER,DIAS_EN_FLORECER_A_COSECHAR,POBLACION_20DIAS_AJT,ALTURA_LOT,ContEnfQui_Antes_Siem,ContEnfQui_Siem_Eme,ContEnfQui_Emer_Flor,ContEnfQui_Flor_Cose,ContMalMec_Antes_Siem,ContMalMec_Siem_Emer,ContMalMec_Emer_Flor,ContMalMec_Flor_Cose,ContMalQui_Antes_Siem,ContMalQui_Siem_Emer,ContMalQui_Emer_Flor,ContMalQui_Flor_Cose,ContPlaQui_Antes_Siem,ContPlaQui_Siem_Emer,ContPlaQui_Emer_Flor,ContPlaQui_Flor_Cose,TotN_Antes_Siem,TotN_Siem_Emer,TotN_Emer_Flor,TotP_Antes_Siem,TotP_Siem_Emer,TotP_Emer_Flor,TotK_Antes_Siem,TotK_Siem_Emer,TotK_Emer_Flor,FerOrg_Antes_Siem,FerOrg_Siem_Emer,FerOrg_Emer_Flor,FerQui_Antes_Siem,FerQui_Siem_Emer,FerQui_Emer_Flor
53,40,Mecanizado,NO,PIONEER 30F32,Algodón,SI,Manual,NO,1,4767.44186,5,63,68,60000,13,0,0,0,0,0,0,0,0,0,0,1,0,0,0,1,0,0,0,46,0,0,0,0,0,0,0,0,0,0,0,1
54,43,Mecanizado,SI,DK 234,Maiz,SI,Manual,NO,1,4651.162791,5,64,63,60000,15,0,0,0,0,0,0,0,0,0,0,1,0,0,0,1,0,0,0,92,0,0,0,0,0,0,0,0,0,0,0,2
56,44,Mecanizado,NO,PIONEER 30F32,Algodón,SI,Manual,NO,1,5180.232558,5,59,66,60000,12,0,0,0,0,0,0,0,0,0,0,1,0,0,0,0,0,0,0,46,0,0,0,0,0,0,0,0,0,0,0,1
57,45,Mecanizado,NO,Otro,Algodón,SI,Manual,NO,1,4897.674419,5,64,59,60000,12,0,0,0,0,0,0,0,0,0,0,2,0,0,0,0,0,0,0,46,0,0,0,0,0,0,0,0,0,0,0,1
273,46,Mecanizado,NO,Otro,Algodón,SI,Manual,NO,1,5302.325581,5,63,60,60000,16,0,0,0,0,0,0,0,0,0,0,1,0,0,0,1,0,0,0,46,0,0,0,0,0,0,0,0,0,0,0,1
282,47,Mecanizado,SI,DK 234,Maiz,SI,Manual,NO,1,4958.139535,6,72,55,60000,19,0,0,0,0,0,0,0,0,0,1,1,0,0,0,2,0,0,0,92,0,0,0,0,0,0,0,0,0,0,0,2
283,51,Manual,SI,Otro,Maiz,SI,Manual,NO,1,4426.744186,5,47,86,60000,14,0,0,0,0,0,0,0,0,0,0,1,0,0,0,1,0,0,0,46,0,0,0,0,0,0,0,0,0,0,0,1
284,268,Manual,SI,PIONEER 30F32,Algodón,SI,Manual,NO,1,5790.697674,5,42,89,60000,12,0,0,0,0,0,0,0,0,0,0,1,0,0,0,1,0,0,0,92,0,0,0,0,0,0,0,0,0,0,0,2
286,269,Manual,SI,DK 234,Algodón,SI,Manual,NO,1,5116.27907,6,42,86,60000,9,0,0,0,0,0,0,0,0,0,1,1,0,0,0,0,0,0,0,92,0,0,0,0,0,0,0,0,0,0,0,2
287,270,Mecanizado,NO,PIONEER 30F35,Frijol,SI,Manual,NO,1,4238.372093,5,56,71,60000,14,0,0,0,0,0,0,0,0,0,0,1,0,0,0,1,0,0,0,46,0,0,0,0,0,0,0,0,0,0,0,1
288,271,Mecanizado,SI,Otro,Algodón,SI,Manual,NO,1,5911.627907,6,56,72,60000,10,0,0,0,0,0,0,0,0,0,0,0,0,0,0,1,0,0,0,69,0,0,0,0,0,30,0,0,0,0,0,3
289,272,Manual,NO,Otro,Algodón,SI,Manual,NO,1,5053.488372,5,43,85,60000,12,0,0,0,0,0,0,0,0,0,1,0,0,0,0,1,0,0,0,92,0,0,0,0,0,0,0,0,0,0,0,2
290,273,Manual,SI,FNC 3056,Algodón,SI,Manual,NO,1,4186.046512,5,58,71,58000,14,0,0,0,0,0,0,0,0,0,0,2,0,0,0,2,0,0,0,69,0,0,0,0,0,0,0,0,0,0,0,2
291,274,Manual,NO,PIONEER 30F32,Maiz,SI,Mecanizada,NO,1,5790.697674,5,59,69,60000,16,0,0,0,0,0,0,0,0,0,1,1,0,0,1,1,0,0,46,46,0,0,0,0,30,0,0,0,0,0,2,1
293,276,Mecanizado,NO,Otro,Maiz,SI,Manual,NO,1,4868.604651,4,60,63,60000,16,0,0,0,0,0,0,0,0,0,0,0,0,0,0,1,0,0,0,46,0,0,0,0,0,0,0,0,0,0,0,1
294,277,Manual,NO,Otro,Algodón,SI,Manual,NO,1,5462.790698,5,68,54,60000,14,0,0,0,0,0,0,0,0,0,0,0,0,0,0,1,0,0,0,46,0,0,0,0,0,0,0,0,0,0,0,1
295,278,Manual,NO,PIONEER 30F35,Yuca,SI,Manual,NO,1,5052.325581,6,65,70,60000,15,0,0,0,0,0,0,0,0,0,1,0,0,0,0,2,0,0,0,46,0,0,0,0,0,0,0,0,0,0,0,1
536,470,Mecanizado,NO,Otro,Maiz,SI,Manual,NO,1,3720.930233,5,47,78,60000,10,0,0,0,0,0,0,0,0,0,1,2,0,0,0,2,0,0,0,92,0,0,0,0,0,0,0,0,0,0,0,2
537,471,Mecanizado,NO,FNC 114,Maiz,NO,Manual,NO,1,3767.44186,5,48,72,68000,12,0,0,0,0,0,0,0,0,0,1,1,0,0,0,1,0,0,0,92,0,0,0,0,0,0,0,0,0,0,0,2
539,469,Mecanizado,SI,FNC 114,Maiz,SI,Manual,NO,2.5,3767.44186,5,50,70,60000,11,0,0,0,0,0,0,0,0,0,0,1,0,0,0,1,0,0,0,92,0,0,0,0,0,0,0,0,0,0,0,2
540,475,Manual,SI,PIONEER 30F35 H,Maiz,SI,Manual,NO,2,4000,6,47,88,63000,10,0,0,0,0,0,0,0,0,0,0,1,0,0,0,0,0,0,0,92,0,0,0,0,0,30,0,0,0,0,0,3
543,478,Mecanizado,NO,Otro,Maiz,SI,Manual,NO,2,2383.72093,5,79,59,68000,6,0,0,0,0,0,0,0,0,0,0,1,0,0,0,1,0,0,0,69,0,0,0,0,0,0,0,0,0,0,0,1
548,479,Mecanizado,NO,Otro,Maiz,SI,Manual,SI,1,3581.395349,6,45,70,60000,12,0,0,0,0,0,0,0,0,0,0,3,0,0,0,1,0,0,0,69,0,0,0,0,0,0,0,0,0,0,0,3
549,480,Mecanizado,NO,Otro,Maiz,SI,Manual,NO,3,2412.790698,5,46,92,68000,4,0,0,0,0,0,0,0,0,0,0,1,0,0,0,1,0,0,0,69,0,0,0,0,0,0,0,0,0,0,0,1
559,484,Mecanizado,NO,PIONEER 30F35,Maiz,SI,Manual,NO,2,4767.44186,5,43,79,68000,8,0,0,2,0,0,0,0,0,0,0,2,0,0,0,0,0,0,0,115,0,0,0,0,0,0,0,0,0,0,0,3
560,485,Mecanizado,NO,Otro,Maiz,SI,Manual,NO,2.5,5339.534884,5,42,71,65000,10,0,0,0,0,0,0,0,0,0,0,1,0,0,0,0,0,0,0,121,0,0,3,0,0,30,0,0,0,0,0,5
617,514,Mecanizado,NO,Otro,Maiz,SI,Manual,NO,2,3337.209302,5,43,78,68000,9,0,0,0,0,0,0,0,0,0,0,1,0,0,0,1,0,0,0,92,0,0,0,0,0,30,0,0,0,0,0,3
618,515,Mecanizado,NO,PIONEER 30F35,Maiz,SI,Manual,NO,6.9,4825.581395,5,45,102,60000,16,0,0,0,0,0,0,0,0,0,0,1,0,0,0,0,0,0,0,115,0,0,0,0,0,0,0,0,0,0,0,2
766,651,Mecanizado,NO,DK 234,Algodón,NO,Manual,NO,1.5,3296.511628,5,44,73,60000,8,0,0,1,0,0,0,0,0,0,2,1,0,0,0,0,0,0,0,138,0,0,0,0,0,0,0,0,0,0,0,3
769,654,Manual,SI,Otro,Algodón,SI,Manual,NO,1.25,3296.511628,4,44,79,60000,12,0,0,0,1,0,0,0,1,0,1,0,0,0,0,2,1,0,0,92,0,0,0,0,0,0,0,0,0,0,0,4
779,665,Manual,NO,PIONEER 30F35 H,Pastos,NO,Manual,NO,1,3013.953488,8,34,78,57000,12,0,0,0,0,0,0,0,0,0,0,0,1,0,0,2,1,0,46,23,0,0,0,0,0,0,0,0,0,0,1,1
780,666,Mecanizado,NO,DK 234,Algodón,NO,Manual,NO,1.2,3398.837209,7,41,79,62000,10,0,0,0,0,0,0,0,0,0,1,0,1,0,0,2,1,0,0,82.8,0,0,0,0,0,0,0,0,0,0,0,2
781,667,Manual,NO,PIONEER 30F35,Algodón,NO,Manual,NO,1.5,3579.069767,6,43,79,60000,11,0,0,0,0,0,0,0,0,0,0,1,0,0,0,3,0,0,34.5,23,0,0,0,0,0,0,0,0,0,0,1,1
783,669,Manual,NO,Otro,Algodón,SI,Manual,NO,1,2790.697674,6,42,77,60000,10,0,0,0,0,0,0,0,1,0,1,0,0,0,0,2,1,0,0,69,0,0,0,0,0,0,0,0,0,0,0,2
784,670,Mecanizado,SI,DK7088,Algodón,NO,Manual,NO,1,3860.465116,6,40,81,64000,13,0,0,0,0,0,0,0,0,0,1,1,0,0,0,2,0,0,0,115,0,0,0,0,0,0,0,0,0,0,0,3
785,671,Mecanizado,NO,DK7088,Maiz,SI,Manual,NO,1,3955.813953,7,38,85,62000,13,0,0,0,0,0,0,0,0,0,0,1,0,0,0,2,1,0,55,69,0,23,0,0,0,0,0,0,0,0,2,2
786,672,Mecanizado,SI,DK 234,Maiz,SI,Mecanizada,NO,19.5,5000,7,39,113,64000,14,0,0,0,0,0,0,0,0,0,2,0,0,0,0,0,0,0,55,46,0,23,0,0,0,0,0,0,0,0,2,1
787,653,Mecanizado,NO,Otro,Maiz,SI,Manual,NO,2,3813.953488,6,42,80,57000,13,0,0,0,0,0,0,0,0,0,2,0,2,0,0,0,0,0,0,0,0,0,0,0,0,0,0,0,0,0,0,0
788,668,Manual,SI,DK7088,Algodón,NO,Manual,NO,1,2976.744186,6,38,82,58000,12,0,0,0,0,0,0,0,0,0,2,0,0,0,0,3,0,0,0,92,0,0,0,0,0,0,0,0,0,0,0,3
789,673,Manual,NO,PIONEER 30F35,Maiz,SI,Manual,NO,6.3,5860.465116,5,44,87,62000,9,0,0,0,0,0,0,0,0,0,0,1,0,0,0,0,0,0,0,115,0,0,0,0,0,0,0,0,0,0,0,3
791,674,Mecanizado,SI,PIONEER 30F35 H,Algodón,SI,Mecanizada,NO,11.4,6466.27907,6,42,83,65000,6,0,0,0,0,0,0,0,0,0,2,1,0,0,0,1,1,0,82.5,46,0,34.5,0,0,30,0,0,0,0,0,3,1
797,676,Mecanizado,NO,Otro,Maiz,SI,Mecanizada,NO,37.2,6948.837209,6,43,71,67000,12,0,0,0,0,0,0,0,0,0,1,0,0,0,0,2,0,0,55,0,0,23,0,0,0,0,0,0,0,0,2,0
804,680,Mecanizado,NO,Otro,Maiz,SI,Mecanizada,NO,44.2,6483.72093,6,44,63,62000,12,0,0,0,0,0,0,0,0,0,1,1,0,0,0,2,1,0,59.5,46,0,34.5,0,0,0,0,0,0,0,0,2,1
805,681,Mecanizado,NO,Otro,Pastos,SI,Mecanizada,NO,14.8,6273.255814,7,42,105,60000,10,0,0,0,0,0,0,0,0,0,1,1,1,0,0,1,1,0,55,46,0,23,0,0,30,0,0,0,0,0,3,1
806,682,Mecanizado,NO,Otro,Maiz,SI,Mecanizada,NO,29,6404.651163,6,42,75,65000,11,0,0,0,0,0,0,0,0,0,1,2,0,0,0,0,0,0,69,46,0,0,0,0,0,0,0,0,0,0,1,1
807,683,Mecanizado,SI,PIONEER 30F35,Algodón,SI,Manual,NO,3,5720.930233,4,42,70,58000,12,0,0,0,0,0,0,0,0,0,0,1,0,0,0,1,0,0,30,0,0,30,0,0,30,0,0,0,1,0,1,0
813,689,Manual,SI,DK 234,Algodón,SI,Manual,NO,1,3398.837209,6,40,82,60000,11,0,0,0,0,0,0,0,0,0,1,1,0,0,0,3,0,0,0,115,0,0,0,0,0,0,0,0,0,0,0,3
814,690,Manual,NO,PAC 105,Algodón,SI,Manual,NO,1.4,3720.930233,4,43,77,66000,13,0,0,0,0,0,0,0,0,0,0,1,1,0,0,2,0,0,0,69,0,0,0,0,0,0,0,0,0,0,0,2
816,692,Mecanizado,SI,Otro,Algodón,SI,Mecanizada,NO,10,6197.674419,8,39,80,65000,15,0,0,0,0,0,0,0,0,0,2,0,0,0,0,2,1,0,62,46,0,11.5,0,0,15,0,0,0,0,0,3,1
817,693,Mecanizado,SI,DK7088,Algodón,SI,Manual,NO,2.5,3720.930233,8,41,86,75000,12,0,0,0,0,0,0,0,0,0,1,0,1,0,1,2,0,0,0,124,0,0,23,0,0,0,0,0,0,0,0,4
818,694,Mecanizado,SI,PAC 105,Algodón,SI,Manual,NO,2.1,4238.372093,7,40,78,60000,8,0,0,0,0,0,0,0,0,0,1,0,1,0,0,2,0,0,46,23,0,0,0,0,0,0,0,0,0,0,1,1
820,696,Mecanizado,NO,PAC 105,Algodón,SI,Mecanizada,NO,10,5244.186047,7,41,77,65000,8,0,0,0,0,0,0,0,0,0,1,1,0,0,0,1,1,0,82.5,46,0,34.5,0,0,0,0,0,0,0,0,2,1
821,697,Mecanizado,SI,DK 234,Algodón,SI,Manual,NO,4.2,2860.465116,5,41,81,62000,6,0,0,0,0,0,0,0,0,0,1,0,1,0,0,2,0,0,0,92,0,0,0,0,0,0,0,0,0,0,0,2
823,699,Manual,SI,PAC 105,Algodón,SI,Manual,NO,1,3296.511628,6,45,69,62000,8,0,0,0,0,0,0,0,0,0,1,1,0,0,0,3,0,0,0,115,0,0,0,0,0,0,0,0,0,0,0,3
824,700,Mecanizado,SI,DK 234,Algodón,SI,Mecanizada,NO,4.1,3490.697674,8,40,90,68000,7,0,0,0,0,0,0,0,0,0,1,0,1,0,0,3,0,0,0,115,0,0,0,0,0,30,0,0,0,0,0,4
825,701,Mecanizado,SI,PAC 105,Algodón,SI,Mecanizada,NO,5.9,3667.44186,7,39,82,60000,8,0,0,0,0,0,0,0,0,0,2,0,1,0,0,2,0,0,0,92,0,0,0,0,0,0,0,0,0,0,0,2
826,702,Manual,NO,PAC 105,Algodón,SI,Manual,NO,1,4238.372093,6,43,77,70000,9,0,0,0,0,0,0,0,0,0,1,1,0,0,0,3,0,0,46,46,0,0,0,0,0,0,0,0,0,0,1,1
827,703,Manual,SI,Otro,Algodón,SI,Manual,NO,2.3,4576.744186,6,44,100,64000,7,0,0,0,0,0,0,0,0,0,2,1,0,0,0,3,0,0,0,115,0,0,0,0,0,30,0,0,0,0,0,4
828,704,Manual,SI,PAC 105,Algodón,SI,Manual,NO,1.3,4709.302326,5,43,83,66000,10,0,0,0,0,0,0,0,0,0,1,0,1,0,0,3,0,0,0,126.5,0,0,0,0,0,0,0,0,0,0,0,3
829,705,Manual,SI,PAC 105,Algodón,SI,Manual,NO,2,4576.744186,6,45,86,63000,8,0,0,0,0,0,0,0,0,0,1,1,0,0,0,3,0,0,0,115,0,0,0,0,0,0,0,0,0,0,0,3
830,706,Mecanizado,SI,Otro,Algodón,SI,Mecanizada,NO,8,4053.488372,6,44,80,62500,9,0,0,0,0,0,0,0,0,0,2,1,0,0,0,3,0,0,0,115,0,0,0,0,0,30,0,0,0,0,0,4
834,710,Manual,SI,PAC 105,Frijol,SI,Manual,NO,1,3711.627907,6,47,81,60000,8,0,0,0,0,0,0,0,0,0,1,1,0,0,0,2,0,0,0,115,0,0,0,0,0,30,0,0,0,0,0,4
835,711,Mecanizado,SI,PIONEER 30F35,Maiz,SI,Mecanizada,NO,6.5,4050,5,46,86,66000,10,0,0,0,0,0,0,0,0,0,0,0,0,0,0,3,0,0,0,115,0,0,0,0,0,0,0,0,0,0,0,3
836,712,Mecanizado,SI,Otro,Algodón,SI,Mecanizada,NO,8,4709.302326,5,45,83,63000,14,0,0,0,0,0,0,0,0,0,1,0,1,0,0,3,0,0,0,115,0,0,0,0,0,0,0,0,0,0,0,3
838,714,Mecanizado,SI,Otro,Maiz,SI,Manual,NO,3.3,4576.744186,7,43,71,64000,10,0,0,0,0,0,0,0,0,0,1,1,0,0,0,2,0,0,55,46,0,23,0,0,0,0,0,0,0,0,2,2
839,715,Manual,SI,PIONEER 30F35,Algodón,SI,Manual,NO,2,5308.139535,6,42,80,60000,12,0,0,0,0,0,0,0,0,0,1,1,0,0,0,2,0,0,46,46,0,0,0,0,0,0,0,0,0,0,1,1
840,716,Mecanizado,NO,Otro,Algodón,SI,Mecanizada,NO,6,4709.302326,7,43,87,64000,12,0,0,0,0,0,0,0,0,0,1,1,0,0,0,3,0,0,55,69,0,23,0,0,0,0,0,0,0,0,2,2
841,717,Manual,SI,Otro,Algodón,SI,Manual,NO,1,6273.255814,12,41,86,63000,15,0,0,0,0,0,0,0,0,0,0,1,0,0,0,1,0,0,0,92,0,0,0,0,0,60,0,0,0,0,0,4
1770,1547,Manual,SI,Otro,Maiz,NO,Manual,NO,1.25,3623.255814,4,41,100,59000,16,0,0,0,0,0,0,0,0,0,0,1,0,0,0,1,1,0,0,92,0,0,0,0,0,0,0,0,0,0,0,2
1771,1548,Manual,SI,Otro,Maiz,NO,Manual,NO,1,3767.44186,5,44,104,62000,18,0,0,0,0,0,0,0,0,0,0,1,0,0,0,2,0,0,0,92,0,0,0,0,0,0,0,0,0,0,0,2
1772,1549,Manual,NO,Otro,Maiz,NO,Manual,NO,1,3348.837209,7,37,84,58000,16,0,0,0,0,0,0,0,0,0,0,2,0,0,0,1,0,0,0,69,0,0,0,0,0,0,0,0,0,0,0,2
1773,1550,Mecanizado,NO,Otro,Maiz,SI,Manual,NO,3,4238.372093,4,53,76,75000,18,0,0,0,0,0,0,0,0,0,2,0,0,0,0,2,0,0,0,103.5,0,0,0,0,0,0,0,0,0,0,0,2
1778,1555,Manual,SI,DK 234 YGRR,Maiz,SI,Manual,NO,3,4825.581395,6,42,87,60000,14,0,0,0,0,0,0,0,0,0,0,2,0,0,0,2,0,0,34.5,69,0,0,0,0,0,0,0,0,0,0,1,2
1799,1575,Mecanizado,NO,DK 234,Maiz,SI,Mecanizada,NO,4,3813.953488,6,42,83,58000,12,0,0,0,0,0,0,0,0,0,0,2,0,0,0,2,0,0,0,92,0,0,0,0,0,0,0,0,0,0,0,2
1800,1576,Manual,SI,DK7088,Maiz,NO,Manual,NO,1,3860.465116,7,37,98,62000,15,0,0,0,0,0,0,0,0,0,0,2,0,0,0,2,0,0,0,115,0,0,0,0,0,0,0,0,0,0,0,2
2007,1789,Mecanizado,SI,DK7088,Algodón,SI,Mecanizada,NO,15,3051.162791,9,47,87,60000,5,0,0,0,0,0,0,0,0,0,0,1,0,0,0,1,0,0,0,46,0,0,0,0,0,0,0,0,0,0,0,1
2008,1790,Manual,SI,PIONEER 30F35,Algodón,SI,Manual,NO,1.3,1506.976744,4,49,72,62000,7,0,0,0,0,0,0,0,0,0,0,1,0,0,0,1,0,0,0,46,0,0,0,0,0,30,0,0,0,0,0,2
2010,1792,Mecanizado,SI,Otro,Algodón,SI,Mecanizada,NO,9,5720.930233,5,47,78,75000,17,0,0,0,0,0,0,0,0,0,2,2,0,0,0,3,0,0,0,115,0,0,0,0,0,30,0,0,0,0,0,3
2011,1793,Mecanizado,SI,Otro,Algodón,SI,Mecanizada,NO,1.5,5674.418605,5,47,72,75000,17,0,0,1,0,0,0,0,0,0,2,1,0,0,1,3,0,0,9,92,0,23,0,0,30,30,0,0,0,0,2,3
2012,1794,Mecanizado,NO,PAC 105,Algodón,SI,Manual,NO,2,3255.813953,3,49,77,60000,6,0,0,0,0,0,0,0,0,0,0,1,0,0,0,1,0,0,0,92,0,0,0,0,0,0,0,0,0,0,0,2
2013,1796,Mecanizado,SI,DK 234 YGRR,Algodón,SI,Manual,NO,8.4,3813.953488,4,49,75,62000,7,0,0,0,0,0,0,0,0,0,0,1,0,0,0,0,0,0,0,80.5,0,0,0,0,0,30,0,0,0,0,0,3
2014,1797,Mecanizado,NO,PAC 105,Algodón,NO,Manual,NO,1.2,2139.534884,4,47,70,60000,6,0,0,0,0,0,0,0,0,0,0,1,0,0,0,2,0,0,0,115,0,0,0,0,0,0,0,0,0,0,0,3
2015,1798,Mecanizado,SI,Otro,Algodón,SI,Mecanizada,NO,2,5625.581395,5,47,81,75000,17,0,0,1,0,0,0,0,0,0,2,1,0,0,1,3,0,0,9,92,0,23,0,0,30,30,0,0,0,0,2,3
2016,1799,Mecanizado,SI,Otro,Algodón,SI,Mecanizada,NO,3,5547.55814,5,45,82,75500,17,0,0,1,0,0,0,0,0,0,2,1,0,0,1,5,0,0,9,92,0,23,0,0,30,30,0,0,0,0,2,3
2017,1800,Mecanizado,NO,Otro,Algodón,NO,Manual,NO,4.1,1209.302326,1,50,75,60000,5,0,0,0,0,0,0,0,0,0,0,2,0,0,0,1,0,0,0,80.5,0,0,0,0,0,0,0,0,0,0,0,2
2018,1801,Mecanizado,NO,DK 234 YGRR,Algodón,SI,Mecanizada,NO,1.3,5212.209302,4,47,76,62500,12,0,0,0,0,0,0,0,0,0,1,0,0,0,1,0,0,0,0,72.25,0,0,0,0,0,67.5,0,0,0,0,0,6
2020,1803,Mecanizado,NO,Otro,Algodón,SI,Manual,NO,3,3858.139535,6,53,66,68000,11,0,0,0,0,0,0,0,0,0,0,0,0,0,0,2,0,0,0,40,0,0,8,0,0,36,0,0,0,0,0,2
2021,1804,Mecanizado,NO,Otro,Algodón,NO,Manual,NO,1,5933.72093,5,53,63,84000,11,0,0,1,0,0,0,0,0,0,1,0,0,0,0,2,0,0,0,69.1,0,0,0.3,0,0,30.1,0,0,0,0,0,5
2022,1805,Manual,NO,Otro,Algodón,SI,Manual,NO,1,3174.418605,5,44,76,69500,8,0,0,0,0,0,0,0,0,0,0,0,0,0,0,3,0,0,0,161,0,0,0,0,0,0,0,0,0,0,0,3
2029,1812,Mecanizado,NO,Otro,Algodón,SI,Manual,NO,3,2186.046512,4,47,67,60000,12,0,0,0,0,0,0,0,0,0,1,0,0,0,0,2,0,0,0,92,0,0,0,0,0,60,0,0,0,0,0,4
2030,1814,Mecanizado,NO,PIONEER 30F32HW,,SI,Manual,NO,2.4,5236.046512,6,39,83,58000,10,0,0,0,0,0,0,0,0,0,1,0,0,0,0,0,0,0,0,53.5,0,0,2,0,0,11.5,0,0,0,0,0,2
2031,1815,Mecanizado,SI,Otro,Algodón,SI,Mecanizada,NO,7.4,5180.232558,5,47,74,75000,17,0,0,0,0,0,0,0,0,0,2,2,0,0,0,3,0,0,0,115,0,0,0,0,0,30,0,0,0,0,0,3
2032,1816,Mecanizado,NO,P4082 (Pioneer),Algodón,SI,Manual,NO,5,3527.906977,5,45,76,72000,17,0,0,0,0,0,0,0,0,0,2,1,0,0,1,4,0,0,0,92,0,0,0,0,0,60,0,0,0,0,0,4
2035,1820,Mecanizado,NO,Otro,Frijol,SI,Manual,NO,1.5,3720.930233,3,46,88,70000,10,0,0,0,0,0,0,0,0,0,0,0,0,0,0,2,0,0,0,70,0,0,14,0,0,63,0,0,0,0,0,2
2038,1822,Mecanizado,NO,Otro,,SI,Manual,NO,7,2860.465116,5,46,90,58000,10,0,0,0,0,0,0,0,0,0,1,0,0,0,0,2,0,0,0,92,0,0,0,0,0,60,0,0,0,0,0,4
2039,1823,Manual,NO,DK 1040,Frijol,SI,Manual,SI,1.5,1906.976744,5,49,77,66000,9,0,0,0,0,0,0,0,0,0,0,0,0,0,0,2,0,0,0,69,0,0,0,0,0,0,0,0,0,0,0,2
2040,1824,Mecanizado,NO,P4082 (Pioneer),Algodón,SI,Mecanizada,NO,14,1995.348837,4,50,67,65000,10,0,0,0,0,0,0,0,0,0,0,1,0,0,0,2,0,0,0,138,0,0,0,0,0,60,0,0,0,0,0,4
2041,1825,Mecanizado,NO,P4082 (Pioneer),Algodón,SI,Mecanizada,NO,15,2086.046512,4,47,74,70000,14,0,0,0,0,0,0,0,0,0,0,0,0,0,0,2,0,0,0,138,0,0,0,0,0,60,0,0,0,0,0,4
2042,1826,Mecanizado,NO,DK 234 YGRR,Algodón,SI,Manual,SI,4,2418.604651,5,48,61,87500,10,0,0,0,0,0,0,0,0,0,1,1,0,0,0,1,0,0,0,92,0,0,0,0,0,60,0,0,0,0,0,4
2043,1827,Mecanizado,NO,P4082 (Pioneer),Algodón,SI,Manual,NO,1.5,1032.55814,4,49,70,70000,12,0,0,0,0,0,0,0,0,0,1,0,0,0,1,1,0,0,0,92,0,0,0,0,0,60,0,0,0,0,0,4
2044,1828,Manual,SI,PAC 105,Pastos,SI,Manual,NO,1,3534.883721,5,48,76,66000,10,0,0,0,0,0,0,0,0,0,0,2,0,0,0,3,0,0,0,138,0,0,0,0,0,60,0,0,0,0,0,4
2045,1829,Manual,NO,P3966 (Pioneer),Algodón,SI,Manual,NO,3.5,5193.023256,5,47,76,66000,9,0,0,0,0,0,0,0,0,0,0,2,0,0,0,3,0,0,0,138,0,0,0,0,0,60,0,0,0,0,0,4
2047,1833,Manual,NO,DK 234,Algodón,NO,Manual,NO,2,2046.511628,4,49,78,60000,4,0,0,0,0,0,0,0,0,0,0,2,0,0,0,0,0,0,0,92,0,0,0,0,0,0,0,0,0,0,0,2
2048,1830,Mecanizado,NO,DK 234,Algodón,NO,Manual,NO,1.5,3530.232558,3,42,82,55000,10,0,0,0,0,0,0,0,0,0,1,1,0,0,0,1,0,0,0,92,0,0,0,0,0,60,0,0,0,0,0,4
2050,1871,Mecanizado,SI,P4082 (Pioneer),Algodón,SI,Mecanizada,NO,7,5933.72093,5,45,77,75000,17,0,0,0,1,0,0,0,0,0,0,1,0,0,0,3,2,0,9,0,0,23,0,0,30,30,0,0,0,0,2,1
2051,1818,Mecanizado,SI,P4082 (Pioneer),Algodón,SI,Mecanizada,NO,6,5651.162791,5,47,72,75500,17,0,0,0,0,0,0,0,0,0,2,2,0,0,0,3,0,0,0,115,0,0,0,0,0,30,0,0,0,0,0,3
2052,1819,Mecanizado,SI,P4082 (Pioneer),Algodón,SI,Mecanizada,NO,10,6511.627907,5,46,76,76000,17,0,0,0,1,0,0,0,0,0,0,2,0,0,0,3,2,0,0,9,0,0,23,0,0,60,0,0,0,0,0,3
2053,1872,Mecanizado,SI,P4082 (Pioneer),Algodón,SI,Mecanizada,NO,55,6626.744186,5,48,70,75000,17,0,0,0,1,0,0,0,0,0,1,2,0,0,2,5,2,0,9,0,0,23,0,0,30,30,0,0,0,0,2,1
2057,1795,Mecanizado,NO,PAC 105,Algodón,NO,Manual,NO,1,1695.348837,4,47,80,60000,7,0,0,0,0,0,0,0,0,0,0,1,0,0,0,3,0,0,0,115,0,0,0,0,0,0,0,0,0,0,0,3
2063,1879,Manual,NO,DK 234,Algodón,NO,Manual,NO,2,2260.465116,4,47,82,60000,6,0,0,0,0,0,0,0,0,0,0,2,0,0,0,0,0,0,0,92,0,0,0,0,0,0,0,0,0,0,0,2
2065,1880,Mecanizado,SI,Impacto (Syngenta),Algodón,SI,Mecanizada,NO,20,3069.767442,6,50,77,60000,4,0,0,0,0,0,0,0,0,0,0,1,0,0,0,2,0,0,0,46,0,0,0,0,0,0,0,0,0,0,0,1
2066,1881,Manual,NO,DK 234,Algodón,NO,Manual,NO,1,2418.604651,5,50,73,60000,4,0,0,0,0,0,0,0,0,0,0,2,0,0,0,0,0,0,0,92,0,0,0,0,0,0,0,0,0,0,0,2
2068,1887,Manual,NO,DK 1596,Algodón,NO,Manual,NO,2,2604.651163,3,46,79,60000,6,0,0,0,0,0,0,0,0,0,0,1,0,0,0,3,0,0,0,46,0,0,0,0,0,0,0,0,0,0,0,2
2069,1904,Mecanizado,NO,Otro,Algodón,SI,Mecanizada,NO,9.5,3527.906977,5,46,92,62500,4,0,0,1,0,0,0,0,0,0,1,1,0,0,0,4,0,0,0,92,0,0,0,0,0,0,0,0,0,0,0,2
2070,1886,Manual,NO,PAC 105,Algodón,SI,Manual,NO,2.5,2883.72093,4,46,78,60000,4,0,0,0,0,0,0,0,0,0,0,1,0,0,0,3,0,0,0,69,0,0,0,0,0,0,0,0,0,0,0,2
2071,1889,Mecanizado,NO,DK 234,Algodón,NO,Manual,NO,4,1811.627907,4,50,76,60000,6,0,0,0,0,0,0,0,0,0,0,1,0,0,0,0,0,0,0,46,0,0,0,0,0,0,0,0,0,0,0,1
2072,1891,Mecanizado,NO,DK 234,Algodón,SI,Manual,NO,5,2232.55814,3,46,81,62000,7,0,0,0,0,0,0,0,0,0,0,1,0,0,0,1,0,0,0,46,0,0,0,0,0,0,0,0,0,0,0,1
2073,1894,Mecanizado,NO,DK 234,Frijol,NO,Manual,NO,1,3162.790698,3,47,81,60000,5,0,0,0,0,0,0,0,0,0,0,1,0,0,0,0,0,0,0,115,0,0,0,0,0,0,0,0,0,0,0,2
2074,1897,Mecanizado,NO,DK 234,Algodón,NO,Manual,NO,2,2883.72093,4,48,80,60000,9,0,0,0,0,0,0,0,0,0,0,1,0,0,0,0,0,0,0,92,0,0,0,0,0,0,0,0,0,0,0,2
2076,1898,Mecanizado,NO,DK 234,Algodón,NO,Manual,NO,3.3,2790.697674,4,48,81,60000,11,0,0,0,0,0,0,0,0,0,0,1,0,0,0,0,0,0,0,71,0,0,4,0,0,24,0,0,0,0,0,2
2077,1899,Mecanizado,NO,DK 234,Algodón,NO,Manual,NO,2,2976.744186,4,46,81,60000,10,0,0,0,0,0,0,0,0,0,0,1,0,0,0,1,0,0,0,71,0,0,4,0,0,24,0,0,0,0,0,2
2078,1884,Mecanizado,SI,P4082 (Pioneer),Algodón,SI,Mecanizada,NO,15,5933.72093,5,47,73,75000,17,0,0,0,1,0,0,0,0,0,1,1,0,0,2,3,2,0,9,115,0,23,0,0,30,30,0,0,0,0,2,3
2079,1905,Manual,NO,DK 234,Algodón,SI,Manual,SI,1,4744.186047,5,46,85,73000,18,0,0,0,0,0,0,0,0,0,0,1,0,0,0,0,0,0,0,69,0,0,0,0,0,0,0,0,0,0,0,1
2080,1906,Manual,NO,DK 234,Algodón,SI,Manual,SI,1,4709.302326,5,47,78,73000,18,0,0,0,0,0,0,0,0,0,1,1,0,0,0,0,0,0,0,92,0,0,0,0,0,0,0,0,0,0,0,2
2081,1907,Manual,NO,DK 234,Algodón,SI,Manual,SI,1,4672.093023,5,48,75,73000,18,0,0,0,0,0,0,0,0,0,0,1,0,0,0,2,0,0,0,46,0,0,0,0,0,0,0,0,0,0,0,1
2082,1902,Manual,NO,PAC 105,Algodón,NO,Manual,NO,2.3,3234.232558,4,55,65,75000,7,0,0,1,0,0,0,0,0,0,1,1,0,0,0,6,0,0,0,30,0,0,30,0,0,30,0,0,0,0,0,2
2083,1908,Manual,NO,Otro,Maiz,SI,Manual,SI,1,4709.302326,4,48,77,73000,18,0,0,0,0,0,0,0,0,0,0,1,0,0,0,3,0,0,0,23,0,0,0,0,0,30,0,0,0,0,0,2
2084,1903,Mecanizado,NO,P3966 (Pioneer),Algodón,SI,Mecanizada,NO,7.8,3261.627907,5,51,88,55000,5,0,0,1,0,0,0,0,0,0,0,1,0,0,0,6,0,0,0,161,0,0,0,0,45,0,0,0,0,0,1,2
2086,1909,Manual,NO,Otro,Algodón,SI,Manual,NO,1,5372.093023,5,47,70,73000,18,0,0,0,0,0,0,0,0,0,2,1,0,0,0,2,0,0,0,126.5,0,0,0,0,0,30,0,0,0,0,0,3
2088,1910,Manual,NO,Otro,Algodón,SI,Manual,SI,1,4576.744186,5,46,74,73000,18,0,0,0,0,0,0,0,0,0,1,0,0,0,1,5,0,0,0,57.5,0,0,0,0,0,0,0,0,0,0,0,1
2089,1831,Mecanizado,NO,P4082 (Pioneer),Algodón,SI,Mecanizada,NO,6,1995.348837,4,57,64,85700,10,0,0,1,0,0,0,0,0,0,1,0,0,0,0,1,0,0,0,46,0,0,0,0,0,60,0,0,0,0,0,4
2090,1911,Mecanizado,SI,P4082 (Pioneer),Algodón,SI,Mecanizada,NO,29,4988.372093,5,47,77,75000,17,0,0,1,0,0,0,0,0,0,2,1,0,0,1,2,0,0,11.25,28,0,11.25,0,0,11.25,30,0,0,0,0,1,3
2091,1912,Mecanizado,SI,P4082 (Pioneer),Algodón,SI,Manual,SI,3.5,5244.186047,5,46,74,71000,18,0,0,0,0,0,0,0,0,0,1,1,0,0,0,3,0,0,0,0,0,0,0,0,0,60,0,0,0,0,0,2
2092,1913,Mecanizado,SI,P3966 (Pioneer),Algodón,SI,Manual,NO,7,4476.744186,5,78,48,75000,17,0,0,1,0,0,0,0,0,0,2,1,0,0,1,0,0,0,11.25,28,0,11.25,0,0,11.25,30,0,0,0,0,1,3
2098,1940,Mecanizado,NO,DK 234,Algodón,NO,Manual,NO,2.3,2511.627907,4,19,108,60000,6,0,0,0,0,0,0,0,0,0,0,0,1,0,0,1,0,0,0,46,0,0,0,0,0,0,0,0,0,0,0,1
2099,1939,Mecanizado,NO,DK 234,Algodón,NO,Manual,NO,2,1130.232558,4,48,78,60000,6,0,0,0,0,0,0,0,0,0,0,1,0,0,0,0,0,0,0,46,0,0,0,0,0,0,0,0,0,0,0,1
2100,1938,Mecanizado,NO,DK 234,Algodón,NO,Manual,NO,6,2883.72093,4,49,74,55000,9,0,0,0,0,0,0,0,0,0,0,1,0,0,0,0,0,0,0,46,0,0,0,0,0,0,0,0,0,0,0,1
2101,1937,Mecanizado,NO,DK 234,Algodón,NO,Manual,NO,1,2232.55814,4,48,82,55000,6,0,0,0,0,0,0,0,0,0,0,1,0,0,0,1,0,0,0,46,0,0,0,0,0,0,0,0,0,0,0,1
2102,1936,Mecanizado,SI,DK7088,Algodón,SI,Mecanizada,NO,15.1,3013.953488,4,80,46,62000,4,0,0,0,0,0,0,0,0,0,0,1,0,0,0,1,0,0,0,92,0,0,0,0,0,0,0,0,0,0,0,2
2103,1935,Manual,NO,PIONEER 30F35 HRR,Maiz,NO,Manual,NO,2,4744.186047,4,47,77,55000,6,0,0,0,0,0,0,0,0,0,0,1,0,0,0,1,0,0,0,80.5,0,0,0,0,0,0,0,0,0,0,0,3
2104,1934,Manual,SI,PAC 105,Algodón,NO,Manual,NO,1,1674.418605,4,47,84,55000,4,0,0,0,0,0,0,0,0,0,0,1,0,0,0,3,0,0,0,92,0,0,0,0,0,0,0,0,0,0,0,2
2105,1932,Manual,NO,Otro,Maiz,NO,Manual,NO,1,1601.162791,3,48,81,60000,7,0,0,0,0,0,0,0,0,0,0,0,0,0,0,2,0,0,0,69,0,0,0,0,0,0,0,0,0,0,0,2
2107,1946,Mecanizado,SI,P3966 (Pioneer),Algodón,SI,Mecanizada,NO,11,6511.627907,5,48,76,74000,16,0,0,0,1,0,0,0,0,0,2,1,0,0,1,9,2,0,9,92,0,23,0,0,30,30,0,0,0,0,2,3
2109,1933,Mecanizado,SI,DK 234,Algodón,SI,Mecanizada,NO,26,3069.767442,4,49,78,60000,5,0,0,0,0,0,0,0,0,0,0,1,0,0,0,1,0,0,0,46,0,0,0,0,0,30,0,0,0,0,0,3
2110,1947,Mecanizado,SI,Otro,Algodón,SI,Manual,NO,5,4534.883721,5,47,80,72000,17,0,0,1,0,0,0,0,0,0,2,3,0,0,1,3,0,0,11.25,28,0,11.25,0,0,11.25,30,0,0,0,0,1,3
2111,1948,Mecanizado,SI,P4082 (Pioneer),Algodón,SI,Mecanizada,NO,5,5695.348837,5,48,74,73000,17,0,0,1,0,0,0,0,0,0,0,0,0,0,0,1,0,0,9,131.1,0,23,0,0,75,0,0,0,0,0,2,2
2113,1950,Mecanizado,SI,DK 234,Algodón,SI,Manual,SI,2.2,4709.302326,20,36,77,73000,16,0,0,1,0,0,0,0,0,0,1,0,0,0,1,1,0,0,0,92,0,0,0,0,0,60,0,0,0,0,0,4
2117,1952,Mecanizado,NO,P4082 (Pioneer),Algodón,SI,Manual,SI,1.3,4897.674419,5,45,80,72000,16,0,0,1,0,0,0,0,0,0,1,1,0,0,1,2,0,0,0,0,0,0,0,0,0,60,0,0,0,0,0,2
2118,1953,Mecanizado,NO,DK 234,Algodón,SI,Manual,SI,3,4897.674419,5,48,76,72000,15,0,0,1,0,0,0,0,0,0,0,1,0,0,0,2,0,0,0,0,0,0,0,0,0,90,0,0,0,0,0,4
2119,1954,Mecanizado,SI,P4082 (Pioneer),Algodón,SI,Mecanizada,NO,14,6009.069767,5,47,79,72000,17,0,0,0,1,0,0,0,0,0,0,2,0,0,0,2,2,0,9,115,0,23,0,0,30,30,0,0,0,0,2,3
2120,1955,Mecanizado,SI,P4082 (Pioneer),Algodón,SI,Mecanizada,NO,6,5368.604651,5,42,81,73000,16,0,0,1,0,0,0,0,0,0,2,1,0,0,1,4,0,0,9,115,0,23,0,0,30,30,0,0,0,0,2,3
2126,1929,Manual,NO,DK 234 YGRR,Frijol,SI,Manual,NO,1,3255.813953,5,56,57,62000,8,0,0,0,0,0,0,0,0,0,0,0,0,0,0,0,0,0,0,138,0,0,0,0,0,0,0,0,0,0,0,2
2128,1927,Manual,NO,PIONEER 30F35,Frijol,SI,Manual,NO,1,2354.651163,5,54,63,62000,9,0,0,0,0,0,0,0,0,0,0,1,0,0,0,2,0,0,0,46,0,0,0,0,0,60,0,0,0,0,0,4
2129,1926,Mecanizado,NO,Otro,Frijol,SI,Mecanizada,SI,9,2790.697674,5,46,100,55000,12,0,0,0,0,0,0,0,0,0,1,0,0,0,0,2,0,0,0,57.5,0,0,0,0,0,15,0,0,0,0,0,4
2130,1925,Mecanizado,NO,P4082 (Pioneer),Pastos,SI,Mecanizada,NO,10.5,4595.348837,3,51,64,75000,13,0,0,0,0,0,0,0,0,0,0,2,0,0,0,1,0,0,0,92,0,0,0,0,45,0,0,0,0,0,1,2
2132,1923,Mecanizado,NO,DK 234,Algodón,SI,Manual,NO,9,2679.069767,5,53,64,55000,9,0,0,1,0,0,0,0,0,0,0,1,0,0,0,0,0,0,0,80.5,0,0,0,0,0,30,0,0,0,0,0,3
2134,1921,Mecanizado,NO,P4082 (Pioneer),Algodón,SI,Mecanizada,NO,2,4186.046512,5,46,68,65000,14,0,0,0,0,0,0,0,0,0,0,0,0,0,0,0,0,0,0,92,0,0,0,0,0,60,0,0,0,0,0,5
2135,1920,Mecanizado,SI,P4082 (Pioneer),Maiz,SI,Mecanizada,NO,42,6865.116279,8,46,83,75000,11,0,0,0,0,0,0,0,0,0,2,1,0,0,0,1,0,0,3,92,0,6,0,0,3,0,0,0,0,0,1,2
2136,1919,Mecanizado,NO,DK 234,Algodón,SI,Manual,NO,7,4534.883721,5,51,72,75000,10,0,0,0,0,0,0,0,0,0,0,2,0,0,0,1,0,0,0,92,0,0,0,0,0,0,0,0,0,0,0,2
2137,1918,Mecanizado,NO,ICA V 156,Algodón,SI,Manual,NO,4.5,2790.697674,4,51,67,75000,10,0,0,0,0,0,0,0,0,0,1,1,0,0,0,8,0,0,0,138,0,0,0,0,0,0,0,0,0,0,0,3
2138,1917,Mecanizado,NO,DK 234,Algodón,SI,Mecanizada,NO,21,3534.883721,15,46,68,62500,12,0,0,0,0,0,0,0,0,0,1,1,0,0,0,2,0,0,9.6,46,0,19.2,0,0,9.6,30,0,0,0,0,1,2
2140,1915,Mecanizado,NO,P4082 (Pioneer),Algodón,SI,Manual,NO,2,4539.534884,5,45,71,62500,10,0,0,0,1,0,0,0,0,0,0,1,0,0,0,1,1,0,0,100,0,0,47.5,0,0,97.5,0,0,0,0,0,2
2143,1961,Mecanizado,NO,Otro,Algodón,NO,Manual,NO,2,3441.860465,4,48,68,60000,6,0,0,0,0,0,0,0,0,0,0,1,0,0,0,2,0,0,0,92,0,0,0,0,0,0,0,0,0,0,0,2
2145,1962,Mecanizado,SI,P4082 (Pioneer),Algodón,NO,Manual,NO,2,2825.581395,0,50,77,60000,7,0,0,0,0,0,0,0,0,0,0,1,0,0,0,2,0,0,0,84,0,0,0,0,0,10,0,0,0,0,0,2
2153,1976,Mecanizado,NO,DK 234,Pastos,NO,Manual,SI,1,4186.046512,7,55,73,13500,10,0,0,0,0,0,0,0,0,0,0,0,0,0,0,0,0,0,0,69,0,0,0,0,0,0,0,0,0,0,0,2
2154,1977,Mecanizado,SI,P3966 (Pioneer),Algodón,SI,Manual,SI,3.5,4465.116279,5,45,98,60000,10,0,0,0,0,0,0,0,0,0,0,0,1,0,0,0,1,0,0,92,0,0,0,0,0,90,0,0,0,0,0,3
2157,2000,Mecanizado,NO,DK 234 YGRR,Algodón,NO,Manual,SI,9,1695.348837,7,51,60,50000,6,0,0,0,0,0,0,0,0,0,0,1,0,0,0,0,0,0,0,92,0,0,0,0,0,60,0,0,0,0,0,4
2158,2003,Mecanizado,SI,P4082 (Pioneer),Algodón,SI,Manual,SI,2,4625.581395,5,47,69,75000,17,0,0,0,0,0,0,0,0,0,2,1,0,0,0,0,0,0,0,45,0,0,45,0,0,45,0,0,0,0,0,3
2159,2004,Mecanizado,SI,DK 234,Algodón,SI,Mecanizada,NO,9,5086.046512,5,49,77,72000,15,0,0,0,0,0,0,0,0,0,2,0,0,0,0,2,0,0,0,92,0,0,0,0,0,60,0,0,0,0,0,4
2160,2005,Mecanizado,SI,DK 234,Algodón,SI,Manual,SI,2,4709.302326,5,47,79,73000,17,0,0,0,0,0,0,0,0,0,1,1,0,0,0,1,0,0,0,69,0,0,0,0,0,30,0,0,0,0,0,3
2161,2006,Mecanizado,NO,P4082 (Pioneer),Algodón,SI,Manual,SI,3,4991.860465,5,48,78,72000,17,0,0,0,0,0,0,0,0,0,1,1,0,0,0,2,0,0,0,92,0,0,0,0,0,60,0,0,0,0,0,4
2163,2007,Mecanizado,SI,PAC 105,Algodón,SI,Manual,SI,2,5116.27907,5,48,75,73000,17,0,0,0,0,0,0,0,0,0,2,1,0,0,1,7,0,0,0,92,0,0,0,0,0,60,0,0,0,0,0,4
2164,1998,Mecanizado,SI,Otro,Pastos,SI,Mecanizada,SI,5.5,1871.627907,5,45,83,62500,6,0,0,0,0,0,0,0,0,0,1,1,0,0,0,1,1,0,0,37.5,0,0,37.5,0,0,37.5,0,0,0,0,0,2
2165,2008,Mecanizado,SI,P4082 (Pioneer),Algodón,SI,Manual,SI,5,5339.534884,5,45,82,72000,17,0,0,0,0,0,0,0,0,0,2,1,0,0,1,1,0,0,0,92,0,0,0,0,0,60,0,0,0,0,0,4
2166,1997,Mecanizado,SI,PAC 105,Algodón,SI,Mecanizada,SI,3,1804.883721,5,46,89,62500,5,0,0,1,0,0,0,0,0,0,0,1,0,0,0,2,0,0,0,115,0,0,0,0,0,0,0,0,0,0,0,2
2167,2009,Mecanizado,SI,P4082 (Pioneer),Algodón,SI,Manual,SI,4,4897.674419,5,47,79,73000,16,0,0,0,0,0,0,0,0,0,2,1,0,0,1,2,0,0,0,115,0,0,0,0,0,30,0,0,0,0,0,3
2184,1966,Mecanizado,NO,DK 234 YGRR,Algodón,SI,Mecanizada,NO,15,2919.767442,4,49,85,55000,5,0,0,0,0,0,0,0,0,0,0,1,0,0,0,0,0,0,0,46,0,0,0,0,0,0,0,0,0,0,0,1
2188,1968,Mecanizado,NO,Otro,Algodón,NO,Manual,NO,2.5,3861.627907,6,45,81,60000,7,0,0,0,1,0,0,0,0,0,0,1,0,0,0,2,0,0,0,92,0,0,0,0,0,30,0,0,0,0,0,3
2206,1992,Mecanizado,NO,Otro,Maiz,NO,Manual,SI,1,1976.744186,5,51,58,71452,6,0,0,0,0,0,0,0,0,0,0,0,1,0,0,1,0,0,0,184,0,0,0,0,0,0,0,0,0,0,0,2
2207,2081,Mecanizado,SI,P4082 (Pioneer),Maiz,SI,Manual,SI,1,3813.953488,5,45,89,70000,17,0,0,0,0,0,0,0,0,0,1,1,0,0,0,0,0,0,0,46,0,0,0,0,0,0,0,0,0,0,0,1
2211,2082,Mecanizado,SI,Otro,Algodón,SI,Manual,SI,1.5,5116.27907,5,46,75,72000,15,0,0,0,0,0,0,0,0,0,2,0,0,0,0,0,0,0,0,92,0,0,0,0,0,90,0,0,0,0,0,4
2214,1978,Mecanizado,NO,PAC 105,Algodón,SI,Manual,NO,1,3488.372093,5,53,63,62500,9,0,0,0,0,0,0,0,0,0,0,1,0,0,1,3,0,0,0,92,0,0,0,0,0,0,0,0,0,0,0,2
2216,1989,Manual,NO,DK 234 YGRR,Algodón,SI,Manual,NO,1,4409.302326,5,50,71,66666,11,0,0,1,0,0,0,0,0,0,0,1,0,0,0,0,0,0,0,138,0,0,0,0,0,0,0,0,0,0,0,2
2218,1988,Manual,NO,P4082 (Pioneer),Algodón,SI,Manual,NO,1.5,3344.023256,5,46,72,62500,9,0,0,1,0,0,0,0,0,0,1,0,0,0,0,2,0,0,0,69,0,0,0,0,0,0,0,0,0,0,0,2
2220,1987,Mecanizado,NO,P3966 (Pioneer),Algodón,SI,Mecanizada,NO,1.3,2250,5,48,71,62500,9,0,0,0,0,0,0,0,0,0,0,2,0,0,0,2,0,0,0,92,0,0,0,0,0,30,0,0,0,0,0,3
2222,1985,Mecanizado,NO,Otro,Maiz,SI,Manual,NO,1.5,6312.093023,5,46,76,75000,7,0,0,0,0,0,0,0,0,0,0,0,0,0,0,3,0,0,0,108,0,0,10,0,0,60,0,0,0,0,0,6
2224,1984,Mecanizado,NO,PIONEER 30F35,Algodón,SI,Manual,NO,1,3627.906977,10,40,57,62500,6,0,0,0,0,0,0,0,0,0,1,0,0,0,0,2,0,0,0,87,0,0,46,0,0,30,0,0,0,0,0,3
2225,1983,Mecanizado,NO,PIONEER 30F35,Algodón,SI,Manual,NO,1.5,1931.860465,10,40,62,45000,6,0,0,0,0,0,0,0,0,0,1,0,0,0,0,2,0,0,0,78,0,0,23,0,0,60,0,0,0,0,0,3
2228,1981,Manual,SI,DK 234 YGRR,Algodón,SI,Manual,NO,3,4186.046512,4,51,65,75000,9,0,0,0,0,0,0,0,0,0,0,1,0,0,0,2,0,0,0,92,0,0,0,0,0,0,0,0,0,0,0,2
2229,1980,Mecanizado,NO,PAC 105,Algodón,SI,Manual,NO,1,3720.930233,5,47,68,75000,9,0,0,0,0,0,0,0,0,0,0,1,0,0,0,3,0,0,0,92,0,0,0,0,0,0,0,0,0,0,0,2
2233,2091,Mecanizado,SI,Otro,Algodón,SI,Manual,SI,1,4958.139535,5,46,75,71000,18,0,0,0,0,0,0,0,0,0,2,0,0,0,0,5,0,0,0,115,0,0,0,0,0,30,0,0,0,0,0,3
2234,2092,Mecanizado,NO,Otro,Algodón,SI,Manual,NO,2,3527.906977,5,45,79,72000,17,0,0,0,0,0,0,0,0,0,2,1,0,0,1,0,0,0,0,92,0,0,0,0,0,60,0,0,0,0,0,4
2235,2093,Mecanizado,SI,Otro,Algodón,SI,Manual,SI,1,4672.093023,5,45,79,71000,18,0,0,0,0,0,0,0,0,0,2,0,0,0,0,2,0,0,0,92,0,0,0,0,0,30,0,0,0,0,0,3
2236,2094,Mecanizado,SI,Otro,Algodón,SI,Manual,SI,3,5115.116279,5,46,79,72000,18,0,0,3,0,0,0,0,0,0,1,1,0,0,0,1,0,0,0,138,0,0,0,0,0,0,0,0,0,0,0,2
2237,2095,Mecanizado,NO,PIONEER 30F32,Algodón,SI,Manual,SI,1,4520.930233,5,47,70,72000,18,0,0,0,0,0,0,0,0,0,1,1,0,0,0,6,0,0,0,138,0,0,0,0,0,0,0,0,0,0,0,2
2238,2096,Mecanizado,NO,Otro,Algodón,SI,Manual,SI,1,4576.744186,5,46,75,70000,18,0,0,0,0,0,0,0,0,0,0,1,0,0,0,6,0,0,0,161,0,0,0,0,0,0,0,0,0,0,0,3
2241,2113,Mecanizado,NO,P3966 (Pioneer),Algodón,SI,Mecanizada,NO,8.9,3422.965116,5,51,69,62500,8,0,0,0,0,0,0,0,0,0,1,1,0,0,0,4,0,0,0,92,0,0,0,0,0,0,0,0,0,0,0,2
2242,2112,Mecanizado,NO,Impacto (Syngenta),Algodón,SI,Mecanizada,SI,6,4418.604651,5,45,77,75000,7,0,0,0,0,0,0,0,0,0,1,1,0,0,0,0,0,0,0,92,0,0,0,0,0,0,0,0,0,0,0,2
2243,2097,Mecanizado,NO,PAC 105,Algodón,SI,Manual,NO,1,1860.465116,5,53,65,75000,10,0,0,0,0,0,0,0,0,0,0,1,0,0,0,3,0,0,0,22.5,0,0,22.5,0,0,22.5,0,0,0,0,0,1
2267,2111,Mecanizado,NO,Otro,Algodón,SI,Mecanizada,SI,6,4125.348837,5,38,92,62500,8,0,0,0,0,0,0,0,0,0,1,1,0,0,0,4,0,0,0,92,0,0,0,0,0,0,0,0,0,0,0,2
2275,2154,Mecanizado,SI,P4082 (Pioneer),Algodón,SI,Manual,SI,2,4862.790698,5,47,78,73000,15,0,0,1,0,0,0,0,0,0,1,0,0,0,0,1,0,0,0,92,0,0,0,0,0,60,0,0,0,0,0,4
2277,2155,Mecanizado,SI,PAC 105,Algodón,SI,Manual,SI,3,4709.302326,5,48,74,70000,15,0,0,0,0,0,0,0,0,0,0,1,0,0,0,3,0,0,0,92,0,0,0,0,0,60,0,0,0,0,0,4
2280,2102,Mecanizado,NO,PAC 105,Algodón,SI,Manual,NO,1,2755.813953,8,55,60,75000,11,0,0,0,0,0,1,0,1,0,0,0,0,0,0,2,0,0,0,161,0,0,0,0,0,30,0,0,0,0,0,5
2281,2157,Mecanizado,SI,Otro,Algodón,SI,Manual,NO,1,4672.093023,5,46,74,71000,15,0,0,0,0,0,0,0,0,0,0,1,0,0,0,3,0,0,0,92,0,0,0,0,0,60,0,0,0,0,0,4
2282,2101,Mecanizado,NO,PAC 105,Algodón,NO,Manual,NO,2,3627.906977,5,51,58,62500,12,0,0,0,0,0,0,0,0,0,1,1,0,0,0,9,0,0,0,161,0,0,0,0,0,0,0,0,0,0,0,2
2283,2100,Mecanizado,SI,P4082 (Pioneer),Algodón,SI,Mecanizada,NO,4,5895.348837,5,55,70,75000,11,0,0,1,1,0,0,0,0,0,0,2,0,0,0,2,0,0,0,92,0,0,0,0,0,30,0,0,0,0,0,3
2284,2099,Mecanizado,SI,P4082 (Pioneer),Algodón,SI,Mecanizada,NO,3,5970.930233,5,45,81,75000,11,0,0,1,0,0,0,0,0,0,0,2,0,0,0,3,0,0,0,138,0,0,0,0,0,30,0,0,0,0,0,4
2292,2172,Manual,NO,DK 234 YGRR,,SI,Manual,SI,2,4262.790698,4,61,79,70000,12,0,0,0,0,0,0,0,0,0,0,0,0,0,0,0,0,0,0,57.5,0,0,0,0,0,60,0,0,0,0,0,2
2293,2171,Manual,NO,Otro,Algodón,SI,Manual,NO,1,3174.418605,5,53,61,70588,10,0,0,2,0,0,0,0,0,0,1,0,1,0,0,5,1,0,0,92,0,0,0,0,0,0,0,0,0,0,0,2
2298,2174,Mecanizado,NO,DK 234,Maiz,SI,Manual,SI,3,4767.44186,5,77,49,"0      180000.000000
1      180000.000000
2      180000.000000
3      180000.000000
4      180000.000000
           ...      
993    180000.000000
994     85714.285714
995     90000.000000
996     81818.181818
997     78260.869565
Name: AREA, Length: 882, dtype: float64",12,0,0,0,0,0,0,0,0,0,0,0,0,0,0,1,0,0,0,46,0,0,0,0,0,30,0,0,0,0,0,2
2300,2173,Mecanizado,SI,DK 234 YGRR,Maiz,SI,Manual,SI,3,4343.023256,5,77,48,70000,12,0,0,0,0,0,0,0,0,0,0,0,0,0,0,0,0,0,0,138,0,0,0,0,0,60,0,0,0,0,0,2
2301,2175,Manual,SI,DK 234,Maiz,SI,Manual,SI,3.5,4520.930233,5,46,80,70000,12,0,0,0,0,0,0,0,0,0,0,0,0,0,0,0,0,0,0,230,0,0,0,0,0,0,0,0,0,0,0,2
2302,2176,Manual,NO,DK 234,Maiz,SI,Manual,SI,1,3767.44186,12,33,71,70000,11,0,0,0,0,0,0,0,0,0,0,0,0,0,0,0,0,0,0,138,0,0,0,0,0,60,0,0,0,0,0,2
2314,2194,Manual,NO,DK 234 YGRR,Algodón,SI,Manual,NO,3,3296.511628,5,45,71,62500,12,0,0,0,0,0,0,0,0,0,1,1,0,0,0,0,0,0,0,149.5,0,0,0,0,0,30,0,0,0,0,0,5
2351,2258,Mecanizado,NO,P3966 (Pioneer),Algodón,SI,Manual,NO,7,5581.395349,5,45,69,62500,10,0,0,0,0,0,0,0,0,0,1,2,0,0,0,2,0,0,0,92,0,0,0,0,0,30,0,0,0,0,0,4
2352,2257,Mecanizado,NO,P3966 (Pioneer),Algodón,SI,Manual,NO,15,5790.697674,5,45,74,62500,13,0,0,0,0,0,0,0,0,0,1,2,0,0,0,3,0,0,0,92,0,0,0,0,0,30,0,0,0,0,0,4
2387,2265,Mecanizado,SI,DK 234,Algodón,SI,Manual,SI,2,2604.651163,4,46,77,66000,13,0,0,1,0,0,0,0,0,0,0,0,0,0,0,0,0,0,0,184,0,0,0,0,0,120,0,0,0,0,0,4
2391,2277,Mecanizado,SI,P4082 (Pioneer),Algodón,SI,Mecanizada,NO,2.5,5581.395349,5,48,65,70000,7,0,0,1,0,0,0,0,0,0,1,1,0,0,0,1,0,0,0,115,0,0,0,0,0,0,0,0,1,0,0,2
2392,2278,Mecanizado,SI,P4082 (Pioneer),Algodón,SI,Mecanizada,NO,3.5,4988.372093,6,48,64,62500,7,0,0,2,0,0,0,0,0,0,1,1,0,0,1,2,0,0,0,92,0,0,0,0,0,60,0,0,0,0,0,4
2403,2263,Manual,NO,DK 234,Maiz,SI,Manual,SI,1.5,3446.511628,4,77,49,66000,13,0,0,0,0,0,0,0,0,0,0,0,0,0,0,0,0,0,0,153,0,0,15,0,0,60,0,0,0,0,0,4
2404,2262,Mecanizado,SI,PAC 105,Algodón,SI,Manual,SI,1,3906.976744,5,47,77,60000,13,0,0,0,0,0,0,0,0,0,0,0,0,0,0,1,0,0,0,184,0,0,0,0,0,150,0,0,0,0,0,4
2406,2308,Mecanizado,NO,Otro,Algodón,SI,Manual,NO,4,1632.55814,4,45,88,62500,6,0,0,0,0,0,0,0,0,0,2,2,0,0,0,3,0,0,0,115,0,0,0,0,0,0,0,0,0,0,0,2
2435,2057,Mecanizado,SI,DK 234 YGRR,Algodón,NO,Manual,NO,4.5,3202.325581,4,47,80,60000,6,0,0,0,0,0,0,0,0,0,0,1,0,0,0,0,0,0,0,46,0,0,0,0,0,0,0,0,0,0,0,1
2441,2055,Manual,NO,DK 234,Algodón,NO,Manual,NO,3,2193.023256,5,45,80,55000,6,0,0,0,0,0,0,0,0,0,0,1,0,0,0,0,0,0,0,46,0,0,0,0,0,0,0,0,0,0,0,1
2442,2054,Mecanizado,SI,DK 234 YGRR,Algodón,SI,Manual,NO,4,3813.953488,4,49,78,60000,15,0,0,0,0,0,0,0,0,0,0,0,0,0,0,0,0,0,0,115,0,0,0,0,0,60,0,0,0,0,0,5
2443,2053,Manual,NO,DK 234 YGRR,Algodón,NO,Manual,NO,4,3720.930233,3,46,84,60000,13,0,0,0,0,0,0,0,0,0,0,1,0,0,0,0,0,0,0,46,0,0,0,0,0,0,0,0,0,0,0,1
2444,2206,Mecanizado,NO,DK 234 YGRR,Algodón,NO,Manual,NO,1.5,4004.651163,3,46,83,60000,9,0,0,0,0,0,0,0,0,0,0,1,0,0,0,1,0,0,0,46,0,0,0,0,0,0,0,0,0,0,0,1
2446,2056,Mecanizado,NO,ADV 9339 (Syngenta),Algodón,NO,Manual,NO,3,2002.325581,4,44,81,55000,7,0,0,0,0,0,0,0,0,0,0,1,0,0,0,1,0,0,0,46,0,0,0,0,0,0,0,0,0,0,0,1
2447,2207,Mecanizado,NO,Otro,Algodón,NO,Manual,NO,2,5488.372093,0,48,85,55000,9,0,0,1,0,0,0,0,0,0,0,1,0,0,0,2,0,0,0,92,0,0,0,0,0,30,0,0,0,0,0,3
2449,2025,Mecanizado,NO,DK 234 YGRR,Algodón,NO,Manual,NO,2,2919.767442,5,52,75,55000,15,0,0,1,0,0,0,0,0,0,0,1,0,0,0,2,0,0,0,138,0,0,0,0,0,0,0,0,0,0,0,3
2450,2027,Mecanizado,NO,DK 234 YGRR,Algodón,NO,Manual,NO,1.5,2790.697674,3,47,81,55000,6,0,0,0,0,0,0,0,0,0,0,1,0,0,0,0,0,0,0,46,0,0,0,0,0,0,0,0,0,0,0,1
2452,2030,Mecanizado,SI,DK 234 YGRR,Algodón,SI,Manual,NO,6,3767.44186,4,47,80,60000,8,0,0,0,0,0,0,0,0,0,0,1,0,0,0,2,0,0,0,46,0,0,0,0,0,40,0,0,0,0,0,2
2454,2031,Mecanizado,NO,P3966 (Pioneer),Algodón,NO,Manual,NO,3.5,4862.790698,4,45,83,60000,13,0,0,1,0,0,0,0,0,0,0,1,0,0,0,2,0,0,0,46,0,0,0,0,0,30,0,0,0,0,0,2
2455,2032,Mecanizado,SI,P3966 (Pioneer),Algodón,SI,Manual,NO,15,4651.162791,3,45,79,60000,12,0,0,0,0,0,0,0,0,0,0,1,0,0,0,3,0,0,0,92,0,0,0,0,0,0,0,0,0,0,0,2
2456,2034,Mecanizado,SI,DK7088,Algodón,SI,Mecanizada,NO,12,4386.046512,4,49,91,60000,4,0,0,0,0,0,0,0,0,0,0,1,0,0,0,2,0,0,0,92,0,0,0,0,0,0,0,0,0,0,0,2
2457,2329,Manual,NO,Otro,Algodón,NO,Mecanizada,SI,3.5,2604.651163,36,15,99,50000,12,0,0,0,0,0,0,0,0,0,0,0,0,0,1,0,0,0,69,0,0,0,0,0,30,0,0,0,0,0,2,0
2458,2326,Mecanizado,NO,DK 234,Algodón,NO,Mecanizada,SI,23,3146.511628,8,47,80,62000,11,0,0,0,1,0,0,0,0,0,0,0,0,0,0,1,0,0,0,138,0,0,0,0,0,180,0,0,0,0,0,2
2465,2338,Manual,NO,PAC 105,Algodón,SI,Manual,NO,1,4279.069767,7,45,76,71420,8,0,0,0,0,0,0,0,0,0,1,0,0,0,0,5,0,0,0,126.5,0,0,0,0,0,0,0,0,0,0,0,3
2466,2340,Mecanizado,SI,Otro,Algodón,SI,Manual,NO,15,5804.651163,5,46,79,71000,16,0,0,2,0,0,0,0,0,0,2,2,0,0,1,2,0,0,0,69,0,0,15,0,0,35,0,0,0,0,0,5
2468,2336,Mecanizado,SI,DK 234 YGRR,Algodón,SI,Manual,NO,3,5308.139535,3,55,64,62500,12,0,0,0,0,0,0,0,0,0,1,0,0,0,0,0,0,0,0,105.8,0,0,0,0,0,0,0,0,0,0,0,2
2472,2341,Mecanizado,SI,Otro,Maiz,SI,Manual,SI,2,3623.255814,5,47,78,70000,16,0,0,0,0,0,0,0,0,0,2,1,0,0,0,5,0,0,0,161,0,0,0,0,0,0,0,0,0,0,0,3
2474,2333,Mecanizado,NO,P4082 (Pioneer),Algodón,NO,Manual,NO,1.5,2412.790698,5,45,78,62500,9,0,0,0,0,0,0,0,0,0,0,1,0,0,0,2,1,0,0,92,0,0,0,0,0,0,0,0,0,0,0,2
2501,2357,Mecanizado,SI,Otro,Algodón,SI,Manual,SI,3.5,3579.069767,5,45,67,70000,16,0,0,0,0,0,0,0,0,0,2,1,0,0,0,4,0,0,0,172.5,0,0,0,0,0,0,0,0,0,0,0,3
2502,2035,Mecanizado,SI,DK7088,Algodón,SI,Mecanizada,NO,11.2,2812.790698,4,48,81,60000,8,0,0,0,0,0,0,0,0,0,0,2,0,0,0,1,0,0,0,92,0,0,0,0,0,0,0,0,0,0,0,2
2503,2036,Mecanizado,NO,DK 234 YGRR,Algodón,NO,Manual,NO,2,2883.72093,5,46,104,55000,4,0,0,0,0,0,0,0,0,0,0,2,0,0,0,0,0,0,0,46,0,0,0,0,0,0,0,0,0,0,0,1
2504,2038,Mecanizado,SI,DK 234 YGRR,Algodón,NO,Manual,NO,2,3337.209302,4,47,79,55000,10,0,0,0,0,0,0,0,0,0,0,1,0,0,0,2,0,0,0,92,0,0,0,0,0,0,0,0,0,0,0,2
2506,2359,Mecanizado,NO,ADV 9339 (Syngenta),Algodón,SI,Manual,SI,4,4651.162791,5,46,71,70000,16,0,0,0,0,0,0,0,0,0,0,0,0,0,0,5,0,0,0,103.5,0,0,0,0,0,0,0,0,0,0,0,2
2507,2360,Mecanizado,SI,Otro,Algodón,SI,Manual,SI,1.5,5511.627907,5,48,79,71000,16,0,0,1,0,0,0,0,0,0,2,1,0,0,1,1,0,0,0,92,0,0,0,0,0,60,0,0,0,0,0,4
2508,2361,Mecanizado,NO,Otro,Algodón,SI,Manual,NO,1.3,5116.27907,5,48,80,71000,16,0,0,1,0,0,0,0,0,0,0,1,0,0,0,3,0,0,0,68,0,0,4.4,0,0,49.8,0,0,0,0,0,3
2510,2363,Mecanizado,NO,P3966 (Pioneer),Algodón,SI,Manual,SI,2.4,5116.27907,30,49,67,70000,16,0,0,1,0,0,0,0,0,0,0,1,0,0,0,4,0,0,0,66,0,0,4,0,0,48,0,0,0,0,0,3
2511,2364,Mecanizado,SI,Otro,Algodón,SI,Mecanizada,NO,18,5577.906977,5,46,77,71000,16,0,0,0,0,0,0,0,0,0,2,1,0,0,1,3,0,0,0,96,0,0,0,0,0,15,0,0,0,0,0,4
2523,2039,Mecanizado,SI,DK 234 YGRR,Algodón,SI,Manual,NO,3,3432.55814,4,47,83,55000,9,0,0,0,0,0,0,0,0,0,0,1,0,0,0,2,0,0,0,92,0,0,0,0,0,0,0,0,0,0,0,2
2525,2040,Mecanizado,SI,DK 234 YGRR,Algodón,SI,Manual,NO,15,3579.069767,4,46,91,60000,5,0,0,0,0,0,0,0,0,0,0,1,0,0,0,2,0,0,0,92,0,0,0,0,0,0,0,0,0,0,0,2
2526,2041,Mecanizado,NO,DK 234 YGRR,Algodón,NO,Manual,NO,3,2383.72093,4,44,85,55000,8,0,0,0,0,0,0,0,0,0,0,2,0,0,0,0,0,0,0,92,0,0,0,0,0,0,0,0,0,0,0,2
2535,2375,Mecanizado,SI,Otro,Algodón,SI,Mecanizada,NO,15.5,5308.139535,5,48,87,71000,16,0,0,0,0,0,0,0,0,0,2,2,0,0,1,1,0,0,0,80,0,0,0,0,0,45,0,0,0,0,0,7
2536,2376,Mecanizado,SI,Otro,Algodón,SI,Manual,SI,1.5,3579.069767,5,46,76,70000,16,0,0,0,0,0,0,0,0,0,2,1,0,0,0,3,0,0,0,161,0,0,0,0,0,0,0,0,0,0,0,3
2539,2327,Mecanizado,SI,DK 234,Algodón,NO,Manual,SI,2,3174.418605,5,45,69,60000,11,0,0,0,0,0,0,0,0,0,0,1,0,0,0,0,0,0,0,92,0,0,0,0,0,60,0,0,0,0,0,4
2540,2328,Mecanizado,SI,DK 234,Algodón,SI,Manual,SI,9,2046.511628,5,85,41,42000,11,0,0,0,0,0,0,0,0,0,0,1,0,0,0,1,0,0,0,115,0,0,0,0,0,0,0,0,0,0,0,1
2541,2379,Mecanizado,SI,P3966 (Pioneer),Algodón,NO,Manual,SI,8,3446.511628,5,47,68,60000,11,0,0,0,0,0,0,0,0,0,0,0,0,0,0,0,0,0,0,46,0,0,0,0,0,30,0,0,0,0,0,2
2545,2383,Mecanizado,NO,P4082 (Pioneer),Algodón,SI,Manual,NO,6,3970.325581,5,48,61,71000,16,0,0,1,0,0,0,0,0,0,0,0,0,0,0,2,0,0,0,56.25,0,0,10,0,0,52.5,0,0,0,0,0,2
2550,2387,Manual,NO,PIONEER 30F35,Algodón,SI,Manual,SI,1,3441.860465,5,77,36,50000,12,0,0,0,0,0,0,0,0,0,0,0,0,0,0,1,0,0,0,92,0,0,0,0,0,120,0,0,0,0,0,4
2553,2391,Mecanizado,SI,P4082 (Pioneer),Maiz,SI,Manual,SI,2,3579.069767,4,46,79,80000,12,0,0,0,0,0,0,0,0,0,0,0,0,0,0,0,0,0,0,184,0,0,0,0,0,120,0,0,0,0,0,4
2554,2043,Mecanizado,NO,ADV 9339 (Syngenta),Algodón,SI,Mecanizada,NO,12.5,2072.093023,4,46,79,60000,5,0,0,0,0,0,0,0,0,0,0,2,0,0,0,3,0,0,0,46,0,0,0,0,0,0,0,0,0,0,0,1
2560,2397,Mecanizado,NO,Otro,Algodón,SI,Manual,SI,5,4615.116279,5,46,71,62500,13,0,0,0,0,0,0,0,0,0,2,0,0,0,1,0,0,0,0,80,0,0,0,0,0,0,0,0,0,0,0,2
2562,2044,Manual,NO,DK 234 YGRR,Algodón,NO,Manual,NO,3,2543.023256,3,46,84,55000,4,0,0,0,0,0,0,0,0,0,0,1,0,0,0,2,0,0,0,46,0,0,0,0,0,0,0,0,0,0,0,1
2564,2045,Mecanizado,SI,PAC 105,Algodón,SI,Mecanizada,NO,9.5,1544.186047,5,46,92,60000,6,0,0,0,0,0,0,0,0,0,1,1,0,0,0,1,0,0,0,46,0,0,0,0,0,0,0,0,0,0,0,1
2565,2046,Mecanizado,SI,DK 234 YGRR,Algodón,NO,Manual,NO,3,1883.72093,4,47,81,55000,5,0,0,0,0,0,0,0,0,0,0,2,0,0,0,1,0,0,0,46,0,0,0,0,0,0,0,0,0,0,0,1
2566,2048,Mecanizado,SI,DK 234 YGRR,Algodón,NO,Manual,NO,2,2669.767442,4,46,85,55000,6,0,0,0,0,0,0,0,0,0,0,1,0,0,0,1,0,0,0,92,0,0,0,0,0,0,0,0,0,0,0,2
2567,2049,Mecanizado,NO,DK 234 YGRR,Algodón,SI,Manual,NO,7,2895.348837,2,46,99,60000,7,0,0,0,0,0,0,0,0,0,0,1,0,0,0,0,0,0,0,46,0,0,0,0,0,30,0,0,0,0,0,2
2569,2050,Manual,NO,P4082 (Pioneer),Algodón,NO,Manual,NO,4,2955.813953,3,49,81,55000,10,0,0,0,0,0,0,0,0,0,0,1,0,0,0,2,0,0,0,46,0,0,0,0,0,0,0,0,0,0,0,1
2573,2400,Mecanizado,NO,Otro,Algodón,SI,Mecanizada,NO,10,4651.162791,4,51,66,65500,13,0,0,0,0,0,0,0,0,0,1,1,0,0,0,1,0,0,0,92,0,0,0,0,0,30,0,0,0,0,0,3
2575,2052,Mecanizado,NO,DK 234 YGRR,Algodón,NO,Manual,NO,8,3051.162791,4,47,84,60000,7,0,0,0,0,0,0,0,0,0,0,1,0,0,0,0,0,0,0,92,0,0,0,0,0,0,0,0,0,0,0,2
2576,2200,Mecanizado,NO,DK 234 YGRR,Algodón,NO,Manual,NO,1.5,3813.953488,4,48,82,55000,10,0,0,0,0,0,0,0,0,0,0,1,0,0,0,1,0,0,0,92,0,0,0,0,0,0,0,0,0,0,0,2
2577,2401,Mecanizado,SI,PAC 105,Algodón,SI,Manual,SI,2,4651.162791,5,48,69,65000,12,0,0,0,0,0,0,0,0,0,0,2,0,0,0,3,0,0,0,106.5,0,0,37.5,0,0,97.5,0,0,0,0,0,3
2578,2205,Mecanizado,NO,DK 234 YGRR,Algodón,NO,Manual,NO,3,4004.651163,4,46,80,60000,7,0,0,0,0,0,0,0,0,0,0,1,0,0,0,1,0,0,0,46,0,0,0,0,0,0,0,0,0,0,0,1
2579,2402,Mecanizado,NO,ADV 9339 (Syngenta),Algodón,SI,Mecanizada,NO,12,4837.209302,5,46,74,62500,12,0,0,0,0,0,0,0,0,0,0,2,0,0,0,3,0,0,0,138,0,0,0,0,0,0,0,0,0,0,0,2
2580,2204,Mecanizado,NO,DK 234 YGRR,Algodón,NO,Manual,NO,2,4238.372093,4,47,82,55000,6,0,0,0,0,0,0,0,0,0,0,1,0,0,0,2,0,0,0,92,0,0,0,0,0,0,0,0,0,0,0,2
2581,2203,Mecanizado,NO,DK 234 YGRR,Algodón,SI,Manual,NO,3,4576.744186,4,46,83,60000,10,0,0,0,0,0,0,0,0,0,0,1,0,0,0,1,0,0,0,46,0,0,0,0,0,0,0,0,0,0,0,1
2582,2202,Manual,NO,DK 234 YGRR,Algodón,NO,Manual,NO,1,3377.906977,4,40,94,60000,9,0,0,0,0,0,0,0,0,0,0,1,0,0,0,2,0,0,0,46,0,0,0,0,0,0,0,0,0,0,0,1
2583,2201,Mecanizado,NO,DK 234 YGRR,Algodón,NO,Manual,NO,2.5,4238.372093,3,50,78,55000,9,0,0,0,0,0,0,0,0,0,0,1,0,0,0,0,0,0,0,92,0,0,0,0,0,0,0,0,0,0,0,2
2584,2214,Manual,NO,Otro,Maiz,NO,Manual,NO,1,2097.674419,5,49,83,55000,6,0,0,0,0,0,0,0,0,0,0,1,0,0,0,3,0,0,0,46,0,0,0,0,0,0,0,0,0,0,0,1
2585,2216,Mecanizado,NO,PAC 105,Algodón,NO,Manual,NO,1.8,3623.255814,4,47,81,62000,6,0,0,0,0,0,0,0,0,0,0,1,0,0,0,3,0,0,0,115,0,0,0,0,0,0,0,0,0,0,0,2
2586,2215,Manual,NO,PAC 105,Algodón,NO,Manual,NO,1.5,2002.325581,5,44,84,55000,6,0,0,0,0,0,0,0,0,0,1,0,0,0,0,1,0,0,0,46,0,0,0,0,0,0,0,0,0,0,0,1
2587,2213,Manual,NO,Otro,Algodón,NO,Manual,NO,2.5,4767.44186,4,46,81,55000,8,0,0,0,0,0,0,0,0,0,1,0,0,0,0,1,0,0,0,115,0,0,0,0,0,0,0,0,0,0,0,2
2588,2274,Mecanizado,NO,DK 234 YGRR,Maiz,NO,Manual,NO,1.5,2260.465116,4,47,85,55000,6,0,0,0,0,0,0,0,0,0,0,1,0,0,0,1,0,0,0,46,0,0,0,0,0,0,0,0,0,0,0,1
2589,2275,Mecanizado,NO,DK 234 YGRR,Maiz,SI,Manual,NO,1.5,2383.72093,6,47,84,55000,8,0,0,0,0,0,0,0,0,0,0,1,0,0,0,1,0,0,0,92,0,0,0,0,0,0,0,0,0,0,0,2
2591,2276,Mecanizado,NO,PAC 105,Maiz,SI,Manual,NO,3,3051.162791,5,47,82,55000,7,0,0,0,0,0,0,0,0,0,0,1,0,0,0,2,0,0,0,92,0,0,0,0,0,0,0,0,0,0,0,2
2592,2208,Mecanizado,NO,P3966 (Pioneer),Algodón,NO,Manual,SI,1.3,4290.697674,4,47,75,60000,9,0,0,0,0,0,0,0,0,0,1,1,0,0,0,2,0,0,0,92,0,0,0,0,0,0,0,0,0,0,0,2
2594,2209,Mecanizado,NO,DK 234 YGRR,Algodón,NO,Manual,NO,2.5,4520.930233,3,46,87,60000,10,0,0,0,0,0,0,0,0,0,0,1,0,0,0,1,0,0,0,92,0,0,0,0,0,0,0,0,0,0,0,2
2595,2210,Mecanizado,SI,DK 234 YGRR,Algodón,NO,Manual,NO,4,2543.023256,4,46,78,60000,6,0,0,1,0,0,0,0,0,0,0,1,0,0,0,0,0,0,0,92,0,0,0,0,0,0,0,0,0,0,0,2
2596,2211,Mecanizado,NO,Otro,Algodón,NO,Manual,NO,2,1144.186047,3,47,79,60000,4,0,0,0,0,0,0,0,0,0,1,1,0,0,0,1,0,0,0,69,0,0,0,0,0,0,0,0,0,0,0,1
2597,2212,Manual,NO,Otro,Algodón,SI,Manual,NO,3,4004.651163,4,47,89,60000,4,0,0,0,0,0,0,0,0,0,1,1,0,0,0,2,0,0,0,92,0,0,0,0,0,0,0,0,0,0,0,2
2609,2422,Mecanizado,SI,Otro,Algodón,SI,Manual,NO,1,3337.209302,5,47,70,70000,14,0,0,0,0,0,0,0,0,0,2,1,0,0,0,4,0,0,0,92,0,0,0,0,0,30,0,0,0,0,0,3
2617,2323,Manual,NO,Otro,Algodón,NO,Manual,NO,1.2,1430.232558,5,47,82,60000,9,0,0,0,0,0,0,0,0,0,1,1,0,0,0,3,0,0,0,92,0,0,0,0,0,0,0,0,0,0,0,2
2618,2322,Mecanizado,SI,DK 234 YGRR,Algodón,NO,Manual,NO,3,3767.44186,5,46,87,60000,5,0,0,0,0,0,0,0,0,0,0,1,0,0,0,0,0,0,0,46,0,0,0,0,0,0,0,0,0,0,0,1
2619,2321,Mecanizado,NO,DK 234 YGRR,Algodón,SI,Manual,NO,5,3955.813953,4,47,82,55000,8,0,0,0,0,0,0,0,0,0,0,1,0,0,0,2,0,0,0,46,0,0,0,0,0,0,0,0,0,0,0,1
2620,2320,Mecanizado,SI,PIONEER 30F35 HRR,Algodón,NO,Manual,NO,7,4709.302326,3,48,85,60000,8,0,0,0,0,0,0,0,0,0,0,1,0,0,0,1,0,0,0,46,0,0,0,0,0,0,0,0,0,0,0,1
2621,2319,Mecanizado,SI,DK 234 YGRR,Algodón,NO,Manual,NO,2,4958.139535,5,48,82,60000,8,0,0,1,0,0,0,0,0,0,0,1,0,0,0,1,0,0,0,115,0,0,0,0,0,30,0,0,0,0,0,4
2622,2318,Mecanizado,NO,DK 234 YGRR,Algodón,NO,Manual,NO,1.5,2383.72093,4,46,82,55000,6,0,0,0,0,0,0,0,0,0,0,1,0,0,0,1,0,0,0,46,0,0,0,0,0,0,0,0,0,0,0,2
2623,2288,Mecanizado,SI,DK 234 YGRR,Algodón,NO,Manual,NO,4,2383.72093,4,48,83,60000,9,0,0,0,0,0,0,0,0,0,0,1,0,0,0,1,0,0,0,92,0,0,0,0,0,0,0,0,0,0,0,2
2624,2286,Mecanizado,SI,DK 234 YGRR,Algodón,NO,Mecanizada,NO,4,3861.627907,4,48,78,55000,6,0,0,0,0,0,0,0,0,0,0,1,0,0,0,1,0,0,0,92,0,0,0,0,0,0,0,0,0,0,0,2
2626,2285,Mecanizado,SI,DK 234 YGRR,Algodón,NO,Manual,NO,3,2193.023256,4,48,81,55000,9,0,0,0,0,0,0,0,0,0,0,1,0,0,0,1,0,0,0,46,0,0,0,0,0,0,0,0,0,0,0,1
2628,2284,Mecanizado,SI,DK 234 YGRR,Algodón,NO,Mecanizada,NO,3.5,2919.767442,4,17,109,60000,10,0,0,0,0,0,0,0,0,0,0,1,0,0,0,0,0,0,0,46,0,0,0,0,0,0,0,0,0,0,0,1
2629,2283,Mecanizado,SI,PAC 105,Algodón,SI,Mecanizada,NO,7,2002.325581,5,46,90,60000,4,0,0,0,0,0,0,0,0,0,1,1,0,0,0,2,0,0,0,92,0,0,0,0,0,0,0,0,0,0,0,2
2630,2282,Mecanizado,SI,DK 234 YGRR,Algodón,SI,Manual,SI,20,3337.209302,4,47,82,55000,14,0,0,0,0,0,0,0,0,0,1,0,0,0,0,2,0,0,0,46,0,0,0,0,0,0,0,0,0,0,0,1
2632,2280,Mecanizado,NO,DK 234 YGRR,Algodón,NO,Manual,NO,1.5,2260.465116,4,46,79,55000,4,0,0,0,0,0,0,0,0,0,0,2,0,0,0,1,0,0,0,46,0,0,0,0,0,0,0,0,0,0,0,1
2633,2287,Mecanizado,NO,PAC 105,Algodón,NO,Manual,NO,1,2072.093023,4,46,79,"0     NaN
1     NaN
2     NaN
3     NaN
4     NaN
       ..
993   NaN
994   NaN
995   NaN
996   NaN
997   NaN
Name: AREA, Length: 882, dtype: float64",13,0,0,0,0,0,0,0,0,0,1,1,0,0,0,2,0,0,0,92,0,0,0,0,0,0,0,0,0,0,0,2
2635,2436,Mecanizado,NO,NK254 (Syngenta),Algodón,SI,Manual,NO,1,3337.209302,5,46,66,70000,14,0,0,0,0,0,0,0,0,0,2,1,0,0,0,3,0,0,0,92,0,0,0,0,0,0,0,0,0,0,0,2
2636,2437,Mecanizado,SI,NK254 (Syngenta),Algodón,SI,Manual,SI,2,2947.674419,5,46,60,71000,14,0,0,0,0,0,0,0,0,0,2,2,0,0,0,5,0,0,0,103.5,0,0,0,0,0,30,0,0,0,0,0,3
2637,2438,Mecanizado,SI,PAC 105,Algodón,SI,Manual,SI,4,2947.674419,5,47,66,71000,14,0,0,0,0,0,0,0,0,0,2,2,0,0,0,6,0,0,0,92,0,0,0,0,0,30,0,0,0,0,0,3
2641,2439,Mecanizado,NO,P3966 (Pioneer),Algodón,SI,Manual,SI,1.5,4238.372093,5,47,84,70000,16,0,0,1,0,0,0,0,0,0,2,1,0,0,1,3,0,0,0,92,0,0,0,0,0,60,0,0,0,0,0,4
2643,2440,Mecanizado,NO,Otro,Algodón,SI,Mecanizada,NO,23,5953.488372,5,46,87,71000,15,0,0,0,0,0,0,0,0,0,2,1,0,0,1,3,0,0,0,115,0,0,0,0,0,30,0,0,0,0,0,3
2661,2444,Mecanizado,NO,PAC 105,Algodón,SI,Manual,SI,3,4625.581395,5,46,70,70000,16,0,0,1,0,0,0,0,0,0,1,0,0,0,0,1,0,0,0,96,0,0,2.5,0,0,60,0,0,0,0,0,5
2662,2445,Manual,NO,Otro,Algodón,SI,Manual,SI,1.3,5180.232558,5,47,73,71000,16,0,0,0,0,0,0,0,0,0,2,1,0,0,1,1,0,0,0,115,0,0,0,0,0,30,0,0,0,0,0,3
2663,2446,Mecanizado,NO,Impacto (Syngenta),Algodón,SI,Mecanizada,NO,10,4803.488372,5,47,73,71000,48,0,0,0,0,0,0,0,0,0,2,1,0,0,0,1,0,0,12,109.5,0,24,20,0,12,15,0,0,0,0,1,4
2666,2448,Mecanizado,NO,PIONEER 30F35 H,Maiz,SI,Manual,SI,4.5,4651.162791,5,47,72,71000,55,0,0,0,0,0,0,0,0,0,2,1,0,0,0,2,0,12,0,86.5,24,0,20,12,0,45,0,0,0,1,0,5
2668,2449,Mecanizado,NO,Impacto (Syngenta),Maiz,SI,Mecanizada,SI,16,4651.162791,5,47,70,70000,54,0,0,0,0,0,0,0,0,0,2,1,0,0,0,1,0,0,12,52,0,24,20,0,12,30,0,0,0,0,1,3
2669,2450,Mecanizado,NO,Otro,Algodón,SI,Manual,SI,10,4409.302326,5,47,73,70000,72,0,0,1,0,0,0,0,0,0,1,1,0,0,1,4,0,0,0,103.5,0,0,0,0,0,60,0,0,0,0,0,4
2675,2454,Mecanizado,NO,Impacto (Syngenta),Maiz,SI,Mecanizada,SI,23,4850.581395,5,48,83,71000,50,0,0,1,0,0,0,0,0,0,2,1,0,0,1,2,0,0,0,75,0,0,12,0,0,36,0,0,0,0,0,4
2678,2457,Mecanizado,NO,Impacto (Syngenta),Maiz,SI,Manual,SI,1,5023.255814,5,47,72,70000,60,0,0,0,0,0,0,0,0,0,2,1,0,0,0,1,0,0,0,80.5,0,0,0,0,0,30,0,0,0,0,0,3
2679,2458,Mecanizado,NO,ADV 9339 (Syngenta),Maiz,SI,Mecanizada,SI,2.5,4651.162791,5,46,79,70000,60,0,0,1,0,0,0,0,0,0,2,1,0,0,1,3,0,0,29,72,0,20,10,0,0,30,0,0,0,0,2,4
2680,2459,Mecanizado,NO,Impacto (Syngenta),Maiz,SI,Mecanizada,SI,25,4651.162791,5,46,81,71000,60,0,0,1,0,0,0,0,0,0,1,1,0,0,1,1,0,0,29,72,0,20,10,0,0,30,0,0,0,0,2,4
2681,2460,Mecanizado,NO,Impacto (Syngenta),Algodón,SI,Manual,SI,4,4615.116279,6,45,73,70000,61,0,0,1,0,0,0,0,0,0,0,2,0,0,0,3,0,0,0,74.6,0,0,13.25,0,0,60,0,0,0,0,0,6
2687,2463,Mecanizado,NO,Otro,Algodón,SI,Manual,SI,2,4744.186047,5,46,70,70000,14,0,0,0,0,0,0,0,0,0,0,1,0,0,0,0,0,0,0,92,0,0,0,0,0,75,0,0,0,0,0,4
2688,2464,Manual,NO,ICA V 305,Algodón,SI,Manual,SI,1,4238.372093,5,47,69,66000,14,0,0,0,0,0,0,0,0,0,0,1,0,0,0,1,0,0,0,69,0,0,0,0,0,30,0,0,0,0,0,3
2690,2465,Manual,NO,P4082 (Pioneer),Algodón,SI,Manual,NO,1,4834.883721,5,47,81,67000,14,0,0,1,0,0,0,0,0,0,0,1,0,0,0,0,0,0,0,69,0,0,0,0,0,30,0,0,0,0,0,3
2694,2468,Manual,NO,Otro,Algodón,SI,Manual,SI,1,5441.860465,5,47,83,70000,14,0,0,0,0,0,0,0,0,0,0,1,0,0,0,0,0,0,0,69,0,0,0,0,0,60,0,0,0,0,0,4
2718,2474,Mecanizado,NO,P4082 (Pioneer),Algodón,SI,Manual,SI,1,4767.44186,5,48,71,67000,14,0,0,0,0,0,0,0,0,0,1,1,0,0,0,1,0,0,0,46,0,0,0,0,0,60,0,0,0,0,0,4
2719,2475,Manual,NO,Otro,Algodón,SI,Manual,SI,1,4632.55814,5,48,77,68000,14,0,0,0,0,0,0,0,0,0,0,1,0,0,0,1,0,0,0,92,0,0,0,0,0,0,0,0,0,0,0,2
2721,2477,Manual,NO,P4082 (Pioneer),Algodón,SI,Manual,SI,1,4651.162791,5,47,66,71000,13,0,0,0,0,0,0,0,0,0,0,1,0,0,0,0,0,0,0,80.5,0,0,0,0,0,30,0,0,0,0,0,3
2722,2478,Mecanizado,NO,Otro,Algodón,SI,Manual,SI,1,4576.744186,5,47,76,65000,13,0,0,0,0,0,0,0,0,0,0,1,0,0,0,1,0,0,0,92,0,0,0,0,0,30,0,0,0,0,0,3
2723,2479,Mecanizado,NO,P3966 (Pioneer),Algodón,SI,Manual,NO,7,4684.883721,5,46,84,71000,16,0,0,1,0,0,0,0,0,0,2,1,0,0,1,3,0,0,0,68.75,0,0,8.75,0,0,72.5,0,0,0,0,0,2
2733,2504,Manual,NO,Impacto (Syngenta),Maiz,SI,Manual,SI,1,4632.55814,5,46,74,70000,15,0,0,0,0,0,0,0,0,0,1,1,0,0,1,0,0,0,0,86,0,0,0,0,0,0,0,0,0,0,0,2
2735,2506,Mecanizado,SI,Otro,Algodón,SI,Manual,SI,2,4672.093023,5,46,73,71000,14,0,0,0,0,0,0,0,0,0,1,1,0,0,1,3,0,0,0,86,0,0,0,0,0,0,0,0,0,0,0,2
2736,2495,Mecanizado,SI,DK 234,Maiz,SI,Manual,SI,4,4481.395349,6,46,77,80000,12,0,0,0,0,0,0,0,0,0,0,0,0,0,0,1,0,0,0,161,0,0,0,0,0,60,0,0,0,0,0,2
2737,2481,Mecanizado,SI,DK 234,Maiz,SI,Manual,SI,4,3813.953488,6,45,77,54000,11,0,0,0,0,0,0,0,0,0,0,0,0,0,0,0,0,0,0,184,0,0,0,0,0,120,0,0,0,0,0,4
2738,2487,Mecanizado,NO,DK 234,Maiz,SI,Manual,SI,2,4004.651163,5,46,82,72000,10,0,0,0,0,0,0,0,0,0,0,0,0,0,0,0,0,0,0,138,0,0,0,0,0,60,0,0,0,0,0,2
2739,2488,Mecanizado,SI,P3966 (Pioneer),Maiz,SI,Manual,SI,1,3813.953488,5,45,81,72000,10,0,0,0,0,0,0,0,0,0,0,0,0,0,0,1,0,0,0,92,0,0,0,0,0,60,0,0,0,0,0,2
2740,2484,Mecanizado,NO,PAC 105,Algodón,NO,Manual,SI,1.5,3813.953488,5,45,88,60000,10,0,0,0,0,0,0,0,0,0,0,0,0,0,0,1,0,0,0,138,0,0,0,0,0,60,0,0,0,0,0,2
2741,2485,Mecanizado,SI,DK 234,Algodón,NO,Manual,SI,2,4386.046512,6,44,92,65000,11,0,0,0,0,0,0,0,0,0,0,0,0,0,0,0,0,0,0,230,0,0,0,0,0,60,0,0,0,0,0,3
2746,2482,Mecanizado,NO,DK 234,Algodón,NO,Manual,SI,9.5,4081.395349,5,45,77,60000,12,0,0,0,0,0,0,0,0,0,0,0,0,0,0,1,0,0,0,115,0,0,0,0,0,150,0,0,0,0,0,4
2747,2483,Mecanizado,NO,P3966 (Pioneer),Algodón,NO,Manual,SI,13,4186.046512,5,26,100,65000,10,0,0,0,0,0,0,0,0,0,0,0,0,0,0,0,0,0,0,92,0,0,0,0,0,120,0,0,0,0,0,4
2748,2486,Manual,NO,DK 234,Maiz,SI,Manual,SI,1,3906.976744,5,46,80,50000,11,0,0,0,0,0,0,0,0,0,0,0,0,0,0,0,0,0,0,46,0,0,0,0,0,60,0,0,0,0,0,2
2750,2490,Manual,SI,Impacto (Syngenta),Algodón,SI,Manual,SI,3,3627.906977,6,40,88,60000,11,0,0,0,0,0,0,0,0,0,0,0,0,0,0,0,0,0,0,184,0,0,0,0,0,0,0,0,0,0,0,2
2751,2491,Manual,NO,DK 234,Maiz,SI,Manual,SI,1,3720.930233,4,41,85,50000,10,0,0,0,0,0,0,0,0,0,0,0,0,0,0,0,0,0,0,46,0,0,0,0,0,0,0,0,0,0,0,1
2752,2492,Manual,NO,DK 234,Maiz,SI,Manual,SI,2.5,3906.976744,5,45,81,60000,11,0,0,0,0,0,0,0,0,0,0,0,0,0,0,0,0,0,0,92,0,0,0,0,0,60,0,0,0,0,0,2
2754,2494,Manual,NO,DK 234,Algodón,NO,Manual,SI,3,4000,5,45,82,60000,11,0,0,0,0,0,0,0,0,0,0,0,0,0,0,0,0,0,0,138,0,0,0,0,0,60,0,0,0,0,0,3
2757,2498,Mecanizado,SI,DK 234,Algodón,NO,Manual,SI,4,4279.069767,5,42,65,60000,11,0,0,0,0,0,0,0,0,0,0,0,0,0,0,1,0,0,0,92,0,0,0,0,0,0,0,0,0,0,0,2
2762,2499,Mecanizado,SI,DK 234,Maiz,SI,Manual,SI,4,4262.790698,6,51,84,60000,11,0,0,0,0,0,0,0,0,0,0,1,0,0,0,0,0,0,0,230,0,0,0,0,0,60,0,0,0,0,0,3
2763,2500,Mecanizado,SI,P3966 (Pioneer),Algodón,NO,Manual,SI,2,4558.139535,6,50,76,60000,10,0,0,0,0,0,0,0,0,0,0,0,0,0,0,0,0,0,0,276,0,0,0,0,0,0,0,0,0,0,0,3
2766,2502,Mecanizado,NO,DK 234,Maiz,SI,Manual,SI,3.5,4081.395349,6,50,83,60000,13,0,0,0,0,0,0,0,0,0,0,0,0,0,0,1,0,0,0,161,0,0,0,0,0,30,0,0,0,0,0,3
2767,2503,Manual,NO,PAC 105,Maiz,NO,Manual,SI,1,3809.302326,5,51,77,60000,10,0,0,0,0,0,0,0,0,0,0,0,0,0,0,1,0,0,0,184,0,0,0,0,0,0,0,0,0,0,0,2
2771,2513,Mecanizado,SI,Otro,Algodón,SI,Mecanizada,NO,13,4930.232558,5,46,78,73000,12,0,0,0,0,0,0,0,0,0,2,0,0,0,0,1,0,0,0,92,0,0,0,0,0,60,0,0,0,0,0,4
2772,2514,Mecanizado,SI,Otro,Algodón,SI,Mecanizada,NO,4.5,5368.604651,5,46,81,72000,14,0,0,1,0,0,0,0,0,0,1,1,0,0,1,1,0,0,0,69,0,0,0,0,0,60,0,0,0,0,0,4
2773,2515,Mecanizado,SI,P4082 (Pioneer),Algodón,SI,Manual,NO,2,3813.953488,5,47,89,70000,15,0,0,0,0,0,0,0,0,0,1,1,0,0,1,0,0,0,0,69,0,0,0,0,0,30,0,0,0,0,0,3
2774,2516,Mecanizado,NO,PIONEER 30F35,Maiz,SI,Manual,NO,1,4744.186047,5,47,71,70000,64,0,0,1,0,0,0,0,0,0,1,1,0,0,1,1,0,0,12,69,0,24,0,0,12,60,0,0,0,0,1,4
2775,2517,Mecanizado,NO,PIONEER 30F35 HRR,Maiz,SI,Manual,NO,1.5,4651.162791,5,47,70,70000,64,0,0,1,0,0,0,0,0,0,1,1,0,0,1,0,0,0,12,69,0,24,0,0,12,60,0,0,0,0,1,4
2826,2540,Manual,NO,DK 234,Maiz,NO,Manual,SI,1,3534.883721,6,49,84,60000,22,0,0,0,0,0,0,0,0,0,0,0,0,0,0,0,0,0,0,138,0,0,0,0,0,0,0,0,0,0,0,2
2831,2541,Manual,NO,DK 234,Maiz,NO,Manual,SI,2,3265.116279,5,53,82,65000,22,0,0,0,0,0,0,0,0,0,0,0,0,0,0,0,0,0,0,92,0,0,0,0,0,0,0,0,0,0,0,1
2835,2543,Manual,NO,Impacto (Syngenta),Maiz,NO,Manual,SI,2,3255.813953,5,51,80,60000,25,0,0,0,0,0,0,0,0,0,0,0,0,0,0,0,0,0,0,0,0,0,0,0,0,0,0,0,0,0,0,0
2836,2544,Manual,NO,DK 234,Maiz,NO,Manual,SI,1,3348.837209,6,50,84,70000,20,0,0,0,0,0,0,0,0,0,0,0,0,0,0,0,0,0,0,138,0,0,0,0,0,0,0,0,0,0,0,2
2837,2545,Mecanizado,NO,DK 234,Maiz,NO,Manual,SI,1.5,3813.953488,5,51,90,70000,20,0,0,0,0,0,0,0,0,0,0,0,0,0,0,0,0,0,0,184,0,0,0,0,0,60,0,0,0,0,0,3
2860,2607,Manual,NO,PAC 105,Algodón,NO,Manual,NO,1,3296.511628,6,42,80,63000,19,0,0,2,0,0,0,0,0,0,0,1,0,0,0,1,1,0,0,138,0,0,0,0,0,0,0,0,0,0,0,2
2862,2609,Mecanizado,SI,DK 234,Algodón,NO,Manual,NO,4,5308.139535,6,44,78,62000,19,0,0,2,0,0,0,0,0,0,0,1,0,0,0,1,1,0,0,230,0,0,0,0,0,0,0,0,0,0,0,2
2863,2610,Manual,SI,PAC 105,Algodón,NO,Manual,NO,2,4651.162791,5,44,74,54000,18,0,0,1,0,0,0,0,0,0,0,0,0,0,0,2,1,0,0,92,0,0,0,0,0,0,0,0,0,0,0,2
2864,2611,Mecanizado,SI,DK 234,Algodón,NO,Manual,NO,3.5,6273.255814,6,44,81,58000,18,0,0,1,0,0,0,0,0,0,0,1,0,0,0,1,0,0,0,101.2,0,0,0,0,0,0,0,0,0,0,0,2
2865,2612,Mecanizado,SI,DK 234,Maiz,NO,Mecanizada,NO,3,1674.418605,6,40,82,72000,18,0,0,0,0,0,0,0,0,0,0,1,0,0,0,1,0,0,0,80.5,0,0,0,0,0,0,0,0,0,0,0,2
2866,2613,Mecanizado,SI,DK 234,Algodón,NO,Mecanizada,NO,10,5018.604651,6,44,70,50000,19,0,0,0,0,0,0,0,0,0,0,1,0,0,0,0,0,0,0,115,0,0,0,0,0,30,0,0,0,0,0,3
2867,2614,Manual,SI,PAC 105,Algodón,NO,Manual,NO,1,4386.046512,6,44,78,50000,19,0,0,0,0,0,0,0,0,0,0,1,0,0,0,1,0,0,0,92,0,0,0,0,0,60,0,0,0,0,0,4
2871,2619,Manual,NO,Impacto (Syngenta),Maiz,NO,Manual,NO,3,3627.906977,6,48,84,70000,11,0,0,0,0,0,0,0,0,0,0,0,0,0,0,0,0,0,0,184,0,0,0,0,0,30,0,0,0,0,0,3
2873,2618,Mecanizado,NO,DK 234,Algodón,NO,Manual,NO,5,3720.930233,6,54,79,60000,11,0,0,0,0,0,0,0,0,0,0,0,0,0,0,1,0,0,0,161,0,0,0,0,0,30,0,0,0,0,0,3
2886,2626,Manual,NO,DK 234,Maiz,NO,Mecanizada,SI,3,3355.813953,7,52,77,60000,11,0,0,0,0,0,0,0,0,0,0,0,0,0,0,1,0,0,0,115,0,0,0,0,0,30,0,0,0,0,0,4
2888,2628,Manual,NO,P3966 (Pioneer),Maiz,NO,Manual,SI,2,3441.860465,7,55,77,50000,14,0,0,0,0,0,0,0,0,0,0,0,0,0,0,1,0,0,0,138,0,0,0,0,0,0,0,0,0,0,0,3
2889,2629,Manual,NO,Impacto (Syngenta),Algodón,NO,Manual,SI,1,3255.813953,7,52,80,50000,10,0,0,0,0,0,0,0,0,0,0,0,0,0,0,0,0,0,0,92,0,0,0,0,0,30,0,0,0,0,0,5
2890,2630,Manual,NO,DK 234,Algodón,SI,Manual,NO,1,3174.418605,7,54,81,60000,10,0,0,0,0,0,0,0,0,0,0,0,0,0,0,1,0,0,0,92,0,0,0,0,0,30,0,0,0,0,0,3
2891,2631,Mecanizado,SI,ICA V 109,Maiz,SI,Manual,NO,1,3051.162791,6,43,83,65500,2,0,0,0,0,0,0,0,0,0,0,1,0,0,0,1,1,0,0,138,0,0,0,0,0,0,0,0,0,0,0,2
2892,2632,Mecanizado,SI,ICA V 109,Algodón,SI,Manual,NO,7,2930.232558,6,45,84,62000,18,0,0,0,0,0,0,0,0,0,0,1,0,0,0,2,0,0,0,115,0,0,0,0,0,30,0,0,0,0,0,3
2893,2634,Manual,NO,ADV 9339 (Syngenta),Algodón,NO,Manual,NO,1,4000,7,52,83,60000,10,0,0,0,0,0,0,0,0,0,0,0,0,0,0,1,0,0,0,207,0,0,0,0,0,0,0,0,0,0,0,3
2894,2633,Mecanizado,NO,Otro,Maiz,NO,Manual,NO,3.5,4372.093023,7,54,87,55000,11,0,0,0,0,0,0,0,0,0,0,0,0,0,0,0,0,0,0,276,0,0,0,0,0,60,0,0,0,0,0,4
2895,2635,Manual,NO,DK7088,Algodón,SI,Manual,SI,1,4290.697674,6,56,84,60000,10,0,0,0,0,0,0,0,0,0,0,1,0,0,0,0,0,0,0,207,0,0,0,0,0,90,0,0,0,0,0,5
2896,2636,Manual,NO,Otro,Maiz,NO,Mecanizada,SI,1.3,3906.976744,4,56,84,60000,10,0,0,0,0,0,0,0,0,0,0,0,0,0,0,0,0,0,0,138,0,0,0,0,0,0,0,0,0,0,0,3
2897,2637,Manual,NO,Otro,,NO,Manual,NO,2,4081.395349,6,58,92,50000,10,0,0,0,0,0,0,0,0,0,0,0,0,0,0,0,0,0,0,184,0,0,0,0,0,60,0,0,0,0,0,3
2898,2638,Manual,NO,P3966 (Pioneer),Maiz,SI,Manual,SI,1,4186.046512,5,53,79,60000,9,0,0,0,0,0,0,0,0,0,0,0,0,0,0,1,0,0,0,184,0,0,0,0,0,0,0,0,0,0,0,4
2899,2639,Manual,NO,Otro,Maiz,SI,Manual,SI,1.5,4004.651163,7,55,86,50000,10,0,0,0,0,0,0,0,0,0,0,0,0,0,0,0,0,0,0,92,0,0,0,0,0,0,0,0,0,0,0,2
2901,2641,Mecanizado,SI,ADV 9339 (Syngenta),Maiz,SI,Manual,SI,3.5,3813.953488,6,51,88,60000,10,0,0,0,0,0,0,0,0,0,0,0,0,0,0,1,0,0,0,138,0,0,0,0,0,0,0,0,0,0,0,2
2902,2642,Manual,NO,ADV 9339 (Syngenta),Maiz,SI,Manual,SI,1.2,3906.976744,6,54,92,60000,11,0,0,0,0,0,0,0,0,0,0,0,0,0,0,1,0,0,0,184,0,0,0,0,0,60,0,0,0,0,0,3
2909,2645,Manual,NO,Otro,Maiz,SI,Manual,SI,1,4186.046512,5,54,92,60000,11,0,0,0,0,0,0,0,0,0,0,0,0,0,0,0,0,0,0,138,0,0,0,0,0,30,0,0,0,0,0,3
2914,2646,Manual,NO,Otro,Maiz,NO,Manual,SI,1.7,3900,6,52,94,60000,11,0,0,0,0,0,0,0,0,0,0,0,0,0,0,0,0,0,0,184,0,0,0,0,0,0,0,0,0,0,0,2
2915,2643,Manual,NO,Otro,Algodón,SI,Manual,SI,3,4000,5,56,81,58000,12,0,0,0,0,0,0,0,0,0,0,0,0,0,0,0,0,0,0,230,0,0,0,0,0,60,0,0,0,0,0,3
2917,2644,Manual,SI,Otro,Maiz,NO,Manual,SI,1.5,4186.046512,5,52,88,60000,10,0,0,0,0,0,0,0,0,0,0,0,0,0,0,1,0,0,0,138,0,0,0,0,0,0,0,0,0,0,0,2
2921,2660,Mecanizado,NO,Otro,Maiz,NO,Manual,NO,3.2,4000,5,54,80,60000,10,0,0,0,0,0,0,0,0,0,0,0,0,0,0,1,0,0,0,207,0,0,0,0,0,0,0,0,0,0,0,3
2923,2663,Manual,NO,Otro,Algodón,SI,Manual,NO,2,3906.976744,6,51,87,60000,8,0,0,0,0,0,0,0,0,0,0,0,0,0,0,0,0,0,0,138,0,0,0,0,0,0,0,0,0,0,0,3
2924,2659,Manual,NO,DK 234,Maiz,NO,Manual,SI,1,3720.930233,6,53,84,60000,10,0,0,0,0,0,0,0,0,0,0,0,0,0,0,0,0,0,0,92,0,0,0,0,0,30,0,0,0,0,0,3
2925,2664,Manual,NO,P3966 (Pioneer),Algodón,SI,Manual,SI,1,3720.930233,6,50,87,60000,11,0,0,0,0,0,0,0,0,0,0,0,0,0,0,0,0,0,0,184,0,0,0,0,0,0,0,0,0,0,0,2
2926,2665,Manual,NO,DK 234,Maiz,NO,Manual,NO,1.2,3720.930233,6,48,92,60000,10,0,0,0,0,0,0,0,0,0,0,0,0,0,0,0,0,0,0,184,0,0,0,0,0,120,0,0,0,0,0,4
2935,2686,Manual,NO,Otro,Algodón,NO,Manual,SI,1,4186.046512,6,53,80,60000,10,0,0,0,0,0,0,0,0,0,0,0,0,0,0,0,0,0,0,184,0,0,0,0,0,0,0,0,0,0,0,2
2936,2687,Manual,NO,Otro,Maiz,NO,Manual,SI,1,4172.093023,6,52,82,50000,10,0,0,0,0,0,0,0,0,0,0,0,0,0,0,0,0,0,0,184,0,0,0,0,0,120,0,0,0,0,0,4
2937,2688,Manual,NO,P3966 (Pioneer),Algodón,NO,Manual,SI,1,4186.046512,5,50,84,60000,10,0,0,0,0,0,0,0,0,0,0,0,0,0,0,1,0,0,0,138,0,0,0,0,0,0,0,0,0,0,0,3
2938,2689,Mecanizado,NO,Otro,Algodón,NO,Manual,SI,2.5,4279.069767,6,54,84,55000,11,0,0,0,0,0,0,0,0,0,0,0,0,0,0,0,0,0,0,161,0,0,0,0,0,45,0,0,0,0,0,3
2940,2691,Manual,NO,Otro,Maiz,NO,Manual,SI,1.7,4279.069767,6,54,82,55000,10,0,0,0,0,0,0,0,0,0,0,0,0,0,0,0,0,0,0,184,0,0,0,0,0,0,0,0,0,0,0,2
2942,2693,Manual,SI,Otro,Algodón,SI,Manual,SI,2.1,4172.093023,6,53,84,60000,10,0,0,0,0,0,0,0,0,0,0,0,0,0,0,0,0,0,0,276,0,0,0,0,0,60,0,0,0,0,0,4
2944,2675,Manual,SI,ADV 9339 (Syngenta),Maiz,NO,Manual,SI,1.5,3906.976744,6,54,85,60000,14,0,0,0,0,0,0,0,0,0,0,0,0,0,0,1,0,0,0,276,0,0,0,0,0,0,0,0,0,0,0,3
2946,2677,Manual,NO,P3966 (Pioneer),Maiz,NO,Manual,SI,1,4186.046512,6,47,79,60000,14,0,0,0,0,0,0,0,0,0,0,0,0,0,0,0,0,0,0,184,0,0,0,0,0,120,0,0,0,0,0,4
2948,2679,Manual,SI,ADV 9339 (Syngenta),Maiz,NO,Manual,SI,1,4093.023256,6,53,76,60000,14,0,0,0,0,0,0,0,0,0,0,0,0,0,0,1,0,0,0,184,0,0,0,0,0,60,0,0,0,0,0,3
2949,2678,Manual,SI,P4082 (Pioneer),Maiz,NO,Manual,SI,1,4386.046512,5,50,87,62000,12,0,0,0,0,0,0,0,0,0,0,0,0,0,0,0,0,0,0,138,0,0,0,0,0,60,0,0,0,0,0,3
2950,2684,Manual,SI,P3966 (Pioneer),Maiz,SI,Manual,SI,3.2,4186.046512,6,51,76,62000,11,0,0,0,0,0,0,0,0,0,0,0,0,0,0,0,0,0,0,230,0,0,0,0,0,60,0,0,0,0,0,3
2952,2682,Manual,NO,Otro,Algodón,NO,Manual,SI,2.5,4093.023256,6,51,86,60000,11,0,0,0,0,0,0,0,0,0,0,0,0,0,0,0,0,0,0,184,0,0,0,0,0,60,0,0,0,0,0,3
2953,2681,Manual,SI,P3966 (Pioneer),Algodón,SI,Manual,SI,1.2,4290.697674,5,49,94,60000,11,0,0,0,0,0,0,0,0,0,0,0,0,0,0,1,0,0,0,276,0,0,0,0,0,0,0,0,0,0,0,3
2954,2680,Manual,SI,Otro,Algodón,SI,Manual,SI,2.7,4186.046512,5,51,85,60000,10,0,0,0,0,0,0,0,0,0,0,0,0,0,0,1,0,0,0,276,0,0,0,0,0,60,0,0,0,0,0,4
3022,2744,Mecanizado,NO,Otro,Maiz,SI,Mecanizada,NO,12,5086.046512,5,45,98,60000,12,0,0,0,0,0,0,0,0,0,0,1,0,0,0,1,0,0,0,120,0,0,0,0,0,0,0,0,0,0,0,3
3024,2746,Mecanizado,SI,DK 234 YGRR,Maiz,NO,Mecanizada,NO,8,5308.139535,4,47,80,63000,8,0,0,0,0,0,0,0,0,0,0,1,0,0,0,1,0,0,0,92,0,0,0,0,0,0,0,0,0,0,0,2
3044,2766,Mecanizado,NO,PAC 105,Maiz,NO,Manual,NO,1.5,2860.465116,4,46,75,60000,6,0,0,0,0,0,0,0,0,0,1,0,0,0,0,1,0,0,0,92,0,0,0,0,0,0,0,0,0,0,0,2
3048,2770,Mecanizado,NO,DK7088,Maiz,NO,Mecanizada,NO,3,4767.44186,4,46,77,60000,8,0,0,0,0,0,0,0,0,0,0,1,0,0,0,2,0,0,0,61,0,0,15,0,0,15,0,0,0,0,0,2
3103,2818,Manual,NO,Otro,Maiz,NO,Manual,NO,1,4102.325581,6,49,83,56000,14,0,0,0,0,0,0,0,0,0,0,1,0,0,0,2,0,0,0,80.5,0,0,0,0,0,0,0,0,0,0,0,2
3106,2827,Manual,NO,CORPOICA V 114,Maiz,NO,Manual,NO,1,2412.790698,3,50,77,58000,16,0,0,0,0,0,0,0,0,0,0,1,0,0,0,2,0,0,0,92,0,0,0,0,0,0,0,0,0,0,0,2
3122,2841,Manual,NO,PIONEER 30F35 HRR,Maiz,NO,Manual,NO,2,3579.069767,6,51,78,60000,16,0,0,0,0,0,0,0,0,0,0,1,0,0,0,2,0,0,0,103.5,0,0,0,0,0,0,0,0,0,0,0,2
3123,2829,Manual,NO,PIONEER 30F35 HRR,Maiz,NO,Manual,NO,1,3013.953488,6,44,85,56000,16,0,0,0,0,0,0,0,0,0,0,1,0,0,0,2,0,0,0,92,0,0,0,0,0,0,0,0,0,0,0,2
3124,2842,Mecanizado,NO,PIONEER 30F35 HRR,Maiz,NO,Mecanizada,NO,5,3623.255814,5,47,79,62500,16,0,0,0,0,0,0,0,0,0,0,1,0,0,0,2,0,0,0,124,0,0,23,0,0,0,0,0,0,0,0,3
3125,2843,Manual,SI,DK 234 YGRR,Maiz,NO,Manual,NO,2,3337.209302,5,48,78,60000,16,0,0,0,0,0,0,0,0,0,0,1,0,0,0,2,0,0,0,92,0,0,0,0,0,0,0,0,0,0,0,2
3135,2853,Manual,NO,PIONEER 30F35 HRR,Maiz,NO,Manual,NO,2,3813.953488,,,,"0     NaN
1     NaN
2     NaN
3     NaN
4     NaN
       ..
993   NaN
994   NaN
995   NaN
996   NaN
997   NaN
Name: AREA, Length: 882, dtype: float64",15,0,0,0,0,0,0,0,0,0,0,0,0,0,0,0,0,0,0,0,0,0,0,0,0,0,0,0,0,0,0,0
3145,2863,Manual,NO,Sinko (Syngenta),Maiz,NO,Manual,NO,1,1883.72093,5,46,87,42000,72,0,0,0,0,0,0,0,0,0,0,0,0,0,0,2,0,0,0,0,0,0,0,0,0,0,1,0,0,0,0,0
3146,2864,Manual,NO,Sinko (Syngenta),Maiz,NO,Manual,NO,1,1883.72093,5,45,89,42000,73,0,0,0,0,0,0,0,0,0,0,0,0,0,0,2,0,0,0,0,0,0,0,0,0,0,1,0,0,0,0,0
3147,2865,Manual,NO,Sinko (Syngenta),Maiz,NO,Manual,NO,1,1953.488372,5,44,84,42000,72,0,0,0,0,0,0,0,0,0,0,0,0,0,0,2,0,0,0,0,0,0,0,0,0,0,1,0,0,0,0,0
3148,2866,Manual,NO,Sinko (Syngenta),Maiz,NO,Manual,NO,1,2046.511628,5,46,87,42000,73,0,0,0,0,0,0,0,0,0,0,0,0,0,0,3,0,0,0,0,0,0,0,0,0,0,1,0,0,0,0,0
3157,2885,Manual,NO,Otro,Maiz,NO,Manual,NO,1.2,2072.093023,6,46,83,42000,70,0,0,0,0,0,0,0,0,0,0,0,0,0,0,3,0,0,0,0,0,0,0,0,0,0,1,0,0,0,0,0
3158,2886,Manual,NO,Sinko (Syngenta),Maiz,NO,Manual,NO,1,2354.651163,5,47,85,42000,70,0,0,0,0,0,0,0,0,0,0,0,0,0,0,0,0,0,0,0,0,0,0,0,0,0,1,0,0,0,0,0
3159,2887,Manual,NO,Otro,Maiz,NO,Manual,NO,1,2046.511628,5,47,84,42000,72,0,0,0,0,0,0,0,0,0,0,0,0,0,0,0,0,0,0,0,0,0,0,0,0,0,1,0,0,0,0,0
3160,2888,Manual,NO,Sinko (Syngenta),Maiz,NO,Manual,NO,1,3674.418605,5,46,90,42000,60,0,0,0,0,0,0,0,0,0,1,0,0,0,0,2,0,0,0,0,0,0,0,0,0,0,1,0,0,0,0,0
3161,2889,Mecanizado,NO,P3966 (Pioneer),Maiz,SI,Manual,SI,1.2,2354.651163,5,47,86,74000,16,0,0,0,0,0,0,0,0,0,0,0,0,0,0,0,0,0,0,92,0,0,0,0,0,0,0,0,0,0,0,2
3164,2890,Manual,NO,Sinko (Syngenta),Maiz,NO,Manual,NO,1.2,3044.186047,5,46,90,42000,73,0,0,0,0,0,0,0,0,0,0,0,0,0,0,1,0,0,0,0,0,0,0,0,0,0,1,0,0,0,0,0
3165,2891,Manual,NO,Sinko (Syngenta),Maiz,SI,Manual,NO,1,2697.674419,5,26,112,52000,8,0,0,0,0,0,0,0,0,0,0,0,0,0,0,0,0,0,0,46,0,0,0,0,0,0,0,0,0,0,0,1
3170,2906,Mecanizado,SI,P3966 (Pioneer),Maiz,SI,Mecanizada,NO,4,5274.418605,,,,"0     NaN
1     NaN
2     NaN
3     NaN
4     NaN
       ..
993   NaN
994   NaN
995   NaN
996   NaN
997   NaN
Name: AREA, Length: 882, dtype: float64",7,0,0,0,0,0,0,0,0,0,0,0,0,0,0,0,0,0,0,0,0,0,0,0,0,0,0,0,0,0,0,0
3171,2907,Mecanizado,SI,P3966 (Pioneer),Maiz,SI,Mecanizada,NO,3.5,5180.232558,5,47,82,68000,6,0,0,0,0,0,0,0,0,0,0,0,0,0,0,1,0,0,0,120,0,0,0,0,0,0,0,0,0,0,0,3
3172,2908,Mecanizado,SI,P3966 (Pioneer),Maiz,SI,Mecanizada,NO,8,4709.302326,5,46,95,73000,5,0,0,0,0,0,0,0,0,0,2,1,0,0,1,2,0,0,0,80,0,0,0,0,0,0,0,0,0,0,0,2
3173,2909,Mecanizado,SI,P3966 (Pioneer),Maiz,SI,Mecanizada,NO,10,5180.232558,5,46,95,73000,6,0,0,0,0,0,0,0,0,0,2,1,0,0,1,2,0,0,0,80,0,0,0,0,0,0,0,0,0,0,0,2
3174,2895,Manual,NO,PIONEER 30F35 HRR,Maiz,NO,Manual,NO,6,4343.023256,4,46,82,62000,8,0,0,0,0,0,0,0,0,0,1,1,0,0,0,2,0,0,0,115,0,0,0,0,0,0,0,0,0,0,0,2
3175,2896,Manual,NO,ADV 9293 (Syngenta),Maiz,NO,Manual,NO,4,3088.372093,4,47,84,60000,6,0,0,0,0,0,0,0,0,0,1,1,0,0,0,1,2,0,0,92,0,0,0,0,0,0,0,0,0,0,0,2
3176,2897,Manual,NO,DK 234 YGRR,Maiz,NO,Manual,NO,5,5469.767442,5,48,72,60000,5,0,0,0,0,0,0,0,0,0,1,1,0,0,0,2,0,0,0,92,0,0,0,0,0,0,0,0,0,0,0,2
3177,2898,Manual,NO,DK 234 YGRR,Maiz,NO,Manual,NO,2.3,2991.860465,5,48,80,60000,8,0,0,0,0,0,0,0,0,0,1,1,0,0,0,2,0,0,0,92,0,0,0,0,0,0,0,0,0,0,0,2
3178,2899,,NO,,Maiz,NO,Manual,NO,1.8,5053.488372,5,48,79,60000,6,0,0,0,0,0,0,0,0,0,1,1,0,0,0,2,0,0,0,92,0,0,0,0,0,0,0,0,0,0,0,2
3179,2900,Manual,NO,PIONEER 30F35 HRR,Maiz,NO,Manual,NO,3,4862.790698,4,47,80,62000,9,0,0,0,0,0,0,0,0,0,1,1,0,0,0,2,0,0,0,92,0,0,0,0,0,0,0,0,0,0,0,2
3180,2901,Manual,NO,PIONEER 30F35 HRR,Maiz,NO,Manual,NO,1.5,4632.55814,4,46,78,60000,6,0,0,0,0,0,0,0,0,0,1,1,0,0,0,2,0,0,0,92,0,0,0,0,0,0,0,0,0,0,0,2
3181,2902,Manual,NO,DK 234 YGRR,Maiz,NO,Manual,NO,1.3,4825.581395,4,46,81,60000,5,0,0,0,0,0,0,0,0,0,1,1,0,0,0,2,0,0,0,92,0,0,0,0,0,0,0,0,0,0,0,2
3182,2903,Mecanizado,NO,DK 234 YGRR,Maiz,NO,Manual,NO,1.5,3909.302326,5,45,85,62000,4,0,0,0,0,0,0,0,0,0,0,1,0,0,0,2,0,0,0,61,0,0,15,0,0,15,0,0,0,0,0,2
3183,2904,Manual,NO,DK7088,Maiz,NO,Manual,NO,2,4825.581395,4,49,85,60000,6,0,0,0,0,0,0,0,0,0,1,1,0,0,0,2,0,0,0,92,0,0,0,0,0,0,0,0,0,0,0,2
3184,2905,Manual,NO,PIONEER 30F35 HRR,Maiz,SI,Manual,NO,4,3474.418605,5,49,79,60000,5,0,0,0,0,0,0,0,0,0,1,1,0,0,0,2,0,0,0,92,0,0,0,0,0,0,0,0,0,0,0,2
3185,2910,Mecanizado,SI,P3966 (Pioneer),Maiz,SI,Mecanizada,NO,12,5462.790698,5,46,92,73000,5,0,0,0,0,0,0,0,0,0,0,2,0,0,0,3,0,0,0,80,0,0,30,0,0,10,0,0,0,0,0,3
3187,2911,Mecanizado,SI,P3966 (Pioneer),Maiz,SI,Manual,SI,1,4593.023256,5,46,89,70000,5,0,0,0,0,0,0,0,0,0,0,0,0,0,0,4,0,0,0,86,0,0,0,0,0,0,0,0,0,0,0,2
3188,2912,Mecanizado,SI,PIONEER 30F35 HRR,Maiz,NO,Manual,NO,3,5790.697674,4,47,87,62000,8,0,0,0,0,0,0,0,0,0,1,0,0,0,0,1,0,0,0,61,0,0,15,0,0,15,0,0,0,0,0,2
3190,2916,Mecanizado,SI,P3966 (Pioneer),Maiz,SI,Manual,SI,3,5180.232558,5,47,90,72000,5,0,0,0,0,0,0,0,0,0,2,1,0,0,0,1,0,0,0,76,0,0,0,0,0,20,0,0,0,0,0,2
3191,2913,Mecanizado,SI,DK7088,Maiz,SI,Manual,NO,4,5816.27907,5,48,84,62000,6,0,0,0,0,0,0,0,0,0,1,0,0,0,0,1,0,0,0,61,0,0,15,0,0,15,0,0,0,0,0,2
3192,2914,Manual,NO,PIONEER 30F35 HRR,Maiz,NO,Manual,NO,1,5244.186047,4,49,78,62000,9,0,0,0,0,0,0,0,0,0,1,1,0,0,0,1,0,0,0,61,0,0,15,0,0,15,0,0,0,0,0,2
3193,2773,Mecanizado,NO,PIONEER 30F35 HRR,Maiz,NO,Manual,NO,4,4958.139535,3,47,78,62000,6,0,0,0,0,0,0,0,0,0,0,2,0,0,0,1,0,0,0,61,0,0,15,0,0,15,0,0,0,0,0,2
3194,2772,Mecanizado,NO,PIONEER 30F35 HRR,Maiz,NO,Manual,NO,4,4958.139535,6,43,83,60000,7,0,0,0,0,0,0,0,0,0,0,2,0,0,0,1,0,0,0,92,0,0,0,0,0,0,0,0,0,0,0,2
3195,2771,Mecanizado,NO,PIONEER 30F35 HRR,Maiz,NO,Manual,NO,4,3909.302326,5,45,78,62000,10,0,0,0,0,0,0,0,0,0,0,1,0,0,0,1,0,0,0,92,0,0,0,0,0,0,0,0,0,0,0,2
3196,2917,Mecanizado,SI,P3966 (Pioneer),Maiz,SI,Manual,SI,1,5462.790698,5,46,96,73000,5,0,0,0,0,0,0,0,0,0,0,1,0,0,0,4,0,0,0,122,0,0,0,0,0,20,0,0,0,0,0,3
3197,2918,Mecanizado,SI,P3966 (Pioneer),Maiz,SI,Mecanizada,NO,6,5462.790698,5,46,95,73000,5,0,0,0,0,0,0,0,0,0,0,2,0,0,0,2,0,0,0,110.5,0,0,0,0,0,20,0,0,0,0,0,3
3198,2919,Mecanizado,SI,DK 234 YGRR,Maiz,SI,Mecanizada,NO,7,4930.232558,5,46,96,72000,4,0,0,0,0,0,0,0,0,0,2,1,0,0,1,2,0,0,0,76,0,0,0,0,0,20,0,0,0,0,0,2
3201,2920,Manual,NO,PIONEER 30F35 HRR,Maiz,NO,Manual,NO,1.5,4922.093023,4,48,80,62000,4,0,0,0,0,0,0,0,0,0,0,1,0,0,0,2,0,0,0,92,0,0,0,0,0,0,0,0,0,0,0,2
3202,2921,Manual,NO,Impacto (Syngenta),Maiz,NO,Manual,NO,1,4343.023256,4,46,92,62000,3,0,0,0,0,0,0,0,0,0,1,1,0,0,0,2,0,0,0,92,0,0,0,0,0,0,0,0,0,0,0,2
3203,2922,Mecanizado,NO,Impacto (Syngenta),Maiz,NO,Manual,NO,5,4343.023256,3,45,85,62000,4,0,0,0,0,0,0,0,0,0,1,0,1,0,0,1,1,0,0,92,0,0,0,0,0,0,0,0,0,0,0,2
3204,2923,Manual,NO,PIONEER 30F35 HRR,Maiz,NO,Manual,NO,1,4150,4,48,83,62000,4,0,0,0,0,0,0,0,0,0,1,1,0,0,0,1,0,0,0,92,0,0,0,0,0,0,0,0,0,0,0,2
3205,2924,Manual,NO,DK 234,Maiz,NO,Manual,NO,1,4004.651163,4,47,81,60000,3,0,0,0,0,0,0,0,0,0,1,1,0,0,0,1,0,0,0,92,0,0,0,0,0,0,0,0,0,0,0,2
3206,2925,Manual,NO,DK 234 YGRR,Maiz,NO,Manual,NO,1,3377.906977,4,45,85,62000,3,0,0,0,0,0,0,0,0,0,1,1,0,0,0,1,0,0,0,92,0,0,0,0,0,0,0,0,0,0,0,2
3207,2926,Manual,NO,DK7088,Maiz,NO,Manual,NO,2,3281.395349,4,45,83,60000,4,0,0,0,0,0,0,0,0,0,1,0,0,0,0,2,0,0,0,92,0,0,0,0,0,0,0,0,0,0,0,2
3208,2927,Manual,NO,PIONEER 30F35 HRR,Maiz,NO,Manual,NO,1,4439.534884,5,48,85,6000,4,0,0,0,0,0,0,0,0,0,1,1,0,0,0,2,0,0,0,69,0,0,0,0,0,0,0,0,0,0,0,2
3209,2928,Mecanizado,NO,DK7088,Maiz,NO,Manual,NO,3,4958.139535,5,47,82,62000,4,0,0,0,0,0,0,0,0,0,1,1,0,0,0,1,0,0,0,61,0,0,15,0,0,15,0,0,0,0,0,2
3210,2929,Mecanizado,NO,DK7088,Maiz,NO,Manual,NO,8,3763.953488,4,47,79,60000,4,0,0,0,0,0,0,0,0,0,1,0,0,0,0,2,0,0,0,61,0,0,15,0,0,15,0,0,0,0,0,2
3211,2930,Mecanizado,SI,PIONEER 30F35 HRR,Maiz,NO,Manual,NO,12,3860.465116,4,46,79,62000,3,0,0,0,0,0,0,0,0,0,1,1,0,0,0,1,0,0,0,61,0,0,15,0,0,15,0,0,0,0,0,2
3212,2931,Manual,SI,PIONEER 30F35 HRR,Maiz,NO,Manual,NO,3,4150,4,45,81,60000,6,0,0,0,0,0,0,0,0,0,1,1,0,0,0,1,0,0,0,92,0,0,0,0,0,0,0,0,0,0,0,2
3213,2932,Manual,NO,DK7088,Maiz,NO,Manual,NO,4,4958.139535,4,46,80,60000,7,0,0,0,0,0,0,0,0,0,1,1,0,0,0,2,0,0,0,92,0,0,0,0,0,0,0,0,0,0,0,2
3214,2933,Manual,NO,PIONEER 30F35 HRR,Maiz,NO,Manual,NO,1,5079.069767,4,45,94,60000,6,0,0,0,0,0,0,0,0,0,0,1,0,0,0,1,0,0,0,92,0,0,0,0,0,0,0,0,0,0,0,2
3215,2934,Mecanizado,SI,PIONEER 30F35 HRR,Maiz,NO,Manual,NO,3,4862.790698,4,47,87,60000,6,0,0,0,0,0,0,0,0,0,0,2,0,0,0,1,0,0,0,61,0,0,15,0,0,15,0,0,0,0,0,2
3216,2935,Manual,NO,DK 234,Maiz,NO,Manual,NO,1,4729.069767,4,46,84,60000,6,0,0,0,0,0,0,0,0,0,1,1,0,0,0,1,0,0,0,61,0,0,15,0,0,15,0,0,0,0,0,2
3217,2936,Manual,NO,PIONEER 30F35 HRR,Maiz,NO,Manual,NO,1.5,5018.604651,4,46,83,60000,8,0,0,0,0,0,0,0,0,0,1,1,0,0,0,2,0,0,0,92,0,0,0,0,0,0,0,0,0,0,0,2
3218,2937,Manual,NO,DK7088,Maiz,NO,Manual,NO,2,3763.953488,4,48,83,60000,7,0,0,0,0,0,0,0,0,0,1,0,0,0,0,2,0,0,0,92,0,0,0,0,0,0,0,0,0,0,0,2
3219,2938,Manual,NO,Impacto (Syngenta),Pastos,NO,Manual,NO,2,4150,4,45,83,55000,3,0,0,0,0,0,0,0,0,0,1,0,0,0,0,2,0,0,0,92,0,0,0,0,0,0,0,0,0,0,0,2
3220,2939,Manual,NO,PIONEER 30F35 HRR,Maiz,NO,Manual,NO,2,5018.604651,4,48,80,60000,3,0,0,0,0,0,0,0,0,0,1,1,0,0,0,1,0,0,0,92,0,0,0,0,0,0,0,0,0,0,0,2
3221,2940,Manual,NO,PIONEER 30F35 H,Maiz,NO,Manual,NO,1,4053.488372,3,47,81,60000,4,0,0,0,0,0,0,0,0,0,0,1,0,0,0,2,0,0,0,92,0,0,0,0,0,0,0,0,0,0,0,2
3222,2941,Manual,NO,Impacto (Syngenta),Pastos,NO,Manual,NO,3,4004.651163,4,47,83,50000,3,0,0,0,0,0,0,0,0,0,1,0,0,0,0,2,0,0,0,46,0,0,0,0,0,0,0,0,0,0,0,1
3223,2942,Manual,NO,PIONEER 30F35 HRR,Pastos,NO,Manual,NO,3,4386.046512,4,47,80,60000,3,0,0,0,0,0,0,0,0,0,1,0,0,0,0,1,0,0,0,46,0,0,0,0,0,0,0,0,0,0,0,1
3224,2943,Manual,NO,PIONEER 30F35 HRR,Maiz,NO,Manual,NO,1,4958.139535,5,47,84,60000,4,0,0,0,0,0,0,0,0,0,1,1,0,0,0,1,0,0,0,92,0,0,0,0,0,0,0,0,0,0,0,2
3225,2944,Manual,NO,ADV 9339 (Syngenta),Pastos,NO,Manual,NO,1,4290.697674,4,47,87,60000,4,0,0,0,0,0,0,0,0,0,1,0,0,0,0,2,0,0,0,92,0,0,0,0,0,0,0,0,0,0,0,2
3227,2946,Manual,NO,PIONEER 30F35 HRR,Pastos,NO,Manual,NO,2,4632.55814,4,49,87,60000,3,0,0,0,0,0,0,0,0,0,1,0,0,0,0,2,0,0,0,58,0,0,24,0,0,12,0,0,0,0,0,2
3228,2947,Manual,NO,Sinko (Syngenta),Maiz,NO,Manual,NO,1,2991.860465,4,47,85,60000,3,0,0,0,0,0,0,0,0,0,2,1,0,0,0,1,0,0,0,92,0,0,0,0,0,0,0,0,0,0,0,2
3229,2948,Manual,NO,PIONEER 30F35 H,Maiz,NO,Manual,NO,1,3667.44186,4,47,86,60000,3,0,0,0,0,0,0,0,0,0,2,1,0,0,0,2,0,0,0,92,0,0,0,0,0,0,0,0,0,0,0,2
3230,2950,Manual,NO,Otro,Maiz,NO,Manual,NO,1,1158.139535,4,47,87,55000,4,0,0,0,0,0,0,0,0,0,2,1,0,0,0,2,0,0,0,69,0,0,0,0,0,0,0,0,0,0,0,2
3231,2951,Manual,NO,Sinko (Syngenta),Maiz,NO,Manual,NO,1,3088.372093,4,47,85,60000,3,0,0,0,0,0,0,0,0,0,2,1,0,0,0,2,0,0,0,92,0,0,0,0,0,0,0,0,0,0,0,2
3232,2952,Mecanizado,SI,P3966 (Pioneer),Maiz,SI,Manual,SI,3,4803.488372,5,49,81,73000,4,0,0,0,0,0,0,0,0,0,0,1,0,0,0,1,0,0,0,76,0,0,0,0,0,20,0,0,0,0,0,2
3233,2953,Manual,SI,P3966 (Pioneer),Maiz,SI,Manual,SI,1,4465.116279,5,48,79,72000,7,0,0,0,0,0,0,0,0,0,0,1,0,0,0,3,0,0,0,46,0,0,0,0,0,0,0,0,0,0,0,1
3234,2954,Manual,SI,Otro,Maiz,SI,Manual,SI,1.5,4465.116279,5,48,87,72000,5,0,0,0,0,0,0,0,0,0,0,1,0,0,0,4,0,0,0,46,0,0,0,0,0,0,0,0,0,0,0,1
3235,2955,Mecanizado,SI,DK 234 YGRR,Maiz,SI,Manual,NO,3,4651.162791,5,48,84,73000,5,0,0,0,0,0,0,0,0,0,0,1,0,0,0,1,0,0,0,54,0,0,30,0,0,15,0,0,0,0,0,2
3236,2956,Manual,NO,Otro,Maiz,SI,Manual,SI,1,4520.930233,5,47,83,74000,6,0,0,0,0,0,0,0,0,0,0,1,0,0,0,3,0,0,0,69,0,0,0,0,0,30,0,0,0,0,0,3
3237,2957,Mecanizado,SI,P3966 (Pioneer),Maiz,SI,Manual,SI,2,5488.372093,5,48,75,71000,7,0,0,0,0,0,0,0,0,0,0,1,0,0,0,3,0,0,0,76,0,0,0,0,0,20,0,0,0,0,0,2
3238,2958,Mecanizado,SI,DK 234 YGRR,Maiz,SI,Manual,SI,2,5462.790698,5,47,88,70000,7,0,0,0,0,0,0,0,0,0,0,1,0,0,0,1,0,0,0,76,0,0,0,0,0,20,0,0,0,0,0,2
3239,2959,Mecanizado,SI,P3966 (Pioneer),Maiz,SI,Manual,SI,5,5180.232558,5,47,79,70000,8,0,0,0,0,0,0,0,0,0,0,2,0,0,0,4,0,0,0,76,0,0,0,0,0,20,0,0,0,0,0,2
3240,2960,Mecanizado,SI,P3966 (Pioneer),Maiz,SI,Manual,SI,5,5180.232558,5,46,81,71000,6,0,0,0,0,0,0,0,0,0,0,1,0,0,0,4,0,0,0,99,0,0,0,0,0,20,0,0,0,0,0,3
3241,2961,Mecanizado,SI,DK 234 YGRR,Maiz,SI,Manual,SI,2.5,5462.790698,5,46,82,72000,5,0,0,0,0,0,0,0,0,0,0,1,0,0,0,1,0,0,0,69,0,0,0,0,0,30,0,0,0,0,0,3
3242,2962,Mecanizado,SI,P3966 (Pioneer),Maiz,SI,Manual,SI,2,5180.232558,5,49,81,71000,6,0,0,0,0,0,0,0,0,0,0,1,0,0,0,3,0,0,0,76,0,0,0,0,0,20,0,0,0,0,0,2
3243,2963,Mecanizado,SI,DK 234 YGRR,Maiz,SI,Mecanizada,SI,2,5180.232558,5,47,87,72000,7,0,0,0,0,0,0,0,0,0,0,1,0,0,0,1,0,0,0,76,0,0,0,0,0,20,0,0,0,0,0,2
3247,2967,Mecanizado,SI,DK 234 YGRR,Maiz,SI,Manual,SI,3,4186.046512,5,46,88,72000,3,0,0,0,0,0,0,0,0,0,0,1,0,0,0,1,0,0,0,92,0,0,0,0,0,0,0,0,0,0,0,2
3248,2968,Manual,NO,Otro,Maiz,SI,Manual,SI,1,4186.046512,5,48,85,72000,6,0,0,0,0,0,0,0,0,0,0,1,0,0,0,4,0,0,0,69,0,0,0,0,0,0,0,0,0,0,0,2
3249,2969,Mecanizado,SI,P3966 (Pioneer),Maiz,SI,Manual,SI,3.5,4558.139535,5,49,81,74000,5,0,0,0,0,0,0,0,0,0,0,1,0,0,0,2,0,0,0,76,0,0,0,0,0,20,0,0,0,0,0,2
3250,2970,Mecanizado,SI,P3966 (Pioneer),Maiz,SI,Manual,SI,1.4,4501.162791,5,47,86,73000,5,0,0,0,0,0,0,0,0,0,0,1,0,0,0,4,0,0,0,86,0,0,0,0,0,0,0,0,0,0,0,2
3251,2971,Mecanizado,SI,P3966 (Pioneer),Maiz,SI,Manual,SI,2,4558.139535,5,48,84,73000,5,0,0,0,0,0,0,0,0,0,0,1,0,0,0,2,0,0,0,86,0,0,0,0,0,0,0,0,0,0,0,2
3252,2972,Mecanizado,SI,P3966 (Pioneer),Maiz,SI,Manual,SI,1.5,4709.302326,5,47,85,73000,5,0,0,0,0,0,0,0,0,0,0,0,0,0,0,3,0,0,0,92,0,0,0,0,0,0,0,0,0,0,0,2
3253,2973,Mecanizado,SI,PIONEER 30F35,Maiz,SI,Manual,SI,3,4651.162791,,,,"0     NaN
1     NaN
2     NaN
3     NaN
4     NaN
       ..
993   NaN
994   NaN
995   NaN
996   NaN
997   NaN
Name: AREA, Length: 882, dtype: float64",4,0,0,0,0,0,0,0,0,0,0,0,0,0,0,0,0,0,0,0,0,0,0,0,0,0,0,0,0,0,0,0
3254,2974,Manual,NO,Otro,Maiz,NO,Manual,SI,1,4776.744186,5,47,80,73000,4,0,0,0,0,0,0,0,0,0,0,1,0,0,0,3,0,0,0,63,0,0,0,0,0,0,0,0,0,0,0,2
3255,2975,Mecanizado,SI,DK 234 YGRR,Maiz,SI,Manual,SI,2.5,4593.023256,5,48,91,73500,7,0,0,0,0,0,0,0,0,0,0,1,0,0,0,2,0,0,0,69,0,0,0,0,0,30,0,0,0,0,0,3
3256,2986,Manual,NO,Otro,Maiz,NO,Manual,SI,1,3390.697674,5,47,82,42000,75,0,0,0,0,0,0,0,0,0,0,0,0,0,0,1,0,0,0,7.5,0,0,7.5,0,0,7.5,1,0,0,0,0,1
3257,2987,Manual,NO,Otro,Maiz,NO,Manual,SI,1,3441.860465,5,46,84,42500,69,0,0,0,0,0,0,0,0,0,0,0,0,0,0,2,0,0,0,0,0,0,0,0,0,0,1,0,0,0,0,0
3258,2989,Manual,NO,Otro,Maiz,NO,Manual,SI,1.2,3534.883721,5,47,89,41000,62,0,0,0,0,0,0,0,0,0,0,0,0,0,0,2,0,0,0,0,0,0,0,0,0,0,1,0,0,0,0,0
3259,2988,Manual,NO,Otro,Maiz,NO,Manual,NO,1.3,3484.883721,5,47,83,42000,73,0,0,0,0,0,0,0,0,0,0,0,0,0,0,1,0,0,0,0,0,0,0,0,0,0,1,0,0,0,0,0
3260,2990,Manual,NO,Sinko (Syngenta),Maiz,NO,Manual,SI,1,3673.255814,5,47,89,43000,59,0,0,0,0,0,0,0,0,0,0,0,0,0,0,1,0,0,0,0,0,0,0,0,0,0,1,0,0,0,0,0
3261,2991,Manual,NO,Sinko (Syngenta),Maiz,NO,Manual,SI,1.2,3441.860465,5,47,90,42000,61,0,0,0,0,0,0,0,0,0,0,0,0,0,0,2,0,0,0,0,0,0,0,0,0,0,1,0,0,0,0,0
3262,2992,Manual,NO,Sinko (Syngenta),Maiz,NO,Manual,SI,1.1,3296.511628,5,45,93,42000,69,0,0,0,0,0,0,0,0,0,0,0,0,0,0,1,0,0,0,0,0,0,0,0,0,0,1,0,0,0,0,0
3263,2993,Manual,NO,Sinko (Syngenta),Maiz,NO,Manual,SI,1.3,3348.837209,5,47,91,41500,69,0,0,0,0,0,0,0,0,0,0,0,0,0,0,2,0,0,0,0,0,0,0,0,0,0,1,0,0,0,0,0
3264,2994,Manual,NO,Otro,Maiz,NO,Manual,SI,1.2,3162.790698,5,47,91,42000,67,0,0,0,0,0,0,0,0,0,0,0,0,0,0,2,0,0,0,0,0,0,0,0,0,0,1,0,0,0,0,0
3265,2995,Manual,NO,Otro,Maiz,NO,Manual,SI,1,3255.813953,5,42,92,43000,58,0,0,0,0,0,0,0,0,0,0,0,0,0,0,2,0,0,0,0,0,0,0,0,0,0,1,0,0,0,0,0
3266,2996,Manual,NO,Sinko (Syngenta),Maiz,NO,Manual,SI,1,3579.069767,5,47,86,42000,60,0,0,0,0,0,0,0,0,0,0,0,0,0,0,2,0,0,0,0,0,0,0,0,0,0,1,0,0,0,0,0
3267,2976,Manual,NO,DK7088,Maiz,NO,Manual,NO,2,4862.790698,5,46,78,55000,7,0,0,1,0,0,0,0,0,0,0,1,0,0,0,1,0,0,0,61,0,0,15,0,0,15,0,0,0,0,0,2
3268,2977,Manual,NO,PIONEER 30F35 HRR,Maiz,NO,Manual,NO,1,4481.395349,4,45,82,55000,8,0,0,0,0,0,0,0,0,0,0,0,0,0,0,2,0,0,0,92,0,0,0,0,0,0,0,0,0,0,0,2
3270,2979,Manual,NO,PIONEER 30F35 HRR,Maiz,NO,Manual,NO,1,5244.186047,4,47,91,50000,8,0,0,0,0,0,0,0,0,0,0,1,0,0,0,1,0,0,0,61,0,0,15,0,0,15,0,0,0,0,0,2
3271,2980,Manual,NO,ADV 9339 (Syngenta),Maiz,NO,Manual,NO,1,3051.162791,4,46,84,60000,10,0,0,0,0,0,0,0,0,0,1,1,0,0,0,2,0,0,0,46,0,0,0,0,0,0,0,0,0,0,0,1
3273,2982,Manual,NO,Otro,Maiz,NO,Manual,NO,1,3051.162791,4,47,82,60000,5,0,0,0,0,0,0,0,0,0,1,1,0,0,0,2,0,0,0,92,0,0,0,0,0,0,0,0,0,0,0,2
3274,2983,Manual,NO,DK 234,Maiz,NO,Manual,NO,1,4825.581395,5,46,55,55000,7,0,0,0,0,0,0,0,0,0,1,0,0,0,0,1,0,0,0,92,0,0,0,0,0,0,0,0,0,0,0,2
3275,2984,Mecanizado,NO,PIONEER 30F35 HRR,Maiz,NO,Manual,NO,1.5,4536.046512,4,47,83,60000,10,0,0,0,0,0,0,0,0,0,1,1,0,0,0,1,0,0,0,92,0,0,0,0,0,0,0,0,0,0,0,2
3276,2985,Manual,NO,PIONEER 30F35 HRR,Maiz,NO,Manual,NO,1,4576.744186,4,46,79,50000,9,0,0,0,0,0,0,0,0,0,1,1,0,0,0,1,0,0,0,15,0,0,15,0,0,15,0,0,0,0,0,1
3277,2997,Manual,NO,PIONEER 30F35 HRR,Maiz,NO,Manual,NO,1.3,5816.27907,4,45,80,55000,11,0,0,0,0,0,0,0,0,0,1,0,0,0,0,2,0,0,0,61,0,0,15,0,0,15,0,0,0,0,0,2
3278,2998,Manual,NO,Impacto (Syngenta),Maiz,NO,Manual,NO,1.2,5339.534884,4,44,86,55000,9,0,0,0,0,0,0,0,0,0,1,1,0,0,0,2,0,0,0,92,0,0,0,0,0,0,0,0,0,0,0,2
3279,2999,Manual,NO,PIONEER 30F35 HRR,Maiz,NO,Manual,NO,2,5148.837209,4,47,87,55000,10,0,0,1,0,0,0,0,0,0,0,1,0,0,0,1,0,0,0,61,0,0,15,0,0,15,0,0,0,0,0,2
3280,3000,Manual,NO,Otro,Maiz,NO,Manual,NO,1,1525.581395,5,51,84,15000,79,0,0,0,0,0,0,1,0,0,0,0,0,0,0,0,0,0,0,0,0,0,0,0,0,0,0,0,0,0,0,0
3281,3001,Manual,NO,Sinko (Syngenta),Maiz,NO,Manual,SI,1,2825.581395,5,52,84,41000,70,0,0,0,0,0,0,0,0,0,0,0,0,0,0,1,0,0,0,0,0,0,0,0,0,0,1,0,0,0,0,0
3282,3002,Manual,NO,Otro,Maiz,NO,Manual,SI,1.1,2790.697674,5,48,87,41000,68,0,0,0,0,0,0,0,0,0,0,0,0,0,0,2,0,0,0,0,0,0,0,0,0,0,0,0,1,0,0,0
3285,3005,Mecanizado,SI,DK 234 YGRR,Maiz,SI,Manual,SI,1.3,4050,5,47,83,73000,5,0,0,0,0,0,0,0,0,0,0,1,0,0,0,1,0,0,0,69,0,0,0,0,0,0,0,0,0,0,0,1
3286,3006,Mecanizado,SI,DK 234 YGRR,Maiz,SI,Manual,SI,1.4,4144.186047,5,47,83,72000,7,0,0,0,0,0,0,0,0,0,0,1,0,0,0,1,0,0,0,69,0,0,0,0,0,0,0,0,0,0,0,1
3287,3007,Mecanizado,SI,P3966 (Pioneer),Maiz,SI,Manual,SI,1,4144.186047,5,46,84,72000,8,0,0,0,0,0,0,0,0,0,0,1,0,0,0,2,0,0,0,69,0,0,0,0,0,0,0,0,0,0,0,1
3290,3010,Mecanizado,SI,P3966 (Pioneer),Maiz,SI,Manual,SI,1,3627.906977,5,47,87,73000,5,0,0,0,0,0,0,0,0,0,0,1,0,0,0,1,0,0,0,86,0,0,0,0,0,0,0,0,0,0,0,2
3291,3011,Mecanizado,SI,DK 234 YGRR,Maiz,SI,Manual,SI,3,3720.930233,5,47,85,73000,5,0,0,0,0,0,0,0,0,0,0,1,0,0,0,0,0,0,0,86,0,0,0,0,0,0,0,0,0,0,0,2
3292,3012,Mecanizado,SI,DK 234 YGRR,Maiz,SI,Manual,SI,1,2825.581395,5,46,89,73000,5,0,0,0,0,0,0,0,0,0,0,1,0,0,0,0,0,0,0,86,0,0,0,0,0,0,0,0,0,0,0,2
3293,3013,Mecanizado,SI,P3966 (Pioneer),Maiz,SI,Manual,SI,3,1286.046512,6,47,93,72000,4,0,0,0,0,0,0,0,0,0,0,0,0,0,0,2,0,0,0,46,0,0,0,0,0,0,0,0,0,0,0,1
3294,3014,Mecanizado,SI,Otro,Maiz,SI,Manual,SI,1.1,1116.27907,5,45,92,71000,5,0,0,0,0,0,0,0,0,0,0,0,0,0,0,2,0,0,0,46,0,0,0,0,0,0,0,0,0,0,0,1
3295,3015,Mecanizado,SI,P3966 (Pioneer),Maiz,SI,Manual,SI,3,1116.27907,5,46,91,72000,4,0,0,0,0,0,0,0,0,0,0,0,0,0,0,1,0,0,0,46,0,0,0,0,0,0,0,0,0,0,0,1
3297,3016,Manual,NO,DK7088,Maiz,NO,Manual,NO,2,5053.488372,4,47,88,55000,11,0,0,0,0,0,0,0,0,0,1,1,0,0,0,2,0,0,0,15,0,0,15,0,0,15,0,0,0,0,0,1
3298,3017,Mecanizado,NO,DK7088,Maiz,NO,Manual,NO,2,4767.44186,4,42,89,55000,13,0,0,0,0,0,0,0,0,0,1,1,0,0,0,1,0,0,0,92,0,0,0,0,0,0,0,0,0,0,0,2
3299,3018,Manual,NO,PIONEER 30F35 HRR,Maiz,NO,Manual,NO,1.5,4958.139535,4,48,82,55000,12,0,0,1,0,0,0,0,0,0,0,1,0,0,0,1,0,0,0,61,0,0,15,0,0,15,0,0,0,0,0,2
3300,3019,Manual,NO,Otro,Maiz,NO,Manual,NO,1,1716.27907,5,49,83,33000,48,0,0,0,0,0,0,1,0,0,0,0,0,0,0,0,0,0,0,23,0,0,0,0,0,0,0,0,0,0,0,1
3301,3020,Manual,NO,Otro,Maiz,NO,Manual,NO,1,1758.139535,5,47,84,30000,55,0,0,0,0,0,0,0,0,0,1,0,0,0,0,0,0,0,0,23,0,0,0,0,0,0,0,0,0,0,0,1
3302,3021,Manual,NO,Otro,Maiz,NO,Manual,NO,1,1906.976744,4,17,115,30000,58,0,0,0,0,0,0,0,0,0,0,0,0,0,0,0,0,0,0,23,0,0,0,0,0,0,0,0,0,0,0,1
3303,3022,Manual,NO,PIONEER 30F35,Maiz,SI,Manual,SI,1,4426.744186,5,47,86,70000,3,0,0,0,0,0,0,0,0,0,0,1,0,0,0,3,0,0,0,69,0,0,0,0,0,0,0,0,0,0,0,2
3304,3023,Manual,SI,P3966 (Pioneer),Maiz,SI,Manual,SI,1,2976.744186,5,46,92,72000,5,0,0,0,0,0,0,0,0,0,0,0,0,0,0,2,0,0,0,63,0,0,0,0,0,0,0,0,0,0,0,2
3305,3024,Mecanizado,NO,DK 234 YGRR,Maiz,SI,Manual,SI,4,3767.44186,5,47,88,72000,5,0,0,0,0,0,0,0,0,0,0,1,0,0,0,1,0,0,0,80,0,0,0,0,0,0,0,0,0,0,0,2
3306,3025,Mecanizado,SI,DK 234 YGRR,Maiz,SI,Manual,SI,2.5,3906.976744,5,47,89,73000,5,0,0,0,0,0,0,0,0,0,0,1,0,0,0,1,0,0,0,80,0,0,0,0,0,0,0,0,0,0,0,2
3307,3026,Mecanizado,SI,P3966 (Pioneer),Maiz,SI,Manual,SI,1.6,3955.813953,5,48,89,73000,8,0,0,0,0,0,0,0,0,0,0,1,0,0,0,2,0,0,0,80,0,0,0,0,0,0,0,0,0,0,0,2
3308,3027,Mecanizado,SI,DK 234 YGRR,Maiz,SI,Manual,SI,1,4144.186047,5,47,86,72000,5,0,0,0,0,0,0,0,0,0,0,1,0,0,0,2,0,0,0,66,0,0,0,0,0,0,0,0,0,0,0,2
3309,3028,Mecanizado,SI,DK 234 YGRR,Maiz,SI,Manual,SI,1.7,3767.44186,5,48,86,72000,5,0,0,0,0,0,0,0,0,0,0,1,0,0,0,0,0,0,0,66,0,0,0,0,0,0,0,0,0,0,0,2
3310,3029,Manual,NO,P3966 (Pioneer),Maiz,SI,Manual,SI,1,4133.72093,5,46,90,72000,7,0,0,0,0,0,0,0,0,0,0,0,0,0,0,2,0,0,0,69,0,0,0,0,0,0,0,0,0,0,0,2
3311,3030,Manual,NO,P3966 (Pioneer),Maiz,SI,Manual,SI,1,3767.44186,5,46,88,72000,5,0,0,0,0,0,0,0,0,0,0,2,0,0,0,3,0,0,0,69,0,0,0,0,0,0,0,0,0,0,0,1
3312,3031,Mecanizado,SI,DK 234 YGRR,Maiz,SI,Manual,SI,1,3673.255814,5,47,91,73000,6,0,0,0,0,0,0,0,0,0,0,1,0,0,0,1,0,0,0,69,0,0,0,0,0,0,0,0,0,0,0,2
3313,3032,Mecanizado,SI,DK 234 YGRR,Maiz,SI,Manual,SI,1.5,3673.255814,5,47,92,73000,5,0,0,0,0,0,0,0,0,0,0,1,0,0,0,0,0,0,0,69,0,0,0,0,0,0,0,0,0,0,0,2
3314,3033,Mecanizado,SI,Otro,Maiz,SI,Manual,SI,1.2,3767.44186,5,47,85,73000,4,0,0,0,0,0,0,0,0,0,0,1,0,0,0,3,0,0,0,46,0,0,0,0,0,0,0,0,0,0,0,1
3315,3034,Mecanizado,SI,P3966 (Pioneer),Maiz,SI,Manual,SI,4,4050,5,47,84,73000,3,0,0,0,0,0,0,0,0,0,0,1,0,0,0,2,0,0,0,92,0,0,0,0,0,0,0,0,0,0,0,2
3316,3035,Manual,NO,Otro,Maiz,SI,Manual,SI,1.3,3296.511628,5,46,87,71000,4,0,0,0,0,0,0,0,0,0,0,1,0,0,0,3,0,0,0,69,0,0,0,0,0,0,0,0,0,0,0,2
3317,3036,Manual,NO,P3966 (Pioneer),Maiz,SI,Manual,SI,1.5,3579.069767,5,46,86,71000,4,0,0,0,0,0,0,0,0,0,0,1,0,0,0,2,0,0,0,80.5,0,0,0,0,0,0,0,0,0,0,0,2
3318,3037,Mecanizado,SI,P3966 (Pioneer),Maiz,SI,Manual,SI,2,3861.627907,6,47,87,72000,6,0,0,0,0,0,0,0,0,0,0,1,0,0,0,2,0,0,0,92,0,0,0,0,0,0,0,0,0,0,0,2
3319,3038,Mecanizado,SI,DK 234 YGRR,Maiz,SI,Manual,SI,1,3861.627907,5,47,91,73000,5,0,0,0,0,0,0,0,0,0,0,1,0,0,0,1,0,0,0,74.5,0,0,0,0,0,0,0,0,0,0,0,2
3320,3039,Mecanizado,SI,DK 234 YGRR,Maiz,SI,Manual,SI,2,3720.930233,5,47,90,73000,5,0,0,0,0,0,0,0,0,0,0,1,0,0,0,0,0,0,0,74.5,0,0,0,0,0,0,0,0,0,0,0,2
3321,3040,Manual,NO,P3966 (Pioneer),Maiz,SI,Manual,SI,1.2,3673.255814,5,47,86,71000,6,0,0,0,0,0,0,0,0,0,0,1,0,0,0,2,0,0,0,46,0,0,0,0,0,0,0,0,0,0,0,1
3322,3041,Manual,NO,P3966 (Pioneer),Maiz,SI,Manual,SI,1.5,3673.255814,5,47,86,71000,6,0,0,0,0,0,0,0,0,0,0,1,0,0,0,2,0,0,0,46,0,0,0,0,0,0,0,0,0,0,0,1
3323,3042,Mecanizado,SI,DK 234 YGRR,Maiz,SI,Manual,SI,4.4,3767.44186,5,47,97,73000,4,0,0,0,0,0,0,0,0,0,0,1,0,0,0,1,0,0,0,86,0,0,0,0,0,0,0,0,0,0,0,2
3324,3043,Mecanizado,SI,DK 234 YGRR,Maiz,SI,Manual,SI,2.4,3767.44186,5,47,94,73000,7,0,0,0,0,0,0,0,0,0,0,1,0,0,0,2,0,0,0,86,0,0,0,0,0,0,0,0,0,0,0,2
3325,3044,Manual,NO,DK 234 YGRR,Maiz,SI,Manual,SI,1,3861.627907,5,46,93,72000,6,0,0,0,0,0,0,0,0,0,0,1,0,0,0,1,0,0,0,76,0,0,0,0,0,0,0,0,0,0,0,2
3326,3045,Manual,NO,DK 234 YGRR,Maiz,SI,Manual,SI,1,3861.627907,5,46,90,72000,5,0,0,0,0,0,0,0,0,0,0,1,0,0,0,0,0,0,0,76,0,0,0,0,0,0,0,0,0,0,0,2
3328,3046,Manual,NO,DK 234,Maiz,NO,Manual,NO,3,4922.093023,4,47,85,55000,13,0,0,0,0,0,0,0,0,0,0,1,0,0,0,1,0,0,0,92,0,0,0,0,0,0,0,0,0,0,0,2
3329,3047,Manual,NO,PIONEER 30F35 HRR,Maiz,NO,Manual,NO,2,5720.930233,5,48,113,55000,12,0,0,0,0,0,0,0,0,0,1,1,0,0,0,2,0,0,0,69,0,0,0,0,0,0,0,0,0,0,0,3
3330,3048,Manual,NO,DK 234,Maiz,NO,Manual,NO,1.5,5148.837209,5,46,88,55000,12,0,0,1,0,0,0,0,0,0,0,1,0,0,0,1,0,0,0,92,0,0,0,0,0,0,0,0,0,0,0,2
3331,3049,Mecanizado,NO,DK 234,Maiz,NO,Manual,NO,6,4922.093023,4,47,82,55000,10,0,0,0,0,0,0,0,0,0,0,1,0,0,0,1,0,0,0,61,0,0,15,0,0,15,0,0,0,0,0,2
3332,3050,Mecanizado,NO,Impacto (Syngenta),Maiz,NO,Manual,NO,2,5597.674419,4,48,84,55000,11,0,0,0,0,0,0,0,0,0,0,1,0,0,0,1,0,0,0,92,0,0,0,0,0,0,0,0,0,0,0,2
3333,3051,Mecanizado,NO,DK7088,Maiz,NO,Manual,NO,6,5597.674419,4,48,85,65000,10,0,0,1,0,0,0,0,0,0,0,1,0,0,0,1,0,0,0,61,0,0,15,0,0,15,0,0,0,0,0,2
3334,3052,Mecanizado,NO,PIONEER 30F35 HRR,Maiz,NO,Manual,NO,2,5404.651163,4,48,81,55000,10,0,0,1,0,0,0,0,0,0,1,1,0,0,0,1,0,0,0,61,0,0,15,0,0,15,0,0,0,0,0,2
3335,3053,Manual,NO,Impacto (Syngenta),Maiz,NO,Manual,NO,1.5,5053.488372,4,47,85,55000,11,0,0,0,0,0,0,0,0,0,1,1,0,0,0,2,0,0,0,61,0,0,15,0,0,15,0,0,0,0,0,2
3336,3054,Mecanizado,NO,DK7088,Maiz,NO,Manual,NO,3,4922.093023,2,49,89,55000,8,0,0,0,0,0,0,0,0,0,0,2,0,0,0,1,0,0,0,22.5,0,0,22.5,0,0,22.5,0,0,0,0,0,1
3337,3055,Manual,NO,PIONEER 30F35 HRR,Maiz,NO,Manual,NO,2,5115.116279,4,47,85,55000,8,0,0,0,0,0,0,0,0,0,0,1,0,0,0,2,0,0,0,22.5,0,0,22.5,0,0,22.5,0,0,0,0,0,1
3339,3057,Manual,SI,PIONEER 30F35 HRR,Maiz,NO,Manual,NO,2,4958.139535,4,48,83,55000,9,0,0,0,0,0,0,0,0,0,0,1,0,0,0,2,0,0,0,61,0,0,15,0,0,15,0,0,0,0,0,2
3340,3058,Manual,SI,PIONEER 30F35 H,Maiz,NO,Manual,NO,1.5,5597.674419,4,46,86,60000,10,0,0,0,0,0,0,0,0,0,0,2,0,0,0,1,0,0,0,92,0,0,0,0,0,0,0,0,0,0,0,2
3341,3059,Manual,SI,DK 234,Maiz,NO,Manual,NO,1,5308.139535,4,47,82,55000,10,0,0,1,0,0,0,0,0,0,0,1,0,0,0,1,0,0,0,69,0,0,0,0,0,0,0,0,0,0,0,2
3342,3060,Mecanizado,SI,DK7088,Maiz,NO,Manual,NO,4,5530.232558,4,47,84,60000,11,0,0,0,0,0,0,0,0,0,1,1,0,0,0,1,0,0,0,61,0,0,15,0,0,15,0,0,0,0,0,2
3343,3061,Mecanizado,SI,PIONEER 30F35 HRR,Maiz,NO,Manual,NO,2,5308.139535,4,47,83,55000,12,0,0,0,0,0,0,0,0,0,1,1,0,0,0,1,0,0,0,115,0,0,0,0,0,0,0,0,0,0,0,2
3344,3062,Manual,SI,DK 234,Maiz,NO,Manual,NO,1,5434.883721,4,47,79,58000,10,0,0,1,0,0,0,0,0,0,0,1,0,0,0,1,0,0,0,61,0,0,15,0,0,15,0,0,0,0,0,2
3345,3063,Manual,NO,Otro,Maiz,NO,Manual,NO,1,2002.325581,4,47,87,30000,45,0,0,0,0,0,0,1,0,0,0,0,0,0,0,0,0,0,0,23,0,0,0,0,0,0,0,0,0,0,0,1
3346,3064,Manual,NO,Otro,Maiz,NO,Manual,NO,1,2123.255814,5,44,93,32000,47,0,0,0,0,0,0,1,0,0,0,0,0,0,0,1,0,0,0,23,0,0,0,0,0,0,0,0,0,0,0,1
3347,3065,Manual,NO,Otro,Maiz,NO,Manual,NO,1,2193.023256,4,47,82,32000,44,0,0,0,0,0,0,1,0,0,0,0,0,0,0,0,0,0,0,23,0,0,0,0,0,0,0,0,0,0,0,1
3348,3066,Manual,SI,PIONEER 30F35 HRR,Maiz,NO,Manual,NO,2,5339.534884,4,47,83,60000,9,0,0,1,0,0,0,0,0,0,0,1,0,0,0,1,0,0,0,61,0,0,15,0,0,15,0,0,0,0,0,2
3690,3507,Mecanizado,SI,Status (Syngenta),Maiz,SI,Manual,NO,2,6216.27907,5,47,91,62000,13,0,0,1,0,0,0,0,0,0,0,2,0,0,0,0,0,0,0,161,0,0,0,0,0,90,0,0,0,0,0,5
3698,3516,Mecanizado,SI,P3966 (Pioneer),Algodón,SI,Mecanizada,NO,24,6404.651163,5,46,82,74000,14,0,0,1,0,0,0,0,0,0,2,1,0,0,1,1,0,0,15,92,0,15,0,0,15,30,0,0,0,0,1,3
3699,3517,Mecanizado,SI,DK 234 YGRR,Algodón,SI,Mecanizada,SI,2,6102.325581,6,46,79,72000,14,0,0,1,0,0,0,0,0,0,2,1,0,0,1,1,0,0,15,92,0,15,0,0,15,30,0,0,0,0,1,3
3701,3518,Mecanizado,SI,P4082 (Pioneer),Algodón,NO,Mecanizada,NO,1,5462.790698,10,41,84,72000,14,0,0,1,0,0,0,0,0,0,2,1,0,0,1,2,0,0,15,92,0,15,0,0,15,30,0,0,0,0,1,3
3713,3540,Mecanizado,SI,DK7088,Algodón,SI,Mecanizada,NO,11.2,6076.744186,4,49,63,62000,8,0,0,0,0,0,0,0,0,0,0,1,0,0,0,1,0,0,0,92,0,0,0,0,0,30,0,0,0,0,0,3
3732,3559,Manual,SI,ADV 9339 (Syngenta),Maiz,NO,Manual,NO,1,4767.44186,4,47,78,62000,7,0,0,0,0,0,0,0,0,0,0,1,0,0,0,1,0,0,0,46,0,0,0,0,0,30,0,0,0,0,0,2
3739,3569,Manual,SI,Impacto (Syngenta),Maiz,SI,Manual,NO,2,5462.790698,5,46,84,62000,62,0,0,0,0,0,0,0,0,0,0,1,0,0,0,0,0,0,0,92,0,0,0,0,0,30,0,0,0,0,0,3
3741,3571,Manual,SI,ADV 9339 (Syngenta),Maiz,NO,Manual,NO,4,5244.186047,4,46,82,62000,10,0,0,0,0,0,0,0,0,0,0,1,0,0,0,2,0,0,0,92,0,0,0,0,0,0,0,0,0,0,0,2
3744,3582,Mecanizado,NO,Impacto (Syngenta),Maiz,NO,Manual,SI,30,6593.023256,5,47,79,74000,60,0,0,0,0,0,0,0,0,0,0,2,0,0,0,0,0,0,12,92,0,40,0,0,0,30,0,0,0,0,1,3
3751,3586,Mecanizado,SI,Impacto (Syngenta),Maiz,NO,Manual,SI,20,6511.627907,5,48,82,74000,60,0,0,0,0,0,0,0,0,0,0,2,0,0,0,2,0,0,12,92,0,40,0,0,0,30,0,0,0,0,1,3
3775,3631,Mecanizado,SI,DK 234,Pastos,SI,Mecanizada,NO,15,2637.209302,4,46,85,65000,5,0,0,0,0,0,0,0,0,0,0,1,0,0,0,1,0,0,0,69,0,0,0,0,0,0,0,0,0,0,0,2
3815,3667,Mecanizado,SI,Otro,Algodón,SI,Manual,NO,2,5116.27907,5,44,88,71000,14,0,0,0,0,0,0,0,0,0,0,1,0,0,0,0,0,0,0,115,0,0,0,0,0,30,0,0,0,0,0,3
3816,3668,Manual,SI,DK 234,Maiz,NO,Manual,NO,2,5651.162791,4,49,85,62000,6,0,0,0,0,0,0,0,0,0,1,1,0,0,0,0,0,0,0,92,0,0,0,0,0,0,0,0,0,0,0,2
3817,3633,Manual,SI,DK7088,Maiz,NO,Manual,NO,2,6197.674419,4,46,83,62000,10,0,0,0,0,0,0,0,0,0,0,1,0,0,0,0,0,0,0,46,0,0,0,0,0,30,0,0,0,0,0,2
3818,3643,Mecanizado,SI,Otro,Algodón,SI,Manual,NO,2,4767.44186,5,46,84,65000,9,0,0,0,0,0,0,0,0,0,0,1,0,0,0,1,0,0,0,57.5,0,0,0,0,0,0,0,0,0,0,0,1
3819,3644,Mecanizado,SI,PIONEER 30F35 HRR,Maiz,NO,Manual,NO,1.5,6122.093023,4,45,84,65000,9,0,0,0,0,0,0,0,0,0,1,0,0,0,0,1,0,0,0,92,0,0,0,0,0,0,0,0,0,0,0,2
3820,3632,Mecanizado,SI,P3966 (Pioneer),Pastos,NO,Mecanizada,NO,10,3013.953488,4,45,86,65000,6,0,0,0,0,0,0,0,0,0,1,1,0,0,0,1,0,0,0,92,0,0,0,0,0,0,0,0,0,0,0,2
3821,3642,Manual,NO,Otro,Maiz,SI,Manual,NO,1,4290.697674,5,43,86,55000,7,0,0,0,0,0,0,0,0,0,0,1,0,0,0,2,0,0,0,69,0,0,0,0,0,0,0,0,0,0,0,2
3824,3671,Mecanizado,SI,ADV 9293 (Syngenta),Algodón,SI,Manual,NO,3,4958.139535,4,49,80,62000,6,0,0,0,0,0,0,0,0,0,0,1,0,0,0,1,1,0,0,92,0,0,0,0,0,0,0,0,0,0,0,2
3825,3672,Mecanizado,SI,DK 234,Maiz,SI,Manual,NO,2,5339.534884,,,,"0     NaN
1     NaN
2     NaN
3     NaN
4     NaN
       ..
993   NaN
994   NaN
995   NaN
996   NaN
997   NaN
Name: AREA, Length: 882, dtype: float64",9,0,0,0,0,0,0,0,0,0,0,0,0,0,0,0,0,0,0,0,0,0,0,0,0,0,0,0,0,0,0,0
3826,3673,Mecanizado,SI,DK 234,Maiz,NO,Manual,NO,3,5816.27907,2,48,81,65000,6,0,0,1,0,0,0,0,0,0,0,1,0,0,0,1,0,0,0,92,0,0,0,0,0,0,0,0,0,0,0,2
3828,3675,Mecanizado,SI,PIONEER 30F35 H,Maiz,SI,Manual,NO,3,5911.627907,4,45,86,65000,10,0,0,1,0,0,0,0,0,0,0,1,0,0,0,1,0,0,0,80.5,0,0,0,0,0,0,0,0,0,0,0,2
3829,3676,Mecanizado,SI,PIONEER 30F35 HRR,Maiz,NO,Manual,NO,4,5651.162791,4,47,81,65000,10,0,0,0,0,0,0,0,0,0,0,1,0,0,0,1,0,0,0,69,0,0,0,0,0,30,0,0,0,0,0,3
3830,3677,Mecanizado,SI,DK 1596,Maiz,SI,Mecanizada,NO,4,4897.674419,5,46,84,65000,9,0,0,0,0,0,0,0,0,0,0,2,0,0,0,1,0,0,0,46,0,0,0,0,0,0,0,0,0,0,0,1
3849,3692,Mecanizado,NO,PIONEER 30F35 HRR,Maiz,SI,Manual,NO,1,5260.465116,5,46,86,71000,15,0,0,0,0,0,0,0,0,0,0,1,0,0,0,2,0,0,0,69,0,0,0,0,0,30,0,0,0,0,0,3
3851,3693,Mecanizado,NO,Otro,Algodón,SI,Manual,SI,4.5,6046.511628,5,46,85,71000,14,0,0,1,0,0,0,0,0,0,0,2,0,0,0,1,0,0,15,115,0,15,0,0,15,0,0,0,0,0,1,2
3853,3694,Mecanizado,SI,P3966 (Pioneer),Maiz,SI,Manual,SI,1,6122.093023,5,45,86,72500,14,0,0,0,0,0,0,0,0,0,0,1,0,0,0,1,0,0,0,92,0,0,0,0,0,0,0,0,0,0,0,2
3856,3695,Mecanizado,SI,P3966 (Pioneer),Maiz,SI,Manual,NO,2,5933.72093,5,46,83,72000,14,0,0,1,0,0,0,0,0,0,0,3,0,0,0,1,0,0,0,138,0,0,0,0,0,60,0,0,0,0,0,5
3857,3696,Mecanizado,SI,P3966 (Pioneer),Maiz,SI,Mecanizada,NO,4.3,6310.465116,5,46,88,76000,14,0,0,1,0,0,0,0,0,0,0,2,0,0,0,6,0,0,15,106,0,15,0,0,15,30,0,0,0,0,1,3
3859,3697,Mecanizado,SI,P3966 (Pioneer),Maiz,SI,Mecanizada,NO,21,6046.511628,5,47,81,80000,12,0,0,0,1,0,0,0,0,0,2,2,0,0,1,3,2,0,15,92,0,15,0,0,15,30,0,0,0,0,1,3
3860,3698,Mecanizado,SI,Otro,Maiz,SI,Mecanizada,NO,9,6046.511628,5,47,80,80000,12,0,0,0,1,0,0,0,0,0,0,2,0,0,0,1,2,0,15,92,0,15,0,0,15,30,0,0,0,0,1,3
3862,3699,Mecanizado,SI,P3966 (Pioneer),Maiz,SI,Mecanizada,NO,31,6325.581395,5,46,84,84000,12,0,0,0,1,0,0,0,0,0,0,2,0,0,0,1,2,0,15,92,0,15,0,0,15,30,0,0,0,0,1,3
3864,3700,Manual,SI,Otro,Maiz,SI,Manual,SI,1,5302.325581,5,47,83,62000,12,0,0,0,0,0,0,0,0,0,2,1,0,0,1,7,0,0,0,92,0,0,0,0,0,30,0,0,0,0,0,3
3865,3701,Mecanizado,SI,Otro,Algodón,SI,Manual,SI,4,6027.906977,5,46,80,70000,13,0,0,1,0,0,0,0,0,0,0,1,0,0,0,2,0,0,0,115,0,0,0,0,0,30,0,0,0,0,0,3
3866,3710,Mecanizado,SI,Otro,Algodón,SI,Manual,SI,5,6027.906977,5,46,85,70000,13,0,0,1,0,0,0,0,0,0,0,1,0,0,0,0,0,0,0,115,0,0,0,0,0,30,0,0,0,0,0,3
3881,3715,Manual,NO,Otro,Pastos,SI,Manual,SI,2,4615.116279,5,45,76,68000,40,0,0,0,0,0,0,0,0,0,0,1,0,0,0,2,0,0,0,75,0,0,12,0,0,36,0,0,0,0,0,4
3882,3716,Manual,NO,PIONEER 30F35,Pastos,SI,Manual,SI,1,4615.116279,5,46,108,70000,40,0,0,0,0,0,0,0,0,0,0,1,0,0,0,5,0,0,0,53.5,0,0,7.5,0,0,37.5,0,0,0,0,0,4
3883,3717,Mecanizado,SI,P3966 (Pioneer),Algodón,SI,Mecanizada,NO,2.5,5603.488372,5,45,87,80500,14,0,0,0,0,0,0,0,0,0,0,2,0,0,0,3,0,0,0,68.8,0,0,9,0,0,21,0,0,0,0,0,5
3885,3718,Manual,SI,PIONEER 30F35 HRR,Maiz,SI,Manual,SI,5,6338.372093,5,47,90,74000,8,0,0,1,0,0,0,0,0,0,0,2,0,0,0,4,0,0,0,115,0,0,0,0,0,0,0,0,0,0,0,3
3888,3719,Manual,SI,Otro,Maiz,SI,Manual,NO,1,6613.953488,5,48,88,71000,8,0,0,1,0,0,0,0,0,0,0,2,0,0,0,5,0,0,0,115,0,0,0,0,0,0,0,0,0,0,0,3
3890,3720,Manual,SI,Otro,Maiz,SI,Manual,SI,1,6613.953488,5,48,88,72000,8,0,0,1,0,0,0,0,0,0,0,2,0,0,0,0,0,0,0,115,0,0,0,0,0,0,0,0,0,0,0,3
3910,3679,Mecanizado,SI,P3966 (Pioneer),Algodón,NO,Manual,NO,15,5983.72093,4,42,94,65000,6,0,0,0,0,0,0,0,0,0,0,1,0,0,0,1,0,0,0,92,0,0,0,0,0,0,0,0,0,0,0,2
3911,3686,Mecanizado,NO,ADV 9339 (Syngenta),Maiz,NO,Manual,NO,2,5434.883721,5,49,80,63000,5,0,0,1,0,0,0,0,0,0,0,1,0,0,0,2,0,0,0,92,0,0,0,0,0,0,0,0,0,0,0,2
3912,3685,Mecanizado,SI,ADV 9293 (Syngenta),Algodón,SI,Manual,NO,4,5816.27907,4,49,82,65000,6,0,0,0,0,0,0,0,0,0,0,1,0,0,0,1,1,0,0,92,0,0,0,0,0,0,0,0,0,0,0,2
3913,3684,Mecanizado,SI,P3966 (Pioneer),Algodón,SI,Mecanizada,NO,16,5933.72093,4,46,83,65000,5,0,0,0,0,0,0,0,0,0,0,1,0,0,0,1,0,0,0,92,0,0,0,0,0,30,0,0,0,0,0,3
3914,3683,Mecanizado,SI,DK7088,Frijol,NO,Mecanizada,NO,5,5720.930233,4,47,90,62000,5,0,0,0,0,0,0,0,0,0,1,0,0,0,0,1,0,0,0,92,0,0,0,0,0,30,0,0,0,0,0,3
3915,3682,Mecanizado,SI,ADV 9339 (Syngenta),Algodón,NO,Manual,NO,6,5244.186047,5,49,82,62000,6,0,0,0,0,0,0,0,0,0,0,1,0,0,0,2,0,0,0,92,0,0,0,0,0,0,0,0,0,0,0,2
3916,3681,Manual,SI,PIONEER 30F35,Maiz,NO,Manual,NO,1,5720.930233,4,45,86,56000,9,0,0,0,0,0,0,0,0,0,0,1,0,0,0,1,0,0,0,92,0,0,0,0,0,0,0,0,0,0,0,2
3917,3680,Mecanizado,SI,P3966 (Pioneer),Algodón,NO,Manual,NO,2,5530.232558,4,48,81,63000,7,0,0,0,0,0,0,0,0,0,1,1,0,0,0,2,0,0,0,92,0,0,0,0,0,0,0,0,0,0,0,2
3918,3724,Mecanizado,SI,ADV 9339 (Syngenta),Algodón,NO,Manual,NO,4,5816.27907,4,49,77,65000,6,0,0,0,0,0,0,0,0,0,0,1,0,0,0,2,0,0,0,92,0,0,0,0,0,0,0,0,0,0,0,2
3920,3733,Manual,SI,DK 234,Maiz,NO,Manual,NO,1,5434.883721,4,46,81,62000,8,0,0,0,0,0,0,0,0,0,0,1,0,0,0,0,0,0,0,92,0,0,0,0,0,0,0,0,0,0,0,2
3921,3734,Mecanizado,SI,DK 234,Algodón,NO,Manual,NO,4,5148.837209,5,49,84,65000,7,0,0,0,0,0,0,0,0,0,0,1,0,0,0,1,0,0,0,92,0,0,0,0,0,0,0,0,0,0,0,2
3923,3735,Mecanizado,SI,DK7088,Algodón,NO,Mecanizada,NO,11,6176.744186,3,48,92,62000,9,0,0,0,0,0,0,0,0,0,1,1,0,0,0,1,0,0,0,92,0,0,0,0,0,30,0,0,0,0,0,3
3924,3736,Manual,SI,ADV 9339 (Syngenta),Algodón,NO,Manual,NO,2,6006.976744,4,45,85,60000,7,0,0,0,0,0,0,0,0,0,1,1,0,0,0,2,0,0,0,61,0,0,15,0,0,15,0,0,0,0,0,2
3926,3737,Manual,NO,PIONEER 30F35 H,Algodón,NO,Manual,NO,2,5816.27907,4,46,75,62000,7,0,0,0,0,0,0,0,0,0,1,1,0,0,0,1,0,0,0,61,0,0,15,0,0,15,0,0,0,0,0,2
3927,3738,Mecanizado,SI,DK 234 YGRR,Maiz,NO,Manual,SI,12,5911.627907,4,49,82,63000,7,0,0,0,0,0,0,0,0,0,1,1,0,0,0,1,0,0,0,92,0,0,0,0,0,0,0,0,0,0,0,2
3929,3739,Mecanizado,SI,P3966 (Pioneer),Maiz,NO,Manual,NO,2.3,6102.325581,4,47,82,62000,8,0,0,0,0,0,0,0,0,0,1,1,0,0,0,2,0,0,0,92,0,0,0,0,0,0,0,0,0,0,0,2
3930,3740,Mecanizado,SI,ADV 9293 (Syngenta),Algodón,NO,Manual,NO,5,5816.27907,4,45,82,65000,6,0,0,0,0,0,0,0,0,0,0,1,0,0,0,1,0,0,0,92,0,0,0,0,0,0,0,0,0,0,0,2
3931,3741,Mecanizado,SI,PIONEER 30F35 HRR,Maiz,NO,Manual,NO,8,5339.534884,5,47,81,65000,5,0,0,0,0,0,0,0,0,0,0,1,0,0,0,1,0,0,0,92,0,0,0,0,0,30,0,0,0,0,0,3
3932,3742,Mecanizado,SI,P3966 (Pioneer),Maiz,NO,Manual,NO,1,5911.627907,5,45,82,65000,5,0,0,0,0,0,0,0,0,0,0,1,0,0,0,2,0,0,0,92,0,0,0,0,0,0,0,0,0,0,0,2
3935,3745,Mecanizado,SI,DK 234,Maiz,NO,Mecanizada,NO,10,5434.883721,5,49,80,62000,6,0,0,0,0,0,0,0,0,0,1,1,0,0,0,1,0,0,0,92,0,0,0,0,0,0,0,0,0,0,0,2
3936,3750,Manual,SI,ADV 9339 (Syngenta),Frijol,SI,Manual,NO,2,5244.186047,4,45,85,65000,6,0,0,0,0,0,0,0,0,0,0,1,0,0,0,2,0,0,0,92,0,0,0,0,0,0,0,0,0,0,0,2
3937,3743,Mecanizado,SI,PIONEER 30F35 HRR,Maiz,SI,Manual,NO,1,4767.44186,4,44,87,62000,9,0,0,1,0,0,0,0,0,0,0,1,0,0,0,1,0,0,0,92,0,0,0,0,0,0,0,0,0,0,0,2
3939,3744,Mecanizado,SI,DK 234,Algodón,NO,Manual,NO,9,5053.488372,4,46,85,65000,7,0,0,0,0,0,0,0,0,0,0,1,0,0,0,1,0,0,0,92,0,0,0,0,0,0,0,0,0,0,0,2
3940,3746,Mecanizado,SI,DK7088,Algodón,NO,Manual,NO,10,5625.581395,4,48,85,60000,5,0,0,0,0,0,0,0,0,0,0,1,0,0,0,1,0,0,0,92,0,0,0,0,0,0,0,0,0,0,0,2
3942,3747,Mecanizado,SI,DK 234,Algodón,NO,Manual,NO,2,5339.534884,5,50,76,62000,10,0,0,0,0,0,0,0,0,0,0,1,0,0,0,1,0,0,0,92,0,0,0,0,0,0,0,0,0,0,0,2
3943,3748,Mecanizado,SI,ADV 9293 (Syngenta),Maiz,NO,Manual,NO,3,5625.581395,5,49,80,63000,9,0,0,0,0,0,0,0,0,0,2,0,0,0,0,2,0,0,0,92,0,0,0,0,0,0,0,0,0,0,0,2
3944,3749,Mecanizado,SI,PIONEER 30F35 H,Maiz,NO,Manual,NO,2,6388.372093,4,48,82,60000,6,0,0,0,0,0,0,0,0,0,1,1,0,0,0,1,0,0,0,80.5,0,0,0,0,0,0,0,0,0,0,0,2
3945,3751,Mecanizado,SI,P3966 (Pioneer),Maiz,NO,Manual,NO,1,5911.627907,4,49,85,65000,6,0,0,0,0,0,0,0,0,0,0,1,0,0,0,1,0,0,0,92,0,0,0,0,0,0,0,0,0,0,0,2
3946,3752,Mecanizado,SI,P3966 (Pioneer),Maiz,NO,Manual,NO,2,6006.976744,4,47,91,65000,6,0,0,0,0,0,0,0,0,0,0,1,0,0,0,1,0,0,0,92,0,0,0,0,0,0,0,0,0,0,0,2
3957,3753,Mecanizado,SI,P3966 (Pioneer),Algodón,NO,Mecanizada,NO,9,5983.72093,4,47,94,62000,6,0,0,0,0,0,0,0,0,0,0,1,0,0,0,2,0,0,0,34.5,0,0,0,0,0,0,0,0,0,0,0,1
3958,3754,Mecanizado,SI,P3966 (Pioneer),Algodón,NO,Mecanizada,NO,14,5434.883721,4,47,91,62000,4,0,0,0,0,0,0,0,0,0,1,1,0,0,1,1,0,0,0,46,0,0,0,0,0,0,0,0,0,0,0,1
3960,3755,Mecanizado,SI,DK 234,Algodón,NO,Mecanizada,NO,15,5720.930233,4,46,98,60000,5,0,0,0,0,0,0,0,0,0,1,1,0,0,0,2,0,0,0,34.5,0,0,0,0,0,0,0,0,0,0,0,1
3961,3756,Mecanizado,NO,Otro,Algodón,SI,Manual,NO,1,4576.744186,4,47,84,62000,13,0,0,0,0,0,0,0,0,0,1,0,0,0,0,2,0,0,0,92,0,0,0,0,0,0,0,0,0,0,0,2
3963,3757,Mecanizado,SI,PIONEER 30F35 HRR,Maiz,SI,Manual,NO,3,5911.627907,4,48,78,62000,6,0,0,1,0,0,0,0,0,0,0,1,0,0,0,1,0,0,0,92,0,0,0,0,0,0,0,0,0,0,0,2
3981,3828,Mecanizado,SI,Otro,Maiz,SI,Mecanizada,SI,2,5953.488372,5,46,83,74000,8,0,0,2,0,0,0,0,0,0,2,2,0,0,1,2,0,0,6,115,0,20,0,0,30,30,0,0,0,0,2,3
3983,3830,Mecanizado,SI,Otro,Algodón,SI,Mecanizada,NO,22,5556.976744,5,46,88,74000,8,0,0,2,0,0,0,0,0,0,2,2,0,0,1,0,0,0,1.5,103.5,0,2.5,0,0,30,30,0,0,0,0,2,3
3984,3831,Mecanizado,SI,Otro,Algodón,SI,Mecanizada,NO,2,5651.162791,5,47,86,73000,9,0,0,1,0,0,0,0,0,0,2,0,0,0,1,4,0,0,1.5,103.5,0,2.5,0,0,30,30,0,0,0,0,2,3
4153,3922,Mecanizado,SI,DK 234,Algodón,NO,Manual,NO,2,6102.325581,4,47,78,65000,6,0,0,1,0,0,0,0,0,0,0,3,0,0,0,1,0,0,0,92,0,0,0,0,0,0,0,0,0,0,0,2
4155,3923,Mecanizado,SI,P3966 (Pioneer),Algodón,NO,Manual,NO,2,6466.27907,4,48,92,70000,8,0,0,1,0,0,0,0,0,0,0,2,0,0,0,2,0,0,0,61,0,0,15,0,0,15,0,0,0,0,0,2
4156,3924,Mecanizado,SI,DK 234,Maiz,NO,Manual,NO,4,5086.046512,4,48,78,65000,10,0,0,0,0,0,0,0,0,0,0,2,0,0,0,1,0,0,0,96.6,0,0,0,0,0,0,0,0,0,0,0,2
4157,3925,Mecanizado,SI,DK 234,Algodón,NO,Manual,NO,2,5053.488372,5,48,79,65000,8,0,0,1,0,0,0,0,0,0,1,1,0,0,0,1,0,0,0,92,0,0,0,0,0,0,0,0,0,0,0,2
4158,3926,Mecanizado,SI,PIONEER 30F35 HRR,Algodón,NO,Manual,NO,1.5,5530.232558,4,48,79,70000,6,0,0,0,0,0,0,0,0,0,1,1,0,0,0,1,0,0,0,92,0,0,0,0,0,0,0,0,0,0,0,2
4159,3927,Manual,SI,P3966 (Pioneer),Algodón,NO,Manual,NO,2,6388.372093,,,,"0     NaN
1     NaN
2     NaN
3     NaN
4     NaN
       ..
993   NaN
994   NaN
995   NaN
996   NaN
997   NaN
Name: AREA, Length: 882, dtype: float64",8,0,0,0,0,0,0,0,0,0,0,0,0,0,0,0,0,0,0,0,0,0,0,0,0,0,0,0,0,0,0,0
4161,3928,Mecanizado,SI,ADV 9339 (Syngenta),Algodón,NO,Manual,NO,2,5148.837209,4,47,85,70000,6,0,0,0,0,0,0,0,0,0,1,1,0,0,0,2,0,0,0,92,0,0,0,0,0,0,0,0,0,0,0,2
4162,3929,Mecanizado,SI,DK 234,Algodón,NO,Manual,NO,1,4862.790698,5,47,81,62000,6,0,0,0,0,0,0,0,0,0,0,2,0,0,0,1,0,0,0,80.5,0,0,0,0,0,0,0,0,0,0,0,2
4163,3930,Manual,NO,Otro,Maiz,NO,Manual,NO,2.5,4862.790698,4,52,73,60000,8,0,0,0,0,0,0,0,0,0,1,1,0,0,0,2,0,0,0,69,0,0,0,0,0,0,0,0,0,0,0,2
4164,3931,Mecanizado,SI,DK 234,Algodón,NO,Manual,NO,2,5053.488372,4,47,80,65000,6,0,0,1,0,0,0,0,0,0,1,1,0,0,0,1,0,0,0,69,0,0,0,0,0,0,0,0,0,0,0,2
4165,3932,Mecanizado,SI,DK 234,Algodón,NO,Manual,NO,2,4958.139535,4,47,76,68000,6,0,0,0,0,0,0,0,0,0,0,2,0,0,0,1,0,0,0,92,0,0,0,0,0,0,0,0,0,0,0,2
4166,3934,Manual,SI,P3966 (Pioneer),Algodón,NO,Manual,NO,4,5816.27907,4,48,80,63000,4,0,0,0,0,0,0,0,0,0,1,1,0,0,0,2,0,0,0,61,0,0,15,0,0,15,0,0,0,0,0,2
4167,3933,Mecanizado,SI,P3966 (Pioneer),Maiz,NO,Manual,NO,5,5530.232558,4,46,85,65000,14,0,0,0,0,0,0,0,0,0,1,1,0,0,0,2,0,0,0,80.5,0,0,0,0,0,0,0,0,0,0,0,2
4230,3935,Mecanizado,SI,DK 234,Algodón,NO,Manual,NO,1,5244.186047,4,47,79,65000,9,0,0,0,0,0,0,0,0,0,1,1,0,0,0,1,0,0,0,92,0,0,0,0,0,0,0,0,0,0,0,2
4236,3936,Mecanizado,SI,ADV 9339 (Syngenta),Algodón,NO,Manual,NO,3,5339.534884,5,47,86,65000,5,0,0,0,0,0,0,0,0,0,1,1,0,0,0,2,0,0,0,92,0,0,0,0,0,0,0,0,0,0,0,2
4237,3937,Mecanizado,SI,DK 234,Algodón,NO,Manual,NO,1.5,5434.883721,5,47,90,65000,6,0,0,0,0,0,0,0,0,0,1,1,0,0,0,1,0,0,0,92,0,0,0,0,0,0,0,0,0,0,0,2
4238,3938,Mecanizado,SI,DK 234,Algodón,NO,Manual,NO,3,4958.139535,5,47,86,65000,7,0,0,1,0,0,0,0,0,0,1,1,0,0,0,1,0,0,0,61,0,0,15,0,0,15,0,0,0,0,0,2
4243,3939,Mecanizado,SI,ADV 9339 (Syngenta),Algodón,NO,Mecanizada,NO,6,5625.581395,4,48,84,65000,5,0,0,0,0,0,0,0,0,0,1,1,0,0,0,2,0,0,0,92,0,0,0,0,0,0,0,0,0,0,0,2
4249,4028,Mecanizado,SI,Otro,Algodón,NO,Manual,SI,2,6076.744186,5,45,85,72000,15,0,0,0,0,0,0,0,0,0,2,2,0,0,1,2,0,0,0,115,0,0,0,0,0,30,0,0,0,0,0,3
4250,4029,Mecanizado,SI,Otro,Algodón,SI,Manual,NO,2,5970.930233,5,46,84,72000,15,0,0,2,0,0,0,0,0,0,2,3,0,0,0,3,0,0,0,115,0,0,0,0,0,30,0,0,0,0,0,3
4251,4030,Mecanizado,SI,Otro,Algodón,SI,Manual,NO,2,5970.930233,5,46,87,72000,15,0,0,2,0,0,0,0,0,0,2,2,0,0,1,5,0,0,0,115,0,0,0,0,0,30,0,0,0,0,0,3
4252,4031,Mecanizado,SI,ADV 9339 (Syngenta),Maiz,SI,Mecanizada,NO,2,6246.511628,5,46,84,75000,8,0,0,1,0,0,0,0,0,0,2,2,0,0,1,4,0,0,1.5,115,0,2.5,0,0,30,30,0,0,0,0,2,3
4276,3947,Mecanizado,SI,DK 234,Algodón,NO,Manual,NO,2,6674.418605,4,49,90,60000,7,0,0,1,0,0,0,0,0,0,0,1,0,0,0,2,0,0,0,92,0,0,0,0,0,0,0,0,0,0,0,2
4277,3942,Mecanizado,SI,DK 234 YGRR,Algodón,SI,Manual,NO,2,5244.186047,4,48,80,65000,6,0,0,0,0,0,0,0,0,0,0,1,0,0,0,1,0,0,0,61,0,0,15,0,0,15,0,0,0,0,0,2
4291,3946,Mecanizado,SI,P3966 (Pioneer),Algodón,NO,Manual,NO,2,6310.465116,3,47,86,65000,6,0,0,0,0,0,0,0,0,0,1,1,0,0,0,2,0,0,0,92,0,0,0,0,0,0,0,0,0,0,0,2
4299,3945,Manual,SI,ADV 9293 (Syngenta),Algodón,SI,Manual,NO,2,5720.930233,4,47,81,65000,5,0,0,0,0,0,0,0,0,0,1,1,0,0,0,2,0,0,0,69,0,0,0,0,0,0,0,0,0,0,0,2
4300,3944,Manual,SI,PIONEER 30F35 H,Maiz,SI,Manual,NO,1,5720.930233,4,47,86,65000,7,0,0,0,0,0,0,0,0,0,1,1,0,0,0,2,0,0,0,38,0,0,15,0,0,15,0,0,0,0,0,2
4301,3943,Mecanizado,SI,DK 234,Maiz,NO,Manual,NO,2,5767.44186,3,48,79,63000,6,0,0,1,0,0,0,0,0,0,0,2,0,0,0,1,0,0,0,92,0,0,0,0,0,0,0,0,0,0,0,2
4302,3941,Mecanizado,SI,P3966 (Pioneer),Maiz,SI,Manual,NO,2.5,5720.930233,4,46,83,68000,6,0,0,0,0,0,0,0,0,0,1,1,0,0,0,1,0,0,0,61,0,0,15,0,0,15,0,0,0,0,0,2
4303,3940,Mecanizado,SI,P3966 (Pioneer),Algodón,SI,Manual,SI,1,6122.093023,4,45,77,65000,4,0,0,0,0,0,0,0,0,0,1,1,0,0,0,2,0,0,0,80.5,0,0,0,0,0,0,0,0,0,0,0,2
4316,4083,Mecanizado,SI,P3966 (Pioneer),Algodón,SI,Manual,NO,3.5,6102.325581,4,48,91,65000,13,0,0,0,0,0,0,0,0,0,1,1,0,0,0,1,0,0,0,61,0,0,15,0,0,15,0,0,0,0,0,2
4323,4087,Mecanizado,SI,P3966 (Pioneer),Algodón,NO,Manual,NO,1.5,6197.674419,4,48,85,65000,8,0,0,0,0,0,0,0,0,0,1,1,0,0,0,1,0,0,0,92,0,0,0,0,0,0,0,0,0,0,0,2
4324,4084,Mecanizado,SI,DK 234,Algodón,NO,Manual,NO,2,5816.27907,4,46,88,62000,7,0,0,0,0,0,0,0,0,0,0,1,0,0,0,1,0,0,0,92,0,0,0,0,0,0,0,0,0,0,0,2
4325,4085,Mecanizado,NO,P3966 (Pioneer),Algodón,NO,Manual,NO,3,6006.976744,4,47,89,62000,7,0,0,0,0,0,0,0,0,0,1,1,0,0,0,0,0,0,0,46,0,0,0,0,0,0,0,0,0,0,0,1
4326,4088,Mecanizado,SI,DK 234,Algodón,NO,Manual,NO,1.7,5053.488372,4,47,87,63000,6,0,0,0,0,0,0,0,0,0,0,1,0,0,0,0,1,0,0,69,0,0,0,0,0,0,0,0,0,0,0,1
4327,4086,Mecanizado,SI,DK 234,Algodón,NO,Manual,NO,3,5839.534884,4,44,87,65000,10,0,0,0,0,0,0,0,0,0,2,0,0,0,0,1,0,0,0,92,0,0,0,0,0,0,0,0,0,0,0,2
4328,4092,Mecanizado,SI,ADV 9293 (Syngenta),Maiz,NO,Manual,NO,1,4767.44186,4,48,78,65000,8,0,0,0,0,0,0,0,0,0,1,1,0,0,0,2,0,0,0,92,0,0,0,0,0,0,0,0,0,0,0,2
4330,4089,Manual,SI,DK 234,Algodón,NO,Manual,NO,1,5180.232558,4,47,85,65000,5,0,0,0,0,0,0,0,0,0,0,1,0,0,0,1,0,0,0,92,0,0,0,0,0,0,0,0,0,0,0,2
4331,4094,Mecanizado,SI,DK 234,Algodón,NO,Manual,NO,7,5434.883721,5,47,90,60000,10,0,0,0,0,0,0,0,0,0,0,2,0,0,0,1,0,0,0,92,0,0,0,0,0,0,0,0,0,0,0,2
4332,4093,Mecanizado,SI,DK 234,Frijol,NO,Manual,NO,2.5,5148.837209,4,46,84,65000,4,0,0,0,0,0,0,0,0,0,0,1,0,0,0,1,0,0,0,92,0,0,0,0,0,0,0,0,0,0,0,2
4333,4090,Mecanizado,SI,DK 234,Algodón,NO,Manual,NO,1.5,5720.930233,4,48,81,65000,6,0,0,0,0,0,0,0,0,0,0,1,0,0,0,1,0,0,0,92,0,0,0,0,0,0,0,0,0,0,0,2
4335,4082,Mecanizado,SI,P3966 (Pioneer),Algodón,NO,Manual,SI,3,6006.976744,4,47,81,65000,7,0,0,0,0,0,0,0,0,0,1,1,0,0,0,1,0,0,0,92,0,0,0,0,0,0,0,0,0,0,0,2
4336,4091,Mecanizado,SI,DK 234,Algodón,NO,Manual,NO,3,5148.837209,4,47,82,65000,5,0,0,0,0,0,0,0,0,0,0,2,0,0,0,0,0,0,0,92,0,0,0,0,0,0,0,0,0,0,0,2
4337,4112,Mecanizado,SI,P3966 (Pioneer),Maiz,SI,Manual,SI,15,5787.209302,5,46,82,72500,61,0,0,0,0,0,0,0,0,0,0,1,0,0,0,3,0,0,12,92,0,40,0,0,0,30,0,0,0,0,1,3
4341,4127,Mecanizado,SI,Otro,Pastos,SI,Mecanizada,NO,10,6593.023256,5,47,86,74000,10,0,0,2,0,0,0,0,0,0,0,2,0,0,0,1,0,0,1.5,103.5,0,2.5,0,0,30,30,0,0,0,0,2,3
4343,4129,Mecanizado,SI,Otro,Maiz,SI,Mecanizada,NO,5,6246.511628,5,46,85,77000,7,0,0,1,0,0,0,0,0,0,2,1,0,0,1,0,0,0,1.5,115,0,2.5,0,0,30,30,0,0,0,0,2,3
4352,4135,Mecanizado,SI,Otro,Algodón,SI,Mecanizada,NO,12,6232.55814,5,46,84,75000,7,0,0,2,0,0,0,0,0,0,2,2,0,0,1,0,0,0,1.5,115,0,2.5,0,0,30,30,0,0,0,0,2,3
4354,4136,Manual,SI,ICA V 156,Maiz,SI,Manual,SI,2,3767.44186,5,48,85,62000,61,0,0,0,0,0,0,0,0,0,0,1,0,0,0,3,0,0,0,92,0,0,0,0,0,30,0,0,0,0,0,3
4355,4137,Mecanizado,SI,Otro,Maiz,SI,Manual,SI,2,5327.906977,5,46,78,73000,14,0,0,1,0,0,0,0,0,0,0,1,0,0,0,4,0,0,15,80.5,0,15,0,0,15,30,0,0,0,0,1,3
4359,4141,Mecanizado,SI,Otro,Algodón,SI,Mecanizada,NO,7.2,6046.511628,5,46,88,74000,11,0,0,2,0,0,0,0,0,0,0,4,0,0,0,6,0,0,7.5,115,0,7.5,0,0,37.5,30,0,0,0,0,2,3
4362,4144,Mecanizado,SI,Otro,Maiz,SI,Mecanizada,NO,11,6232.55814,5,46,86,75000,15,0,0,2,0,0,0,0,0,0,0,2,0,0,0,5,0,0,7.5,103.5,0,7.5,0,0,37.5,30,0,0,0,0,2,3
4366,4148,Mecanizado,SI,Otro,Algodón,SI,Mecanizada,NO,54,6046.511628,5,46,87,74000,11,0,0,2,0,0,0,0,0,0,0,2,0,0,0,6,0,0,7.5,82.8,0,7.5,0,0,37.5,60,0,0,0,0,2,4
4369,4174,Mecanizado,SI,P3966 (Pioneer),Algodón,NO,Mecanizada,NO,6,6232.55814,5,46,88,74000,11,0,0,2,0,0,0,0,0,0,0,2,0,0,0,8,0,0,7.5,92,0,7.5,0,0,37.5,60,0,0,0,0,2,4
4370,4183,Mecanizado,SI,Otro,Algodón,SI,Mecanizada,NO,40,6046.511628,5,46,79,75000,11,0,0,2,0,0,0,0,0,0,0,1,0,0,0,5,0,115,9,0,0,23,0,30,30,0,0,0,0,3,2,0
4375,4186,Mecanizado,SI,Otro,Maiz,NO,Mecanizada,NO,9,6122.093023,4,47,87,74000,14,0,0,1,0,0,0,0,0,0,0,2,0,0,0,6,0,0,15,115,0,15,0,0,15,30,0,0,0,0,1,3
4376,4187,Mecanizado,SI,Otro,Maiz,SI,Mecanizada,NO,2,5180.232558,5,46,90,73000,7,0,0,0,0,0,0,0,0,0,2,2,0,0,0,0,0,0,0,120.5,0,0,0,0,0,20,0,0,0,0,0,3
4377,4188,Mecanizado,SI,Otro,Maiz,SI,Mecanizada,NO,17,5839.534884,5,46,98,74000,5,0,0,0,0,0,0,0,0,0,0,2,0,0,0,0,0,0,0,120.5,0,0,0,0,0,20,0,0,0,0,0,3
4378,4189,Mecanizado,SI,Otro,Maiz,NO,Mecanizada,NO,4,5839.534884,5,47,97,72000,5,0,0,0,0,0,0,0,0,0,0,2,0,0,0,3,0,0,0,109,0,0,0,0,0,20,0,0,0,0,0,3
4379,4190,Mecanizado,SI,Otro,Maiz,NO,Mecanizada,NO,35,6027.906977,5,47,100,73000,6,0,0,0,0,0,0,0,0,0,0,2,0,0,0,1,0,0,0,109,0,0,0,0,0,20,0,0,0,0,0,3
4380,4191,Mecanizado,SI,Otro,Maiz,NO,Mecanizada,NO,22,6046.511628,5,46,97,72000,6,0,0,0,0,0,0,0,0,0,2,1,0,0,0,1,0,0,0,120.5,0,0,0,0,0,20,0,0,0,0,0,3
4381,4192,Mecanizado,SI,Otro,Maiz,NO,Mecanizada,NO,9,5745.348837,5,46,101,73000,6,0,0,0,0,0,0,0,0,0,0,2,0,0,0,2,0,0,0,120.5,0,0,0,0,0,20,0,0,0,0,0,3
4382,4193,Mecanizado,SI,Otro,Algodón,SI,Mecanizada,NO,12,5860.465116,5,46,98,73000,6,0,0,0,0,0,0,0,0,0,2,1,0,0,0,2,0,0,0,132,0,0,0,0,0,0,0,0,0,0,0,3
4383,4194,Mecanizado,SI,Otro,Maiz,SI,Mecanizada,NO,7,5767.44186,5,47,98,72500,5,0,0,0,0,0,0,0,0,0,2,1,0,0,0,1,0,0,0,132,0,0,0,0,0,20,0,0,0,0,0,3
4384,4195,Mecanizado,SI,Otro,Maiz,SI,Mecanizada,NO,2,5462.790698,5,46,90,73000,6,0,0,0,0,0,0,0,0,0,0,2,0,0,0,0,0,0,40,69,0,0,0,0,20,30,0,0,0,0,1,3
4385,4196,Mecanizado,SI,Otro,Maiz,NO,Mecanizada,NO,5,5180.232558,5,47,80,74000,7,0,0,0,0,0,0,0,0,0,2,2,0,0,0,1,0,0,0,120.5,0,0,0,0,0,50,0,0,0,0,0,4
4386,4197,Mecanizado,SI,Otro,Maiz,NO,Mecanizada,NO,4,5180.232558,5,47,82,72000,6,0,0,0,0,0,0,0,0,0,0,2,0,0,0,0,0,0,0,120.5,0,0,0,0,0,50,0,0,0,0,0,4
4387,4198,Mecanizado,SI,Otro,Maiz,NO,Mecanizada,NO,2,4897.674419,5,47,52,73000,4,0,0,0,0,0,0,0,0,0,0,2,0,0,0,2,0,0,0,120.5,0,0,0,0,0,50,0,0,0,0,0,4
4388,4199,Mecanizado,SI,Otro,Maiz,NO,Mecanizada,NO,12,5953.488372,5,46,102,73000,5,0,0,0,0,0,0,0,0,0,0,2,0,0,0,2,0,0,0,120.5,0,0,0,0,0,20,0,0,0,0,0,3
4389,4200,Mecanizado,SI,Otro,Algodón,SI,Mecanizada,NO,22,5651.162791,5,47,99,74000,7,0,0,0,0,0,0,0,0,0,2,2,0,0,0,1,0,57.5,0,63,0,0,0,0,0,50,0,0,0,1,0,3
4390,4201,Mecanizado,SI,Otro,Maiz,SI,Mecanizada,NO,3.5,6122.093023,5,46,81,73000,5,0,0,0,0,0,0,0,0,0,2,2,0,0,0,0,0,0,0,109,0,0,0,0,0,20,0,0,0,0,0,3
4391,4202,Mecanizado,SI,Otro,Maiz,SI,Mecanizada,NO,12,6122.093023,5,46,87,73000,5,0,0,0,0,0,0,0,0,0,2,1,0,0,1,2,0,0,0,120.5,0,0,0,0,0,50,0,0,0,0,0,4
4392,4203,Mecanizado,SI,Otro,Maiz,SI,Mecanizada,NO,4,5933.72093,5,47,79,73000,5,0,0,0,0,0,0,0,0,0,2,1,0,0,1,2,0,0,0,109,0,0,0,0,0,20,0,0,0,0,0,3
4414,4247,Mecanizado,SI,Otro,Maiz,SI,Manual,NO,2,5462.790698,5,46,82,73000,5,0,0,0,0,0,0,0,0,0,0,2,0,0,0,1,0,0,0,92,0,0,0,0,0,30,0,0,0,0,0,3
4417,4248,Mecanizado,NO,Otro,Maiz,SI,Manual,NO,1.4,5148.837209,,,,"0     NaN
1     NaN
2     NaN
3     NaN
4     NaN
       ..
993   NaN
994   NaN
995   NaN
996   NaN
997   NaN
Name: AREA, Length: 882, dtype: float64",5,0,0,0,0,0,0,0,0,0,0,0,0,0,0,0,0,0,0,0,0,0,0,0,0,0,0,0,0,0,0,0
4419,4249,Mecanizado,SI,Otro,Maiz,SI,Manual,SI,1,5302.325581,5,46,84,73000,6,0,0,0,0,0,0,0,0,0,0,1,0,0,0,2,0,0,0,69,0,0,0,0,0,60,0,0,0,0,0,4
4421,4250,Mecanizado,SI,Otro,Maiz,SI,Manual,NO,2,5581.395349,5,42,86,73000,5,0,0,0,0,0,0,0,0,0,0,2,0,0,0,0,0,0,0,69,0,0,0,0,0,60,0,0,0,0,0,4
4429,4257,Mecanizado,SI,Otro,Maiz,SI,Manual,SI,1,5530.232558,5,47,82,73000,6,0,0,0,0,0,0,0,0,0,0,1,0,0,0,1,0,0,0,92,0,0,0,0,0,0,0,0,0,0,0,2
4430,4258,Manual,NO,PIONEER 30F35 HRR,Maiz,NO,Manual,SI,1.2,6430.232558,4,46,85,72000,6,0,0,0,0,0,0,0,0,0,0,1,0,0,0,1,0,0,0,92,0,0,0,0,0,0,0,0,0,0,0,2
4431,4261,Manual,NO,ADV 9339 (Syngenta),Maiz,SI,Manual,SI,1.5,6232.55814,4,46,81,72000,6,0,0,0,0,0,0,0,0,0,0,1,0,0,1,1,0,0,0,92,0,0,0,0,0,0,0,0,0,0,0,2
4432,4265,Mecanizado,SI,Otro,Maiz,SI,Manual,SI,1.3,6122.093023,5,46,81,74000,5,0,0,0,0,0,0,0,0,0,0,2,0,0,0,1,0,0,0,92,0,0,0,0,0,0,0,0,0,0,0,2
4433,4270,Mecanizado,SI,Otro,Maiz,SI,Manual,NO,1.4,5745.348837,5,46,79,73000,5,0,0,0,0,0,0,0,0,0,0,1,0,0,0,1,0,0,0,92,0,0,0,0,0,0,0,0,0,0,0,2
4434,4275,Mecanizado,SI,P4082 (Pioneer),Maiz,SI,Manual,SI,1,5556.976744,5,46,79,72000,8,0,0,0,0,0,0,0,0,0,0,1,0,0,0,3,0,0,0,92,0,0,0,0,0,0,0,0,0,0,0,2
4435,4279,Manual,NO,Otro,Maiz,SI,Manual,SI,1,5368.604651,5,47,85,70000,7,0,0,0,0,0,0,0,0,0,0,2,0,0,0,2,0,0,0,69,0,0,0,0,0,30,0,0,0,0,0,3
4436,4280,Mecanizado,SI,Otro,Maiz,NO,Manual,NO,1.6,5603.488372,5,46,86,72000,8,0,0,0,0,0,0,0,0,0,0,1,0,0,0,1,0,0,0,80.5,0,0,0,0,0,30,0,0,0,0,0,3
4437,4281,Mecanizado,SI,P4082 (Pioneer),Maiz,SI,Manual,NO,1.7,5236.046512,5,46,86,72000,6,0,0,0,0,0,0,0,0,0,0,1,0,0,0,4,0,0,0,92,0,0,0,0,0,0,0,0,0,0,0,2
4438,4282,Mecanizado,SI,P4082 (Pioneer),Maiz,NO,Manual,SI,2.5,5274.418605,5,45,87,72000,5,0,0,0,0,0,0,0,0,0,0,1,0,0,0,2,0,0,0,80.5,0,0,0,0,0,30,0,0,0,0,0,3
4439,4283,Mecanizado,SI,Otro,Maiz,NO,Manual,SI,1,5511.627907,5,46,85,73000,5,0,0,0,0,0,0,0,0,0,0,1,0,0,0,2,0,0,0,92,0,0,0,0,0,0,0,0,0,0,0,2
4440,4284,Mecanizado,SI,Otro,Maiz,NO,Manual,SI,1,5462.790698,5,46,80,73000,5,0,0,0,0,0,0,0,0,0,0,1,0,0,0,2,0,0,0,92,0,0,0,0,0,0,0,0,0,0,0,2
4441,4286,Manual,NO,P4082 (Pioneer),Maiz,NO,Manual,SI,1.3,5395.348837,4,46,85,65000,4,0,0,0,0,0,0,0,0,0,0,1,0,0,0,4,0,0,0,80.5,0,0,0,0,0,0,0,0,0,0,0,2
4443,4287,Mecanizado,SI,Otro,Maiz,NO,Manual,SI,2,6046.511628,5,46,84,72000,5,0,0,0,0,0,0,0,0,0,0,1,0,0,0,0,0,0,0,92,0,0,0,0,0,0,0,0,0,0,0,2
4444,4288,Manual,NO,Otro,Maiz,NO,Manual,NO,1.5,5787.209302,4,45,86,65000,4,0,0,0,0,0,0,0,0,0,0,1,0,0,0,2,0,0,0,80.5,0,0,0,0,0,0,0,0,0,0,0,2
4445,4289,Mecanizado,SI,P4082 (Pioneer),Maiz,NO,Manual,SI,1,5488.372093,9,41,87,72000,6,0,0,0,0,0,0,0,0,0,0,1,0,0,0,2,0,0,0,92,0,0,0,0,0,30,0,0,0,0,0,3
4500,4328,Mecanizado,NO,DK 234 YGRR,Maiz,NO,Mecanizada,NO,1,7487.790698,6,45,83,70000,17,0,0,0,0,0,0,0,0,0,1,1,0,0,0,1,0,0,0,138,0,0,0,0,0,30,0,0,0,0,0,4
4501,4327,Mecanizado,NO,P3966 (Pioneer),Maiz,SI,Mecanizada,NO,2.4,7913.953488,6,49,79,75000,17,0,0,0,0,0,0,0,0,0,2,1,0,0,0,2,0,0,15,92,0,15,0,0,15,30,0,0,0,0,1,3
4502,4368,Mecanizado,NO,P3966 (Pioneer),Maiz,NO,Mecanizada,NO,2,5826.348837,6,49,87,60000,17,0,0,0,0,0,0,0,0,0,2,1,0,0,0,2,0,0,0,48,0,0,5,0,0,20,0,0,0,0,0,2
4503,4376,Mecanizado,NO,Otro,Maiz,NO,Mecanizada,NO,1.3,7913.953488,6,47,81,72000,16,0,0,0,0,0,0,0,0,0,1,1,0,0,0,1,0,0,0,138,0,0,0,0,0,30,0,0,0,0,0,4
4504,4371,Mecanizado,NO,P3966 (Pioneer),Maiz,NO,Mecanizada,NO,1.5,5987.906977,6,41,82,60000,17,0,0,0,1,0,0,0,0,0,0,0,1,0,0,2,1,0,0,92,0,0,0,0,0,0,0,0,0,0,0,2
4505,4377,Mecanizado,NO,Otro,Maiz,NO,Mecanizada,NO,4.5,7063.953488,6,50,81,70000,13,0,0,0,0,0,0,0,0,0,0,1,0,0,0,2,0,0,0,109,0,0,0,0,0,20,0,0,0,0,0,3
4506,4369,Mecanizado,NO,Otro,Maiz,SI,Mecanizada,NO,2.2,5411.046512,7,48,76,60000,18,0,0,0,0,0,0,0,0,0,0,1,0,0,0,2,0,0,0,92,0,0,0,0,0,30,0,0,0,0,0,3
4507,4372,Mecanizado,NO,P4082 (Pioneer),Maiz,SI,Mecanizada,NO,3,6122.093023,8,41,87,60000,17,0,0,1,0,0,0,0,0,0,2,1,0,0,1,1,0,0,0,92,0,0,0,0,0,30,0,0,0,0,0,3
4508,4378,Mecanizado,SI,Otro,Maiz,NO,Mecanizada,NO,2.2,6418.604651,7,47,84,70000,18,0,0,0,0,0,0,0,0,0,0,0,0,0,0,3,0,0,0,138,0,0,0,0,0,30,0,0,0,0,0,4
4509,4379,Manual,NO,Otro,Maiz,NO,Manual,NO,2,5581.395349,5,47,81,62000,16,0,0,0,0,0,0,0,0,0,0,0,0,0,0,3,0,0,0,99,0,0,10,0,0,20,0,0,0,0,0,3
4510,4370,Mecanizado,NO,DK 234 YGRR,Maiz,SI,Mecanizada,NO,8.8,5925.813953,6,48,85,60000,15,0,0,0,0,0,0,0,0,0,0,1,0,0,0,2,0,0,0,92,0,0,0,0,0,30,0,0,0,0,0,3
4511,4380,Manual,NO,Otro,Maiz,SI,Manual,NO,1.7,5106.976744,6,49,79,61000,17,0,0,0,0,0,0,0,0,0,2,0,0,0,0,2,0,0,0,120.5,0,0,10,0,0,40,0,0,0,0,0,4
4512,4360,Mecanizado,NO,Otro,Maiz,SI,Mecanizada,NO,1.9,5050.255814,4,49,95,60000,17,0,0,0,0,0,0,0,0,0,0,2,0,0,0,1,1,0,0,120.5,0,0,0,0,0,50,0,0,0,0,0,4
4513,4381,Manual,NO,Otro,Maiz,SI,Mecanizada,NO,3.4,64046.51163,5,46,76,60000,17,0,0,0,0,0,0,0,0,0,2,0,0,0,1,2,0,0,0,109,0,0,0,0,0,20,0,0,0,0,0,3
4514,4382,Manual,SI,Otro,Maiz,NO,Manual,NO,1.5,5764.186047,7,48,95,65000,17,0,0,0,0,0,0,0,0,0,0,1,0,0,0,2,0,0,0,115,0,0,0,0,0,0,0,0,0,0,0,3
4515,4296,Manual,SI,Otro,Maiz,NO,Mecanizada,NO,1.8,5441.860465,6,48,83,60000,17,0,0,0,0,0,0,0,0,0,0,1,0,0,0,2,0,0,0,115,0,0,0,0,0,0,0,0,0,0,0,2
4517,4293,Manual,NO,ADV 9293 (Syngenta),Maiz,SI,Mecanizada,NO,1.2,5180.232558,4,36,90,62000,16,0,0,0,0,0,0,0,0,0,0,1,0,0,0,2,0,0,0,92,0,0,0,0,0,30,0,0,0,0,0,3
4526,4223,Mecanizado,NO,Cerato (Syngenta),Algodón,SI,Mecanizada,NO,11.2,7103.488372,6,50,82,61000,17,0,0,0,0,0,0,0,0,0,0,2,0,0,0,3,0,0,0,92,0,0,0,0,0,0,0,0,0,0,0,2
4530,4207,Manual,NO,PIONEER 30F35 H,Maiz,SI,Manual,NO,1,4672.093023,6,48,82,65000,16,0,0,0,0,0,0,0,0,0,0,2,0,0,0,2,0,0,0,69,0,0,0,0,0,60,0,0,0,0,0,4
4537,4361,Mecanizado,NO,DK 234 YGRR,Algodón,SI,Mecanizada,NO,3.4,57762.32558,5,48,85,70000,16,0,0,0,0,0,0,0,0,0,0,4,0,0,0,1,0,0,0,120.5,0,0,0,0,0,50,0,0,0,0,0,4
4538,4366,Manual,NO,Otro,Maiz,SI,Manual,NO,1.5,4539.767442,6,50,75,60000,17,0,0,0,0,0,0,0,0,0,0,1,0,0,0,2,0,0,0,69,0,0,0,0,0,0,0,0,0,0,0,2
4541,4367,Mecanizado,NO,Otro,Maiz,NO,Mecanizada,NO,2,5963.860465,5,48,88,60000,17,0,0,0,0,0,0,0,0,0,2,0,0,0,0,1,0,0,0,106,0,0,0,0,0,30,0,0,0,0,0,2
4543,4324,Mecanizado,NO,Otro,Algodón,SI,Mecanizada,NO,3,6674.418605,5,52,80,70000,18,0,0,0,0,0,0,0,0,0,0,0,0,0,0,2,0,0,0,80.5,0,0,0,0,0,0,0,0,0,0,0,2
4544,4354,Mecanizado,NO,P3966 (Pioneer),Maiz,SI,Mecanizada,NO,1.1,6781.395349,6,47,82,60000,18,0,0,0,0,0,0,0,0,0,0,0,0,0,0,2,0,0,0,132,0,0,0,0,0,20,0,0,0,0,0,3
4546,4355,Mecanizado,NO,P3966 (Pioneer),Maiz,SI,Mecanizada,NO,1.6,6436.046512,5,52,80,70000,17,0,0,0,0,0,0,0,0,0,0,1,0,0,0,1,0,0,0,120.5,0,0,0,0,0,20,0,0,0,0,0,3
4547,4325,Manual,NO,Otro,Algodón,SI,Mecanizada,NO,1,7723.255814,6,49,86,75000,16,0,0,0,0,0,0,0,0,0,0,2,0,0,0,1,0,0,0,92,0,0,0,0,0,30,0,0,0,0,0,3
4548,4326,Mecanizado,NO,Otro,Algodón,SI,Mecanizada,NO,1.1,7817.44186,6,48,85,76000,16,0,0,0,0,0,0,0,0,0,0,1,0,0,0,2,0,0,0,92,0,0,0,0,0,30,0,0,0,0,0,3
4551,4295,Mecanizado,NO,Otro,Maiz,SI,Mecanizada,NO,3.5,5911.627907,7,50,74,62500,17,0,0,0,0,0,0,0,0,0,0,1,0,0,0,2,0,0,0,92,0,0,0,0,0,0,0,0,0,0,0,2
4554,4285,Manual,NO,Otro,Maiz,NO,Manual,NO,1.2,5651.162791,7,47,81,70000,16,0,0,0,0,0,0,0,0,0,0,1,0,0,0,1,1,0,0,92,0,0,0,0,0,0,0,0,0,0,0,2
4556,4222,Mecanizado,NO,Otro,Algodón,SI,Mecanizada,NO,5.4,7303.72093,6,48,79,70000,17,0,0,0,0,0,0,0,0,0,1,0,0,0,1,1,0,0,0,92,0,0,0,0,0,0,0,0,0,0,0,2
4557,4173,Mecanizado,NO,DK7088,Maiz,SI,Mecanizada,NO,1,7618.372093,7,51,83,60000,16,0,0,0,0,0,0,0,0,0,0,1,0,0,0,2,0,0,0,69,0,0,0,0,0,60,0,0,0,0,0,4
4558,4432,Mecanizado,NO,DK 234 YGRR,Algodón,SI,Manual,NO,1.2,7341.860465,4,49,83,60000,19,0,0,0,0,0,0,0,0,0,0,2,0,0,0,3,1,0,0,92,0,0,0,0,0,30,0,0,0,0,0,3
4559,4170,Manual,NO,Otro,Maiz,SI,Manual,NO,1,6562.790698,6,49,83,60000,36,0,0,0,0,0,0,0,0,0,1,0,0,0,0,2,0,0,0,69,0,0,0,0,0,0,0,0,0,0,0,2
4560,4172,Mecanizado,NO,PIONEER 30F35 HRR,Maiz,SI,Manual,NO,4.1,7246.511628,6,58,77,60000,17,0,0,0,0,0,0,0,0,0,1,1,0,0,0,1,0,0,0,115,0,0,0,0,0,0,0,0,0,0,0,2
4561,4171,Manual,NO,Otro,Algodón,SI,Manual,NO,1.7,5501.162791,6,48,86,65000,18,0,0,0,0,0,0,0,0,0,0,1,0,0,0,2,0,0,0,80.5,0,0,0,0,0,0,0,0,0,0,0,2
4562,4253,Mecanizado,NO,P3966 (Pioneer),Algodón,SI,Mecanizada,NO,5.5,7532.55814,6,48,84,60000,16,0,0,0,0,0,0,0,0,0,0,2,0,0,0,2,0,0,0,92,0,0,0,0,0,30,0,0,0,0,0,3
4563,4208,Mecanizado,NO,P3966 (Pioneer),Maiz,SI,Mecanizada,NO,2.1,7421.860465,7,51,81,70000,16,0,0,0,0,0,0,0,0,0,0,0,0,0,0,3,0,0,0,109,0,0,0,0,0,20,0,0,0,0,0,3
4564,4215,Mecanizado,NO,Otro,Maiz,NO,Mecanizada,NO,2.1,7256.976744,6,49,84,63000,17,0,0,0,0,0,0,0,0,0,0,1,0,0,0,1,0,0,0,92,0,0,0,0,0,0,0,0,0,0,0,2
4565,4205,Mecanizado,NO,DK 234 YGRR,Maiz,SI,Mecanizada,NO,1,7063.953488,5,48,92,60000,19,0,0,0,0,0,0,0,0,0,0,2,0,0,0,1,0,0,0,69,0,0,0,0,0,30,0,0,0,0,0,3
4566,4216,Mecanizado,NO,Otro,Maiz,SI,Mecanizada,NO,2.7,7198.837209,6,48,81,70000,17,0,0,0,0,0,0,0,0,0,0,1,0,0,0,2,1,0,0,92,0,0,0,0,0,0,0,0,0,0,0,2
4567,4217,Mecanizado,NO,ADV 9339 (Syngenta),Maiz,SI,Mecanizada,NO,1.3,7532.55814,7,51,81,63000,17,0,0,0,0,0,0,0,0,0,0,1,0,0,0,2,0,0,0,69,0,0,0,0,0,30,0,0,0,0,0,3
4568,4218,Mecanizado,NO,Otro,Maiz,SI,Mecanizada,NO,10.1,6674.418605,6,48,86,63000,15,0,0,0,0,0,0,0,0,0,0,2,0,0,0,1,0,0,0,80.5,0,0,0,0,0,30,0,0,0,0,0,3
4569,4206,Mecanizado,NO,P3966 (Pioneer),Maiz,SI,Mecanizada,NO,1,7627.906977,7,49,89,60000,19,0,0,0,0,0,0,0,0,0,0,1,0,0,0,1,0,0,0,109,0,0,0,0,0,20,0,0,0,0,0,3
4570,4182,Mecanizado,NO,P3966 (Pioneer),Algodón,SI,Mecanizada,NO,4.3,7720.930233,6,48,93,68000,14,0,0,0,0,0,0,0,0,0,0,1,0,0,0,1,0,0,0,120.5,0,0,0,0,0,20,0,0,0,0,0,3
4571,4219,Mecanizado,NO,Otro,Maiz,SI,Mecanizada,NO,6.5,7008.139535,6,51,76,63000,16,0,0,0,0,0,0,0,0,0,1,1,0,0,1,2,0,0,0,80.5,0,0,0,0,0,30,0,0,0,0,0,3
4574,4221,Mecanizado,NO,Sinko (Syngenta),Maiz,SI,Mecanizada,NO,8.6,6769.767442,7,42,90,66000,16,0,0,0,0,0,0,0,0,0,0,1,0,0,0,1,1,0,0,92,0,0,0,0,0,0,0,0,0,0,0,2
4575,4180,Mecanizado,NO,DK 234 YGRR,Algodón,SI,Mecanizada,NO,4.4,7063.953488,5,47,95,70000,14,0,0,0,0,0,0,0,0,0,0,1,0,0,0,2,0,0,0,61,0,0,15,0,0,45,0,0,0,0,0,3
4576,4212,Mecanizado,NO,DK7088,Algodón,SI,Mecanizada,NO,2.1,7534.883721,6,49,81,62000,17,0,0,0,0,0,0,0,0,0,0,2,0,0,0,2,0,0,0,92,0,0,0,0,0,0,0,0,0,0,0,2
4577,4181,Mecanizado,NO,P4082 (Pioneer),Algodón,SI,Mecanizada,NO,3.1,7063.953488,4,49,90,68000,13,0,0,0,0,0,0,0,0,0,0,1,0,0,0,2,0,0,0,61,0,0,15,0,0,45,0,0,0,0,0,3
4596,4163,Mecanizado,NO,P3966 (Pioneer),Algodón,SI,Mecanizada,NO,5.8,5768.604651,7,48,84,60000,16,0,0,0,0,0,0,0,0,0,0,2,0,0,0,2,0,0,0,92,0,0,0,0,0,30,0,0,0,0,0,4
4597,4211,Mecanizado,NO,Otro,Algodón,NO,Mecanizada,NO,4,6593.023256,7,49,77,65000,17,0,0,0,0,0,0,0,0,0,0,2,0,0,0,1,0,0,0,92,0,0,0,0,0,0,0,0,0,0,0,2
4598,4162,Mecanizado,NO,Otro,Algodón,SI,Mecanizada,NO,2.5,5911.627907,6,50,83,61000,16,0,0,0,0,0,0,0,0,0,0,2,0,0,0,2,0,0,0,115,0,0,0,0,0,0,0,0,0,0,0,3
4599,4210,Mecanizado,NO,PIONEER 30F35 HRR,Algodón,NO,Mecanizada,NO,7.4,6697.674419,6,50,74,65000,17,0,0,0,0,0,0,0,0,0,0,1,0,0,0,2,0,0,0,92,0,0,0,0,0,30,0,0,0,0,0,3
4600,4228,Mecanizado,NO,PIONEER 30F35,Algodón,NO,Mecanizada,NO,3.7,5813.953488,6,52,74,62000,18,0,0,0,0,0,0,0,0,0,0,1,0,0,0,2,0,0,0,92,0,0,0,0,0,30,0,0,0,0,0,4
4601,4166,Mecanizado,NO,Otro,Maiz,SI,Manual,NO,1.8,7440.697674,5,49,93,58000,16,0,0,0,0,0,0,0,0,0,0,1,0,0,0,2,1,46,0,23,0,0,0,0,0,0,0,0,0,1,0,1
4602,4230,Mecanizado,NO,DK7088,Maiz,NO,Mecanizada,NO,2.2,6216.744186,6,47,83,61000,17,0,0,0,0,0,0,0,0,0,0,1,0,0,0,2,0,0,0,103.5,0,0,0,0,0,30,0,0,0,0,0,4
4605,4151,Manual,NO,P3966 (Pioneer),Maiz,SI,Mecanizada,NO,1.5,6197.674419,4,50,75,68750,16,0,0,0,0,0,0,0,0,0,0,2,0,0,0,1,1,0,0,115,0,0,0,0,0,0,0,0,0,0,0,2
4606,4149,Mecanizado,NO,P3966 (Pioneer),Maiz,SI,Mecanizada,NO,1.4,5839.534884,3,47,86,62500,17,0,0,0,0,0,0,0,0,0,0,1,1,0,0,1,0,0,0,92,0,0,0,0,0,0,0,0,0,0,0,2
4607,4150,Mecanizado,NO,Otro,Maiz,SI,Mecanizada,NO,1.3,5528.72093,5,46,86,60500,15,0,0,0,0,0,0,0,0,0,0,2,0,0,0,2,0,0,0,92,0,0,0,0,0,0,0,0,0,0,0,2
4608,4179,Mecanizado,NO,Cerato (Syngenta),Algodón,SI,Mecanizada,NO,2.9,7440.697674,6,49,68,58000,17,0,0,0,0,0,0,0,0,0,0,2,0,0,0,1,0,0,0,107,0,0,15,0,0,45,0,0,0,0,0,4
4609,4177,Mecanizado,NO,P4082 (Pioneer),Algodón,SI,Mecanizada,NO,4.9,7627.906977,1,48,87,60000,18,0,0,0,0,0,0,0,0,0,0,2,0,0,0,3,0,0,0,92,0,0,0,0,0,30,0,0,0,0,0,3
4610,4178,Mecanizado,NO,Otro,Maiz,SI,Mecanizada,NO,1.7,7627.906977,6,49,80,60000,18,0,0,0,0,0,0,0,0,0,0,1,0,0,0,2,0,0,0,107,0,0,15,0,0,45,0,0,0,0,0,4
4611,4175,Mecanizado,NO,P3966 (Pioneer),Maiz,SI,Mecanizada,NO,1.5,7151.162791,7,49,82,61000,16,0,0,0,0,0,0,0,0,0,0,1,0,0,0,2,0,0,0,109,0,0,0,0,0,20,0,0,0,0,0,3
4612,4176,Mecanizado,NO,DK 234 YGRR,Algodón,SI,Mecanizada,NO,6.2,7151.162791,6,49,85,60000,19,0,0,0,0,0,0,0,0,0,0,3,0,0,0,1,0,0,0,92,0,0,0,0,0,30,0,0,0,0,0,3
4613,4214,Mecanizado,NO,Otro,Algodón,SI,Mecanizada,NO,5.4,7534.883721,5,50,78,66000,16,0,0,0,0,0,0,0,0,0,0,2,0,0,0,2,0,0,0,92,0,0,0,0,0,0,0,0,0,0,0,2
4614,4157,Manual,NO,Otro,Maiz,SI,Manual,NO,1.8,7627.906977,6,50,81,72000,17,0,0,0,0,0,0,0,0,0,0,1,0,0,0,3,0,0,0,61,0,0,15,0,0,15,0,0,0,0,0,3
4615,4167,Mecanizado,NO,Otro,Algodón,SI,Mecanizada,NO,2.8,7440.697674,6,50,83,70000,16,0,0,0,0,0,0,0,0,0,0,1,2,0,0,1,1,0,0,69,0,0,0,0,0,30,0,0,0,0,0,3
4616,4269,Mecanizado,NO,DK 234 YGRR,Algodón,SI,Mecanizada,NO,5.2,6674.418605,5,51,81,65000,18,0,0,0,0,0,0,0,0,0,0,1,0,0,0,2,0,46,0,23,0,0,0,0,0,0,0,0,0,1,0,1
4618,4277,Mecanizado,NO,Otro,Algodón,SI,Mecanizada,NO,3.3,6466.27907,4,50,83,69000,17,0,0,0,0,0,0,0,0,0,0,1,0,0,0,2,0,0,0,61,0,0,15,0,0,45,0,0,0,0,0,4
4620,4276,Mecanizado,NO,Otro,Algodón,SI,Mecanizada,NO,1.7,5720.930233,4,57,80,69500,17,0,0,0,0,0,0,0,0,0,0,1,0,0,0,1,0,0,0,92,0,0,0,0,0,30,0,0,0,0,0,4
4621,4274,Mecanizado,NO,Otro,Algodón,NO,Mecanizada,NO,4.6,5720.930233,5,49,80,68000,18,0,0,0,0,0,0,0,0,0,0,1,0,0,0,2,0,0,0,101.2,0,0,0,0,0,30,0,0,0,0,0,3
4623,4278,Mecanizado,NO,PIONEER 30F35 HRR,Algodón,SI,Mecanizada,NO,1.9,5887.209302,6,52,76,70000,18,0,0,0,0,0,0,0,0,0,0,1,0,0,0,2,0,0,0,115,0,0,0,0,0,30,0,0,0,0,0,4
4625,4271,Mecanizado,NO,P3966 (Pioneer),Maiz,SI,Mecanizada,NO,3,6436.046512,5,48,81,66700,17,0,0,0,0,0,0,0,0,0,0,1,1,0,0,1,0,0,0,69,0,0,0,0,0,60,0,0,0,0,0,4
4627,4272,Mecanizado,NO,P4082 (Pioneer),Maiz,SI,Mecanizada,NO,5.3,5745.348837,5,50,81,66800,16,0,0,0,0,0,0,0,0,0,0,1,0,0,0,2,0,0,0,61,0,0,15,0,0,15,0,0,0,0,0,3
4628,4273,Mecanizado,NO,DK7088,Algodón,SI,Mecanizada,NO,2.9,6310.465116,6,49,84,65750,17,0,0,0,0,0,0,0,0,0,0,1,0,0,0,2,0,0,0,84,0,0,15,0,0,45,0,0,0,0,0,4
4629,4169,Manual,NO,DK 234 YGRR,Algodón,SI,Mecanizada,NO,2,6404.651163,5,47,79,65000,15,0,0,0,0,0,0,0,0,0,0,1,0,0,0,2,0,0,0,41,0,0,36,0,0,18,0,0,0,0,0,3
4630,4168,Mecanizado,NO,P4082 (Pioneer),Algodón,SI,Mecanizada,NO,4.1,6593.023256,6,48,74,60000,15,0,0,0,0,0,0,0,0,0,0,1,0,0,0,3,0,0,0,69,0,0,0,0,0,0,0,0,0,0,0,2
4631,4224,Manual,NO,P4082 (Pioneer),Maiz,SI,Manual,NO,1.3,6498.837209,5,49,80,63000,17,0,0,0,0,0,0,0,0,0,0,1,0,0,0,2,0,0,0,92,0,0,0,0,0,30,0,0,0,0,0,4
4632,4267,Mecanizado,NO,Otro,Algodón,SI,Mecanizada,NO,1,6027.906977,5,48,66,58600,18,0,0,0,0,0,0,0,0,0,0,1,0,0,0,2,0,46,0,46,0,0,0,0,0,0,0,0,0,1,0,1
4633,4266,Mecanizado,NO,Otro,Algodón,SI,Mecanizada,NO,6,5838.953488,5,49,83,60000,17,0,0,0,0,0,0,0,0,0,0,1,0,0,0,2,0,0,0,92,0,0,0,0,0,30,0,0,0,0,0,4
4634,4294,Mecanizado,NO,Otro,Maiz,SI,Mecanizada,NO,2.6,6128.488372,6,49,83,61000,16,0,0,0,0,0,0,0,0,0,0,1,0,0,0,1,0,46,0,46,0,0,0,0,0,30,0,0,0,1,0,3
4635,4309,Mecanizado,NO,PIONEER 30F35 HRR,Maiz,SI,Mecanizada,NO,1.7,6245.348837,6,49,83,60000,16,0,0,0,0,0,0,0,0,0,0,1,0,0,0,2,0,0,0,92,0,0,0,0,0,0,0,0,0,0,0,2
4636,4229,Mecanizado,NO,Otro,Maiz,NO,Mecanizada,NO,4.6,5860.465116,6,48,71,60000,17,0,0,0,0,0,0,0,0,0,0,2,0,0,0,2,0,0,0,69,0,0,0,0,0,30,0,0,0,0,0,3
4637,4226,Mecanizado,NO,Otro,Algodón,NO,Mecanizada,NO,5.8,5860.465116,6,49,55,60000,17,0,0,0,0,0,0,0,0,0,0,1,0,0,0,3,0,0,0,80.5,0,0,0,0,0,30,0,0,0,0,0,3
4638,4227,Mecanizado,NO,Otro,Algodón,NO,Mecanizada,NO,4,5651.162791,7,50,83,62000,17,0,0,0,0,0,0,0,0,0,0,2,0,0,0,2,0,0,0,115,0,0,0,0,0,30,0,0,0,0,0,4
4639,4158,Mecanizado,NO,Otro,Algodón,SI,Mecanizada,NO,7.4,6197.674419,5,52,82,61000,16,0,0,0,0,0,0,0,0,0,0,2,0,0,0,2,0,0,0,92,0,0,0,0,0,30,0,0,0,0,0,3
4640,4312,Mecanizado,NO,Otro,Algodón,SI,Mecanizada,NO,1,6664.883721,1,49,84,60000,17,0,0,0,0,0,0,0,0,0,0,2,0,0,0,1,0,0,0,92,0,0,0,0,0,30,0,0,0,0,0,4
4641,4159,Mecanizado,NO,Otro,Algodón,SI,Mecanizada,NO,7.4,6498.837209,6,49,83,59000,17,0,0,0,0,0,0,0,0,0,0,1,0,0,0,2,1,0,0,138,0,0,0,0,0,30,0,0,0,0,0,4
4642,4311,Mecanizado,NO,Otro,Algodón,SI,Mecanizada,NO,1,6157.44186,7,51,76,61500,17,0,0,0,0,0,0,0,0,0,0,2,0,0,0,1,0,0,0,69,0,0,0,0,0,30,0,0,0,0,0,3
4643,4310,Mecanizado,NO,Otro,Algodón,SI,Mecanizada,NO,1.2,6436.046512,7,53,74,59800,17,0,0,0,0,0,0,0,0,0,0,1,0,0,0,2,0,0,0,69,0,0,0,0,0,30,0,0,0,0,0,3
4644,4255,Mecanizado,NO,P3966 (Pioneer),Algodón,SI,Mecanizada,NO,2.1,5838.953488,4,51,80,60000,18,0,0,0,0,0,0,0,0,0,0,2,0,0,0,1,0,0,0,84,0,0,15,0,0,15,0,0,0,0,0,3
4645,4254,Mecanizado,NO,DK 234 YGRR,Algodón,SI,Mecanizada,NO,1.4,6169.186047,5,49,81,59700,18,0,0,0,0,0,0,0,0,0,0,1,0,0,0,2,0,0,0,84,0,0,15,0,0,15,0,0,0,0,0,3
4647,4314,Mecanizado,NO,Otro,Maiz,SI,Mecanizada,NO,1.2,6562.790698,5,48,85,60800,17,0,0,0,0,0,0,0,0,0,0,1,0,0,0,2,0,0,0,69,0,0,0,0,0,60,0,0,0,0,0,4
4650,4154,Mecanizado,SI,Otro,Algodón,SI,Mecanizada,NO,2.7,7440.697674,6,50,82,70000,17,0,0,0,0,0,0,0,0,0,0,1,0,0,0,2,0,0,0,92,0,0,0,0,0,0,0,0,0,0,0,2
4651,4315,Mecanizado,NO,Otro,Maiz,SI,Mecanizada,NO,1.1,6948.837209,6,49,83,61000,17,0,0,0,0,0,0,0,0,0,0,1,0,0,0,2,0,0,0,84,0,0,15,0,0,15,0,0,0,0,0,3
4652,4156,Manual,SI,Otro,Maiz,SI,Manual,NO,1.1,7723.255814,7,48,86,58000,16,0,0,0,0,0,0,0,0,0,0,1,0,0,0,2,0,0,0,115,0,0,0,0,0,0,0,0,0,0,0,3
4653,4318,Mecanizado,NO,Otro,Algodón,SI,Mecanizada,NO,2.4,5816.27907,6,51,78,60000,17,0,0,0,0,0,0,0,0,0,0,1,0,0,0,1,0,0,0,61,0,0,15,0,0,45,0,0,0,0,0,4
4654,4316,Mecanizado,NO,Otro,Algodón,SI,Mecanizada,NO,4.6,6440.813953,5,49,81,61000,16,0,0,0,0,0,0,0,0,0,0,1,0,0,0,2,0,0,0,92,0,0,0,0,0,30,0,0,0,0,0,4
4655,4317,Mecanizado,NO,Otro,Algodón,SI,Mecanizada,NO,3,6755.813953,6,50,79,60000,16,0,0,0,0,0,0,0,0,0,0,2,0,0,0,1,0,0,0,92,0,0,0,0,0,30,0,0,0,0,0,4
4656,4264,Mecanizado,NO,PIONEER 30F35 HRR,Algodón,SI,Mecanizada,NO,6.2,6027.906977,6,50,84,69800,17,0,0,0,0,0,0,0,0,0,0,1,0,0,0,2,0,0,0,69,0,0,0,0,0,30,0,0,0,0,0,3
4657,4260,Mecanizado,NO,P3966 (Pioneer),Maiz,SI,Mecanizada,NO,10.5,6388.372093,6,41,93,68500,15,0,0,0,0,0,0,0,0,0,0,1,0,0,0,2,0,0,0,69,0,0,0,0,0,0,0,0,0,0,0,2
4658,4262,Mecanizado,NO,DK 234 YGRR,Algodón,SI,Mecanizada,NO,10,6404.651163,6,49,84,70000,16,0,0,0,0,0,0,0,0,0,0,1,0,0,0,0,2,0,0,61,0,0,15,0,0,15,0,0,0,0,0,3
4659,4263,Mecanizado,NO,P4082 (Pioneer),Algodón,SI,Mecanizada,NO,2.7,6225,6,50,83,68000,16,0,0,0,0,0,0,0,0,0,0,1,0,0,0,2,0,0,0,92,0,0,0,0,0,30,0,0,0,0,0,4
4660,4313,Mecanizado,NO,Otro,Algodón,SI,Mecanizada,NO,1.8,6722.093023,6,50,81,59800,16,0,0,0,0,0,0,0,0,0,0,1,0,0,0,2,0,0,0,84,0,0,15,0,0,15,0,0,0,0,0,3
4661,4225,Mecanizado,NO,P3966 (Pioneer),Algodón,SI,Mecanizada,NO,13.7,6147.790698,6,49,85,72000,16,0,0,0,0,0,0,0,0,0,0,1,0,0,0,2,0,0,0,92,0,0,0,0,0,30,0,0,0,0,0,4
4662,4155,Mecanizado,SI,Otro,Algodón,SI,Mecanizada,NO,1,7532.55814,5,49,84,69000,18,0,0,0,0,0,0,0,0,0,0,1,0,0,0,2,0,0,0,109,0,0,0,0,0,20,0,0,0,0,0,3
4663,4231,Manual,NO,P3966 (Pioneer),Maiz,SI,Mecanizada,NO,1,6817.44186,6,49,84,63000,19,0,0,0,0,0,0,0,0,0,0,1,0,0,0,2,0,0,0,69,0,0,0,0,0,0,0,0,0,0,0,2
4664,4164,Mecanizado,NO,Otro,Algodón,SI,Mecanizada,NO,2.4,5745.348837,6,50,82,60000,15,0,0,0,0,0,0,0,0,0,3,1,0,0,0,2,0,0,0,92,0,0,0,0,0,0,0,0,0,0,0,2
4665,4259,Manual,NO,DK7088,Maiz,SI,Manual,NO,1.2,5730.465116,6,51,81,60500,16,0,0,0,0,0,0,0,0,0,0,2,0,0,0,1,0,0,0,92,0,0,0,0,0,30,0,0,0,0,0,4
4666,4165,Mecanizado,NO,Otro,Algodón,SI,Mecanizada,NO,3.4,5873.488372,5,52,81,59000,15,0,0,0,0,0,0,0,0,0,0,1,0,0,0,2,0,0,0,115,0,0,0,0,0,0,0,0,0,0,0,3
4667,4161,Mecanizado,NO,ADV 9293 (Syngenta),Algodón,SI,Manual,NO,4.6,6674.418605,6,51,82,67000,18,0,0,0,0,0,0,0,0,0,0,1,0,0,0,2,0,0,0,115,0,0,0,0,0,30,0,0,0,0,0,4
4668,4160,Mecanizado,NO,Otro,Algodón,SI,Mecanizada,NO,4.3,6674.418605,5,50,86,70000,17,0,0,0,0,0,0,0,0,0,0,1,0,0,0,2,0,0,0,115,0,0,0,0,0,30,0,0,0,0,0,4
4669,4256,Mecanizado,NO,Otro,Algodón,SI,Mecanizada,NO,2.2,6197.674419,5,50,85,60000,17,0,0,0,0,0,0,0,0,0,0,1,0,0,0,2,0,0,0,76,0,0,30,0,0,30,0,0,0,0,0,2
4670,4268,Manual,NO,Otro,Maiz,SI,Manual,NO,1,6736.511628,6,49,79,61000,17,0,0,0,0,0,0,0,0,0,0,1,0,0,0,2,0,0,0,92,0,0,0,0,0,30,0,0,0,0,0,4
4671,4323,Manual,NO,Otro,Maiz,SI,Manual,NO,1,6900.581395,4,49,83,64200,18,0,0,0,0,0,0,0,0,0,0,1,0,0,0,2,0,0,0,69,0,0,0,0,0,30,0,0,0,0,0,3
4672,4322,Mecanizado,NO,Otro,Maiz,SI,Mecanizada,NO,2.1,5983.72093,6,49,84,60000,16,0,0,0,0,0,0,0,0,0,0,1,0,0,0,2,0,0,0,61,0,0,15,0,0,45,0,0,0,0,0,4
4673,4321,Mecanizado,NO,Otro,Algodón,NO,Mecanizada,NO,2,6105.325581,5,51,83,59800,16,0,0,0,0,0,0,0,0,0,0,1,0,0,0,2,0,0,0,92,0,0,0,0,0,30,0,0,0,0,0,4
4674,4320,Mecanizado,NO,DK 234 YGRR,Algodón,SI,Mecanizada,NO,2.2,6216.27907,6,49,80,70000,17,0,0,0,0,0,0,0,0,0,0,1,0,0,0,1,0,0,0,92,0,0,0,0,0,30,0,0,0,0,0,4
4675,4319,Mecanizado,NO,P3966 (Pioneer),Algodón,SI,Mecanizada,NO,2.3,6140.465116,5,52,78,67600,17,0,0,0,0,0,0,0,0,0,0,1,0,0,0,1,0,0,0,69,0,0,0,0,0,30,0,0,0,0,0,3
