ID_EVENTO,ID_LOTE,TIPO_SIEMBRA,SEM_TRATADAS,MATERIAL_GENETICO,CULT_ANT,DRENAJE,METODO_COSECHA,ALMACENAMIENTO_FINCA,AREA,RDT_AJUSTADO,DIAS_EN_EMERGER,DIAS_EN_EMERGER_A_FLORECER,DIAS_EN_FLORECER_A_COSECHAR,POBLACION_20DIAS_AJT,ALTURA_LOT,ContEnfQui_Antes_Siem,ContEnfQui_Siem_Eme,ContEnfQui_Emer_Flor,ContEnfQui_Flor_Cose,ContMalMec_Antes_Siem,ContMalMec_Siem_Emer,ContMalMec_Emer_Flor,ContMalMec_Flor_Cose,ContMalQui_Antes_Siem,ContMalQui_Siem_Emer,ContMalQui_Emer_Flor,ContMalQui_Flor_Cose,ContPlaQui_Antes_Siem,ContPlaQui_Siem_Emer,ContPlaQui_Emer_Flor,ContPlaQui_Flor_Cose
53,40,Mecanizado,NO,PIONEER 30F32,Algodón,SI,Manual,NO,1.0,4767.441860465116,5.0,63.0,68.0,60000.0,13,0,0,0,0,0,0,0,0,0,0,1,0,0,0,1,0
54,43,Mecanizado,SI,DK 234,Maiz,SI,Manual,NO,1.0,4651.162790697675,5.0,64.0,63.0,60000.0,15,0,0,0,0,0,0,0,0,0,0,1,0,0,0,1,0
56,44,Mecanizado,NO,PIONEER 30F32,Algodón,SI,Manual,NO,1.0,5180.232558139535,5.0,59.0,66.0,60000.0,12,0,0,0,0,0,0,0,0,0,0,1,0,0,0,0,0
57,45,Mecanizado,NO,Otro,Algodón,SI,Manual,NO,1.0,4897.674418604651,5.0,64.0,59.0,60000.0,12,0,0,0,0,0,0,0,0,0,0,2,0,0,0,0,0
273,46,Mecanizado,NO,Otro,Algodón,SI,Manual,NO,1.0,5302.325581395349,5.0,63.0,60.0,60000.0,16,0,0,0,0,0,0,0,0,0,0,1,0,0,0,1,0
282,47,Mecanizado,SI,DK 234,Maiz,SI,Manual,NO,1.0,4958.139534883721,6.0,72.0,55.0,60000.0,19,0,0,0,0,0,0,0,0,0,1,1,0,0,0,2,0
283,51,Manual,SI,Otro,Maiz,SI,Manual,NO,1.0,4426.744186046512,5.0,47.0,86.0,60000.0,14,0,0,0,0,0,0,0,0,0,0,1,0,0,0,1,0
284,268,Manual,SI,PIONEER 30F32,Algodón,SI,Manual,NO,1.0,5790.697674418605,5.0,42.0,89.0,60000.0,12,0,0,0,0,0,0,0,0,0,0,1,0,0,0,1,0
286,269,Manual,SI,DK 234,Algodón,SI,Manual,NO,1.0,5116.279069767442,6.0,42.0,86.0,60000.0,9,0,0,0,0,0,0,0,0,0,1,1,0,0,0,0,0
287,270,Mecanizado,NO,PIONEER 30F35,Frijol,SI,Manual,NO,1.0,4238.372093023256,5.0,56.0,71.0,60000.0,14,0,0,0,0,0,0,0,0,0,0,1,0,0,0,1,0
288,271,Mecanizado,SI,Otro,Algodón,SI,Manual,NO,1.0,5911.627906976744,6.0,56.0,72.0,60000.0,10,0,0,0,0,0,0,0,0,0,0,0,0,0,0,1,0
289,272,Manual,NO,Otro,Algodón,SI,Manual,NO,1.0,5053.488372093024,5.0,43.0,85.0,60000.0,12,0,0,0,0,0,0,0,0,0,1,0,0,0,0,1,0
290,273,Manual,SI,FNC 3056,Algodón,SI,Manual,NO,1.0,4186.0465116279065,5.0,58.0,71.0,58000.0,14,0,0,0,0,0,0,0,0,0,0,2,0,0,0,2,0
291,274,Manual,NO,PIONEER 30F32,Maiz,SI,Mecanizada,NO,1.0,5790.697674418605,5.0,59.0,69.0,60000.0,16,0,0,0,0,0,0,0,0,0,1,1,0,0,1,1,0
293,276,Mecanizado,NO,Otro,Maiz,SI,Manual,NO,1.0,4868.60465116279,4.0,60.0,63.0,60000.0,16,0,0,0,0,0,0,0,0,0,0,0,0,0,0,1,0
294,277,Manual,NO,Otro,Algodón,SI,Manual,NO,1.0,5462.790697674419,5.0,68.0,54.0,60000.0,14,0,0,0,0,0,0,0,0,0,0,0,0,0,0,1,0
295,278,Manual,NO,PIONEER 30F35,Yuca,SI,Manual,NO,1.0,5052.325581395348,6.0,65.0,70.0,60000.0,15,0,0,0,0,0,0,0,0,0,1,0,0,0,0,2,0
536,470,Mecanizado,NO,Otro,Maiz,SI,Manual,NO,1.0,3720.9302325581393,5.0,47.0,78.0,60000.0,10,0,0,0,0,0,0,0,0,0,1,2,0,0,0,2,0
537,471,Mecanizado,NO,FNC 114,Maiz,NO,Manual,NO,1.0,3767.441860465117,5.0,48.0,72.0,68000.0,12,0,0,0,0,0,0,0,0,0,1,1,0,0,0,1,0
539,469,Mecanizado,SI,FNC 114,Maiz,SI,Manual,NO,2.5,3767.441860465117,5.0,50.0,70.0,60000.0,11,0,0,0,0,0,0,0,0,0,0,1,0,0,0,1,0
540,475,Manual,SI,PIONEER 30F35 H,Maiz,SI,Manual,NO,2.0,4000.0,6.0,47.0,88.0,63000.0,10,0,0,0,0,0,0,0,0,0,0,1,0,0,0,0,0
543,478,Mecanizado,NO,Otro,Maiz,SI,Manual,NO,2.0,2383.720930232558,5.0,79.0,59.0,68000.0,6,0,0,0,0,0,0,0,0,0,0,1,0,0,0,1,0
548,479,Mecanizado,NO,Otro,Maiz,SI,Manual,SI,1.0,3581.395348837209,6.0,45.0,70.0,60000.0,12,0,0,0,0,0,0,0,0,0,0,3,0,0,0,1,0
549,480,Mecanizado,NO,Otro,Maiz,SI,Manual,NO,3.0,2412.790697674419,5.0,46.0,92.0,68000.0,4,0,0,0,0,0,0,0,0,0,0,1,0,0,0,1,0
559,484,Mecanizado,NO,PIONEER 30F35,Maiz,SI,Manual,NO,2.0,4767.441860465116,5.0,43.0,79.0,68000.0,8,0,0,2,0,0,0,0,0,0,0,2,0,0,0,0,0
560,485,Mecanizado,NO,Otro,Maiz,SI,Manual,NO,2.5,5339.53488372093,5.0,42.0,71.0,65000.0,10,0,0,0,0,0,0,0,0,0,0,1,0,0,0,0,0
617,514,Mecanizado,NO,Otro,Maiz,SI,Manual,NO,2.0,3337.2093023255816,5.0,43.0,78.0,68000.0,9,0,0,0,0,0,0,0,0,0,0,1,0,0,0,1,0
618,515,Mecanizado,NO,PIONEER 30F35,Maiz,SI,Manual,NO,6.9,4825.581395348838,5.0,45.0,102.0,60000.0,16,0,0,0,0,0,0,0,0,0,0,1,0,0,0,0,0
766,651,Mecanizado,NO,DK 234,Algodón,NO,Manual,NO,1.5,3296.5116279069766,5.0,44.0,73.0,60000.0,8,0,0,1,0,0,0,0,0,0,2,1,0,0,0,0,0
769,654,Manual,SI,Otro,Algodón,SI,Manual,NO,1.25,3296.5116279069766,4.0,44.0,79.0,60000.0,12,0,0,0,1,0,0,0,1,0,1,0,0,0,0,2,1
779,665,Manual,NO,PIONEER 30F35 H,Pastos,NO,Manual,NO,1.0,3013.953488372093,8.0,34.0,78.0,57000.0,12,0,0,0,0,0,0,0,0,0,0,0,1,0,0,2,1
780,666,Mecanizado,NO,DK 234,Algodón,NO,Manual,NO,1.2,3398.8372093023254,7.0,41.0,79.0,62000.0,10,0,0,0,0,0,0,0,0,0,1,0,1,0,0,2,1
781,667,Manual,NO,PIONEER 30F35,Algodón,NO,Manual,NO,1.5,3579.0697674418607,6.0,43.0,79.0,60000.0,11,0,0,0,0,0,0,0,0,0,0,1,0,0,0,3,0
783,669,Manual,NO,Otro,Algodón,SI,Manual,NO,1.0,2790.6976744186045,6.0,42.0,77.0,60000.0,10,0,0,0,0,0,0,0,1,0,1,0,0,0,0,2,1
784,670,Mecanizado,SI,DK7088,Algodón,NO,Manual,NO,1.0,3860.46511627907,6.0,40.0,81.0,64000.0,13,0,0,0,0,0,0,0,0,0,1,1,0,0,0,2,0
785,671,Mecanizado,NO,DK7088,Maiz,SI,Manual,NO,1.0,3955.813953488372,7.0,38.0,85.0,62000.0,13,0,0,0,0,0,0,0,0,0,0,1,0,0,0,2,1
786,672,Mecanizado,SI,DK 234,Maiz,SI,Mecanizada,NO,19.5,5000.0,7.0,39.0,113.0,64000.0,14,0,0,0,0,0,0,0,0,0,2,0,0,0,0,0,0
787,653,Mecanizado,NO,Otro,Maiz,SI,Manual,NO,2.0,3813.953488372093,6.0,42.0,80.0,57000.0,13,0,0,0,0,0,0,0,0,0,2,0,2,0,0,0,0
788,668,Manual,SI,DK7088,Algodón,NO,Manual,NO,1.0,2976.7441860465115,6.0,38.0,82.0,58000.0,12,0,0,0,0,0,0,0,0,0,2,0,0,0,0,3,0
789,673,Manual,NO,PIONEER 30F35,Maiz,SI,Manual,NO,6.3,5860.46511627907,5.0,44.0,87.0,62000.0,9,0,0,0,0,0,0,0,0,0,0,1,0,0,0,0,0
791,674,Mecanizado,SI,PIONEER 30F35 H,Algodón,SI,Mecanizada,NO,11.4,6466.279069767442,6.0,42.0,83.0,65000.0,6,0,0,0,0,0,0,0,0,0,2,1,0,0,0,1,1
797,676,Mecanizado,NO,Otro,Maiz,SI,Mecanizada,NO,37.2,6948.837209302326,6.0,43.0,71.0,67000.0,12,0,0,0,0,0,0,0,0,0,1,0,0,0,0,2,0
804,680,Mecanizado,NO,Otro,Maiz,SI,Mecanizada,NO,44.2,6483.720930232558,6.0,44.0,63.0,62000.0,12,0,0,0,0,0,0,0,0,0,1,1,0,0,0,2,1
805,681,Mecanizado,NO,Otro,Pastos,SI,Mecanizada,NO,14.8,6273.2558139534885,7.0,42.0,105.0,60000.0,10,0,0,0,0,0,0,0,0,0,1,1,1,0,0,1,1
806,682,Mecanizado,NO,Otro,Maiz,SI,Mecanizada,NO,29.0,6404.6511627906975,6.0,42.0,75.0,65000.0,11,0,0,0,0,0,0,0,0,0,1,2,0,0,0,0,0
807,683,Mecanizado,SI,PIONEER 30F35,Algodón,SI,Manual,NO,3.0,5720.930232558139,4.0,42.0,70.0,58000.0,12,0,0,0,0,0,0,0,0,0,0,1,0,0,0,1,0
813,689,Manual,SI,DK 234,Algodón,SI,Manual,NO,1.0,3398.8372093023254,6.0,40.0,82.0,60000.0,11,0,0,0,0,0,0,0,0,0,1,1,0,0,0,3,0
814,690,Manual,NO,PAC 105,Algodón,SI,Manual,NO,1.4,3720.9302325581393,4.0,43.0,77.0,66000.0,13,0,0,0,0,0,0,0,0,0,0,1,1,0,0,2,0
816,692,Mecanizado,SI,Otro,Algodón,SI,Mecanizada,NO,10.0,6197.674418604652,8.0,39.0,80.0,65000.0,15,0,0,0,0,0,0,0,0,0,2,0,0,0,0,2,1
817,693,Mecanizado,SI,DK7088,Algodón,SI,Manual,NO,2.5,3720.9302325581393,8.0,41.0,86.0,75000.0,12,0,0,0,0,0,0,0,0,0,1,0,1,0,1,2,0
818,694,Mecanizado,SI,PAC 105,Algodón,SI,Manual,NO,2.1,4238.372093023256,7.0,40.0,78.0,60000.0,8,0,0,0,0,0,0,0,0,0,1,0,1,0,0,2,0
820,696,Mecanizado,NO,PAC 105,Algodón,SI,Mecanizada,NO,10.0,5244.186046511628,7.0,41.0,77.0,65000.0,8,0,0,0,0,0,0,0,0,0,1,1,0,0,0,1,1
821,697,Mecanizado,SI,DK 234,Algodón,SI,Manual,NO,4.2,2860.4651162790697,5.0,41.0,81.0,62000.0,6,0,0,0,0,0,0,0,0,0,1,0,1,0,0,2,0
823,699,Manual,SI,PAC 105,Algodón,SI,Manual,NO,1.0,3296.5116279069766,6.0,45.0,69.0,62000.0,8,0,0,0,0,0,0,0,0,0,1,1,0,0,0,3,0
824,700,Mecanizado,SI,DK 234,Algodón,SI,Mecanizada,NO,4.1,3490.6976744186045,8.0,40.0,90.0,68000.0,7,0,0,0,0,0,0,0,0,0,1,0,1,0,0,3,0
825,701,Mecanizado,SI,PAC 105,Algodón,SI,Mecanizada,NO,5.9,3667.441860465117,7.0,39.0,82.0,60000.0,8,0,0,0,0,0,0,0,0,0,2,0,1,0,0,2,0
826,702,Manual,NO,PAC 105,Algodón,SI,Manual,NO,1.0,4238.372093023256,6.0,43.0,77.0,70000.0,9,0,0,0,0,0,0,0,0,0,1,1,0,0,0,3,0
827,703,Manual,SI,Otro,Algodón,SI,Manual,NO,2.3,4576.744186046512,6.0,44.0,100.0,64000.0,7,0,0,0,0,0,0,0,0,0,2,1,0,0,0,3,0
828,704,Manual,SI,PAC 105,Algodón,SI,Manual,NO,1.3,4709.302325581395,5.0,43.0,83.0,66000.0,10,0,0,0,0,0,0,0,0,0,1,0,1,0,0,3,0
829,705,Manual,SI,PAC 105,Algodón,SI,Manual,NO,2.0,4576.744186046512,6.0,45.0,86.0,63000.0,8,0,0,0,0,0,0,0,0,0,1,1,0,0,0,3,0
830,706,Mecanizado,SI,Otro,Algodón,SI,Mecanizada,NO,8.0,4053.488372093024,6.0,44.0,80.0,62500.0,9,0,0,0,0,0,0,0,0,0,2,1,0,0,0,3,0
834,710,Manual,SI,PAC 105,Frijol,SI,Manual,NO,1.0,3711.627906976744,6.0,47.0,81.0,60000.0,8,0,0,0,0,0,0,0,0,0,1,1,0,0,0,2,0
835,711,Mecanizado,SI,PIONEER 30F35,Maiz,SI,Mecanizada,NO,6.5,4050.0,5.0,46.0,86.0,66000.0,10,0,0,0,0,0,0,0,0,0,0,0,0,0,0,3,0
836,712,Mecanizado,SI,Otro,Algodón,SI,Mecanizada,NO,8.0,4709.302325581395,5.0,45.0,83.0,63000.0,14,0,0,0,0,0,0,0,0,0,1,0,1,0,0,3,0
838,714,Mecanizado,SI,Otro,Maiz,SI,Manual,NO,3.3,4576.744186046512,7.0,43.0,71.0,64000.0,10,0,0,0,0,0,0,0,0,0,1,1,0,0,0,2,0
839,715,Manual,SI,PIONEER 30F35,Algodón,SI,Manual,NO,2.0,5308.139534883721,6.0,42.0,80.0,60000.0,12,0,0,0,0,0,0,0,0,0,1,1,0,0,0,2,0
840,716,Mecanizado,NO,Otro,Algodón,SI,Mecanizada,NO,6.0,4709.302325581395,7.0,43.0,87.0,64000.0,12,0,0,0,0,0,0,0,0,0,1,1,0,0,0,3,0
841,717,Manual,SI,Otro,Algodón,SI,Manual,NO,1.0,6273.2558139534885,12.0,41.0,86.0,63000.0,15,0,0,0,0,0,0,0,0,0,0,1,0,0,0,1,0
1770,1547,Manual,SI,Otro,Maiz,NO,Manual,NO,1.25,3623.255813953489,4.0,41.0,100.0,59000.0,16,0,0,0,0,0,0,0,0,0,0,1,0,0,0,1,1
1771,1548,Manual,SI,Otro,Maiz,NO,Manual,NO,1.0,3767.441860465117,5.0,44.0,104.0,62000.0,18,0,0,0,0,0,0,0,0,0,0,1,0,0,0,2,0
1772,1549,Manual,NO,Otro,Maiz,NO,Manual,NO,1.0,3348.8372093023254,7.0,37.0,84.0,58000.0,16,0,0,0,0,0,0,0,0,0,0,2,0,0,0,1,0
1773,1550,Mecanizado,NO,Otro,Maiz,SI,Manual,NO,3.0,4238.372093023256,4.0,53.0,76.0,75000.0,18,0,0,0,0,0,0,0,0,0,2,0,0,0,0,2,0
1778,1555,Manual,SI,DK 234 YGRR,Maiz,SI,Manual,NO,3.0,4825.581395348838,6.0,42.0,87.0,60000.0,14,0,0,0,0,0,0,0,0,0,0,2,0,0,0,2,0
1799,1575,Mecanizado,NO,DK 234,Maiz,SI,Mecanizada,NO,4.0,3813.953488372093,6.0,42.0,83.0,58000.0,12,0,0,0,0,0,0,0,0,0,0,2,0,0,0,2,0
1800,1576,Manual,SI,DK7088,Maiz,NO,Manual,NO,1.0,3860.46511627907,7.0,37.0,98.0,62000.0,15,0,0,0,0,0,0,0,0,0,0,2,0,0,0,2,0
2007,1789,Mecanizado,SI,DK7088,Algodón,SI,Mecanizada,NO,15.0,3051.1627906976746,9.0,47.0,87.0,60000.0,5,0,0,0,0,0,0,0,0,0,0,1,0,0,0,1,0
2008,1790,Manual,SI,PIONEER 30F35,Algodón,SI,Manual,NO,1.3,1506.9767441860463,4.0,49.0,72.0,62000.0,7,0,0,0,0,0,0,0,0,0,0,1,0,0,0,1,0
2010,1792,Mecanizado,SI,Otro,Algodón,SI,Mecanizada,NO,9.0,5720.930232558139,5.0,47.0,78.0,75000.0,17,0,0,0,0,0,0,0,0,0,2,2,0,0,0,3,0
2011,1793,Mecanizado,SI,Otro,Algodón,SI,Mecanizada,NO,1.5,5674.418604651163,5.0,47.0,72.0,75000.0,17,0,0,1,0,0,0,0,0,0,2,1,0,0,1,3,0
2012,1794,Mecanizado,NO,PAC 105,Algodón,SI,Manual,NO,2.0,3255.813953488372,3.0,49.0,77.0,60000.0,6,0,0,0,0,0,0,0,0,0,0,1,0,0,0,1,0
2013,1796,Mecanizado,SI,DK 234 YGRR,Algodón,SI,Manual,NO,8.4,3813.953488372093,4.0,49.0,75.0,62000.0,7,0,0,0,0,0,0,0,0,0,0,1,0,0,0,0,0
2014,1797,Mecanizado,NO,PAC 105,Algodón,NO,Manual,NO,1.2,2139.5348837209303,4.0,47.0,70.0,60000.0,6,0,0,0,0,0,0,0,0,0,0,1,0,0,0,2,0
2015,1798,Mecanizado,SI,Otro,Algodón,SI,Mecanizada,NO,2.0,5625.581395348838,5.0,47.0,81.0,75000.0,17,0,0,1,0,0,0,0,0,0,2,1,0,0,1,3,0
2016,1799,Mecanizado,SI,Otro,Algodón,SI,Mecanizada,NO,3.0,5547.558139534884,5.0,45.0,82.0,75500.0,17,0,0,1,0,0,0,0,0,0,2,1,0,0,1,5,0
2017,1800,Mecanizado,NO,Otro,Algodón,NO,Manual,NO,4.1,1209.3023255813953,1.0,50.0,75.0,60000.0,5,0,0,0,0,0,0,0,0,0,0,2,0,0,0,1,0
2018,1801,Mecanizado,NO,DK 234 YGRR,Algodón,SI,Mecanizada,NO,1.3,5212.209302325581,4.0,47.0,76.0,62500.0,12,0,0,0,0,0,0,0,0,0,1,0,0,0,1,0,0
2020,1803,Mecanizado,NO,Otro,Algodón,SI,Manual,NO,3.0,3858.139534883721,6.0,53.0,66.0,68000.0,11,0,0,0,0,0,0,0,0,0,0,0,0,0,0,2,0
2021,1804,Mecanizado,NO,Otro,Algodón,NO,Manual,NO,1.0,5933.720930232558,5.0,53.0,63.0,84000.0,11,0,0,1,0,0,0,0,0,0,1,0,0,0,0,2,0
2022,1805,Manual,NO,Otro,Algodón,SI,Manual,NO,1.0,3174.4186046511627,5.0,44.0,76.0,69500.0,8,0,0,0,0,0,0,0,0,0,0,0,0,0,0,3,0
2029,1812,Mecanizado,NO,Otro,Algodón,SI,Manual,NO,3.0,2186.046511627907,4.0,47.0,67.0,60000.0,12,0,0,0,0,0,0,0,0,0,1,0,0,0,0,2,0
2030,1814,Mecanizado,NO,PIONEER 30F32HW,,SI,Manual,NO,2.4,5236.0465116279065,6.0,39.0,83.0,58000.0,10,0,0,0,0,0,0,0,0,0,1,0,0,0,0,0,0
2031,1815,Mecanizado,SI,Otro,Algodón,SI,Mecanizada,NO,7.4,5180.232558139535,5.0,47.0,74.0,75000.0,17,0,0,0,0,0,0,0,0,0,2,2,0,0,0,3,0
2032,1816,Mecanizado,NO,P4082 (Pioneer),Algodón,SI,Manual,NO,5.0,3527.906976744186,5.0,45.0,76.0,72000.0,17,0,0,0,0,0,0,0,0,0,2,1,0,0,1,4,0
2035,1820,Mecanizado,NO,Otro,Frijol,SI,Manual,NO,1.5,3720.9302325581393,3.0,46.0,88.0,70000.0,10,0,0,0,0,0,0,0,0,0,0,0,0,0,0,2,0
2038,1822,Mecanizado,NO,Otro,,SI,Manual,NO,7.0,2860.4651162790697,5.0,46.0,90.0,58000.0,10,0,0,0,0,0,0,0,0,0,1,0,0,0,0,2,0
2039,1823,Manual,NO,DK 1040,Frijol,SI,Manual,SI,1.5,1906.9767441860463,5.0,49.0,77.0,66000.0,9,0,0,0,0,0,0,0,0,0,0,0,0,0,0,2,0
2040,1824,Mecanizado,NO,P4082 (Pioneer),Algodón,SI,Mecanizada,NO,14.0,1995.3488372093025,4.0,50.0,67.0,65000.0,10,0,0,0,0,0,0,0,0,0,0,1,0,0,0,2,0
2041,1825,Mecanizado,NO,P4082 (Pioneer),Algodón,SI,Mecanizada,NO,15.0,2086.046511627907,4.0,47.0,74.0,70000.0,14,0,0,0,0,0,0,0,0,0,0,0,0,0,0,2,0
2042,1826,Mecanizado,NO,DK 234 YGRR,Algodón,SI,Manual,SI,4.0,2418.6046511627906,5.0,48.0,61.0,87500.0,10,0,0,0,0,0,0,0,0,0,1,1,0,0,0,1,0
2043,1827,Mecanizado,NO,P4082 (Pioneer),Algodón,SI,Manual,NO,1.5,1032.5581395348836,4.0,49.0,70.0,70000.0,12,0,0,0,0,0,0,0,0,0,1,0,0,0,1,1,0
2044,1828,Manual,SI,PAC 105,Pastos,SI,Manual,NO,1.0,3534.883720930233,5.0,48.0,76.0,66000.0,10,0,0,0,0,0,0,0,0,0,0,2,0,0,0,3,0
2045,1829,Manual,NO,P3966 (Pioneer),Algodón,SI,Manual,NO,3.5,5193.023255813953,5.0,47.0,76.0,66000.0,9,0,0,0,0,0,0,0,0,0,0,2,0,0,0,3,0
2047,1833,Manual,NO,DK 234,Algodón,NO,Manual,NO,2.0,2046.5116279069769,4.0,49.0,78.0,60000.0,4,0,0,0,0,0,0,0,0,0,0,2,0,0,0,0,0
2048,1830,Mecanizado,NO,DK 234,Algodón,NO,Manual,NO,1.5,3530.232558139535,3.0,42.0,82.0,55000.0,10,0,0,0,0,0,0,0,0,0,1,1,0,0,0,1,0
2050,1871,Mecanizado,SI,P4082 (Pioneer),Algodón,SI,Mecanizada,NO,7.0,5933.720930232558,5.0,45.0,77.0,75000.0,17,0,0,0,1,0,0,0,0,0,0,1,0,0,0,3,2
2051,1818,Mecanizado,SI,P4082 (Pioneer),Algodón,SI,Mecanizada,NO,6.0,5651.162790697675,5.0,47.0,72.0,75500.0,17,0,0,0,0,0,0,0,0,0,2,2,0,0,0,3,0
2052,1819,Mecanizado,SI,P4082 (Pioneer),Algodón,SI,Mecanizada,NO,10.0,6511.627906976744,5.0,46.0,76.0,76000.0,17,0,0,0,1,0,0,0,0,0,0,2,0,0,0,3,2
2053,1872,Mecanizado,SI,P4082 (Pioneer),Algodón,SI,Mecanizada,NO,55.0,6626.744186046512,5.0,48.0,70.0,75000.0,17,0,0,0,1,0,0,0,0,0,1,2,0,0,2,5,2
2057,1795,Mecanizado,NO,PAC 105,Algodón,NO,Manual,NO,1.0,1695.3488372093022,4.0,47.0,80.0,60000.0,7,0,0,0,0,0,0,0,0,0,0,1,0,0,0,3,0
2063,1879,Manual,NO,DK 234,Algodón,NO,Manual,NO,2.0,2260.4651162790697,4.0,47.0,82.0,60000.0,6,0,0,0,0,0,0,0,0,0,0,2,0,0,0,0,0
2065,1880,Mecanizado,SI,Impacto (Syngenta),Algodón,SI,Mecanizada,NO,20.0,3069.767441860465,6.0,50.0,77.0,60000.0,4,0,0,0,0,0,0,0,0,0,0,1,0,0,0,2,0
2066,1881,Manual,NO,DK 234,Algodón,NO,Manual,NO,1.0,2418.6046511627906,5.0,50.0,73.0,60000.0,4,0,0,0,0,0,0,0,0,0,0,2,0,0,0,0,0
2068,1887,Manual,NO,DK 1596,Algodón,NO,Manual,NO,2.0,2604.651162790697,3.0,46.0,79.0,60000.0,6,0,0,0,0,0,0,0,0,0,0,1,0,0,0,3,0
2069,1904,Mecanizado,NO,Otro,Algodón,SI,Mecanizada,NO,9.5,3527.906976744186,5.0,46.0,92.0,62500.0,4,0,0,1,0,0,0,0,0,0,1,1,0,0,0,4,0
2070,1886,Manual,NO,PAC 105,Algodón,SI,Manual,NO,2.5,2883.720930232558,4.0,46.0,78.0,60000.0,4,0,0,0,0,0,0,0,0,0,0,1,0,0,0,3,0
2071,1889,Mecanizado,NO,DK 234,Algodón,NO,Manual,NO,4.0,1811.6279069767445,4.0,50.0,76.0,60000.0,6,0,0,0,0,0,0,0,0,0,0,1,0,0,0,0,0
2072,1891,Mecanizado,NO,DK 234,Algodón,SI,Manual,NO,5.0,2232.558139534884,3.0,46.0,81.0,62000.0,7,0,0,0,0,0,0,0,0,0,0,1,0,0,0,1,0
2073,1894,Mecanizado,NO,DK 234,Frijol,NO,Manual,NO,1.0,3162.7906976744184,3.0,47.0,81.0,60000.0,5,0,0,0,0,0,0,0,0,0,0,1,0,0,0,0,0
2074,1897,Mecanizado,NO,DK 234,Algodón,NO,Manual,NO,2.0,2883.720930232558,4.0,48.0,80.0,60000.0,9,0,0,0,0,0,0,0,0,0,0,1,0,0,0,0,0
2076,1898,Mecanizado,NO,DK 234,Algodón,NO,Manual,NO,3.3,2790.6976744186045,4.0,48.0,81.0,60000.0,11,0,0,0,0,0,0,0,0,0,0,1,0,0,0,0,0
2077,1899,Mecanizado,NO,DK 234,Algodón,NO,Manual,NO,2.0,2976.7441860465115,4.0,46.0,81.0,60000.0,10,0,0,0,0,0,0,0,0,0,0,1,0,0,0,1,0
2078,1884,Mecanizado,SI,P4082 (Pioneer),Algodón,SI,Mecanizada,NO,15.0,5933.720930232558,5.0,47.0,73.0,75000.0,17,0,0,0,1,0,0,0,0,0,1,1,0,0,2,3,2
2079,1905,Manual,NO,DK 234,Algodón,SI,Manual,SI,1.0,4744.186046511628,5.0,46.0,85.0,73000.0,18,0,0,0,0,0,0,0,0,0,0,1,0,0,0,0,0
2080,1906,Manual,NO,DK 234,Algodón,SI,Manual,SI,1.0,4709.302325581395,5.0,47.0,78.0,73000.0,18,0,0,0,0,0,0,0,0,0,1,1,0,0,0,0,0
2081,1907,Manual,NO,DK 234,Algodón,SI,Manual,SI,1.0,4672.093023255814,5.0,48.0,75.0,73000.0,18,0,0,0,0,0,0,0,0,0,0,1,0,0,0,2,0
2082,1902,Manual,NO,PAC 105,Algodón,NO,Manual,NO,2.3,3234.232558139535,4.0,55.0,65.0,75000.0,7,0,0,1,0,0,0,0,0,0,1,1,0,0,0,6,0
2083,1908,Manual,NO,Otro,Maiz,SI,Manual,SI,1.0,4709.302325581395,4.0,48.0,77.0,73000.0,18,0,0,0,0,0,0,0,0,0,0,1,0,0,0,3,0
2084,1903,Mecanizado,NO,P3966 (Pioneer),Algodón,SI,Mecanizada,NO,7.8,3261.6279069767443,5.0,51.0,88.0,55000.0,5,0,0,1,0,0,0,0,0,0,0,1,0,0,0,6,0
2086,1909,Manual,NO,Otro,Algodón,SI,Manual,NO,1.0,5372.093023255814,5.0,47.0,70.0,73000.0,18,0,0,0,0,0,0,0,0,0,2,1,0,0,0,2,0
2088,1910,Manual,NO,Otro,Algodón,SI,Manual,SI,1.0,4576.744186046512,5.0,46.0,74.0,73000.0,18,0,0,0,0,0,0,0,0,0,1,0,0,0,1,5,0
2089,1831,Mecanizado,NO,P4082 (Pioneer),Algodón,SI,Mecanizada,NO,6.0,1995.3488372093025,4.0,57.0,64.0,85700.0,10,0,0,1,0,0,0,0,0,0,1,0,0,0,0,1,0
2090,1911,Mecanizado,SI,P4082 (Pioneer),Algodón,SI,Mecanizada,NO,29.0,4988.372093023256,5.0,47.0,77.0,75000.0,17,0,0,1,0,0,0,0,0,0,2,1,0,0,1,2,0
2091,1912,Mecanizado,SI,P4082 (Pioneer),Algodón,SI,Manual,SI,3.5,5244.186046511628,5.0,46.0,74.0,71000.0,18,0,0,0,0,0,0,0,0,0,1,1,0,0,0,3,0
2092,1913,Mecanizado,SI,P3966 (Pioneer),Algodón,SI,Manual,NO,7.0,4476.744186046512,5.0,78.0,48.0,75000.0,17,0,0,1,0,0,0,0,0,0,2,1,0,0,1,0,0
2098,1940,Mecanizado,NO,DK 234,Algodón,NO,Manual,NO,2.3,2511.6279069767443,4.0,19.0,108.0,60000.0,6,0,0,0,0,0,0,0,0,0,0,0,1,0,0,1,0
2099,1939,Mecanizado,NO,DK 234,Algodón,NO,Manual,NO,2.0,1130.2325581395348,4.0,48.0,78.0,60000.0,6,0,0,0,0,0,0,0,0,0,0,1,0,0,0,0,0
2100,1938,Mecanizado,NO,DK 234,Algodón,NO,Manual,NO,6.0,2883.720930232558,4.0,49.0,74.0,55000.0,9,0,0,0,0,0,0,0,0,0,0,1,0,0,0,0,0
2101,1937,Mecanizado,NO,DK 234,Algodón,NO,Manual,NO,1.0,2232.558139534884,4.0,48.0,82.0,55000.0,6,0,0,0,0,0,0,0,0,0,0,1,0,0,0,1,0
2102,1936,Mecanizado,SI,DK7088,Algodón,SI,Mecanizada,NO,15.1,3013.953488372093,4.0,80.0,46.0,62000.0,4,0,0,0,0,0,0,0,0,0,0,1,0,0,0,1,0
2103,1935,Manual,NO,PIONEER 30F35 HRR,Maiz,NO,Manual,NO,2.0,4744.186046511628,4.0,47.0,77.0,55000.0,6,0,0,0,0,0,0,0,0,0,0,1,0,0,0,1,0
2104,1934,Manual,SI,PAC 105,Algodón,NO,Manual,NO,1.0,1674.4186046511627,4.0,47.0,84.0,55000.0,4,0,0,0,0,0,0,0,0,0,0,1,0,0,0,3,0
2105,1932,Manual,NO,Otro,Maiz,NO,Manual,NO,1.0,1601.1627906976744,3.0,48.0,81.0,60000.0,7,0,0,0,0,0,0,0,0,0,0,0,0,0,0,2,0
2107,1946,Mecanizado,SI,P3966 (Pioneer),Algodón,SI,Mecanizada,NO,11.0,6511.627906976744,5.0,48.0,76.0,74000.0,16,0,0,0,1,0,0,0,0,0,2,1,0,0,1,9,2
2109,1933,Mecanizado,SI,DK 234,Algodón,SI,Mecanizada,NO,26.0,3069.767441860465,4.0,49.0,78.0,60000.0,5,0,0,0,0,0,0,0,0,0,0,1,0,0,0,1,0
2110,1947,Mecanizado,SI,Otro,Algodón,SI,Manual,NO,5.0,4534.883720930232,5.0,47.0,80.0,72000.0,17,0,0,1,0,0,0,0,0,0,2,3,0,0,1,3,0
2111,1948,Mecanizado,SI,P4082 (Pioneer),Algodón,SI,Mecanizada,NO,5.0,5695.348837209303,5.0,48.0,74.0,73000.0,17,0,0,1,0,0,0,0,0,0,0,0,0,0,0,1,0
2113,1950,Mecanizado,SI,DK 234,Algodón,SI,Manual,SI,2.2,4709.302325581395,20.0,36.0,77.0,73000.0,16,0,0,1,0,0,0,0,0,0,1,0,0,0,1,1,0
2117,1952,Mecanizado,NO,P4082 (Pioneer),Algodón,SI,Manual,SI,1.3,4897.674418604651,5.0,45.0,80.0,72000.0,16,0,0,1,0,0,0,0,0,0,1,1,0,0,1,2,0
2118,1953,Mecanizado,NO,DK 234,Algodón,SI,Manual,SI,3.0,4897.674418604651,5.0,48.0,76.0,72000.0,15,0,0,1,0,0,0,0,0,0,0,1,0,0,0,2,0
2119,1954,Mecanizado,SI,P4082 (Pioneer),Algodón,SI,Mecanizada,NO,14.0,6009.069767441861,5.0,47.0,79.0,72000.0,17,0,0,0,1,0,0,0,0,0,0,2,0,0,0,2,2
2120,1955,Mecanizado,SI,P4082 (Pioneer),Algodón,SI,Mecanizada,NO,6.0,5368.604651162791,5.0,42.0,81.0,73000.0,16,0,0,1,0,0,0,0,0,0,2,1,0,0,1,4,0
2126,1929,Manual,NO,DK 234 YGRR,Frijol,SI,Manual,NO,1.0,3255.813953488372,5.0,56.0,57.0,62000.0,8,0,0,0,0,0,0,0,0,0,0,0,0,0,0,0,0
2128,1927,Manual,NO,PIONEER 30F35,Frijol,SI,Manual,NO,1.0,2354.651162790697,5.0,54.0,63.0,62000.0,9,0,0,0,0,0,0,0,0,0,0,1,0,0,0,2,0
2129,1926,Mecanizado,NO,Otro,Frijol,SI,Mecanizada,SI,9.0,2790.6976744186045,5.0,46.0,100.0,55000.0,12,0,0,0,0,0,0,0,0,0,1,0,0,0,0,2,0
2130,1925,Mecanizado,NO,P4082 (Pioneer),Pastos,SI,Mecanizada,NO,10.5,4595.348837209303,3.0,51.0,64.0,75000.0,13,0,0,0,0,0,0,0,0,0,0,2,0,0,0,1,0
2132,1923,Mecanizado,NO,DK 234,Algodón,SI,Manual,NO,9.0,2679.06976744186,5.0,53.0,64.0,55000.0,9,0,0,1,0,0,0,0,0,0,0,1,0,0,0,0,0
2134,1921,Mecanizado,NO,P4082 (Pioneer),Algodón,SI,Mecanizada,NO,2.0,4186.0465116279065,5.0,46.0,68.0,65000.0,14,0,0,0,0,0,0,0,0,0,0,0,0,0,0,0,0
2135,1920,Mecanizado,SI,P4082 (Pioneer),Maiz,SI,Mecanizada,NO,42.0,6865.116279069768,8.0,46.0,83.0,75000.0,11,0,0,0,0,0,0,0,0,0,2,1,0,0,0,1,0
2136,1919,Mecanizado,NO,DK 234,Algodón,SI,Manual,NO,7.0,4534.883720930232,5.0,51.0,72.0,75000.0,10,0,0,0,0,0,0,0,0,0,0,2,0,0,0,1,0
2137,1918,Mecanizado,NO,ICA V 156,Algodón,SI,Manual,NO,4.5,2790.6976744186045,4.0,51.0,67.0,75000.0,10,0,0,0,0,0,0,0,0,0,1,1,0,0,0,8,0
2138,1917,Mecanizado,NO,DK 234,Algodón,SI,Mecanizada,NO,21.0,3534.883720930233,15.0,46.0,68.0,62500.0,12,0,0,0,0,0,0,0,0,0,1,1,0,0,0,2,0
2140,1915,Mecanizado,NO,P4082 (Pioneer),Algodón,SI,Manual,NO,2.0,4539.53488372093,5.0,45.0,71.0,62500.0,10,0,0,0,1,0,0,0,0,0,0,1,0,0,0,1,1
2143,1961,Mecanizado,NO,Otro,Algodón,NO,Manual,NO,2.0,3441.860465116279,4.0,48.0,68.0,60000.0,6,0,0,0,0,0,0,0,0,0,0,1,0,0,0,2,0
2145,1962,Mecanizado,SI,P4082 (Pioneer),Algodón,NO,Manual,NO,2.0,2825.5813953488373,0.0,50.0,77.0,60000.0,7,0,0,0,0,0,0,0,0,0,0,1,0,0,0,2,0
2153,1976,Mecanizado,NO,DK 234,Pastos,NO,Manual,SI,1.0,4186.0465116279065,7.0,55.0,73.0,13500.0,10,0,0,0,0,0,0,0,0,0,0,0,0,0,0,0,0
2154,1977,Mecanizado,SI,P3966 (Pioneer),Algodón,SI,Manual,SI,3.5,4465.116279069767,5.0,45.0,98.0,60000.0,10,0,0,0,0,0,0,0,0,0,0,0,1,0,0,0,1
2157,2000,Mecanizado,NO,DK 234 YGRR,Algodón,NO,Manual,SI,9.0,1695.3488372093022,7.0,51.0,60.0,50000.0,6,0,0,0,0,0,0,0,0,0,0,1,0,0,0,0,0
2158,2003,Mecanizado,SI,P4082 (Pioneer),Algodón,SI,Manual,SI,2.0,4625.581395348837,5.0,47.0,69.0,75000.0,17,0,0,0,0,0,0,0,0,0,2,1,0,0,0,0,0
2159,2004,Mecanizado,SI,DK 234,Algodón,SI,Mecanizada,NO,9.0,5086.046511627907,5.0,49.0,77.0,72000.0,15,0,0,0,0,0,0,0,0,0,2,0,0,0,0,2,0
2160,2005,Mecanizado,SI,DK 234,Algodón,SI,Manual,SI,2.0,4709.302325581395,5.0,47.0,79.0,73000.0,17,0,0,0,0,0,0,0,0,0,1,1,0,0,0,1,0
2161,2006,Mecanizado,NO,P4082 (Pioneer),Algodón,SI,Manual,SI,3.0,4991.86046511628,5.0,48.0,78.0,72000.0,17,0,0,0,0,0,0,0,0,0,1,1,0,0,0,2,0
2163,2007,Mecanizado,SI,PAC 105,Algodón,SI,Manual,SI,2.0,5116.279069767442,5.0,48.0,75.0,73000.0,17,0,0,0,0,0,0,0,0,0,2,1,0,0,1,7,0
2164,1998,Mecanizado,SI,Otro,Pastos,SI,Mecanizada,SI,5.5,1871.6279069767445,5.0,45.0,83.0,62500.0,6,0,0,0,0,0,0,0,0,0,1,1,0,0,0,1,1
2165,2008,Mecanizado,SI,P4082 (Pioneer),Algodón,SI,Manual,SI,5.0,5339.53488372093,5.0,45.0,82.0,72000.0,17,0,0,0,0,0,0,0,0,0,2,1,0,0,1,1,0
2166,1997,Mecanizado,SI,PAC 105,Algodón,SI,Mecanizada,SI,3.0,1804.8837209302324,5.0,46.0,89.0,62500.0,5,0,0,1,0,0,0,0,0,0,0,1,0,0,0,2,0
2167,2009,Mecanizado,SI,P4082 (Pioneer),Algodón,SI,Manual,SI,4.0,4897.674418604651,5.0,47.0,79.0,73000.0,16,0,0,0,0,0,0,0,0,0,2,1,0,0,1,2,0
2184,1966,Mecanizado,NO,DK 234 YGRR,Algodón,SI,Mecanizada,NO,15.0,2919.767441860465,4.0,49.0,85.0,55000.0,5,0,0,0,0,0,0,0,0,0,0,1,0,0,0,0,0
2188,1968,Mecanizado,NO,Otro,Algodón,NO,Manual,NO,2.5,3861.627906976744,6.0,45.0,81.0,60000.0,7,0,0,0,1,0,0,0,0,0,0,1,0,0,0,2,0
2206,1992,Mecanizado,NO,Otro,Maiz,NO,Manual,SI,1.0,1976.744186046512,5.0,51.0,58.0,71452.0,6,0,0,0,0,0,0,0,0,0,0,0,1,0,0,1,0
2207,2081,Mecanizado,SI,P4082 (Pioneer),Maiz,SI,Manual,SI,1.0,3813.953488372093,5.0,45.0,89.0,70000.0,17,0,0,0,0,0,0,0,0,0,1,1,0,0,0,0,0
2211,2082,Mecanizado,SI,Otro,Algodón,SI,Manual,SI,1.5,5116.279069767442,5.0,46.0,75.0,72000.0,15,0,0,0,0,0,0,0,0,0,2,0,0,0,0,0,0
2214,1978,Mecanizado,NO,PAC 105,Algodón,SI,Manual,NO,1.0,3488.372093023256,5.0,53.0,63.0,62500.0,9,0,0,0,0,0,0,0,0,0,0,1,0,0,1,3,0
2216,1989,Manual,NO,DK 234 YGRR,Algodón,SI,Manual,NO,1.0,4409.302325581395,5.0,50.0,71.0,66666.0,11,0,0,1,0,0,0,0,0,0,0,1,0,0,0,0,0
2218,1988,Manual,NO,P4082 (Pioneer),Algodón,SI,Manual,NO,1.5,3344.0232558139533,5.0,46.0,72.0,62500.0,9,0,0,1,0,0,0,0,0,0,1,0,0,0,0,2,0
2220,1987,Mecanizado,NO,P3966 (Pioneer),Algodón,SI,Mecanizada,NO,1.3,2250.0,5.0,48.0,71.0,62500.0,9,0,0,0,0,0,0,0,0,0,0,2,0,0,0,2,0
2222,1985,Mecanizado,NO,Otro,Maiz,SI,Manual,NO,1.5,6312.093023255814,5.0,46.0,76.0,75000.0,7,0,0,0,0,0,0,0,0,0,0,0,0,0,0,3,0
2224,1984,Mecanizado,NO,PIONEER 30F35,Algodón,SI,Manual,NO,1.0,3627.9069767441856,10.0,40.0,57.0,62500.0,6,0,0,0,0,0,0,0,0,0,1,0,0,0,0,2,0
2225,1983,Mecanizado,NO,PIONEER 30F35,Algodón,SI,Manual,NO,1.5,1931.8604651162789,10.0,40.0,62.0,45000.0,6,0,0,0,0,0,0,0,0,0,1,0,0,0,0,2,0
2228,1981,Manual,SI,DK 234 YGRR,Algodón,SI,Manual,NO,3.0,4186.0465116279065,4.0,51.0,65.0,75000.0,9,0,0,0,0,0,0,0,0,0,0,1,0,0,0,2,0
2229,1980,Mecanizado,NO,PAC 105,Algodón,SI,Manual,NO,1.0,3720.9302325581393,5.0,47.0,68.0,75000.0,9,0,0,0,0,0,0,0,0,0,0,1,0,0,0,3,0
2233,2091,Mecanizado,SI,Otro,Algodón,SI,Manual,SI,1.0,4958.139534883721,5.0,46.0,75.0,71000.0,18,0,0,0,0,0,0,0,0,0,2,0,0,0,0,5,0
2234,2092,Mecanizado,NO,Otro,Algodón,SI,Manual,NO,2.0,3527.906976744186,5.0,45.0,79.0,72000.0,17,0,0,0,0,0,0,0,0,0,2,1,0,0,1,0,0
2235,2093,Mecanizado,SI,Otro,Algodón,SI,Manual,SI,1.0,4672.093023255814,5.0,45.0,79.0,71000.0,18,0,0,0,0,0,0,0,0,0,2,0,0,0,0,2,0
2236,2094,Mecanizado,SI,Otro,Algodón,SI,Manual,SI,3.0,5115.116279069768,5.0,46.0,79.0,72000.0,18,0,0,3,0,0,0,0,0,0,1,1,0,0,0,1,0
2237,2095,Mecanizado,NO,PIONEER 30F32,Algodón,SI,Manual,SI,1.0,4520.930232558139,5.0,47.0,70.0,72000.0,18,0,0,0,0,0,0,0,0,0,1,1,0,0,0,6,0
2238,2096,Mecanizado,NO,Otro,Algodón,SI,Manual,SI,1.0,4576.744186046512,5.0,46.0,75.0,70000.0,18,0,0,0,0,0,0,0,0,0,0,1,0,0,0,6,0
2241,2113,Mecanizado,NO,P3966 (Pioneer),Algodón,SI,Mecanizada,NO,8.9,3422.9651162790697,5.0,51.0,69.0,62500.0,8,0,0,0,0,0,0,0,0,0,1,1,0,0,0,4,0
2242,2112,Mecanizado,NO,Impacto (Syngenta),Algodón,SI,Mecanizada,SI,6.0,4418.604651162791,5.0,45.0,77.0,75000.0,7,0,0,0,0,0,0,0,0,0,1,1,0,0,0,0,0
2243,2097,Mecanizado,NO,PAC 105,Algodón,SI,Manual,NO,1.0,1860.4651162790697,5.0,53.0,65.0,75000.0,10,0,0,0,0,0,0,0,0,0,0,1,0,0,0,3,0
2267,2111,Mecanizado,NO,Otro,Algodón,SI,Mecanizada,SI,6.0,4125.348837209303,5.0,38.0,92.0,62500.0,8,0,0,0,0,0,0,0,0,0,1,1,0,0,0,4,0
2275,2154,Mecanizado,SI,P4082 (Pioneer),Algodón,SI,Manual,SI,2.0,4862.790697674419,5.0,47.0,78.0,73000.0,15,0,0,1,0,0,0,0,0,0,1,0,0,0,0,1,0
2277,2155,Mecanizado,SI,PAC 105,Algodón,SI,Manual,SI,3.0,4709.302325581395,5.0,48.0,74.0,70000.0,15,0,0,0,0,0,0,0,0,0,0,1,0,0,0,3,0
2280,2102,Mecanizado,NO,PAC 105,Algodón,SI,Manual,NO,1.0,2755.813953488372,8.0,55.0,60.0,75000.0,11,0,0,0,0,0,1,0,1,0,0,0,0,0,0,2,0
2281,2157,Mecanizado,SI,Otro,Algodón,SI,Manual,NO,1.0,4672.093023255814,5.0,46.0,74.0,71000.0,15,0,0,0,0,0,0,0,0,0,0,1,0,0,0,3,0
2282,2101,Mecanizado,NO,PAC 105,Algodón,NO,Manual,NO,2.0,3627.9069767441856,5.0,51.0,58.0,62500.0,12,0,0,0,0,0,0,0,0,0,1,1,0,0,0,9,0
2283,2100,Mecanizado,SI,P4082 (Pioneer),Algodón,SI,Mecanizada,NO,4.0,5895.348837209302,5.0,55.0,70.0,75000.0,11,0,0,1,1,0,0,0,0,0,0,2,0,0,0,2,0
2284,2099,Mecanizado,SI,P4082 (Pioneer),Algodón,SI,Mecanizada,NO,3.0,5970.930232558139,5.0,45.0,81.0,75000.0,11,0,0,1,0,0,0,0,0,0,0,2,0,0,0,3,0
2292,2172,Manual,NO,DK 234 YGRR,,SI,Manual,SI,2.0,4262.790697674418,4.0,61.0,79.0,70000.0,12,0,0,0,0,0,0,0,0,0,0,0,0,0,0,0,0
2293,2171,Manual,NO,Otro,Algodón,SI,Manual,NO,1.0,3174.4186046511627,5.0,53.0,61.0,70588.0,10,0,0,2,0,0,0,0,0,0,1,0,1,0,0,5,1
"2298,2174,Mecanizado,NO,DK 234,Maiz,SI,Manual,SI,3.0,4767.441860465116,5.0,77.0,49.0,""0      180000.000000"
1      180000.000000
2      180000.000000
3      180000.000000
4      180000.000000
           ...      
993    180000.000000
994     85714.285714
995     90000.000000
996     81818.181818
997     78260.869565
"Name: AREA, Length: 882, dtype: float64"",12,0,0,0,0,0,0,0,0,0,0,0,0,0,0,1,0"
2300,2173,Mecanizado,SI,DK 234 YGRR,Maiz,SI,Manual,SI,3.0,4343.023255813953,5.0,77.0,48.0,70000.0,12,0,0,0,0,0,0,0,0,0,0,0,0,0,0,0,0
2301,2175,Manual,SI,DK 234,Maiz,SI,Manual,SI,3.5,4520.930232558139,5.0,46.0,80.0,70000.0,12,0,0,0,0,0,0,0,0,0,0,0,0,0,0,0,0
2302,2176,Manual,NO,DK 234,Maiz,SI,Manual,SI,1.0,3767.441860465117,12.0,33.0,71.0,70000.0,11,0,0,0,0,0,0,0,0,0,0,0,0,0,0,0,0
2314,2194,Manual,NO,DK 234 YGRR,Algodón,SI,Manual,NO,3.0,3296.5116279069766,5.0,45.0,71.0,62500.0,12,0,0,0,0,0,0,0,0,0,1,1,0,0,0,0,0
2351,2258,Mecanizado,NO,P3966 (Pioneer),Algodón,SI,Manual,NO,7.0,5581.395348837209,5.0,45.0,69.0,62500.0,10,0,0,0,0,0,0,0,0,0,1,2,0,0,0,2,0
2352,2257,Mecanizado,NO,P3966 (Pioneer),Algodón,SI,Manual,NO,15.0,5790.697674418605,5.0,45.0,74.0,62500.0,13,0,0,0,0,0,0,0,0,0,1,2,0,0,0,3,0
2387,2265,Mecanizado,SI,DK 234,Algodón,SI,Manual,SI,2.0,2604.651162790697,4.0,46.0,77.0,66000.0,13,0,0,1,0,0,0,0,0,0,0,0,0,0,0,0,0
2391,2277,Mecanizado,SI,P4082 (Pioneer),Algodón,SI,Mecanizada,NO,2.5,5581.395348837209,5.0,48.0,65.0,70000.0,7,0,0,1,0,0,0,0,0,0,1,1,0,0,0,1,0
2392,2278,Mecanizado,SI,P4082 (Pioneer),Algodón,SI,Mecanizada,NO,3.5,4988.372093023256,6.0,48.0,64.0,62500.0,7,0,0,2,0,0,0,0,0,0,1,1,0,0,1,2,0
2403,2263,Manual,NO,DK 234,Maiz,SI,Manual,SI,1.5,3446.5116279069766,4.0,77.0,49.0,66000.0,13,0,0,0,0,0,0,0,0,0,0,0,0,0,0,0,0
2404,2262,Mecanizado,SI,PAC 105,Algodón,SI,Manual,SI,1.0,3906.9767441860463,5.0,47.0,77.0,60000.0,13,0,0,0,0,0,0,0,0,0,0,0,0,0,0,1,0
2406,2308,Mecanizado,NO,Otro,Algodón,SI,Manual,NO,4.0,1632.5581395348836,4.0,45.0,88.0,62500.0,6,0,0,0,0,0,0,0,0,0,2,2,0,0,0,3,0
2435,2057,Mecanizado,SI,DK 234 YGRR,Algodón,NO,Manual,NO,4.5,3202.3255813953488,4.0,47.0,80.0,60000.0,6,0,0,0,0,0,0,0,0,0,0,1,0,0,0,0,0
2441,2055,Manual,NO,DK 234,Algodón,NO,Manual,NO,3.0,2193.0232558139537,5.0,45.0,80.0,55000.0,6,0,0,0,0,0,0,0,0,0,0,1,0,0,0,0,0
2442,2054,Mecanizado,SI,DK 234 YGRR,Algodón,SI,Manual,NO,4.0,3813.953488372093,4.0,49.0,78.0,60000.0,15,0,0,0,0,0,0,0,0,0,0,0,0,0,0,0,0
2443,2053,Manual,NO,DK 234 YGRR,Algodón,NO,Manual,NO,4.0,3720.9302325581393,3.0,46.0,84.0,60000.0,13,0,0,0,0,0,0,0,0,0,0,1,0,0,0,0,0
2444,2206,Mecanizado,NO,DK 234 YGRR,Algodón,NO,Manual,NO,1.5,4004.651162790698,3.0,46.0,83.0,60000.0,9,0,0,0,0,0,0,0,0,0,0,1,0,0,0,1,0
2446,2056,Mecanizado,NO,ADV 9339 (Syngenta),Algodón,NO,Manual,NO,3.0,2002.325581395349,4.0,44.0,81.0,55000.0,7,0,0,0,0,0,0,0,0,0,0,1,0,0,0,1,0
2447,2207,Mecanizado,NO,Otro,Algodón,NO,Manual,NO,2.0,5488.372093023256,0.0,48.0,85.0,55000.0,9,0,0,1,0,0,0,0,0,0,0,1,0,0,0,2,0
2449,2025,Mecanizado,NO,DK 234 YGRR,Algodón,NO,Manual,NO,2.0,2919.767441860465,5.0,52.0,75.0,55000.0,15,0,0,1,0,0,0,0,0,0,0,1,0,0,0,2,0
2450,2027,Mecanizado,NO,DK 234 YGRR,Algodón,NO,Manual,NO,1.5,2790.6976744186045,3.0,47.0,81.0,55000.0,6,0,0,0,0,0,0,0,0,0,0,1,0,0,0,0,0
2452,2030,Mecanizado,SI,DK 234 YGRR,Algodón,SI,Manual,NO,6.0,3767.441860465117,4.0,47.0,80.0,60000.0,8,0,0,0,0,0,0,0,0,0,0,1,0,0,0,2,0
2454,2031,Mecanizado,NO,P3966 (Pioneer),Algodón,NO,Manual,NO,3.5,4862.790697674419,4.0,45.0,83.0,60000.0,13,0,0,1,0,0,0,0,0,0,0,1,0,0,0,2,0
2455,2032,Mecanizado,SI,P3966 (Pioneer),Algodón,SI,Manual,NO,15.0,4651.162790697675,3.0,45.0,79.0,60000.0,12,0,0,0,0,0,0,0,0,0,0,1,0,0,0,3,0
2456,2034,Mecanizado,SI,DK7088,Algodón,SI,Mecanizada,NO,12.0,4386.046511627907,4.0,49.0,91.0,60000.0,4,0,0,0,0,0,0,0,0,0,0,1,0,0,0,2,0
2457,2329,Manual,NO,Otro,Algodón,NO,Mecanizada,SI,3.5,2604.651162790697,36.0,15.0,99.0,50000.0,12,0,0,0,0,0,0,0,0,0,0,0,0,0,1,0,0
2458,2326,Mecanizado,NO,DK 234,Algodón,NO,Mecanizada,SI,23.0,3146.5116279069766,8.0,47.0,80.0,62000.0,11,0,0,0,1,0,0,0,0,0,0,0,0,0,0,1,0
2465,2338,Manual,NO,PAC 105,Algodón,SI,Manual,NO,1.0,4279.069767441861,7.0,45.0,76.0,71420.0,8,0,0,0,0,0,0,0,0,0,1,0,0,0,0,5,0
2466,2340,Mecanizado,SI,Otro,Algodón,SI,Manual,NO,15.0,5804.6511627906975,5.0,46.0,79.0,71000.0,16,0,0,2,0,0,0,0,0,0,2,2,0,0,1,2,0
2468,2336,Mecanizado,SI,DK 234 YGRR,Algodón,SI,Manual,NO,3.0,5308.139534883721,3.0,55.0,64.0,62500.0,12,0,0,0,0,0,0,0,0,0,1,0,0,0,0,0,0
2472,2341,Mecanizado,SI,Otro,Maiz,SI,Manual,SI,2.0,3623.255813953489,5.0,47.0,78.0,70000.0,16,0,0,0,0,0,0,0,0,0,2,1,0,0,0,5,0
2474,2333,Mecanizado,NO,P4082 (Pioneer),Algodón,NO,Manual,NO,1.5,2412.790697674419,5.0,45.0,78.0,62500.0,9,0,0,0,0,0,0,0,0,0,0,1,0,0,0,2,1
2501,2357,Mecanizado,SI,Otro,Algodón,SI,Manual,SI,3.5,3579.0697674418607,5.0,45.0,67.0,70000.0,16,0,0,0,0,0,0,0,0,0,2,1,0,0,0,4,0
2502,2035,Mecanizado,SI,DK7088,Algodón,SI,Mecanizada,NO,11.2,2812.790697674419,4.0,48.0,81.0,60000.0,8,0,0,0,0,0,0,0,0,0,0,2,0,0,0,1,0
2503,2036,Mecanizado,NO,DK 234 YGRR,Algodón,NO,Manual,NO,2.0,2883.720930232558,5.0,46.0,104.0,55000.0,4,0,0,0,0,0,0,0,0,0,0,2,0,0,0,0,0
2504,2038,Mecanizado,SI,DK 234 YGRR,Algodón,NO,Manual,NO,2.0,3337.2093023255816,4.0,47.0,79.0,55000.0,10,0,0,0,0,0,0,0,0,0,0,1,0,0,0,2,0
2506,2359,Mecanizado,NO,ADV 9339 (Syngenta),Algodón,SI,Manual,SI,4.0,4651.162790697675,5.0,46.0,71.0,70000.0,16,0,0,0,0,0,0,0,0,0,0,0,0,0,0,5,0
2507,2360,Mecanizado,SI,Otro,Algodón,SI,Manual,SI,1.5,5511.627906976744,5.0,48.0,79.0,71000.0,16,0,0,1,0,0,0,0,0,0,2,1,0,0,1,1,0
2508,2361,Mecanizado,NO,Otro,Algodón,SI,Manual,NO,1.3,5116.279069767442,5.0,48.0,80.0,71000.0,16,0,0,1,0,0,0,0,0,0,0,1,0,0,0,3,0
2510,2363,Mecanizado,NO,P3966 (Pioneer),Algodón,SI,Manual,SI,2.4,5116.279069767442,30.0,49.0,67.0,70000.0,16,0,0,1,0,0,0,0,0,0,0,1,0,0,0,4,0
2511,2364,Mecanizado,SI,Otro,Algodón,SI,Mecanizada,NO,18.0,5577.906976744186,5.0,46.0,77.0,71000.0,16,0,0,0,0,0,0,0,0,0,2,1,0,0,1,3,0
2523,2039,Mecanizado,SI,DK 234 YGRR,Algodón,SI,Manual,NO,3.0,3432.558139534884,4.0,47.0,83.0,55000.0,9,0,0,0,0,0,0,0,0,0,0,1,0,0,0,2,0
2525,2040,Mecanizado,SI,DK 234 YGRR,Algodón,SI,Manual,NO,15.0,3579.0697674418607,4.0,46.0,91.0,60000.0,5,0,0,0,0,0,0,0,0,0,0,1,0,0,0,2,0
2526,2041,Mecanizado,NO,DK 234 YGRR,Algodón,NO,Manual,NO,3.0,2383.720930232558,4.0,44.0,85.0,55000.0,8,0,0,0,0,0,0,0,0,0,0,2,0,0,0,0,0
2535,2375,Mecanizado,SI,Otro,Algodón,SI,Mecanizada,NO,15.5,5308.139534883721,5.0,48.0,87.0,71000.0,16,0,0,0,0,0,0,0,0,0,2,2,0,0,1,1,0
2536,2376,Mecanizado,SI,Otro,Algodón,SI,Manual,SI,1.5,3579.0697674418607,5.0,46.0,76.0,70000.0,16,0,0,0,0,0,0,0,0,0,2,1,0,0,0,3,0
2539,2327,Mecanizado,SI,DK 234,Algodón,NO,Manual,SI,2.0,3174.4186046511627,5.0,45.0,69.0,60000.0,11,0,0,0,0,0,0,0,0,0,0,1,0,0,0,0,0
2540,2328,Mecanizado,SI,DK 234,Algodón,SI,Manual,SI,9.0,2046.5116279069769,5.0,85.0,41.0,42000.0,11,0,0,0,0,0,0,0,0,0,0,1,0,0,0,1,0
2541,2379,Mecanizado,SI,P3966 (Pioneer),Algodón,NO,Manual,SI,8.0,3446.5116279069766,5.0,47.0,68.0,60000.0,11,0,0,0,0,0,0,0,0,0,0,0,0,0,0,0,0
2545,2383,Mecanizado,NO,P4082 (Pioneer),Algodón,SI,Manual,NO,6.0,3970.3255813953488,5.0,48.0,61.0,71000.0,16,0,0,1,0,0,0,0,0,0,0,0,0,0,0,2,0
2550,2387,Manual,NO,PIONEER 30F35,Algodón,SI,Manual,SI,1.0,3441.860465116279,5.0,77.0,36.0,50000.0,12,0,0,0,0,0,0,0,0,0,0,0,0,0,0,1,0
2553,2391,Mecanizado,SI,P4082 (Pioneer),Maiz,SI,Manual,SI,2.0,3579.0697674418607,4.0,46.0,79.0,80000.0,12,0,0,0,0,0,0,0,0,0,0,0,0,0,0,0,0
2554,2043,Mecanizado,NO,ADV 9339 (Syngenta),Algodón,SI,Mecanizada,NO,12.5,2072.093023255814,4.0,46.0,79.0,60000.0,5,0,0,0,0,0,0,0,0,0,0,2,0,0,0,3,0
2560,2397,Mecanizado,NO,Otro,Algodón,SI,Manual,SI,5.0,4615.116279069767,5.0,46.0,71.0,62500.0,13,0,0,0,0,0,0,0,0,0,2,0,0,0,1,0,0
2562,2044,Manual,NO,DK 234 YGRR,Algodón,NO,Manual,NO,3.0,2543.0232558139537,3.0,46.0,84.0,55000.0,4,0,0,0,0,0,0,0,0,0,0,1,0,0,0,2,0
2564,2045,Mecanizado,SI,PAC 105,Algodón,SI,Mecanizada,NO,9.5,1544.186046511628,5.0,46.0,92.0,60000.0,6,0,0,0,0,0,0,0,0,0,1,1,0,0,0,1,0
2565,2046,Mecanizado,SI,DK 234 YGRR,Algodón,NO,Manual,NO,3.0,1883.7209302325584,4.0,47.0,81.0,55000.0,5,0,0,0,0,0,0,0,0,0,0,2,0,0,0,1,0
2566,2048,Mecanizado,SI,DK 234 YGRR,Algodón,NO,Manual,NO,2.0,2669.767441860465,4.0,46.0,85.0,55000.0,6,0,0,0,0,0,0,0,0,0,0,1,0,0,0,1,0
2567,2049,Mecanizado,NO,DK 234 YGRR,Algodón,SI,Manual,NO,7.0,2895.3488372093025,2.0,46.0,99.0,60000.0,7,0,0,0,0,0,0,0,0,0,0,1,0,0,0,0,0
2569,2050,Manual,NO,P4082 (Pioneer),Algodón,NO,Manual,NO,4.0,2955.813953488372,3.0,49.0,81.0,55000.0,10,0,0,0,0,0,0,0,0,0,0,1,0,0,0,2,0
2573,2400,Mecanizado,NO,Otro,Algodón,SI,Mecanizada,NO,10.0,4651.162790697675,4.0,51.0,66.0,65500.0,13,0,0,0,0,0,0,0,0,0,1,1,0,0,0,1,0
2575,2052,Mecanizado,NO,DK 234 YGRR,Algodón,NO,Manual,NO,8.0,3051.1627906976746,4.0,47.0,84.0,60000.0,7,0,0,0,0,0,0,0,0,0,0,1,0,0,0,0,0
2576,2200,Mecanizado,NO,DK 234 YGRR,Algodón,NO,Manual,NO,1.5,3813.953488372093,4.0,48.0,82.0,55000.0,10,0,0,0,0,0,0,0,0,0,0,1,0,0,0,1,0
2577,2401,Mecanizado,SI,PAC 105,Algodón,SI,Manual,SI,2.0,4651.162790697675,5.0,48.0,69.0,65000.0,12,0,0,0,0,0,0,0,0,0,0,2,0,0,0,3,0
2578,2205,Mecanizado,NO,DK 234 YGRR,Algodón,NO,Manual,NO,3.0,4004.651162790698,4.0,46.0,80.0,60000.0,7,0,0,0,0,0,0,0,0,0,0,1,0,0,0,1,0
2579,2402,Mecanizado,NO,ADV 9339 (Syngenta),Algodón,SI,Mecanizada,NO,12.0,4837.209302325581,5.0,46.0,74.0,62500.0,12,0,0,0,0,0,0,0,0,0,0,2,0,0,0,3,0
2580,2204,Mecanizado,NO,DK 234 YGRR,Algodón,NO,Manual,NO,2.0,4238.372093023256,4.0,47.0,82.0,55000.0,6,0,0,0,0,0,0,0,0,0,0,1,0,0,0,2,0
2581,2203,Mecanizado,NO,DK 234 YGRR,Algodón,SI,Manual,NO,3.0,4576.744186046512,4.0,46.0,83.0,60000.0,10,0,0,0,0,0,0,0,0,0,0,1,0,0,0,1,0
2582,2202,Manual,NO,DK 234 YGRR,Algodón,NO,Manual,NO,1.0,3377.906976744186,4.0,40.0,94.0,60000.0,9,0,0,0,0,0,0,0,0,0,0,1,0,0,0,2,0
2583,2201,Mecanizado,NO,DK 234 YGRR,Algodón,NO,Manual,NO,2.5,4238.372093023256,3.0,50.0,78.0,55000.0,9,0,0,0,0,0,0,0,0,0,0,1,0,0,0,0,0
2584,2214,Manual,NO,Otro,Maiz,NO,Manual,NO,1.0,2097.6744186046512,5.0,49.0,83.0,55000.0,6,0,0,0,0,0,0,0,0,0,0,1,0,0,0,3,0
2585,2216,Mecanizado,NO,PAC 105,Algodón,NO,Manual,NO,1.8,3623.255813953489,4.0,47.0,81.0,62000.0,6,0,0,0,0,0,0,0,0,0,0,1,0,0,0,3,0
2586,2215,Manual,NO,PAC 105,Algodón,NO,Manual,NO,1.5,2002.325581395349,5.0,44.0,84.0,55000.0,6,0,0,0,0,0,0,0,0,0,1,0,0,0,0,1,0
2587,2213,Manual,NO,Otro,Algodón,NO,Manual,NO,2.5,4767.441860465116,4.0,46.0,81.0,55000.0,8,0,0,0,0,0,0,0,0,0,1,0,0,0,0,1,0
2588,2274,Mecanizado,NO,DK 234 YGRR,Maiz,NO,Manual,NO,1.5,2260.4651162790697,4.0,47.0,85.0,55000.0,6,0,0,0,0,0,0,0,0,0,0,1,0,0,0,1,0
2589,2275,Mecanizado,NO,DK 234 YGRR,Maiz,SI,Manual,NO,1.5,2383.720930232558,6.0,47.0,84.0,55000.0,8,0,0,0,0,0,0,0,0,0,0,1,0,0,0,1,0
2591,2276,Mecanizado,NO,PAC 105,Maiz,SI,Manual,NO,3.0,3051.1627906976746,5.0,47.0,82.0,55000.0,7,0,0,0,0,0,0,0,0,0,0,1,0,0,0,2,0
2592,2208,Mecanizado,NO,P3966 (Pioneer),Algodón,NO,Manual,SI,1.3,4290.697674418605,4.0,47.0,75.0,60000.0,9,0,0,0,0,0,0,0,0,0,1,1,0,0,0,2,0
2594,2209,Mecanizado,NO,DK 234 YGRR,Algodón,NO,Manual,NO,2.5,4520.930232558139,3.0,46.0,87.0,60000.0,10,0,0,0,0,0,0,0,0,0,0,1,0,0,0,1,0
2595,2210,Mecanizado,SI,DK 234 YGRR,Algodón,NO,Manual,NO,4.0,2543.0232558139537,4.0,46.0,78.0,60000.0,6,0,0,1,0,0,0,0,0,0,0,1,0,0,0,0,0
2596,2211,Mecanizado,NO,Otro,Algodón,NO,Manual,NO,2.0,1144.186046511628,3.0,47.0,79.0,60000.0,4,0,0,0,0,0,0,0,0,0,1,1,0,0,0,1,0
2597,2212,Manual,NO,Otro,Algodón,SI,Manual,NO,3.0,4004.651162790698,4.0,47.0,89.0,60000.0,4,0,0,0,0,0,0,0,0,0,1,1,0,0,0,2,0
2609,2422,Mecanizado,SI,Otro,Algodón,SI,Manual,NO,1.0,3337.2093023255816,5.0,47.0,70.0,70000.0,14,0,0,0,0,0,0,0,0,0,2,1,0,0,0,4,0
2617,2323,Manual,NO,Otro,Algodón,NO,Manual,NO,1.2,1430.2325581395348,5.0,47.0,82.0,60000.0,9,0,0,0,0,0,0,0,0,0,1,1,0,0,0,3,0
2618,2322,Mecanizado,SI,DK 234 YGRR,Algodón,NO,Manual,NO,3.0,3767.441860465117,5.0,46.0,87.0,60000.0,5,0,0,0,0,0,0,0,0,0,0,1,0,0,0,0,0
2619,2321,Mecanizado,NO,DK 234 YGRR,Algodón,SI,Manual,NO,5.0,3955.813953488372,4.0,47.0,82.0,55000.0,8,0,0,0,0,0,0,0,0,0,0,1,0,0,0,2,0
2620,2320,Mecanizado,SI,PIONEER 30F35 HRR,Algodón,NO,Manual,NO,7.0,4709.302325581395,3.0,48.0,85.0,60000.0,8,0,0,0,0,0,0,0,0,0,0,1,0,0,0,1,0
2621,2319,Mecanizado,SI,DK 234 YGRR,Algodón,NO,Manual,NO,2.0,4958.139534883721,5.0,48.0,82.0,60000.0,8,0,0,1,0,0,0,0,0,0,0,1,0,0,0,1,0
2622,2318,Mecanizado,NO,DK 234 YGRR,Algodón,NO,Manual,NO,1.5,2383.720930232558,4.0,46.0,82.0,55000.0,6,0,0,0,0,0,0,0,0,0,0,1,0,0,0,1,0
2623,2288,Mecanizado,SI,DK 234 YGRR,Algodón,NO,Manual,NO,4.0,2383.720930232558,4.0,48.0,83.0,60000.0,9,0,0,0,0,0,0,0,0,0,0,1,0,0,0,1,0
2624,2286,Mecanizado,SI,DK 234 YGRR,Algodón,NO,Mecanizada,NO,4.0,3861.627906976744,4.0,48.0,78.0,55000.0,6,0,0,0,0,0,0,0,0,0,0,1,0,0,0,1,0
2626,2285,Mecanizado,SI,DK 234 YGRR,Algodón,NO,Manual,NO,3.0,2193.0232558139537,4.0,48.0,81.0,55000.0,9,0,0,0,0,0,0,0,0,0,0,1,0,0,0,1,0
2628,2284,Mecanizado,SI,DK 234 YGRR,Algodón,NO,Mecanizada,NO,3.5,2919.767441860465,4.0,17.0,109.0,60000.0,10,0,0,0,0,0,0,0,0,0,0,1,0,0,0,0,0
2629,2283,Mecanizado,SI,PAC 105,Algodón,SI,Mecanizada,NO,7.0,2002.325581395349,5.0,46.0,90.0,60000.0,4,0,0,0,0,0,0,0,0,0,1,1,0,0,0,2,0
2630,2282,Mecanizado,SI,DK 234 YGRR,Algodón,SI,Manual,SI,20.0,3337.2093023255816,4.0,47.0,82.0,55000.0,14,0,0,0,0,0,0,0,0,0,1,0,0,0,0,2,0
2632,2280,Mecanizado,NO,DK 234 YGRR,Algodón,NO,Manual,NO,1.5,2260.4651162790697,4.0,46.0,79.0,55000.0,4,0,0,0,0,0,0,0,0,0,0,2,0,0,0,1,0
"2633,2287,Mecanizado,NO,PAC 105,Algodón,NO,Manual,NO,1.0,2072.093023255814,4.0,46.0,79.0,""0     NaN"
1     NaN
2     NaN
3     NaN
4     NaN
       ..
993   NaN
994   NaN
995   NaN
996   NaN
997   NaN
"Name: AREA, Length: 882, dtype: float64"",13,0,0,0,0,0,0,0,0,0,1,1,0,0,0,2,0"
2635,2436,Mecanizado,NO,NK254 (Syngenta),Algodón,SI,Manual,NO,1.0,3337.2093023255816,5.0,46.0,66.0,70000.0,14,0,0,0,0,0,0,0,0,0,2,1,0,0,0,3,0
2636,2437,Mecanizado,SI,NK254 (Syngenta),Algodón,SI,Manual,SI,2.0,2947.6744186046512,5.0,46.0,60.0,71000.0,14,0,0,0,0,0,0,0,0,0,2,2,0,0,0,5,0
2637,2438,Mecanizado,SI,PAC 105,Algodón,SI,Manual,SI,4.0,2947.6744186046512,5.0,47.0,66.0,71000.0,14,0,0,0,0,0,0,0,0,0,2,2,0,0,0,6,0
2641,2439,Mecanizado,NO,P3966 (Pioneer),Algodón,SI,Manual,SI,1.5,4238.372093023256,5.0,47.0,84.0,70000.0,16,0,0,1,0,0,0,0,0,0,2,1,0,0,1,3,0
2643,2440,Mecanizado,NO,Otro,Algodón,SI,Mecanizada,NO,23.0,5953.488372093023,5.0,46.0,87.0,71000.0,15,0,0,0,0,0,0,0,0,0,2,1,0,0,1,3,0
2661,2444,Mecanizado,NO,PAC 105,Algodón,SI,Manual,SI,3.0,4625.581395348837,5.0,46.0,70.0,70000.0,16,0,0,1,0,0,0,0,0,0,1,0,0,0,0,1,0
2662,2445,Manual,NO,Otro,Algodón,SI,Manual,SI,1.3,5180.232558139535,5.0,47.0,73.0,71000.0,16,0,0,0,0,0,0,0,0,0,2,1,0,0,1,1,0
2663,2446,Mecanizado,NO,Impacto (Syngenta),Algodón,SI,Mecanizada,NO,10.0,4803.488372093023,5.0,47.0,73.0,71000.0,48,0,0,0,0,0,0,0,0,0,2,1,0,0,0,1,0
2666,2448,Mecanizado,NO,PIONEER 30F35 H,Maiz,SI,Manual,SI,4.5,4651.162790697675,5.0,47.0,72.0,71000.0,55,0,0,0,0,0,0,0,0,0,2,1,0,0,0,2,0
2668,2449,Mecanizado,NO,Impacto (Syngenta),Maiz,SI,Mecanizada,SI,16.0,4651.162790697675,5.0,47.0,70.0,70000.0,54,0,0,0,0,0,0,0,0,0,2,1,0,0,0,1,0
2669,2450,Mecanizado,NO,Otro,Algodón,SI,Manual,SI,10.0,4409.302325581395,5.0,47.0,73.0,70000.0,72,0,0,1,0,0,0,0,0,0,1,1,0,0,1,4,0
2675,2454,Mecanizado,NO,Impacto (Syngenta),Maiz,SI,Mecanizada,SI,23.0,4850.581395348837,5.0,48.0,83.0,71000.0,50,0,0,1,0,0,0,0,0,0,2,1,0,0,1,2,0
2678,2457,Mecanizado,NO,Impacto (Syngenta),Maiz,SI,Manual,SI,1.0,5023.2558139534885,5.0,47.0,72.0,70000.0,60,0,0,0,0,0,0,0,0,0,2,1,0,0,0,1,0
2679,2458,Mecanizado,NO,ADV 9339 (Syngenta),Maiz,SI,Mecanizada,SI,2.5,4651.162790697675,5.0,46.0,79.0,70000.0,60,0,0,1,0,0,0,0,0,0,2,1,0,0,1,3,0
2680,2459,Mecanizado,NO,Impacto (Syngenta),Maiz,SI,Mecanizada,SI,25.0,4651.162790697675,5.0,46.0,81.0,71000.0,60,0,0,1,0,0,0,0,0,0,1,1,0,0,1,1,0
2681,2460,Mecanizado,NO,Impacto (Syngenta),Algodón,SI,Manual,SI,4.0,4615.116279069767,6.0,45.0,73.0,70000.0,61,0,0,1,0,0,0,0,0,0,0,2,0,0,0,3,0
2687,2463,Mecanizado,NO,Otro,Algodón,SI,Manual,SI,2.0,4744.186046511628,5.0,46.0,70.0,70000.0,14,0,0,0,0,0,0,0,0,0,0,1,0,0,0,0,0
2688,2464,Manual,NO,ICA V 305,Algodón,SI,Manual,SI,1.0,4238.372093023256,5.0,47.0,69.0,66000.0,14,0,0,0,0,0,0,0,0,0,0,1,0,0,0,1,0
2690,2465,Manual,NO,P4082 (Pioneer),Algodón,SI,Manual,NO,1.0,4834.883720930233,5.0,47.0,81.0,67000.0,14,0,0,1,0,0,0,0,0,0,0,1,0,0,0,0,0
2694,2468,Manual,NO,Otro,Algodón,SI,Manual,SI,1.0,5441.860465116279,5.0,47.0,83.0,70000.0,14,0,0,0,0,0,0,0,0,0,0,1,0,0,0,0,0
2718,2474,Mecanizado,NO,P4082 (Pioneer),Algodón,SI,Manual,SI,1.0,4767.441860465116,5.0,48.0,71.0,67000.0,14,0,0,0,0,0,0,0,0,0,1,1,0,0,0,1,0
2719,2475,Manual,NO,Otro,Algodón,SI,Manual,SI,1.0,4632.558139534884,5.0,48.0,77.0,68000.0,14,0,0,0,0,0,0,0,0,0,0,1,0,0,0,1,0
2721,2477,Manual,NO,P4082 (Pioneer),Algodón,SI,Manual,SI,1.0,4651.162790697675,5.0,47.0,66.0,71000.0,13,0,0,0,0,0,0,0,0,0,0,1,0,0,0,0,0
2722,2478,Mecanizado,NO,Otro,Algodón,SI,Manual,SI,1.0,4576.744186046512,5.0,47.0,76.0,65000.0,13,0,0,0,0,0,0,0,0,0,0,1,0,0,0,1,0
2723,2479,Mecanizado,NO,P3966 (Pioneer),Algodón,SI,Manual,NO,7.0,4684.883720930233,5.0,46.0,84.0,71000.0,16,0,0,1,0,0,0,0,0,0,2,1,0,0,1,3,0
2733,2504,Manual,NO,Impacto (Syngenta),Maiz,SI,Manual,SI,1.0,4632.558139534884,5.0,46.0,74.0,70000.0,15,0,0,0,0,0,0,0,0,0,1,1,0,0,1,0,0
2735,2506,Mecanizado,SI,Otro,Algodón,SI,Manual,SI,2.0,4672.093023255814,5.0,46.0,73.0,71000.0,14,0,0,0,0,0,0,0,0,0,1,1,0,0,1,3,0
2736,2495,Mecanizado,SI,DK 234,Maiz,SI,Manual,SI,4.0,4481.395348837209,6.0,46.0,77.0,80000.0,12,0,0,0,0,0,0,0,0,0,0,0,0,0,0,1,0
2737,2481,Mecanizado,SI,DK 234,Maiz,SI,Manual,SI,4.0,3813.953488372093,6.0,45.0,77.0,54000.0,11,0,0,0,0,0,0,0,0,0,0,0,0,0,0,0,0
2738,2487,Mecanizado,NO,DK 234,Maiz,SI,Manual,SI,2.0,4004.651162790698,5.0,46.0,82.0,72000.0,10,0,0,0,0,0,0,0,0,0,0,0,0,0,0,0,0
2739,2488,Mecanizado,SI,P3966 (Pioneer),Maiz,SI,Manual,SI,1.0,3813.953488372093,5.0,45.0,81.0,72000.0,10,0,0,0,0,0,0,0,0,0,0,0,0,0,0,1,0
2740,2484,Mecanizado,NO,PAC 105,Algodón,NO,Manual,SI,1.5,3813.953488372093,5.0,45.0,88.0,60000.0,10,0,0,0,0,0,0,0,0,0,0,0,0,0,0,1,0
2741,2485,Mecanizado,SI,DK 234,Algodón,NO,Manual,SI,2.0,4386.046511627907,6.0,44.0,92.0,65000.0,11,0,0,0,0,0,0,0,0,0,0,0,0,0,0,0,0
2746,2482,Mecanizado,NO,DK 234,Algodón,NO,Manual,SI,9.5,4081.395348837209,5.0,45.0,77.0,60000.0,12,0,0,0,0,0,0,0,0,0,0,0,0,0,0,1,0
2747,2483,Mecanizado,NO,P3966 (Pioneer),Algodón,NO,Manual,SI,13.0,4186.0465116279065,5.0,26.0,100.0,65000.0,10,0,0,0,0,0,0,0,0,0,0,0,0,0,0,0,0
2748,2486,Manual,NO,DK 234,Maiz,SI,Manual,SI,1.0,3906.9767441860463,5.0,46.0,80.0,50000.0,11,0,0,0,0,0,0,0,0,0,0,0,0,0,0,0,0
2750,2490,Manual,SI,Impacto (Syngenta),Algodón,SI,Manual,SI,3.0,3627.9069767441856,6.0,40.0,88.0,60000.0,11,0,0,0,0,0,0,0,0,0,0,0,0,0,0,0,0
2751,2491,Manual,NO,DK 234,Maiz,SI,Manual,SI,1.0,3720.9302325581393,4.0,41.0,85.0,50000.0,10,0,0,0,0,0,0,0,0,0,0,0,0,0,0,0,0
2752,2492,Manual,NO,DK 234,Maiz,SI,Manual,SI,2.5,3906.9767441860463,5.0,45.0,81.0,60000.0,11,0,0,0,0,0,0,0,0,0,0,0,0,0,0,0,0
2754,2494,Manual,NO,DK 234,Algodón,NO,Manual,SI,3.0,4000.0,5.0,45.0,82.0,60000.0,11,0,0,0,0,0,0,0,0,0,0,0,0,0,0,0,0
2757,2498,Mecanizado,SI,DK 234,Algodón,NO,Manual,SI,4.0,4279.069767441861,5.0,42.0,65.0,60000.0,11,0,0,0,0,0,0,0,0,0,0,0,0,0,0,1,0
2762,2499,Mecanizado,SI,DK 234,Maiz,SI,Manual,SI,4.0,4262.790697674418,6.0,51.0,84.0,60000.0,11,0,0,0,0,0,0,0,0,0,0,1,0,0,0,0,0
2763,2500,Mecanizado,SI,P3966 (Pioneer),Algodón,NO,Manual,SI,2.0,4558.13953488372,6.0,50.0,76.0,60000.0,10,0,0,0,0,0,0,0,0,0,0,0,0,0,0,0,0
2766,2502,Mecanizado,NO,DK 234,Maiz,SI,Manual,SI,3.5,4081.395348837209,6.0,50.0,83.0,60000.0,13,0,0,0,0,0,0,0,0,0,0,0,0,0,0,1,0
2767,2503,Manual,NO,PAC 105,Maiz,NO,Manual,SI,1.0,3809.302325581395,5.0,51.0,77.0,60000.0,10,0,0,0,0,0,0,0,0,0,0,0,0,0,0,1,0
2771,2513,Mecanizado,SI,Otro,Algodón,SI,Mecanizada,NO,13.0,4930.232558139534,5.0,46.0,78.0,73000.0,12,0,0,0,0,0,0,0,0,0,2,0,0,0,0,1,0
2772,2514,Mecanizado,SI,Otro,Algodón,SI,Mecanizada,NO,4.5,5368.604651162791,5.0,46.0,81.0,72000.0,14,0,0,1,0,0,0,0,0,0,1,1,0,0,1,1,0
2773,2515,Mecanizado,SI,P4082 (Pioneer),Algodón,SI,Manual,NO,2.0,3813.953488372093,5.0,47.0,89.0,70000.0,15,0,0,0,0,0,0,0,0,0,1,1,0,0,1,0,0
2774,2516,Mecanizado,NO,PIONEER 30F35,Maiz,SI,Manual,NO,1.0,4744.186046511628,5.0,47.0,71.0,70000.0,64,0,0,1,0,0,0,0,0,0,1,1,0,0,1,1,0
2775,2517,Mecanizado,NO,PIONEER 30F35 HRR,Maiz,SI,Manual,NO,1.5,4651.162790697675,5.0,47.0,70.0,70000.0,64,0,0,1,0,0,0,0,0,0,1,1,0,0,1,0,0
2826,2540,Manual,NO,DK 234,Maiz,NO,Manual,SI,1.0,3534.8837209302324,6.0,49.0,84.0,60000.0,22,0,0,0,0,0,0,0,0,0,0,0,0,0,0,0,0
2831,2541,Manual,NO,DK 234,Maiz,NO,Manual,SI,2.0,3265.116279069767,5.0,53.0,82.0,65000.0,22,0,0,0,0,0,0,0,0,0,0,0,0,0,0,0,0
2835,2543,Manual,NO,Impacto (Syngenta),Maiz,NO,Manual,SI,2.0,3255.813953488372,5.0,51.0,80.0,60000.0,25,0,0,0,0,0,0,0,0,0,0,0,0,0,0,0,0
2836,2544,Manual,NO,DK 234,Maiz,NO,Manual,SI,1.0,3348.8372093023254,6.0,50.0,84.0,70000.0,20,0,0,0,0,0,0,0,0,0,0,0,0,0,0,0,0
2837,2545,Mecanizado,NO,DK 234,Maiz,NO,Manual,SI,1.5,3813.953488372093,5.0,51.0,90.0,70000.0,20,0,0,0,0,0,0,0,0,0,0,0,0,0,0,0,0
2860,2607,Manual,NO,PAC 105,Algodón,NO,Manual,NO,1.0,3296.5116279069766,6.0,42.0,80.0,63000.0,19,0,0,2,0,0,0,0,0,0,0,1,0,0,0,1,1
2862,2609,Mecanizado,SI,DK 234,Algodón,NO,Manual,NO,4.0,5308.139534883721,6.0,44.0,78.0,62000.0,19,0,0,2,0,0,0,0,0,0,0,1,0,0,0,1,1
2863,2610,Manual,SI,PAC 105,Algodón,NO,Manual,NO,2.0,4651.162790697675,5.0,44.0,74.0,54000.0,18,0,0,1,0,0,0,0,0,0,0,0,0,0,0,2,1
2864,2611,Mecanizado,SI,DK 234,Algodón,NO,Manual,NO,3.5,6273.2558139534885,6.0,44.0,81.0,58000.0,18,0,0,1,0,0,0,0,0,0,0,1,0,0,0,1,0
2865,2612,Mecanizado,SI,DK 234,Maiz,NO,Mecanizada,NO,3.0,1674.4186046511627,6.0,40.0,82.0,72000.0,18,0,0,0,0,0,0,0,0,0,0,1,0,0,0,1,0
2866,2613,Mecanizado,SI,DK 234,Algodón,NO,Mecanizada,NO,10.0,5018.604651162791,6.0,44.0,70.0,50000.0,19,0,0,0,0,0,0,0,0,0,0,1,0,0,0,0,0
2867,2614,Manual,SI,PAC 105,Algodón,NO,Manual,NO,1.0,4386.046511627907,6.0,44.0,78.0,50000.0,19,0,0,0,0,0,0,0,0,0,0,1,0,0,0,1,0
2871,2619,Manual,NO,Impacto (Syngenta),Maiz,NO,Manual,NO,3.0,3627.9069767441856,6.0,48.0,84.0,70000.0,11,0,0,0,0,0,0,0,0,0,0,0,0,0,0,0,0
2873,2618,Mecanizado,NO,DK 234,Algodón,NO,Manual,NO,5.0,3720.9302325581393,6.0,54.0,79.0,60000.0,11,0,0,0,0,0,0,0,0,0,0,0,0,0,0,1,0
2886,2626,Manual,NO,DK 234,Maiz,NO,Mecanizada,SI,3.0,3355.813953488372,7.0,52.0,77.0,60000.0,11,0,0,0,0,0,0,0,0,0,0,0,0,0,0,1,0
2888,2628,Manual,NO,P3966 (Pioneer),Maiz,NO,Manual,SI,2.0,3441.860465116279,7.0,55.0,77.0,50000.0,14,0,0,0,0,0,0,0,0,0,0,0,0,0,0,1,0
2889,2629,Manual,NO,Impacto (Syngenta),Algodón,NO,Manual,SI,1.0,3255.813953488372,7.0,52.0,80.0,50000.0,10,0,0,0,0,0,0,0,0,0,0,0,0,0,0,0,0
2890,2630,Manual,NO,DK 234,Algodón,SI,Manual,NO,1.0,3174.4186046511627,7.0,54.0,81.0,60000.0,10,0,0,0,0,0,0,0,0,0,0,0,0,0,0,1,0
2891,2631,Mecanizado,SI,ICA V 109,Maiz,SI,Manual,NO,1.0,3051.1627906976746,6.0,43.0,83.0,65500.0,2,0,0,0,0,0,0,0,0,0,0,1,0,0,0,1,1
2892,2632,Mecanizado,SI,ICA V 109,Algodón,SI,Manual,NO,7.0,2930.232558139535,6.0,45.0,84.0,62000.0,18,0,0,0,0,0,0,0,0,0,0,1,0,0,0,2,0
2893,2634,Manual,NO,ADV 9339 (Syngenta),Algodón,NO,Manual,NO,1.0,4000.0,7.0,52.0,83.0,60000.0,10,0,0,0,0,0,0,0,0,0,0,0,0,0,0,1,0
2894,2633,Mecanizado,NO,Otro,Maiz,NO,Manual,NO,3.5,4372.093023255814,7.0,54.0,87.0,55000.0,11,0,0,0,0,0,0,0,0,0,0,0,0,0,0,0,0
2895,2635,Manual,NO,DK7088,Algodón,SI,Manual,SI,1.0,4290.697674418605,6.0,56.0,84.0,60000.0,10,0,0,0,0,0,0,0,0,0,0,1,0,0,0,0,0
2896,2636,Manual,NO,Otro,Maiz,NO,Mecanizada,SI,1.3,3906.9767441860463,4.0,56.0,84.0,60000.0,10,0,0,0,0,0,0,0,0,0,0,0,0,0,0,0,0
2897,2637,Manual,NO,Otro,,NO,Manual,NO,2.0,4081.395348837209,6.0,58.0,92.0,50000.0,10,0,0,0,0,0,0,0,0,0,0,0,0,0,0,0,0
2898,2638,Manual,NO,P3966 (Pioneer),Maiz,SI,Manual,SI,1.0,4186.0465116279065,5.0,53.0,79.0,60000.0,9,0,0,0,0,0,0,0,0,0,0,0,0,0,0,1,0
2899,2639,Manual,NO,Otro,Maiz,SI,Manual,SI,1.5,4004.651162790698,7.0,55.0,86.0,50000.0,10,0,0,0,0,0,0,0,0,0,0,0,0,0,0,0,0
2901,2641,Mecanizado,SI,ADV 9339 (Syngenta),Maiz,SI,Manual,SI,3.5,3813.953488372093,6.0,51.0,88.0,60000.0,10,0,0,0,0,0,0,0,0,0,0,0,0,0,0,1,0
2902,2642,Manual,NO,ADV 9339 (Syngenta),Maiz,SI,Manual,SI,1.2,3906.9767441860463,6.0,54.0,92.0,60000.0,11,0,0,0,0,0,0,0,0,0,0,0,0,0,0,1,0
2909,2645,Manual,NO,Otro,Maiz,SI,Manual,SI,1.0,4186.0465116279065,5.0,54.0,92.0,60000.0,11,0,0,0,0,0,0,0,0,0,0,0,0,0,0,0,0
2914,2646,Manual,NO,Otro,Maiz,NO,Manual,SI,1.7,3900.0,6.0,52.0,94.0,60000.0,11,0,0,0,0,0,0,0,0,0,0,0,0,0,0,0,0
2915,2643,Manual,NO,Otro,Algodón,SI,Manual,SI,3.0,4000.0,5.0,56.0,81.0,58000.0,12,0,0,0,0,0,0,0,0,0,0,0,0,0,0,0,0
2917,2644,Manual,SI,Otro,Maiz,NO,Manual,SI,1.5,4186.0465116279065,5.0,52.0,88.0,60000.0,10,0,0,0,0,0,0,0,0,0,0,0,0,0,0,1,0
2921,2660,Mecanizado,NO,Otro,Maiz,NO,Manual,NO,3.2,4000.0,5.0,54.0,80.0,60000.0,10,0,0,0,0,0,0,0,0,0,0,0,0,0,0,1,0
2923,2663,Manual,NO,Otro,Algodón,SI,Manual,NO,2.0,3906.9767441860463,6.0,51.0,87.0,60000.0,8,0,0,0,0,0,0,0,0,0,0,0,0,0,0,0,0
2924,2659,Manual,NO,DK 234,Maiz,NO,Manual,SI,1.0,3720.9302325581393,6.0,53.0,84.0,60000.0,10,0,0,0,0,0,0,0,0,0,0,0,0,0,0,0,0
2925,2664,Manual,NO,P3966 (Pioneer),Algodón,SI,Manual,SI,1.0,3720.9302325581393,6.0,50.0,87.0,60000.0,11,0,0,0,0,0,0,0,0,0,0,0,0,0,0,0,0
2926,2665,Manual,NO,DK 234,Maiz,NO,Manual,NO,1.2,3720.9302325581393,6.0,48.0,92.0,60000.0,10,0,0,0,0,0,0,0,0,0,0,0,0,0,0,0,0
2935,2686,Manual,NO,Otro,Algodón,NO,Manual,SI,1.0,4186.0465116279065,6.0,53.0,80.0,60000.0,10,0,0,0,0,0,0,0,0,0,0,0,0,0,0,0,0
2936,2687,Manual,NO,Otro,Maiz,NO,Manual,SI,1.0,4172.093023255814,6.0,52.0,82.0,50000.0,10,0,0,0,0,0,0,0,0,0,0,0,0,0,0,0,0
2937,2688,Manual,NO,P3966 (Pioneer),Algodón,NO,Manual,SI,1.0,4186.0465116279065,5.0,50.0,84.0,60000.0,10,0,0,0,0,0,0,0,0,0,0,0,0,0,0,1,0
2938,2689,Mecanizado,NO,Otro,Algodón,NO,Manual,SI,2.5,4279.069767441861,6.0,54.0,84.0,55000.0,11,0,0,0,0,0,0,0,0,0,0,0,0,0,0,0,0
2940,2691,Manual,NO,Otro,Maiz,NO,Manual,SI,1.7,4279.069767441861,6.0,54.0,82.0,55000.0,10,0,0,0,0,0,0,0,0,0,0,0,0,0,0,0,0
2942,2693,Manual,SI,Otro,Algodón,SI,Manual,SI,2.1,4172.093023255814,6.0,53.0,84.0,60000.0,10,0,0,0,0,0,0,0,0,0,0,0,0,0,0,0,0
2944,2675,Manual,SI,ADV 9339 (Syngenta),Maiz,NO,Manual,SI,1.5,3906.9767441860463,6.0,54.0,85.0,60000.0,14,0,0,0,0,0,0,0,0,0,0,0,0,0,0,1,0
2946,2677,Manual,NO,P3966 (Pioneer),Maiz,NO,Manual,SI,1.0,4186.0465116279065,6.0,47.0,79.0,60000.0,14,0,0,0,0,0,0,0,0,0,0,0,0,0,0,0,0
2948,2679,Manual,SI,ADV 9339 (Syngenta),Maiz,NO,Manual,SI,1.0,4093.023255813953,6.0,53.0,76.0,60000.0,14,0,0,0,0,0,0,0,0,0,0,0,0,0,0,1,0
2949,2678,Manual,SI,P4082 (Pioneer),Maiz,NO,Manual,SI,1.0,4386.046511627907,5.0,50.0,87.0,62000.0,12,0,0,0,0,0,0,0,0,0,0,0,0,0,0,0,0
2950,2684,Manual,SI,P3966 (Pioneer),Maiz,SI,Manual,SI,3.2,4186.0465116279065,6.0,51.0,76.0,62000.0,11,0,0,0,0,0,0,0,0,0,0,0,0,0,0,0,0
2952,2682,Manual,NO,Otro,Algodón,NO,Manual,SI,2.5,4093.023255813953,6.0,51.0,86.0,60000.0,11,0,0,0,0,0,0,0,0,0,0,0,0,0,0,0,0
2953,2681,Manual,SI,P3966 (Pioneer),Algodón,SI,Manual,SI,1.2,4290.697674418605,5.0,49.0,94.0,60000.0,11,0,0,0,0,0,0,0,0,0,0,0,0,0,0,1,0
2954,2680,Manual,SI,Otro,Algodón,SI,Manual,SI,2.7,4186.0465116279065,5.0,51.0,85.0,60000.0,10,0,0,0,0,0,0,0,0,0,0,0,0,0,0,1,0
3022,2744,Mecanizado,NO,Otro,Maiz,SI,Mecanizada,NO,12.0,5086.046511627907,5.0,45.0,98.0,60000.0,12,0,0,0,0,0,0,0,0,0,0,1,0,0,0,1,0
3024,2746,Mecanizado,SI,DK 234 YGRR,Maiz,NO,Mecanizada,NO,8.0,5308.139534883721,4.0,47.0,80.0,63000.0,8,0,0,0,0,0,0,0,0,0,0,1,0,0,0,1,0
3044,2766,Mecanizado,NO,PAC 105,Maiz,NO,Manual,NO,1.5,2860.4651162790697,4.0,46.0,75.0,60000.0,6,0,0,0,0,0,0,0,0,0,1,0,0,0,0,1,0
3048,2770,Mecanizado,NO,DK7088,Maiz,NO,Mecanizada,NO,3.0,4767.441860465116,4.0,46.0,77.0,60000.0,8,0,0,0,0,0,0,0,0,0,0,1,0,0,0,2,0
3103,2818,Manual,NO,Otro,Maiz,NO,Manual,NO,1.0,4102.325581395348,6.0,49.0,83.0,56000.0,14,0,0,0,0,0,0,0,0,0,0,1,0,0,0,2,0
3106,2827,Manual,NO,CORPOICA V 114,Maiz,NO,Manual,NO,1.0,2412.790697674419,3.0,50.0,77.0,58000.0,16,0,0,0,0,0,0,0,0,0,0,1,0,0,0,2,0
3122,2841,Manual,NO,PIONEER 30F35 HRR,Maiz,NO,Manual,NO,2.0,3579.0697674418607,6.0,51.0,78.0,60000.0,16,0,0,0,0,0,0,0,0,0,0,1,0,0,0,2,0
3123,2829,Manual,NO,PIONEER 30F35 HRR,Maiz,NO,Manual,NO,1.0,3013.953488372093,6.0,44.0,85.0,56000.0,16,0,0,0,0,0,0,0,0,0,0,1,0,0,0,2,0
3124,2842,Mecanizado,NO,PIONEER 30F35 HRR,Maiz,NO,Mecanizada,NO,5.0,3623.255813953489,5.0,47.0,79.0,62500.0,16,0,0,0,0,0,0,0,0,0,0,1,0,0,0,2,0
3125,2843,Manual,SI,DK 234 YGRR,Maiz,NO,Manual,NO,2.0,3337.2093023255816,5.0,48.0,78.0,60000.0,16,0,0,0,0,0,0,0,0,0,0,1,0,0,0,2,0
"3135,2853,Manual,NO,PIONEER 30F35 HRR,Maiz,NO,Manual,NO,2.0,3813.953488372093,,,,""0     NaN"
1     NaN
2     NaN
3     NaN
4     NaN
       ..
993   NaN
994   NaN
995   NaN
996   NaN
997   NaN
"Name: AREA, Length: 882, dtype: float64"",15,0,0,0,0,0,0,0,0,0,0,0,0,0,0,0,0"
3145,2863,Manual,NO,Sinko (Syngenta),Maiz,NO,Manual,NO,1.0,1883.7209302325584,5.0,46.0,87.0,42000.0,72,0,0,0,0,0,0,0,0,0,0,0,0,0,0,2,0
3146,2864,Manual,NO,Sinko (Syngenta),Maiz,NO,Manual,NO,1.0,1883.7209302325584,5.0,45.0,89.0,42000.0,73,0,0,0,0,0,0,0,0,0,0,0,0,0,0,2,0
3147,2865,Manual,NO,Sinko (Syngenta),Maiz,NO,Manual,NO,1.0,1953.4883720930231,5.0,44.0,84.0,42000.0,72,0,0,0,0,0,0,0,0,0,0,0,0,0,0,2,0
3148,2866,Manual,NO,Sinko (Syngenta),Maiz,NO,Manual,NO,1.0,2046.5116279069769,5.0,46.0,87.0,42000.0,73,0,0,0,0,0,0,0,0,0,0,0,0,0,0,3,0
3157,2885,Manual,NO,Otro,Maiz,NO,Manual,NO,1.2,2072.093023255814,6.0,46.0,83.0,42000.0,70,0,0,0,0,0,0,0,0,0,0,0,0,0,0,3,0
3158,2886,Manual,NO,Sinko (Syngenta),Maiz,NO,Manual,NO,1.0,2354.651162790697,5.0,47.0,85.0,42000.0,70,0,0,0,0,0,0,0,0,0,0,0,0,0,0,0,0
3159,2887,Manual,NO,Otro,Maiz,NO,Manual,NO,1.0,2046.5116279069769,5.0,47.0,84.0,42000.0,72,0,0,0,0,0,0,0,0,0,0,0,0,0,0,0,0
3160,2888,Manual,NO,Sinko (Syngenta),Maiz,NO,Manual,NO,1.0,3674.4186046511622,5.0,46.0,90.0,42000.0,60,0,0,0,0,0,0,0,0,0,1,0,0,0,0,2,0
3161,2889,Mecanizado,NO,P3966 (Pioneer),Maiz,SI,Manual,SI,1.2,2354.651162790697,5.0,47.0,86.0,74000.0,16,0,0,0,0,0,0,0,0,0,0,0,0,0,0,0,0
3164,2890,Manual,NO,Sinko (Syngenta),Maiz,NO,Manual,NO,1.2,3044.186046511628,5.0,46.0,90.0,42000.0,73,0,0,0,0,0,0,0,0,0,0,0,0,0,0,1,0
3165,2891,Manual,NO,Sinko (Syngenta),Maiz,SI,Manual,NO,1.0,2697.6744186046512,5.0,26.0,112.0,52000.0,8,0,0,0,0,0,0,0,0,0,0,0,0,0,0,0,0
"3170,2906,Mecanizado,SI,P3966 (Pioneer),Maiz,SI,Mecanizada,NO,4.0,5274.418604651163,,,,""0     NaN"
1     NaN
2     NaN
3     NaN
4     NaN
       ..
993   NaN
994   NaN
995   NaN
996   NaN
997   NaN
"Name: AREA, Length: 882, dtype: float64"",7,0,0,0,0,0,0,0,0,0,0,0,0,0,0,0,0"
3171,2907,Mecanizado,SI,P3966 (Pioneer),Maiz,SI,Mecanizada,NO,3.5,5180.232558139535,5.0,47.0,82.0,68000.0,6,0,0,0,0,0,0,0,0,0,0,0,0,0,0,1,0
3172,2908,Mecanizado,SI,P3966 (Pioneer),Maiz,SI,Mecanizada,NO,8.0,4709.302325581395,5.0,46.0,95.0,73000.0,5,0,0,0,0,0,0,0,0,0,2,1,0,0,1,2,0
3173,2909,Mecanizado,SI,P3966 (Pioneer),Maiz,SI,Mecanizada,NO,10.0,5180.232558139535,5.0,46.0,95.0,73000.0,6,0,0,0,0,0,0,0,0,0,2,1,0,0,1,2,0
3174,2895,Manual,NO,PIONEER 30F35 HRR,Maiz,NO,Manual,NO,6.0,4343.023255813953,4.0,46.0,82.0,62000.0,8,0,0,0,0,0,0,0,0,0,1,1,0,0,0,2,0
3175,2896,Manual,NO,ADV 9293 (Syngenta),Maiz,NO,Manual,NO,4.0,3088.372093023256,4.0,47.0,84.0,60000.0,6,0,0,0,0,0,0,0,0,0,1,1,0,0,0,1,2
3176,2897,Manual,NO,DK 234 YGRR,Maiz,NO,Manual,NO,5.0,5469.767441860465,5.0,48.0,72.0,60000.0,5,0,0,0,0,0,0,0,0,0,1,1,0,0,0,2,0
3177,2898,Manual,NO,DK 234 YGRR,Maiz,NO,Manual,NO,2.3,2991.860465116279,5.0,48.0,80.0,60000.0,8,0,0,0,0,0,0,0,0,0,1,1,0,0,0,2,0
3178,2899,,NO,,Maiz,NO,Manual,NO,1.8,5053.488372093024,5.0,48.0,79.0,60000.0,6,0,0,0,0,0,0,0,0,0,1,1,0,0,0,2,0
3179,2900,Manual,NO,PIONEER 30F35 HRR,Maiz,NO,Manual,NO,3.0,4862.790697674419,4.0,47.0,80.0,62000.0,9,0,0,0,0,0,0,0,0,0,1,1,0,0,0,2,0
3180,2901,Manual,NO,PIONEER 30F35 HRR,Maiz,NO,Manual,NO,1.5,4632.558139534884,4.0,46.0,78.0,60000.0,6,0,0,0,0,0,0,0,0,0,1,1,0,0,0,2,0
3181,2902,Manual,NO,DK 234 YGRR,Maiz,NO,Manual,NO,1.3,4825.581395348838,4.0,46.0,81.0,60000.0,5,0,0,0,0,0,0,0,0,0,1,1,0,0,0,2,0
3182,2903,Mecanizado,NO,DK 234 YGRR,Maiz,NO,Manual,NO,1.5,3909.302325581396,5.0,45.0,85.0,62000.0,4,0,0,0,0,0,0,0,0,0,0,1,0,0,0,2,0
3183,2904,Manual,NO,DK7088,Maiz,NO,Manual,NO,2.0,4825.581395348838,4.0,49.0,85.0,60000.0,6,0,0,0,0,0,0,0,0,0,1,1,0,0,0,2,0
3184,2905,Manual,NO,PIONEER 30F35 HRR,Maiz,SI,Manual,NO,4.0,3474.418604651163,5.0,49.0,79.0,60000.0,5,0,0,0,0,0,0,0,0,0,1,1,0,0,0,2,0
3185,2910,Mecanizado,SI,P3966 (Pioneer),Maiz,SI,Mecanizada,NO,12.0,5462.790697674419,5.0,46.0,92.0,73000.0,5,0,0,0,0,0,0,0,0,0,0,2,0,0,0,3,0
3187,2911,Mecanizado,SI,P3966 (Pioneer),Maiz,SI,Manual,SI,1.0,4593.023255813953,5.0,46.0,89.0,70000.0,5,0,0,0,0,0,0,0,0,0,0,0,0,0,0,4,0
3188,2912,Mecanizado,SI,PIONEER 30F35 HRR,Maiz,NO,Manual,NO,3.0,5790.697674418605,4.0,47.0,87.0,62000.0,8,0,0,0,0,0,0,0,0,0,1,0,0,0,0,1,0
3190,2916,Mecanizado,SI,P3966 (Pioneer),Maiz,SI,Manual,SI,3.0,5180.232558139535,5.0,47.0,90.0,72000.0,5,0,0,0,0,0,0,0,0,0,2,1,0,0,0,1,0
3191,2913,Mecanizado,SI,DK7088,Maiz,SI,Manual,NO,4.0,5816.279069767442,5.0,48.0,84.0,62000.0,6,0,0,0,0,0,0,0,0,0,1,0,0,0,0,1,0
3192,2914,Manual,NO,PIONEER 30F35 HRR,Maiz,NO,Manual,NO,1.0,5244.186046511628,4.0,49.0,78.0,62000.0,9,0,0,0,0,0,0,0,0,0,1,1,0,0,0,1,0
3193,2773,Mecanizado,NO,PIONEER 30F35 HRR,Maiz,NO,Manual,NO,4.0,4958.139534883721,3.0,47.0,78.0,62000.0,6,0,0,0,0,0,0,0,0,0,0,2,0,0,0,1,0
3194,2772,Mecanizado,NO,PIONEER 30F35 HRR,Maiz,NO,Manual,NO,4.0,4958.139534883721,6.0,43.0,83.0,60000.0,7,0,0,0,0,0,0,0,0,0,0,2,0,0,0,1,0
3195,2771,Mecanizado,NO,PIONEER 30F35 HRR,Maiz,NO,Manual,NO,4.0,3909.302325581396,5.0,45.0,78.0,62000.0,10,0,0,0,0,0,0,0,0,0,0,1,0,0,0,1,0
3196,2917,Mecanizado,SI,P3966 (Pioneer),Maiz,SI,Manual,SI,1.0,5462.790697674419,5.0,46.0,96.0,73000.0,5,0,0,0,0,0,0,0,0,0,0,1,0,0,0,4,0
3197,2918,Mecanizado,SI,P3966 (Pioneer),Maiz,SI,Mecanizada,NO,6.0,5462.790697674419,5.0,46.0,95.0,73000.0,5,0,0,0,0,0,0,0,0,0,0,2,0,0,0,2,0
3198,2919,Mecanizado,SI,DK 234 YGRR,Maiz,SI,Mecanizada,NO,7.0,4930.232558139534,5.0,46.0,96.0,72000.0,4,0,0,0,0,0,0,0,0,0,2,1,0,0,1,2,0
3201,2920,Manual,NO,PIONEER 30F35 HRR,Maiz,NO,Manual,NO,1.5,4922.093023255814,4.0,48.0,80.0,62000.0,4,0,0,0,0,0,0,0,0,0,0,1,0,0,0,2,0
3202,2921,Manual,NO,Impacto (Syngenta),Maiz,NO,Manual,NO,1.0,4343.023255813953,4.0,46.0,92.0,62000.0,3,0,0,0,0,0,0,0,0,0,1,1,0,0,0,2,0
3203,2922,Mecanizado,NO,Impacto (Syngenta),Maiz,NO,Manual,NO,5.0,4343.023255813953,3.0,45.0,85.0,62000.0,4,0,0,0,0,0,0,0,0,0,1,0,1,0,0,1,1
3204,2923,Manual,NO,PIONEER 30F35 HRR,Maiz,NO,Manual,NO,1.0,4150.0,4.0,48.0,83.0,62000.0,4,0,0,0,0,0,0,0,0,0,1,1,0,0,0,1,0
3205,2924,Manual,NO,DK 234,Maiz,NO,Manual,NO,1.0,4004.651162790698,4.0,47.0,81.0,60000.0,3,0,0,0,0,0,0,0,0,0,1,1,0,0,0,1,0
3206,2925,Manual,NO,DK 234 YGRR,Maiz,NO,Manual,NO,1.0,3377.906976744186,4.0,45.0,85.0,62000.0,3,0,0,0,0,0,0,0,0,0,1,1,0,0,0,1,0
3207,2926,Manual,NO,DK7088,Maiz,NO,Manual,NO,2.0,3281.395348837209,4.0,45.0,83.0,60000.0,4,0,0,0,0,0,0,0,0,0,1,0,0,0,0,2,0
3208,2927,Manual,NO,PIONEER 30F35 HRR,Maiz,NO,Manual,NO,1.0,4439.53488372093,5.0,48.0,85.0,6000.0,4,0,0,0,0,0,0,0,0,0,1,1,0,0,0,2,0
3209,2928,Mecanizado,NO,DK7088,Maiz,NO,Manual,NO,3.0,4958.139534883721,5.0,47.0,82.0,62000.0,4,0,0,0,0,0,0,0,0,0,1,1,0,0,0,1,0
3210,2929,Mecanizado,NO,DK7088,Maiz,NO,Manual,NO,8.0,3763.953488372093,4.0,47.0,79.0,60000.0,4,0,0,0,0,0,0,0,0,0,1,0,0,0,0,2,0
3211,2930,Mecanizado,SI,PIONEER 30F35 HRR,Maiz,NO,Manual,NO,12.0,3860.46511627907,4.0,46.0,79.0,62000.0,3,0,0,0,0,0,0,0,0,0,1,1,0,0,0,1,0
3212,2931,Manual,SI,PIONEER 30F35 HRR,Maiz,NO,Manual,NO,3.0,4150.0,4.0,45.0,81.0,60000.0,6,0,0,0,0,0,0,0,0,0,1,1,0,0,0,1,0
3213,2932,Manual,NO,DK7088,Maiz,NO,Manual,NO,4.0,4958.139534883721,4.0,46.0,80.0,60000.0,7,0,0,0,0,0,0,0,0,0,1,1,0,0,0,2,0
3214,2933,Manual,NO,PIONEER 30F35 HRR,Maiz,NO,Manual,NO,1.0,5079.069767441861,4.0,45.0,94.0,60000.0,6,0,0,0,0,0,0,0,0,0,0,1,0,0,0,1,0
3215,2934,Mecanizado,SI,PIONEER 30F35 HRR,Maiz,NO,Manual,NO,3.0,4862.790697674419,4.0,47.0,87.0,60000.0,6,0,0,0,0,0,0,0,0,0,0,2,0,0,0,1,0
3216,2935,Manual,NO,DK 234,Maiz,NO,Manual,NO,1.0,4729.069767441861,4.0,46.0,84.0,60000.0,6,0,0,0,0,0,0,0,0,0,1,1,0,0,0,1,0
3217,2936,Manual,NO,PIONEER 30F35 HRR,Maiz,NO,Manual,NO,1.5,5018.604651162791,4.0,46.0,83.0,60000.0,8,0,0,0,0,0,0,0,0,0,1,1,0,0,0,2,0
3218,2937,Manual,NO,DK7088,Maiz,NO,Manual,NO,2.0,3763.953488372093,4.0,48.0,83.0,60000.0,7,0,0,0,0,0,0,0,0,0,1,0,0,0,0,2,0
3219,2938,Manual,NO,Impacto (Syngenta),Pastos,NO,Manual,NO,2.0,4150.0,4.0,45.0,83.0,55000.0,3,0,0,0,0,0,0,0,0,0,1,0,0,0,0,2,0
3220,2939,Manual,NO,PIONEER 30F35 HRR,Maiz,NO,Manual,NO,2.0,5018.604651162791,4.0,48.0,80.0,60000.0,3,0,0,0,0,0,0,0,0,0,1,1,0,0,0,1,0
3221,2940,Manual,NO,PIONEER 30F35 H,Maiz,NO,Manual,NO,1.0,4053.488372093024,3.0,47.0,81.0,60000.0,4,0,0,0,0,0,0,0,0,0,0,1,0,0,0,2,0
3222,2941,Manual,NO,Impacto (Syngenta),Pastos,NO,Manual,NO,3.0,4004.651162790698,4.0,47.0,83.0,50000.0,3,0,0,0,0,0,0,0,0,0,1,0,0,0,0,2,0
3223,2942,Manual,NO,PIONEER 30F35 HRR,Pastos,NO,Manual,NO,3.0,4386.046511627907,4.0,47.0,80.0,60000.0,3,0,0,0,0,0,0,0,0,0,1,0,0,0,0,1,0
3224,2943,Manual,NO,PIONEER 30F35 HRR,Maiz,NO,Manual,NO,1.0,4958.139534883721,5.0,47.0,84.0,60000.0,4,0,0,0,0,0,0,0,0,0,1,1,0,0,0,1,0
3225,2944,Manual,NO,ADV 9339 (Syngenta),Pastos,NO,Manual,NO,1.0,4290.697674418605,4.0,47.0,87.0,60000.0,4,0,0,0,0,0,0,0,0,0,1,0,0,0,0,2,0
3227,2946,Manual,NO,PIONEER 30F35 HRR,Pastos,NO,Manual,NO,2.0,4632.558139534884,4.0,49.0,87.0,60000.0,3,0,0,0,0,0,0,0,0,0,1,0,0,0,0,2,0
3228,2947,Manual,NO,Sinko (Syngenta),Maiz,NO,Manual,NO,1.0,2991.860465116279,4.0,47.0,85.0,60000.0,3,0,0,0,0,0,0,0,0,0,2,1,0,0,0,1,0
3229,2948,Manual,NO,PIONEER 30F35 H,Maiz,NO,Manual,NO,1.0,3667.441860465117,4.0,47.0,86.0,60000.0,3,0,0,0,0,0,0,0,0,0,2,1,0,0,0,2,0
3230,2950,Manual,NO,Otro,Maiz,NO,Manual,NO,1.0,1158.139534883721,4.0,47.0,87.0,55000.0,4,0,0,0,0,0,0,0,0,0,2,1,0,0,0,2,0
3231,2951,Manual,NO,Sinko (Syngenta),Maiz,NO,Manual,NO,1.0,3088.372093023256,4.0,47.0,85.0,60000.0,3,0,0,0,0,0,0,0,0,0,2,1,0,0,0,2,0
3232,2952,Mecanizado,SI,P3966 (Pioneer),Maiz,SI,Manual,SI,3.0,4803.488372093023,5.0,49.0,81.0,73000.0,4,0,0,0,0,0,0,0,0,0,0,1,0,0,0,1,0
3233,2953,Manual,SI,P3966 (Pioneer),Maiz,SI,Manual,SI,1.0,4465.116279069767,5.0,48.0,79.0,72000.0,7,0,0,0,0,0,0,0,0,0,0,1,0,0,0,3,0
3234,2954,Manual,SI,Otro,Maiz,SI,Manual,SI,1.5,4465.116279069767,5.0,48.0,87.0,72000.0,5,0,0,0,0,0,0,0,0,0,0,1,0,0,0,4,0
3235,2955,Mecanizado,SI,DK 234 YGRR,Maiz,SI,Manual,NO,3.0,4651.162790697675,5.0,48.0,84.0,73000.0,5,0,0,0,0,0,0,0,0,0,0,1,0,0,0,1,0
3236,2956,Manual,NO,Otro,Maiz,SI,Manual,SI,1.0,4520.930232558139,5.0,47.0,83.0,74000.0,6,0,0,0,0,0,0,0,0,0,0,1,0,0,0,3,0
3237,2957,Mecanizado,SI,P3966 (Pioneer),Maiz,SI,Manual,SI,2.0,5488.372093023256,5.0,48.0,75.0,71000.0,7,0,0,0,0,0,0,0,0,0,0,1,0,0,0,3,0
3238,2958,Mecanizado,SI,DK 234 YGRR,Maiz,SI,Manual,SI,2.0,5462.790697674419,5.0,47.0,88.0,70000.0,7,0,0,0,0,0,0,0,0,0,0,1,0,0,0,1,0
3239,2959,Mecanizado,SI,P3966 (Pioneer),Maiz,SI,Manual,SI,5.0,5180.232558139535,5.0,47.0,79.0,70000.0,8,0,0,0,0,0,0,0,0,0,0,2,0,0,0,4,0
3240,2960,Mecanizado,SI,P3966 (Pioneer),Maiz,SI,Manual,SI,5.0,5180.232558139535,5.0,46.0,81.0,71000.0,6,0,0,0,0,0,0,0,0,0,0,1,0,0,0,4,0
3241,2961,Mecanizado,SI,DK 234 YGRR,Maiz,SI,Manual,SI,2.5,5462.790697674419,5.0,46.0,82.0,72000.0,5,0,0,0,0,0,0,0,0,0,0,1,0,0,0,1,0
3242,2962,Mecanizado,SI,P3966 (Pioneer),Maiz,SI,Manual,SI,2.0,5180.232558139535,5.0,49.0,81.0,71000.0,6,0,0,0,0,0,0,0,0,0,0,1,0,0,0,3,0
3243,2963,Mecanizado,SI,DK 234 YGRR,Maiz,SI,Mecanizada,SI,2.0,5180.232558139535,5.0,47.0,87.0,72000.0,7,0,0,0,0,0,0,0,0,0,0,1,0,0,0,1,0
3247,2967,Mecanizado,SI,DK 234 YGRR,Maiz,SI,Manual,SI,3.0,4186.0465116279065,5.0,46.0,88.0,72000.0,3,0,0,0,0,0,0,0,0,0,0,1,0,0,0,1,0
3248,2968,Manual,NO,Otro,Maiz,SI,Manual,SI,1.0,4186.0465116279065,5.0,48.0,85.0,72000.0,6,0,0,0,0,0,0,0,0,0,0,1,0,0,0,4,0
3249,2969,Mecanizado,SI,P3966 (Pioneer),Maiz,SI,Manual,SI,3.5,4558.13953488372,5.0,49.0,81.0,74000.0,5,0,0,0,0,0,0,0,0,0,0,1,0,0,0,2,0
3250,2970,Mecanizado,SI,P3966 (Pioneer),Maiz,SI,Manual,SI,1.4,4501.162790697675,5.0,47.0,86.0,73000.0,5,0,0,0,0,0,0,0,0,0,0,1,0,0,0,4,0
3251,2971,Mecanizado,SI,P3966 (Pioneer),Maiz,SI,Manual,SI,2.0,4558.13953488372,5.0,48.0,84.0,73000.0,5,0,0,0,0,0,0,0,0,0,0,1,0,0,0,2,0
3252,2972,Mecanizado,SI,P3966 (Pioneer),Maiz,SI,Manual,SI,1.5,4709.302325581395,5.0,47.0,85.0,73000.0,5,0,0,0,0,0,0,0,0,0,0,0,0,0,0,3,0
"3253,2973,Mecanizado,SI,PIONEER 30F35,Maiz,SI,Manual,SI,3.0,4651.162790697675,,,,""0     NaN"
1     NaN
2     NaN
3     NaN
4     NaN
       ..
993   NaN
994   NaN
995   NaN
996   NaN
997   NaN
"Name: AREA, Length: 882, dtype: float64"",4,0,0,0,0,0,0,0,0,0,0,0,0,0,0,0,0"
3254,2974,Manual,NO,Otro,Maiz,NO,Manual,SI,1.0,4776.744186046512,5.0,47.0,80.0,73000.0,4,0,0,0,0,0,0,0,0,0,0,1,0,0,0,3,0
3255,2975,Mecanizado,SI,DK 234 YGRR,Maiz,SI,Manual,SI,2.5,4593.023255813953,5.0,48.0,91.0,73500.0,7,0,0,0,0,0,0,0,0,0,0,1,0,0,0,2,0
3256,2986,Manual,NO,Otro,Maiz,NO,Manual,SI,1.0,3390.6976744186045,5.0,47.0,82.0,42000.0,75,0,0,0,0,0,0,0,0,0,0,0,0,0,0,1,0
3257,2987,Manual,NO,Otro,Maiz,NO,Manual,SI,1.0,3441.860465116279,5.0,46.0,84.0,42500.0,69,0,0,0,0,0,0,0,0,0,0,0,0,0,0,2,0
3258,2989,Manual,NO,Otro,Maiz,NO,Manual,SI,1.2,3534.8837209302324,5.0,47.0,89.0,41000.0,62,0,0,0,0,0,0,0,0,0,0,0,0,0,0,2,0
3259,2988,Manual,NO,Otro,Maiz,NO,Manual,NO,1.3,3484.883720930233,5.0,47.0,83.0,42000.0,73,0,0,0,0,0,0,0,0,0,0,0,0,0,0,1,0
3260,2990,Manual,NO,Sinko (Syngenta),Maiz,NO,Manual,SI,1.0,3673.255813953489,5.0,47.0,89.0,43000.0,59,0,0,0,0,0,0,0,0,0,0,0,0,0,0,1,0
3261,2991,Manual,NO,Sinko (Syngenta),Maiz,NO,Manual,SI,1.2,3441.860465116279,5.0,47.0,90.0,42000.0,61,0,0,0,0,0,0,0,0,0,0,0,0,0,0,2,0
3262,2992,Manual,NO,Sinko (Syngenta),Maiz,NO,Manual,SI,1.1,3296.5116279069766,5.0,45.0,93.0,42000.0,69,0,0,0,0,0,0,0,0,0,0,0,0,0,0,1,0
3263,2993,Manual,NO,Sinko (Syngenta),Maiz,NO,Manual,SI,1.3,3348.8372093023254,5.0,47.0,91.0,41500.0,69,0,0,0,0,0,0,0,0,0,0,0,0,0,0,2,0
3264,2994,Manual,NO,Otro,Maiz,NO,Manual,SI,1.2,3162.7906976744184,5.0,47.0,91.0,42000.0,67,0,0,0,0,0,0,0,0,0,0,0,0,0,0,2,0
3265,2995,Manual,NO,Otro,Maiz,NO,Manual,SI,1.0,3255.813953488372,5.0,42.0,92.0,43000.0,58,0,0,0,0,0,0,0,0,0,0,0,0,0,0,2,0
3266,2996,Manual,NO,Sinko (Syngenta),Maiz,NO,Manual,SI,1.0,3579.0697674418607,5.0,47.0,86.0,42000.0,60,0,0,0,0,0,0,0,0,0,0,0,0,0,0,2,0
3267,2976,Manual,NO,DK7088,Maiz,NO,Manual,NO,2.0,4862.790697674419,5.0,46.0,78.0,55000.0,7,0,0,1,0,0,0,0,0,0,0,1,0,0,0,1,0
3268,2977,Manual,NO,PIONEER 30F35 HRR,Maiz,NO,Manual,NO,1.0,4481.395348837209,4.0,45.0,82.0,55000.0,8,0,0,0,0,0,0,0,0,0,0,0,0,0,0,2,0
3270,2979,Manual,NO,PIONEER 30F35 HRR,Maiz,NO,Manual,NO,1.0,5244.186046511628,4.0,47.0,91.0,50000.0,8,0,0,0,0,0,0,0,0,0,0,1,0,0,0,1,0
3271,2980,Manual,NO,ADV 9339 (Syngenta),Maiz,NO,Manual,NO,1.0,3051.1627906976746,4.0,46.0,84.0,60000.0,10,0,0,0,0,0,0,0,0,0,1,1,0,0,0,2,0
3273,2982,Manual,NO,Otro,Maiz,NO,Manual,NO,1.0,3051.1627906976746,4.0,47.0,82.0,60000.0,5,0,0,0,0,0,0,0,0,0,1,1,0,0,0,2,0
3274,2983,Manual,NO,DK 234,Maiz,NO,Manual,NO,1.0,4825.581395348838,5.0,46.0,55.0,55000.0,7,0,0,0,0,0,0,0,0,0,1,0,0,0,0,1,0
3275,2984,Mecanizado,NO,PIONEER 30F35 HRR,Maiz,NO,Manual,NO,1.5,4536.046511627907,4.0,47.0,83.0,60000.0,10,0,0,0,0,0,0,0,0,0,1,1,0,0,0,1,0
3276,2985,Manual,NO,PIONEER 30F35 HRR,Maiz,NO,Manual,NO,1.0,4576.744186046512,4.0,46.0,79.0,50000.0,9,0,0,0,0,0,0,0,0,0,1,1,0,0,0,1,0
3277,2997,Manual,NO,PIONEER 30F35 HRR,Maiz,NO,Manual,NO,1.3,5816.279069767442,4.0,45.0,80.0,55000.0,11,0,0,0,0,0,0,0,0,0,1,0,0,0,0,2,0
3278,2998,Manual,NO,Impacto (Syngenta),Maiz,NO,Manual,NO,1.2,5339.53488372093,4.0,44.0,86.0,55000.0,9,0,0,0,0,0,0,0,0,0,1,1,0,0,0,2,0
3279,2999,Manual,NO,PIONEER 30F35 HRR,Maiz,NO,Manual,NO,2.0,5148.837209302325,4.0,47.0,87.0,55000.0,10,0,0,1,0,0,0,0,0,0,0,1,0,0,0,1,0
3280,3000,Manual,NO,Otro,Maiz,NO,Manual,NO,1.0,1525.5813953488373,5.0,51.0,84.0,15000.0,79,0,0,0,0,0,0,1,0,0,0,0,0,0,0,0,0
3281,3001,Manual,NO,Sinko (Syngenta),Maiz,NO,Manual,SI,1.0,2825.5813953488373,5.0,52.0,84.0,41000.0,70,0,0,0,0,0,0,0,0,0,0,0,0,0,0,1,0
3282,3002,Manual,NO,Otro,Maiz,NO,Manual,SI,1.1,2790.6976744186045,5.0,48.0,87.0,41000.0,68,0,0,0,0,0,0,0,0,0,0,0,0,0,0,2,0
3285,3005,Mecanizado,SI,DK 234 YGRR,Maiz,SI,Manual,SI,1.3,4050.0,5.0,47.0,83.0,73000.0,5,0,0,0,0,0,0,0,0,0,0,1,0,0,0,1,0
3286,3006,Mecanizado,SI,DK 234 YGRR,Maiz,SI,Manual,SI,1.4,4144.186046511628,5.0,47.0,83.0,72000.0,7,0,0,0,0,0,0,0,0,0,0,1,0,0,0,1,0
3287,3007,Mecanizado,SI,P3966 (Pioneer),Maiz,SI,Manual,SI,1.0,4144.186046511628,5.0,46.0,84.0,72000.0,8,0,0,0,0,0,0,0,0,0,0,1,0,0,0,2,0
3290,3010,Mecanizado,SI,P3966 (Pioneer),Maiz,SI,Manual,SI,1.0,3627.906976744186,5.0,47.0,87.0,73000.0,5,0,0,0,0,0,0,0,0,0,0,1,0,0,0,1,0
3291,3011,Mecanizado,SI,DK 234 YGRR,Maiz,SI,Manual,SI,3.0,3720.9302325581393,5.0,47.0,85.0,73000.0,5,0,0,0,0,0,0,0,0,0,0,1,0,0,0,0,0
3292,3012,Mecanizado,SI,DK 234 YGRR,Maiz,SI,Manual,SI,1.0,2825.5813953488373,5.0,46.0,89.0,73000.0,5,0,0,0,0,0,0,0,0,0,0,1,0,0,0,0,0
3293,3013,Mecanizado,SI,P3966 (Pioneer),Maiz,SI,Manual,SI,3.0,1286.046511627907,6.0,47.0,93.0,72000.0,4,0,0,0,0,0,0,0,0,0,0,0,0,0,0,2,0
3294,3014,Mecanizado,SI,Otro,Maiz,SI,Manual,SI,1.1,1116.2790697674418,5.0,45.0,92.0,71000.0,5,0,0,0,0,0,0,0,0,0,0,0,0,0,0,2,0
3295,3015,Mecanizado,SI,P3966 (Pioneer),Maiz,SI,Manual,SI,3.0,1116.2790697674418,5.0,46.0,91.0,72000.0,4,0,0,0,0,0,0,0,0,0,0,0,0,0,0,1,0
3297,3016,Manual,NO,DK7088,Maiz,NO,Manual,NO,2.0,5053.488372093024,4.0,47.0,88.0,55000.0,11,0,0,0,0,0,0,0,0,0,1,1,0,0,0,2,0
3298,3017,Mecanizado,NO,DK7088,Maiz,NO,Manual,NO,2.0,4767.441860465116,4.0,42.0,89.0,55000.0,13,0,0,0,0,0,0,0,0,0,1,1,0,0,0,1,0
3299,3018,Manual,NO,PIONEER 30F35 HRR,Maiz,NO,Manual,NO,1.5,4958.139534883721,4.0,48.0,82.0,55000.0,12,0,0,1,0,0,0,0,0,0,0,1,0,0,0,1,0
3300,3019,Manual,NO,Otro,Maiz,NO,Manual,NO,1.0,1716.279069767442,5.0,49.0,83.0,33000.0,48,0,0,0,0,0,0,1,0,0,0,0,0,0,0,0,0
3301,3020,Manual,NO,Otro,Maiz,NO,Manual,NO,1.0,1758.139534883721,5.0,47.0,84.0,30000.0,55,0,0,0,0,0,0,0,0,0,1,0,0,0,0,0,0
3302,3021,Manual,NO,Otro,Maiz,NO,Manual,NO,1.0,1906.9767441860463,4.0,17.0,115.0,30000.0,58,0,0,0,0,0,0,0,0,0,0,0,0,0,0,0,0
3303,3022,Manual,NO,PIONEER 30F35,Maiz,SI,Manual,SI,1.0,4426.744186046512,5.0,47.0,86.0,70000.0,3,0,0,0,0,0,0,0,0,0,0,1,0,0,0,3,0
3304,3023,Manual,SI,P3966 (Pioneer),Maiz,SI,Manual,SI,1.0,2976.7441860465115,5.0,46.0,92.0,72000.0,5,0,0,0,0,0,0,0,0,0,0,0,0,0,0,2,0
3305,3024,Mecanizado,NO,DK 234 YGRR,Maiz,SI,Manual,SI,4.0,3767.441860465117,5.0,47.0,88.0,72000.0,5,0,0,0,0,0,0,0,0,0,0,1,0,0,0,1,0
3306,3025,Mecanizado,SI,DK 234 YGRR,Maiz,SI,Manual,SI,2.5,3906.9767441860463,5.0,47.0,89.0,73000.0,5,0,0,0,0,0,0,0,0,0,0,1,0,0,0,1,0
3307,3026,Mecanizado,SI,P3966 (Pioneer),Maiz,SI,Manual,SI,1.6,3955.813953488372,5.0,48.0,89.0,73000.0,8,0,0,0,0,0,0,0,0,0,0,1,0,0,0,2,0
3308,3027,Mecanizado,SI,DK 234 YGRR,Maiz,SI,Manual,SI,1.0,4144.186046511628,5.0,47.0,86.0,72000.0,5,0,0,0,0,0,0,0,0,0,0,1,0,0,0,2,0
3309,3028,Mecanizado,SI,DK 234 YGRR,Maiz,SI,Manual,SI,1.7,3767.441860465117,5.0,48.0,86.0,72000.0,5,0,0,0,0,0,0,0,0,0,0,1,0,0,0,0,0
3310,3029,Manual,NO,P3966 (Pioneer),Maiz,SI,Manual,SI,1.0,4133.720930232558,5.0,46.0,90.0,72000.0,7,0,0,0,0,0,0,0,0,0,0,0,0,0,0,2,0
3311,3030,Manual,NO,P3966 (Pioneer),Maiz,SI,Manual,SI,1.0,3767.441860465117,5.0,46.0,88.0,72000.0,5,0,0,0,0,0,0,0,0,0,0,2,0,0,0,3,0
3312,3031,Mecanizado,SI,DK 234 YGRR,Maiz,SI,Manual,SI,1.0,3673.255813953489,5.0,47.0,91.0,73000.0,6,0,0,0,0,0,0,0,0,0,0,1,0,0,0,1,0
3313,3032,Mecanizado,SI,DK 234 YGRR,Maiz,SI,Manual,SI,1.5,3673.255813953489,5.0,47.0,92.0,73000.0,5,0,0,0,0,0,0,0,0,0,0,1,0,0,0,0,0
3314,3033,Mecanizado,SI,Otro,Maiz,SI,Manual,SI,1.2,3767.441860465117,5.0,47.0,85.0,73000.0,4,0,0,0,0,0,0,0,0,0,0,1,0,0,0,3,0
3315,3034,Mecanizado,SI,P3966 (Pioneer),Maiz,SI,Manual,SI,4.0,4050.0,5.0,47.0,84.0,73000.0,3,0,0,0,0,0,0,0,0,0,0,1,0,0,0,2,0
3316,3035,Manual,NO,Otro,Maiz,SI,Manual,SI,1.3,3296.5116279069766,5.0,46.0,87.0,71000.0,4,0,0,0,0,0,0,0,0,0,0,1,0,0,0,3,0
3317,3036,Manual,NO,P3966 (Pioneer),Maiz,SI,Manual,SI,1.5,3579.0697674418607,5.0,46.0,86.0,71000.0,4,0,0,0,0,0,0,0,0,0,0,1,0,0,0,2,0
3318,3037,Mecanizado,SI,P3966 (Pioneer),Maiz,SI,Manual,SI,2.0,3861.627906976744,6.0,47.0,87.0,72000.0,6,0,0,0,0,0,0,0,0,0,0,1,0,0,0,2,0
3319,3038,Mecanizado,SI,DK 234 YGRR,Maiz,SI,Manual,SI,1.0,3861.627906976744,5.0,47.0,91.0,73000.0,5,0,0,0,0,0,0,0,0,0,0,1,0,0,0,1,0
3320,3039,Mecanizado,SI,DK 234 YGRR,Maiz,SI,Manual,SI,2.0,3720.9302325581393,5.0,47.0,90.0,73000.0,5,0,0,0,0,0,0,0,0,0,0,1,0,0,0,0,0
3321,3040,Manual,NO,P3966 (Pioneer),Maiz,SI,Manual,SI,1.2,3673.255813953489,5.0,47.0,86.0,71000.0,6,0,0,0,0,0,0,0,0,0,0,1,0,0,0,2,0
3322,3041,Manual,NO,P3966 (Pioneer),Maiz,SI,Manual,SI,1.5,3673.255813953489,5.0,47.0,86.0,71000.0,6,0,0,0,0,0,0,0,0,0,0,1,0,0,0,2,0
3323,3042,Mecanizado,SI,DK 234 YGRR,Maiz,SI,Manual,SI,4.4,3767.441860465117,5.0,47.0,97.0,73000.0,4,0,0,0,0,0,0,0,0,0,0,1,0,0,0,1,0
3324,3043,Mecanizado,SI,DK 234 YGRR,Maiz,SI,Manual,SI,2.4,3767.441860465117,5.0,47.0,94.0,73000.0,7,0,0,0,0,0,0,0,0,0,0,1,0,0,0,2,0
3325,3044,Manual,NO,DK 234 YGRR,Maiz,SI,Manual,SI,1.0,3861.627906976744,5.0,46.0,93.0,72000.0,6,0,0,0,0,0,0,0,0,0,0,1,0,0,0,1,0
3326,3045,Manual,NO,DK 234 YGRR,Maiz,SI,Manual,SI,1.0,3861.627906976744,5.0,46.0,90.0,72000.0,5,0,0,0,0,0,0,0,0,0,0,1,0,0,0,0,0
3328,3046,Manual,NO,DK 234,Maiz,NO,Manual,NO,3.0,4922.093023255814,4.0,47.0,85.0,55000.0,13,0,0,0,0,0,0,0,0,0,0,1,0,0,0,1,0
3329,3047,Manual,NO,PIONEER 30F35 HRR,Maiz,NO,Manual,NO,2.0,5720.930232558139,5.0,48.0,113.0,55000.0,12,0,0,0,0,0,0,0,0,0,1,1,0,0,0,2,0
3330,3048,Manual,NO,DK 234,Maiz,NO,Manual,NO,1.5,5148.837209302325,5.0,46.0,88.0,55000.0,12,0,0,1,0,0,0,0,0,0,0,1,0,0,0,1,0
3331,3049,Mecanizado,NO,DK 234,Maiz,NO,Manual,NO,6.0,4922.093023255814,4.0,47.0,82.0,55000.0,10,0,0,0,0,0,0,0,0,0,0,1,0,0,0,1,0
3332,3050,Mecanizado,NO,Impacto (Syngenta),Maiz,NO,Manual,NO,2.0,5597.674418604652,4.0,48.0,84.0,55000.0,11,0,0,0,0,0,0,0,0,0,0,1,0,0,0,1,0
3333,3051,Mecanizado,NO,DK7088,Maiz,NO,Manual,NO,6.0,5597.674418604652,4.0,48.0,85.0,65000.0,10,0,0,1,0,0,0,0,0,0,0,1,0,0,0,1,0
3334,3052,Mecanizado,NO,PIONEER 30F35 HRR,Maiz,NO,Manual,NO,2.0,5404.6511627906975,4.0,48.0,81.0,55000.0,10,0,0,1,0,0,0,0,0,0,1,1,0,0,0,1,0
3335,3053,Manual,NO,Impacto (Syngenta),Maiz,NO,Manual,NO,1.5,5053.488372093024,4.0,47.0,85.0,55000.0,11,0,0,0,0,0,0,0,0,0,1,1,0,0,0,2,0
3336,3054,Mecanizado,NO,DK7088,Maiz,NO,Manual,NO,3.0,4922.093023255814,2.0,49.0,89.0,55000.0,8,0,0,0,0,0,0,0,0,0,0,2,0,0,0,1,0
3337,3055,Manual,NO,PIONEER 30F35 HRR,Maiz,NO,Manual,NO,2.0,5115.116279069768,4.0,47.0,85.0,55000.0,8,0,0,0,0,0,0,0,0,0,0,1,0,0,0,2,0
3339,3057,Manual,SI,PIONEER 30F35 HRR,Maiz,NO,Manual,NO,2.0,4958.139534883721,4.0,48.0,83.0,55000.0,9,0,0,0,0,0,0,0,0,0,0,1,0,0,0,2,0
3340,3058,Manual,SI,PIONEER 30F35 H,Maiz,NO,Manual,NO,1.5,5597.674418604652,4.0,46.0,86.0,60000.0,10,0,0,0,0,0,0,0,0,0,0,2,0,0,0,1,0
3341,3059,Manual,SI,DK 234,Maiz,NO,Manual,NO,1.0,5308.139534883721,4.0,47.0,82.0,55000.0,10,0,0,1,0,0,0,0,0,0,0,1,0,0,0,1,0
3342,3060,Mecanizado,SI,DK7088,Maiz,NO,Manual,NO,4.0,5530.232558139535,4.0,47.0,84.0,60000.0,11,0,0,0,0,0,0,0,0,0,1,1,0,0,0,1,0
3343,3061,Mecanizado,SI,PIONEER 30F35 HRR,Maiz,NO,Manual,NO,2.0,5308.139534883721,4.0,47.0,83.0,55000.0,12,0,0,0,0,0,0,0,0,0,1,1,0,0,0,1,0
3344,3062,Manual,SI,DK 234,Maiz,NO,Manual,NO,1.0,5434.883720930233,4.0,47.0,79.0,58000.0,10,0,0,1,0,0,0,0,0,0,0,1,0,0,0,1,0
3345,3063,Manual,NO,Otro,Maiz,NO,Manual,NO,1.0,2002.325581395349,4.0,47.0,87.0,30000.0,45,0,0,0,0,0,0,1,0,0,0,0,0,0,0,0,0
3346,3064,Manual,NO,Otro,Maiz,NO,Manual,NO,1.0,2123.2558139534885,5.0,44.0,93.0,32000.0,47,0,0,0,0,0,0,1,0,0,0,0,0,0,0,1,0
3347,3065,Manual,NO,Otro,Maiz,NO,Manual,NO,1.0,2193.0232558139537,4.0,47.0,82.0,32000.0,44,0,0,0,0,0,0,1,0,0,0,0,0,0,0,0,0
3348,3066,Manual,SI,PIONEER 30F35 HRR,Maiz,NO,Manual,NO,2.0,5339.53488372093,4.0,47.0,83.0,60000.0,9,0,0,1,0,0,0,0,0,0,0,1,0,0,0,1,0
3690,3507,Mecanizado,SI,Status (Syngenta),Maiz,SI,Manual,NO,2.0,6216.279069767442,5.0,47.0,91.0,62000.0,13,0,0,1,0,0,0,0,0,0,0,2,0,0,0,0,0
3698,3516,Mecanizado,SI,P3966 (Pioneer),Algodón,SI,Mecanizada,NO,24.0,6404.6511627906975,5.0,46.0,82.0,74000.0,14,0,0,1,0,0,0,0,0,0,2,1,0,0,1,1,0
3699,3517,Mecanizado,SI,DK 234 YGRR,Algodón,SI,Mecanizada,SI,2.0,6102.325581395349,6.0,46.0,79.0,72000.0,14,0,0,1,0,0,0,0,0,0,2,1,0,0,1,1,0
3701,3518,Mecanizado,SI,P4082 (Pioneer),Algodón,NO,Mecanizada,NO,1.0,5462.790697674419,10.0,41.0,84.0,72000.0,14,0,0,1,0,0,0,0,0,0,2,1,0,0,1,2,0
3713,3540,Mecanizado,SI,DK7088,Algodón,SI,Mecanizada,NO,11.2,6076.744186046512,4.0,49.0,63.0,62000.0,8,0,0,0,0,0,0,0,0,0,0,1,0,0,0,1,0
3732,3559,Manual,SI,ADV 9339 (Syngenta),Maiz,NO,Manual,NO,1.0,4767.441860465116,4.0,47.0,78.0,62000.0,7,0,0,0,0,0,0,0,0,0,0,1,0,0,0,1,0
3739,3569,Manual,SI,Impacto (Syngenta),Maiz,SI,Manual,NO,2.0,5462.790697674419,5.0,46.0,84.0,62000.0,62,0,0,0,0,0,0,0,0,0,0,1,0,0,0,0,0
3741,3571,Manual,SI,ADV 9339 (Syngenta),Maiz,NO,Manual,NO,4.0,5244.186046511628,4.0,46.0,82.0,62000.0,10,0,0,0,0,0,0,0,0,0,0,1,0,0,0,2,0
3744,3582,Mecanizado,NO,Impacto (Syngenta),Maiz,NO,Manual,SI,30.0,6593.023255813953,5.0,47.0,79.0,74000.0,60,0,0,0,0,0,0,0,0,0,0,2,0,0,0,0,0
3751,3586,Mecanizado,SI,Impacto (Syngenta),Maiz,NO,Manual,SI,20.0,6511.627906976744,5.0,48.0,82.0,74000.0,60,0,0,0,0,0,0,0,0,0,0,2,0,0,0,2,0
3775,3631,Mecanizado,SI,DK 234,Pastos,SI,Mecanizada,NO,15.0,2637.2093023255816,4.0,46.0,85.0,65000.0,5,0,0,0,0,0,0,0,0,0,0,1,0,0,0,1,0
3815,3667,Mecanizado,SI,Otro,Algodón,SI,Manual,NO,2.0,5116.279069767442,5.0,44.0,88.0,71000.0,14,0,0,0,0,0,0,0,0,0,0,1,0,0,0,0,0
3816,3668,Manual,SI,DK 234,Maiz,NO,Manual,NO,2.0,5651.162790697675,4.0,49.0,85.0,62000.0,6,0,0,0,0,0,0,0,0,0,1,1,0,0,0,0,0
3817,3633,Manual,SI,DK7088,Maiz,NO,Manual,NO,2.0,6197.674418604652,4.0,46.0,83.0,62000.0,10,0,0,0,0,0,0,0,0,0,0,1,0,0,0,0,0
3818,3643,Mecanizado,SI,Otro,Algodón,SI,Manual,NO,2.0,4767.441860465116,5.0,46.0,84.0,65000.0,9,0,0,0,0,0,0,0,0,0,0,1,0,0,0,1,0
3819,3644,Mecanizado,SI,PIONEER 30F35 HRR,Maiz,NO,Manual,NO,1.5,6122.093023255814,4.0,45.0,84.0,65000.0,9,0,0,0,0,0,0,0,0,0,1,0,0,0,0,1,0
3820,3632,Mecanizado,SI,P3966 (Pioneer),Pastos,NO,Mecanizada,NO,10.0,3013.953488372093,4.0,45.0,86.0,65000.0,6,0,0,0,0,0,0,0,0,0,1,1,0,0,0,1,0
3821,3642,Manual,NO,Otro,Maiz,SI,Manual,NO,1.0,4290.697674418605,5.0,43.0,86.0,55000.0,7,0,0,0,0,0,0,0,0,0,0,1,0,0,0,2,0
3824,3671,Mecanizado,SI,ADV 9293 (Syngenta),Algodón,SI,Manual,NO,3.0,4958.139534883721,4.0,49.0,80.0,62000.0,6,0,0,0,0,0,0,0,0,0,0,1,0,0,0,1,1
"3825,3672,Mecanizado,SI,DK 234,Maiz,SI,Manual,NO,2.0,5339.53488372093,,,,""0     NaN"
1     NaN
2     NaN
3     NaN
4     NaN
       ..
993   NaN
994   NaN
995   NaN
996   NaN
997   NaN
"Name: AREA, Length: 882, dtype: float64"",9,0,0,0,0,0,0,0,0,0,0,0,0,0,0,0,0"
3826,3673,Mecanizado,SI,DK 234,Maiz,NO,Manual,NO,3.0,5816.279069767442,2.0,48.0,81.0,65000.0,6,0,0,1,0,0,0,0,0,0,0,1,0,0,0,1,0
3828,3675,Mecanizado,SI,PIONEER 30F35 H,Maiz,SI,Manual,NO,3.0,5911.627906976744,4.0,45.0,86.0,65000.0,10,0,0,1,0,0,0,0,0,0,0,1,0,0,0,1,0
3829,3676,Mecanizado,SI,PIONEER 30F35 HRR,Maiz,NO,Manual,NO,4.0,5651.162790697675,4.0,47.0,81.0,65000.0,10,0,0,0,0,0,0,0,0,0,0,1,0,0,0,1,0
3830,3677,Mecanizado,SI,DK 1596,Maiz,SI,Mecanizada,NO,4.0,4897.674418604651,5.0,46.0,84.0,65000.0,9,0,0,0,0,0,0,0,0,0,0,2,0,0,0,1,0
3849,3692,Mecanizado,NO,PIONEER 30F35 HRR,Maiz,SI,Manual,NO,1.0,5260.46511627907,5.0,46.0,86.0,71000.0,15,0,0,0,0,0,0,0,0,0,0,1,0,0,0,2,0
3851,3693,Mecanizado,NO,Otro,Algodón,SI,Manual,SI,4.5,6046.511627906977,5.0,46.0,85.0,71000.0,14,0,0,1,0,0,0,0,0,0,0,2,0,0,0,1,0
3853,3694,Mecanizado,SI,P3966 (Pioneer),Maiz,SI,Manual,SI,1.0,6122.093023255814,5.0,45.0,86.0,72500.0,14,0,0,0,0,0,0,0,0,0,0,1,0,0,0,1,0
3856,3695,Mecanizado,SI,P3966 (Pioneer),Maiz,SI,Manual,NO,2.0,5933.720930232558,5.0,46.0,83.0,72000.0,14,0,0,1,0,0,0,0,0,0,0,3,0,0,0,1,0
3857,3696,Mecanizado,SI,P3966 (Pioneer),Maiz,SI,Mecanizada,NO,4.3,6310.46511627907,5.0,46.0,88.0,76000.0,14,0,0,1,0,0,0,0,0,0,0,2,0,0,0,6,0
3859,3697,Mecanizado,SI,P3966 (Pioneer),Maiz,SI,Mecanizada,NO,21.0,6046.511627906977,5.0,47.0,81.0,80000.0,12,0,0,0,1,0,0,0,0,0,2,2,0,0,1,3,2
3860,3698,Mecanizado,SI,Otro,Maiz,SI,Mecanizada,NO,9.0,6046.511627906977,5.0,47.0,80.0,80000.0,12,0,0,0,1,0,0,0,0,0,0,2,0,0,0,1,2
3862,3699,Mecanizado,SI,P3966 (Pioneer),Maiz,SI,Mecanizada,NO,31.0,6325.581395348837,5.0,46.0,84.0,84000.0,12,0,0,0,1,0,0,0,0,0,0,2,0,0,0,1,2
3864,3700,Manual,SI,Otro,Maiz,SI,Manual,SI,1.0,5302.325581395349,5.0,47.0,83.0,62000.0,12,0,0,0,0,0,0,0,0,0,2,1,0,0,1,7,0
3865,3701,Mecanizado,SI,Otro,Algodón,SI,Manual,SI,4.0,6027.906976744186,5.0,46.0,80.0,70000.0,13,0,0,1,0,0,0,0,0,0,0,1,0,0,0,2,0
3866,3710,Mecanizado,SI,Otro,Algodón,SI,Manual,SI,5.0,6027.906976744186,5.0,46.0,85.0,70000.0,13,0,0,1,0,0,0,0,0,0,0,1,0,0,0,0,0
3881,3715,Manual,NO,Otro,Pastos,SI,Manual,SI,2.0,4615.116279069767,5.0,45.0,76.0,68000.0,40,0,0,0,0,0,0,0,0,0,0,1,0,0,0,2,0
3882,3716,Manual,NO,PIONEER 30F35,Pastos,SI,Manual,SI,1.0,4615.116279069767,5.0,46.0,108.0,70000.0,40,0,0,0,0,0,0,0,0,0,0,1,0,0,0,5,0
3883,3717,Mecanizado,SI,P3966 (Pioneer),Algodón,SI,Mecanizada,NO,2.5,5603.488372093023,5.0,45.0,87.0,80500.0,14,0,0,0,0,0,0,0,0,0,0,2,0,0,0,3,0
3885,3718,Manual,SI,PIONEER 30F35 HRR,Maiz,SI,Manual,SI,5.0,6338.372093023256,5.0,47.0,90.0,74000.0,8,0,0,1,0,0,0,0,0,0,0,2,0,0,0,4,0
3888,3719,Manual,SI,Otro,Maiz,SI,Manual,NO,1.0,6613.953488372093,5.0,48.0,88.0,71000.0,8,0,0,1,0,0,0,0,0,0,0,2,0,0,0,5,0
3890,3720,Manual,SI,Otro,Maiz,SI,Manual,SI,1.0,6613.953488372093,5.0,48.0,88.0,72000.0,8,0,0,1,0,0,0,0,0,0,0,2,0,0,0,0,0
3910,3679,Mecanizado,SI,P3966 (Pioneer),Algodón,NO,Manual,NO,15.0,5983.720930232558,4.0,42.0,94.0,65000.0,6,0,0,0,0,0,0,0,0,0,0,1,0,0,0,1,0
3911,3686,Mecanizado,NO,ADV 9339 (Syngenta),Maiz,NO,Manual,NO,2.0,5434.883720930233,5.0,49.0,80.0,63000.0,5,0,0,1,0,0,0,0,0,0,0,1,0,0,0,2,0
3912,3685,Mecanizado,SI,ADV 9293 (Syngenta),Algodón,SI,Manual,NO,4.0,5816.279069767442,4.0,49.0,82.0,65000.0,6,0,0,0,0,0,0,0,0,0,0,1,0,0,0,1,1
3913,3684,Mecanizado,SI,P3966 (Pioneer),Algodón,SI,Mecanizada,NO,16.0,5933.720930232558,4.0,46.0,83.0,65000.0,5,0,0,0,0,0,0,0,0,0,0,1,0,0,0,1,0
3914,3683,Mecanizado,SI,DK7088,Frijol,NO,Mecanizada,NO,5.0,5720.930232558139,4.0,47.0,90.0,62000.0,5,0,0,0,0,0,0,0,0,0,1,0,0,0,0,1,0
3915,3682,Mecanizado,SI,ADV 9339 (Syngenta),Algodón,NO,Manual,NO,6.0,5244.186046511628,5.0,49.0,82.0,62000.0,6,0,0,0,0,0,0,0,0,0,0,1,0,0,0,2,0
3916,3681,Manual,SI,PIONEER 30F35,Maiz,NO,Manual,NO,1.0,5720.930232558139,4.0,45.0,86.0,56000.0,9,0,0,0,0,0,0,0,0,0,0,1,0,0,0,1,0
3917,3680,Mecanizado,SI,P3966 (Pioneer),Algodón,NO,Manual,NO,2.0,5530.232558139535,4.0,48.0,81.0,63000.0,7,0,0,0,0,0,0,0,0,0,1,1,0,0,0,2,0
3918,3724,Mecanizado,SI,ADV 9339 (Syngenta),Algodón,NO,Manual,NO,4.0,5816.279069767442,4.0,49.0,77.0,65000.0,6,0,0,0,0,0,0,0,0,0,0,1,0,0,0,2,0
3920,3733,Manual,SI,DK 234,Maiz,NO,Manual,NO,1.0,5434.883720930233,4.0,46.0,81.0,62000.0,8,0,0,0,0,0,0,0,0,0,0,1,0,0,0,0,0
3921,3734,Mecanizado,SI,DK 234,Algodón,NO,Manual,NO,4.0,5148.837209302325,5.0,49.0,84.0,65000.0,7,0,0,0,0,0,0,0,0,0,0,1,0,0,0,1,0
3923,3735,Mecanizado,SI,DK7088,Algodón,NO,Mecanizada,NO,11.0,6176.744186046512,3.0,48.0,92.0,62000.0,9,0,0,0,0,0,0,0,0,0,1,1,0,0,0,1,0
3924,3736,Manual,SI,ADV 9339 (Syngenta),Algodón,NO,Manual,NO,2.0,6006.976744186047,4.0,45.0,85.0,60000.0,7,0,0,0,0,0,0,0,0,0,1,1,0,0,0,2,0
3926,3737,Manual,NO,PIONEER 30F35 H,Algodón,NO,Manual,NO,2.0,5816.279069767442,4.0,46.0,75.0,62000.0,7,0,0,0,0,0,0,0,0,0,1,1,0,0,0,1,0
3927,3738,Mecanizado,SI,DK 234 YGRR,Maiz,NO,Manual,SI,12.0,5911.627906976744,4.0,49.0,82.0,63000.0,7,0,0,0,0,0,0,0,0,0,1,1,0,0,0,1,0
3929,3739,Mecanizado,SI,P3966 (Pioneer),Maiz,NO,Manual,NO,2.3,6102.325581395349,4.0,47.0,82.0,62000.0,8,0,0,0,0,0,0,0,0,0,1,1,0,0,0,2,0
3930,3740,Mecanizado,SI,ADV 9293 (Syngenta),Algodón,NO,Manual,NO,5.0,5816.279069767442,4.0,45.0,82.0,65000.0,6,0,0,0,0,0,0,0,0,0,0,1,0,0,0,1,0
3931,3741,Mecanizado,SI,PIONEER 30F35 HRR,Maiz,NO,Manual,NO,8.0,5339.53488372093,5.0,47.0,81.0,65000.0,5,0,0,0,0,0,0,0,0,0,0,1,0,0,0,1,0
3932,3742,Mecanizado,SI,P3966 (Pioneer),Maiz,NO,Manual,NO,1.0,5911.627906976744,5.0,45.0,82.0,65000.0,5,0,0,0,0,0,0,0,0,0,0,1,0,0,0,2,0
3935,3745,Mecanizado,SI,DK 234,Maiz,NO,Mecanizada,NO,10.0,5434.883720930233,5.0,49.0,80.0,62000.0,6,0,0,0,0,0,0,0,0,0,1,1,0,0,0,1,0
3936,3750,Manual,SI,ADV 9339 (Syngenta),Frijol,SI,Manual,NO,2.0,5244.186046511628,4.0,45.0,85.0,65000.0,6,0,0,0,0,0,0,0,0,0,0,1,0,0,0,2,0
3937,3743,Mecanizado,SI,PIONEER 30F35 HRR,Maiz,SI,Manual,NO,1.0,4767.441860465116,4.0,44.0,87.0,62000.0,9,0,0,1,0,0,0,0,0,0,0,1,0,0,0,1,0
3939,3744,Mecanizado,SI,DK 234,Algodón,NO,Manual,NO,9.0,5053.488372093024,4.0,46.0,85.0,65000.0,7,0,0,0,0,0,0,0,0,0,0,1,0,0,0,1,0
3940,3746,Mecanizado,SI,DK7088,Algodón,NO,Manual,NO,10.0,5625.581395348838,4.0,48.0,85.0,60000.0,5,0,0,0,0,0,0,0,0,0,0,1,0,0,0,1,0
3942,3747,Mecanizado,SI,DK 234,Algodón,NO,Manual,NO,2.0,5339.53488372093,5.0,50.0,76.0,62000.0,10,0,0,0,0,0,0,0,0,0,0,1,0,0,0,1,0
3943,3748,Mecanizado,SI,ADV 9293 (Syngenta),Maiz,NO,Manual,NO,3.0,5625.581395348838,5.0,49.0,80.0,63000.0,9,0,0,0,0,0,0,0,0,0,2,0,0,0,0,2,0
3944,3749,Mecanizado,SI,PIONEER 30F35 H,Maiz,NO,Manual,NO,2.0,6388.372093023256,4.0,48.0,82.0,60000.0,6,0,0,0,0,0,0,0,0,0,1,1,0,0,0,1,0
3945,3751,Mecanizado,SI,P3966 (Pioneer),Maiz,NO,Manual,NO,1.0,5911.627906976744,4.0,49.0,85.0,65000.0,6,0,0,0,0,0,0,0,0,0,0,1,0,0,0,1,0
3946,3752,Mecanizado,SI,P3966 (Pioneer),Maiz,NO,Manual,NO,2.0,6006.976744186047,4.0,47.0,91.0,65000.0,6,0,0,0,0,0,0,0,0,0,0,1,0,0,0,1,0
3957,3753,Mecanizado,SI,P3966 (Pioneer),Algodón,NO,Mecanizada,NO,9.0,5983.720930232558,4.0,47.0,94.0,62000.0,6,0,0,0,0,0,0,0,0,0,0,1,0,0,0,2,0
3958,3754,Mecanizado,SI,P3966 (Pioneer),Algodón,NO,Mecanizada,NO,14.0,5434.883720930233,4.0,47.0,91.0,62000.0,4,0,0,0,0,0,0,0,0,0,1,1,0,0,1,1,0
3960,3755,Mecanizado,SI,DK 234,Algodón,NO,Mecanizada,NO,15.0,5720.930232558139,4.0,46.0,98.0,60000.0,5,0,0,0,0,0,0,0,0,0,1,1,0,0,0,2,0
3961,3756,Mecanizado,NO,Otro,Algodón,SI,Manual,NO,1.0,4576.744186046512,4.0,47.0,84.0,62000.0,13,0,0,0,0,0,0,0,0,0,1,0,0,0,0,2,0
3963,3757,Mecanizado,SI,PIONEER 30F35 HRR,Maiz,SI,Manual,NO,3.0,5911.627906976744,4.0,48.0,78.0,62000.0,6,0,0,1,0,0,0,0,0,0,0,1,0,0,0,1,0
3981,3828,Mecanizado,SI,Otro,Maiz,SI,Mecanizada,SI,2.0,5953.488372093023,5.0,46.0,83.0,74000.0,8,0,0,2,0,0,0,0,0,0,2,2,0,0,1,2,0
3983,3830,Mecanizado,SI,Otro,Algodón,SI,Mecanizada,NO,22.0,5556.976744186047,5.0,46.0,88.0,74000.0,8,0,0,2,0,0,0,0,0,0,2,2,0,0,1,0,0
3984,3831,Mecanizado,SI,Otro,Algodón,SI,Mecanizada,NO,2.0,5651.162790697675,5.0,47.0,86.0,73000.0,9,0,0,1,0,0,0,0,0,0,2,0,0,0,1,4,0
4153,3922,Mecanizado,SI,DK 234,Algodón,NO,Manual,NO,2.0,6102.325581395349,4.0,47.0,78.0,65000.0,6,0,0,1,0,0,0,0,0,0,0,3,0,0,0,1,0
4155,3923,Mecanizado,SI,P3966 (Pioneer),Algodón,NO,Manual,NO,2.0,6466.279069767442,4.0,48.0,92.0,70000.0,8,0,0,1,0,0,0,0,0,0,0,2,0,0,0,2,0
4156,3924,Mecanizado,SI,DK 234,Maiz,NO,Manual,NO,4.0,5086.046511627907,4.0,48.0,78.0,65000.0,10,0,0,0,0,0,0,0,0,0,0,2,0,0,0,1,0
4157,3925,Mecanizado,SI,DK 234,Algodón,NO,Manual,NO,2.0,5053.488372093024,5.0,48.0,79.0,65000.0,8,0,0,1,0,0,0,0,0,0,1,1,0,0,0,1,0
4158,3926,Mecanizado,SI,PIONEER 30F35 HRR,Algodón,NO,Manual,NO,1.5,5530.232558139535,4.0,48.0,79.0,70000.0,6,0,0,0,0,0,0,0,0,0,1,1,0,0,0,1,0
"4159,3927,Manual,SI,P3966 (Pioneer),Algodón,NO,Manual,NO,2.0,6388.372093023256,,,,""0     NaN"
1     NaN
2     NaN
3     NaN
4     NaN
       ..
993   NaN
994   NaN
995   NaN
996   NaN
997   NaN
"Name: AREA, Length: 882, dtype: float64"",8,0,0,0,0,0,0,0,0,0,0,0,0,0,0,0,0"
4161,3928,Mecanizado,SI,ADV 9339 (Syngenta),Algodón,NO,Manual,NO,2.0,5148.837209302325,4.0,47.0,85.0,70000.0,6,0,0,0,0,0,0,0,0,0,1,1,0,0,0,2,0
4162,3929,Mecanizado,SI,DK 234,Algodón,NO,Manual,NO,1.0,4862.790697674419,5.0,47.0,81.0,62000.0,6,0,0,0,0,0,0,0,0,0,0,2,0,0,0,1,0
4163,3930,Manual,NO,Otro,Maiz,NO,Manual,NO,2.5,4862.790697674419,4.0,52.0,73.0,60000.0,8,0,0,0,0,0,0,0,0,0,1,1,0,0,0,2,0
4164,3931,Mecanizado,SI,DK 234,Algodón,NO,Manual,NO,2.0,5053.488372093024,4.0,47.0,80.0,65000.0,6,0,0,1,0,0,0,0,0,0,1,1,0,0,0,1,0
4165,3932,Mecanizado,SI,DK 234,Algodón,NO,Manual,NO,2.0,4958.139534883721,4.0,47.0,76.0,68000.0,6,0,0,0,0,0,0,0,0,0,0,2,0,0,0,1,0
4166,3934,Manual,SI,P3966 (Pioneer),Algodón,NO,Manual,NO,4.0,5816.279069767442,4.0,48.0,80.0,63000.0,4,0,0,0,0,0,0,0,0,0,1,1,0,0,0,2,0
4167,3933,Mecanizado,SI,P3966 (Pioneer),Maiz,NO,Manual,NO,5.0,5530.232558139535,4.0,46.0,85.0,65000.0,14,0,0,0,0,0,0,0,0,0,1,1,0,0,0,2,0
4230,3935,Mecanizado,SI,DK 234,Algodón,NO,Manual,NO,1.0,5244.186046511628,4.0,47.0,79.0,65000.0,9,0,0,0,0,0,0,0,0,0,1,1,0,0,0,1,0
4236,3936,Mecanizado,SI,ADV 9339 (Syngenta),Algodón,NO,Manual,NO,3.0,5339.53488372093,5.0,47.0,86.0,65000.0,5,0,0,0,0,0,0,0,0,0,1,1,0,0,0,2,0
4237,3937,Mecanizado,SI,DK 234,Algodón,NO,Manual,NO,1.5,5434.883720930233,5.0,47.0,90.0,65000.0,6,0,0,0,0,0,0,0,0,0,1,1,0,0,0,1,0
4238,3938,Mecanizado,SI,DK 234,Algodón,NO,Manual,NO,3.0,4958.139534883721,5.0,47.0,86.0,65000.0,7,0,0,1,0,0,0,0,0,0,1,1,0,0,0,1,0
4243,3939,Mecanizado,SI,ADV 9339 (Syngenta),Algodón,NO,Mecanizada,NO,6.0,5625.581395348838,4.0,48.0,84.0,65000.0,5,0,0,0,0,0,0,0,0,0,1,1,0,0,0,2,0
4249,4028,Mecanizado,SI,Otro,Algodón,NO,Manual,SI,2.0,6076.744186046512,5.0,45.0,85.0,72000.0,15,0,0,0,0,0,0,0,0,0,2,2,0,0,1,2,0
4250,4029,Mecanizado,SI,Otro,Algodón,SI,Manual,NO,2.0,5970.930232558139,5.0,46.0,84.0,72000.0,15,0,0,2,0,0,0,0,0,0,2,3,0,0,0,3,0
4251,4030,Mecanizado,SI,Otro,Algodón,SI,Manual,NO,2.0,5970.930232558139,5.0,46.0,87.0,72000.0,15,0,0,2,0,0,0,0,0,0,2,2,0,0,1,5,0
4252,4031,Mecanizado,SI,ADV 9339 (Syngenta),Maiz,SI,Mecanizada,NO,2.0,6246.511627906976,5.0,46.0,84.0,75000.0,8,0,0,1,0,0,0,0,0,0,2,2,0,0,1,4,0
4276,3947,Mecanizado,SI,DK 234,Algodón,NO,Manual,NO,2.0,6674.418604651163,4.0,49.0,90.0,60000.0,7,0,0,1,0,0,0,0,0,0,0,1,0,0,0,2,0
4277,3942,Mecanizado,SI,DK 234 YGRR,Algodón,SI,Manual,NO,2.0,5244.186046511628,4.0,48.0,80.0,65000.0,6,0,0,0,0,0,0,0,0,0,0,1,0,0,0,1,0
4291,3946,Mecanizado,SI,P3966 (Pioneer),Algodón,NO,Manual,NO,2.0,6310.46511627907,3.0,47.0,86.0,65000.0,6,0,0,0,0,0,0,0,0,0,1,1,0,0,0,2,0
4299,3945,Manual,SI,ADV 9293 (Syngenta),Algodón,SI,Manual,NO,2.0,5720.930232558139,4.0,47.0,81.0,65000.0,5,0,0,0,0,0,0,0,0,0,1,1,0,0,0,2,0
4300,3944,Manual,SI,PIONEER 30F35 H,Maiz,SI,Manual,NO,1.0,5720.930232558139,4.0,47.0,86.0,65000.0,7,0,0,0,0,0,0,0,0,0,1,1,0,0,0,2,0
4301,3943,Mecanizado,SI,DK 234,Maiz,NO,Manual,NO,2.0,5767.441860465116,3.0,48.0,79.0,63000.0,6,0,0,1,0,0,0,0,0,0,0,2,0,0,0,1,0
4302,3941,Mecanizado,SI,P3966 (Pioneer),Maiz,SI,Manual,NO,2.5,5720.930232558139,4.0,46.0,83.0,68000.0,6,0,0,0,0,0,0,0,0,0,1,1,0,0,0,1,0
4303,3940,Mecanizado,SI,P3966 (Pioneer),Algodón,SI,Manual,SI,1.0,6122.093023255814,4.0,45.0,77.0,65000.0,4,0,0,0,0,0,0,0,0,0,1,1,0,0,0,2,0
4316,4083,Mecanizado,SI,P3966 (Pioneer),Algodón,SI,Manual,NO,3.5,6102.325581395349,4.0,48.0,91.0,65000.0,13,0,0,0,0,0,0,0,0,0,1,1,0,0,0,1,0
4323,4087,Mecanizado,SI,P3966 (Pioneer),Algodón,NO,Manual,NO,1.5,6197.674418604652,4.0,48.0,85.0,65000.0,8,0,0,0,0,0,0,0,0,0,1,1,0,0,0,1,0
4324,4084,Mecanizado,SI,DK 234,Algodón,NO,Manual,NO,2.0,5816.279069767442,4.0,46.0,88.0,62000.0,7,0,0,0,0,0,0,0,0,0,0,1,0,0,0,1,0
4325,4085,Mecanizado,NO,P3966 (Pioneer),Algodón,NO,Manual,NO,3.0,6006.976744186047,4.0,47.0,89.0,62000.0,7,0,0,0,0,0,0,0,0,0,1,1,0,0,0,0,0
4326,4088,Mecanizado,SI,DK 234,Algodón,NO,Manual,NO,1.7,5053.488372093024,4.0,47.0,87.0,63000.0,6,0,0,0,0,0,0,0,0,0,0,1,0,0,0,0,1
4327,4086,Mecanizado,SI,DK 234,Algodón,NO,Manual,NO,3.0,5839.53488372093,4.0,44.0,87.0,65000.0,10,0,0,0,0,0,0,0,0,0,2,0,0,0,0,1,0
4328,4092,Mecanizado,SI,ADV 9293 (Syngenta),Maiz,NO,Manual,NO,1.0,4767.441860465116,4.0,48.0,78.0,65000.0,8,0,0,0,0,0,0,0,0,0,1,1,0,0,0,2,0
4330,4089,Manual,SI,DK 234,Algodón,NO,Manual,NO,1.0,5180.232558139535,4.0,47.0,85.0,65000.0,5,0,0,0,0,0,0,0,0,0,0,1,0,0,0,1,0
4331,4094,Mecanizado,SI,DK 234,Algodón,NO,Manual,NO,7.0,5434.883720930233,5.0,47.0,90.0,60000.0,10,0,0,0,0,0,0,0,0,0,0,2,0,0,0,1,0
4332,4093,Mecanizado,SI,DK 234,Frijol,NO,Manual,NO,2.5,5148.837209302325,4.0,46.0,84.0,65000.0,4,0,0,0,0,0,0,0,0,0,0,1,0,0,0,1,0
4333,4090,Mecanizado,SI,DK 234,Algodón,NO,Manual,NO,1.5,5720.930232558139,4.0,48.0,81.0,65000.0,6,0,0,0,0,0,0,0,0,0,0,1,0,0,0,1,0
4335,4082,Mecanizado,SI,P3966 (Pioneer),Algodón,NO,Manual,SI,3.0,6006.976744186047,4.0,47.0,81.0,65000.0,7,0,0,0,0,0,0,0,0,0,1,1,0,0,0,1,0
4336,4091,Mecanizado,SI,DK 234,Algodón,NO,Manual,NO,3.0,5148.837209302325,4.0,47.0,82.0,65000.0,5,0,0,0,0,0,0,0,0,0,0,2,0,0,0,0,0
4337,4112,Mecanizado,SI,P3966 (Pioneer),Maiz,SI,Manual,SI,15.0,5787.209302325581,5.0,46.0,82.0,72500.0,61,0,0,0,0,0,0,0,0,0,0,1,0,0,0,3,0
4341,4127,Mecanizado,SI,Otro,Pastos,SI,Mecanizada,NO,10.0,6593.023255813953,5.0,47.0,86.0,74000.0,10,0,0,2,0,0,0,0,0,0,0,2,0,0,0,1,0
4343,4129,Mecanizado,SI,Otro,Maiz,SI,Mecanizada,NO,5.0,6246.511627906976,5.0,46.0,85.0,77000.0,7,0,0,1,0,0,0,0,0,0,2,1,0,0,1,0,0
4352,4135,Mecanizado,SI,Otro,Algodón,SI,Mecanizada,NO,12.0,6232.558139534884,5.0,46.0,84.0,75000.0,7,0,0,2,0,0,0,0,0,0,2,2,0,0,1,0,0
4354,4136,Manual,SI,ICA V 156,Maiz,SI,Manual,SI,2.0,3767.441860465117,5.0,48.0,85.0,62000.0,61,0,0,0,0,0,0,0,0,0,0,1,0,0,0,3,0
4355,4137,Mecanizado,SI,Otro,Maiz,SI,Manual,SI,2.0,5327.906976744186,5.0,46.0,78.0,73000.0,14,0,0,1,0,0,0,0,0,0,0,1,0,0,0,4,0
4359,4141,Mecanizado,SI,Otro,Algodón,SI,Mecanizada,NO,7.2,6046.511627906977,5.0,46.0,88.0,74000.0,11,0,0,2,0,0,0,0,0,0,0,4,0,0,0,6,0
4362,4144,Mecanizado,SI,Otro,Maiz,SI,Mecanizada,NO,11.0,6232.558139534884,5.0,46.0,86.0,75000.0,15,0,0,2,0,0,0,0,0,0,0,2,0,0,0,5,0
4366,4148,Mecanizado,SI,Otro,Algodón,SI,Mecanizada,NO,54.0,6046.511627906977,5.0,46.0,87.0,74000.0,11,0,0,2,0,0,0,0,0,0,0,2,0,0,0,6,0
4369,4174,Mecanizado,SI,P3966 (Pioneer),Algodón,NO,Mecanizada,NO,6.0,6232.558139534884,5.0,46.0,88.0,74000.0,11,0,0,2,0,0,0,0,0,0,0,2,0,0,0,8,0
4370,4183,Mecanizado,SI,Otro,Algodón,SI,Mecanizada,NO,40.0,6046.511627906977,5.0,46.0,79.0,75000.0,11,0,0,2,0,0,0,0,0,0,0,1,0,0,0,5,0
4375,4186,Mecanizado,SI,Otro,Maiz,NO,Mecanizada,NO,9.0,6122.093023255814,4.0,47.0,87.0,74000.0,14,0,0,1,0,0,0,0,0,0,0,2,0,0,0,6,0
4376,4187,Mecanizado,SI,Otro,Maiz,SI,Mecanizada,NO,2.0,5180.232558139535,5.0,46.0,90.0,73000.0,7,0,0,0,0,0,0,0,0,0,2,2,0,0,0,0,0
4377,4188,Mecanizado,SI,Otro,Maiz,SI,Mecanizada,NO,17.0,5839.53488372093,5.0,46.0,98.0,74000.0,5,0,0,0,0,0,0,0,0,0,0,2,0,0,0,0,0
4378,4189,Mecanizado,SI,Otro,Maiz,NO,Mecanizada,NO,4.0,5839.53488372093,5.0,47.0,97.0,72000.0,5,0,0,0,0,0,0,0,0,0,0,2,0,0,0,3,0
4379,4190,Mecanizado,SI,Otro,Maiz,NO,Mecanizada,NO,35.0,6027.906976744186,5.0,47.0,100.0,73000.0,6,0,0,0,0,0,0,0,0,0,0,2,0,0,0,1,0
4380,4191,Mecanizado,SI,Otro,Maiz,NO,Mecanizada,NO,22.0,6046.511627906977,5.0,46.0,97.0,72000.0,6,0,0,0,0,0,0,0,0,0,2,1,0,0,0,1,0
4381,4192,Mecanizado,SI,Otro,Maiz,NO,Mecanizada,NO,9.0,5745.348837209303,5.0,46.0,101.0,73000.0,6,0,0,0,0,0,0,0,0,0,0,2,0,0,0,2,0
4382,4193,Mecanizado,SI,Otro,Algodón,SI,Mecanizada,NO,12.0,5860.46511627907,5.0,46.0,98.0,73000.0,6,0,0,0,0,0,0,0,0,0,2,1,0,0,0,2,0
4383,4194,Mecanizado,SI,Otro,Maiz,SI,Mecanizada,NO,7.0,5767.441860465116,5.0,47.0,98.0,72500.0,5,0,0,0,0,0,0,0,0,0,2,1,0,0,0,1,0
4384,4195,Mecanizado,SI,Otro,Maiz,SI,Mecanizada,NO,2.0,5462.790697674419,5.0,46.0,90.0,73000.0,6,0,0,0,0,0,0,0,0,0,0,2,0,0,0,0,0
4385,4196,Mecanizado,SI,Otro,Maiz,NO,Mecanizada,NO,5.0,5180.232558139535,5.0,47.0,80.0,74000.0,7,0,0,0,0,0,0,0,0,0,2,2,0,0,0,1,0
4386,4197,Mecanizado,SI,Otro,Maiz,NO,Mecanizada,NO,4.0,5180.232558139535,5.0,47.0,82.0,72000.0,6,0,0,0,0,0,0,0,0,0,0,2,0,0,0,0,0
4387,4198,Mecanizado,SI,Otro,Maiz,NO,Mecanizada,NO,2.0,4897.674418604651,5.0,47.0,52.0,73000.0,4,0,0,0,0,0,0,0,0,0,0,2,0,0,0,2,0
4388,4199,Mecanizado,SI,Otro,Maiz,NO,Mecanizada,NO,12.0,5953.488372093023,5.0,46.0,102.0,73000.0,5,0,0,0,0,0,0,0,0,0,0,2,0,0,0,2,0
4389,4200,Mecanizado,SI,Otro,Algodón,SI,Mecanizada,NO,22.0,5651.162790697675,5.0,47.0,99.0,74000.0,7,0,0,0,0,0,0,0,0,0,2,2,0,0,0,1,0
4390,4201,Mecanizado,SI,Otro,Maiz,SI,Mecanizada,NO,3.5,6122.093023255814,5.0,46.0,81.0,73000.0,5,0,0,0,0,0,0,0,0,0,2,2,0,0,0,0,0
4391,4202,Mecanizado,SI,Otro,Maiz,SI,Mecanizada,NO,12.0,6122.093023255814,5.0,46.0,87.0,73000.0,5,0,0,0,0,0,0,0,0,0,2,1,0,0,1,2,0
4392,4203,Mecanizado,SI,Otro,Maiz,SI,Mecanizada,NO,4.0,5933.720930232558,5.0,47.0,79.0,73000.0,5,0,0,0,0,0,0,0,0,0,2,1,0,0,1,2,0
4414,4247,Mecanizado,SI,Otro,Maiz,SI,Manual,NO,2.0,5462.790697674419,5.0,46.0,82.0,73000.0,5,0,0,0,0,0,0,0,0,0,0,2,0,0,0,1,0
"4417,4248,Mecanizado,NO,Otro,Maiz,SI,Manual,NO,1.4,5148.837209302325,,,,""0     NaN"
1     NaN
2     NaN
3     NaN
4     NaN
       ..
993   NaN
994   NaN
995   NaN
996   NaN
997   NaN
"Name: AREA, Length: 882, dtype: float64"",5,0,0,0,0,0,0,0,0,0,0,0,0,0,0,0,0"
4419,4249,Mecanizado,SI,Otro,Maiz,SI,Manual,SI,1.0,5302.325581395349,5.0,46.0,84.0,73000.0,6,0,0,0,0,0,0,0,0,0,0,1,0,0,0,2,0
4421,4250,Mecanizado,SI,Otro,Maiz,SI,Manual,NO,2.0,5581.395348837209,5.0,42.0,86.0,73000.0,5,0,0,0,0,0,0,0,0,0,0,2,0,0,0,0,0
4429,4257,Mecanizado,SI,Otro,Maiz,SI,Manual,SI,1.0,5530.232558139535,5.0,47.0,82.0,73000.0,6,0,0,0,0,0,0,0,0,0,0,1,0,0,0,1,0
4430,4258,Manual,NO,PIONEER 30F35 HRR,Maiz,NO,Manual,SI,1.2,6430.232558139534,4.0,46.0,85.0,72000.0,6,0,0,0,0,0,0,0,0,0,0,1,0,0,0,1,0
4431,4261,Manual,NO,ADV 9339 (Syngenta),Maiz,SI,Manual,SI,1.5,6232.558139534884,4.0,46.0,81.0,72000.0,6,0,0,0,0,0,0,0,0,0,0,1,0,0,1,1,0
4432,4265,Mecanizado,SI,Otro,Maiz,SI,Manual,SI,1.3,6122.093023255814,5.0,46.0,81.0,74000.0,5,0,0,0,0,0,0,0,0,0,0,2,0,0,0,1,0
4433,4270,Mecanizado,SI,Otro,Maiz,SI,Manual,NO,1.4,5745.348837209303,5.0,46.0,79.0,73000.0,5,0,0,0,0,0,0,0,0,0,0,1,0,0,0,1,0
4434,4275,Mecanizado,SI,P4082 (Pioneer),Maiz,SI,Manual,SI,1.0,5556.976744186047,5.0,46.0,79.0,72000.0,8,0,0,0,0,0,0,0,0,0,0,1,0,0,0,3,0
4435,4279,Manual,NO,Otro,Maiz,SI,Manual,SI,1.0,5368.604651162791,5.0,47.0,85.0,70000.0,7,0,0,0,0,0,0,0,0,0,0,2,0,0,0,2,0
4436,4280,Mecanizado,SI,Otro,Maiz,NO,Manual,NO,1.6,5603.488372093023,5.0,46.0,86.0,72000.0,8,0,0,0,0,0,0,0,0,0,0,1,0,0,0,1,0
4437,4281,Mecanizado,SI,P4082 (Pioneer),Maiz,SI,Manual,NO,1.7,5236.0465116279065,5.0,46.0,86.0,72000.0,6,0,0,0,0,0,0,0,0,0,0,1,0,0,0,4,0
4438,4282,Mecanizado,SI,P4082 (Pioneer),Maiz,NO,Manual,SI,2.5,5274.418604651163,5.0,45.0,87.0,72000.0,5,0,0,0,0,0,0,0,0,0,0,1,0,0,0,2,0
4439,4283,Mecanizado,SI,Otro,Maiz,NO,Manual,SI,1.0,5511.627906976744,5.0,46.0,85.0,73000.0,5,0,0,0,0,0,0,0,0,0,0,1,0,0,0,2,0
4440,4284,Mecanizado,SI,Otro,Maiz,NO,Manual,SI,1.0,5462.790697674419,5.0,46.0,80.0,73000.0,5,0,0,0,0,0,0,0,0,0,0,1,0,0,0,2,0
4441,4286,Manual,NO,P4082 (Pioneer),Maiz,NO,Manual,SI,1.3,5395.348837209303,4.0,46.0,85.0,65000.0,4,0,0,0,0,0,0,0,0,0,0,1,0,0,0,4,0
4443,4287,Mecanizado,SI,Otro,Maiz,NO,Manual,SI,2.0,6046.511627906977,5.0,46.0,84.0,72000.0,5,0,0,0,0,0,0,0,0,0,0,1,0,0,0,0,0
4444,4288,Manual,NO,Otro,Maiz,NO,Manual,NO,1.5,5787.209302325581,4.0,45.0,86.0,65000.0,4,0,0,0,0,0,0,0,0,0,0,1,0,0,0,2,0
4445,4289,Mecanizado,SI,P4082 (Pioneer),Maiz,NO,Manual,SI,1.0,5488.372093023256,9.0,41.0,87.0,72000.0,6,0,0,0,0,0,0,0,0,0,0,1,0,0,0,2,0
4500,4328,Mecanizado,NO,DK 234 YGRR,Maiz,NO,Mecanizada,NO,1.0,7487.790697674419,6.0,45.0,83.0,70000.0,17,0,0,0,0,0,0,0,0,0,1,1,0,0,0,1,0
4501,4327,Mecanizado,NO,P3966 (Pioneer),Maiz,SI,Mecanizada,NO,2.4,7913.953488372093,6.0,49.0,79.0,75000.0,17,0,0,0,0,0,0,0,0,0,2,1,0,0,0,2,0
4502,4368,Mecanizado,NO,P3966 (Pioneer),Maiz,NO,Mecanizada,NO,2.0,5826.348837209303,6.0,49.0,87.0,60000.0,17,0,0,0,0,0,0,0,0,0,2,1,0,0,0,2,0
4503,4376,Mecanizado,NO,Otro,Maiz,NO,Mecanizada,NO,1.3,7913.953488372093,6.0,47.0,81.0,72000.0,16,0,0,0,0,0,0,0,0,0,1,1,0,0,0,1,0
4504,4371,Mecanizado,NO,P3966 (Pioneer),Maiz,NO,Mecanizada,NO,1.5,5987.906976744186,6.0,41.0,82.0,60000.0,17,0,0,0,1,0,0,0,0,0,0,0,1,0,0,2,1
4505,4377,Mecanizado,NO,Otro,Maiz,NO,Mecanizada,NO,4.5,7063.9534883720935,6.0,50.0,81.0,70000.0,13,0,0,0,0,0,0,0,0,0,0,1,0,0,0,2,0
4506,4369,Mecanizado,NO,Otro,Maiz,SI,Mecanizada,NO,2.2,5411.046511627907,7.0,48.0,76.0,60000.0,18,0,0,0,0,0,0,0,0,0,0,1,0,0,0,2,0
4507,4372,Mecanizado,NO,P4082 (Pioneer),Maiz,SI,Mecanizada,NO,3.0,6122.093023255814,8.0,41.0,87.0,60000.0,17,0,0,1,0,0,0,0,0,0,2,1,0,0,1,1,0
4508,4378,Mecanizado,SI,Otro,Maiz,NO,Mecanizada,NO,2.2,6418.604651162791,7.0,47.0,84.0,70000.0,18,0,0,0,0,0,0,0,0,0,0,0,0,0,0,3,0
4509,4379,Manual,NO,Otro,Maiz,NO,Manual,NO,2.0,5581.395348837209,5.0,47.0,81.0,62000.0,16,0,0,0,0,0,0,0,0,0,0,0,0,0,0,3,0
4510,4370,Mecanizado,NO,DK 234 YGRR,Maiz,SI,Mecanizada,NO,8.8,5925.813953488372,6.0,48.0,85.0,60000.0,15,0,0,0,0,0,0,0,0,0,0,1,0,0,0,2,0
4511,4380,Manual,NO,Otro,Maiz,SI,Manual,NO,1.7,5106.976744186047,6.0,49.0,79.0,61000.0,17,0,0,0,0,0,0,0,0,0,2,0,0,0,0,2,0
4512,4360,Mecanizado,NO,Otro,Maiz,SI,Mecanizada,NO,1.9,5050.2558139534885,4.0,49.0,95.0,60000.0,17,0,0,0,0,0,0,0,0,0,0,2,0,0,0,1,1
4513,4381,Manual,NO,Otro,Maiz,SI,Mecanizada,NO,3.4,64046.51162790698,5.0,46.0,76.0,60000.0,17,0,0,0,0,0,0,0,0,0,2,0,0,0,1,2,0
4514,4382,Manual,SI,Otro,Maiz,NO,Manual,NO,1.5,5764.186046511628,7.0,48.0,95.0,65000.0,17,0,0,0,0,0,0,0,0,0,0,1,0,0,0,2,0
4515,4296,Manual,SI,Otro,Maiz,NO,Mecanizada,NO,1.8,5441.860465116279,6.0,48.0,83.0,60000.0,17,0,0,0,0,0,0,0,0,0,0,1,0,0,0,2,0
4517,4293,Manual,NO,ADV 9293 (Syngenta),Maiz,SI,Mecanizada,NO,1.2,5180.232558139535,4.0,36.0,90.0,62000.0,16,0,0,0,0,0,0,0,0,0,0,1,0,0,0,2,0
4526,4223,Mecanizado,NO,Cerato (Syngenta),Algodón,SI,Mecanizada,NO,11.2,7103.488372093024,6.0,50.0,82.0,61000.0,17,0,0,0,0,0,0,0,0,0,0,2,0,0,0,3,0
4530,4207,Manual,NO,PIONEER 30F35 H,Maiz,SI,Manual,NO,1.0,4672.093023255814,6.0,48.0,82.0,65000.0,16,0,0,0,0,0,0,0,0,0,0,2,0,0,0,2,0
4537,4361,Mecanizado,NO,DK 234 YGRR,Algodón,SI,Mecanizada,NO,3.4,57762.32558139535,5.0,48.0,85.0,70000.0,16,0,0,0,0,0,0,0,0,0,0,4,0,0,0,1,0
4538,4366,Manual,NO,Otro,Maiz,SI,Manual,NO,1.5,4539.767441860465,6.0,50.0,75.0,60000.0,17,0,0,0,0,0,0,0,0,0,0,1,0,0,0,2,0
4541,4367,Mecanizado,NO,Otro,Maiz,NO,Mecanizada,NO,2.0,5963.86046511628,5.0,48.0,88.0,60000.0,17,0,0,0,0,0,0,0,0,0,2,0,0,0,0,1,0
4543,4324,Mecanizado,NO,Otro,Algodón,SI,Mecanizada,NO,3.0,6674.418604651163,5.0,52.0,80.0,70000.0,18,0,0,0,0,0,0,0,0,0,0,0,0,0,0,2,0
4544,4354,Mecanizado,NO,P3966 (Pioneer),Maiz,SI,Mecanizada,NO,1.1,6781.395348837209,6.0,47.0,82.0,60000.0,18,0,0,0,0,0,0,0,0,0,0,0,0,0,0,2,0
4546,4355,Mecanizado,NO,P3966 (Pioneer),Maiz,SI,Mecanizada,NO,1.6,6436.046511627907,5.0,52.0,80.0,70000.0,17,0,0,0,0,0,0,0,0,0,0,1,0,0,0,1,0
4547,4325,Manual,NO,Otro,Algodón,SI,Mecanizada,NO,1.0,7723.255813953488,6.0,49.0,86.0,75000.0,16,0,0,0,0,0,0,0,0,0,0,2,0,0,0,1,0
4548,4326,Mecanizado,NO,Otro,Algodón,SI,Mecanizada,NO,1.1,7817.441860465116,6.0,48.0,85.0,76000.0,16,0,0,0,0,0,0,0,0,0,0,1,0,0,0,2,0
4551,4295,Mecanizado,NO,Otro,Maiz,SI,Mecanizada,NO,3.5,5911.627906976744,7.0,50.0,74.0,62500.0,17,0,0,0,0,0,0,0,0,0,0,1,0,0,0,2,0
4554,4285,Manual,NO,Otro,Maiz,NO,Manual,NO,1.2,5651.162790697675,7.0,47.0,81.0,70000.0,16,0,0,0,0,0,0,0,0,0,0,1,0,0,0,1,1
4556,4222,Mecanizado,NO,Otro,Algodón,SI,Mecanizada,NO,5.4,7303.720930232558,6.0,48.0,79.0,70000.0,17,0,0,0,0,0,0,0,0,0,1,0,0,0,1,1,0
4557,4173,Mecanizado,NO,DK7088,Maiz,SI,Mecanizada,NO,1.0,7618.372093023256,7.0,51.0,83.0,60000.0,16,0,0,0,0,0,0,0,0,0,0,1,0,0,0,2,0
4558,4432,Mecanizado,NO,DK 234 YGRR,Algodón,SI,Manual,NO,1.2,7341.86046511628,4.0,49.0,83.0,60000.0,19,0,0,0,0,0,0,0,0,0,0,2,0,0,0,3,1
4559,4170,Manual,NO,Otro,Maiz,SI,Manual,NO,1.0,6562.790697674419,6.0,49.0,83.0,60000.0,36,0,0,0,0,0,0,0,0,0,1,0,0,0,0,2,0
4560,4172,Mecanizado,NO,PIONEER 30F35 HRR,Maiz,SI,Manual,NO,4.1,7246.511627906977,6.0,58.0,77.0,60000.0,17,0,0,0,0,0,0,0,0,0,1,1,0,0,0,1,0
4561,4171,Manual,NO,Otro,Algodón,SI,Manual,NO,1.7,5501.162790697675,6.0,48.0,86.0,65000.0,18,0,0,0,0,0,0,0,0,0,0,1,0,0,0,2,0
4562,4253,Mecanizado,NO,P3966 (Pioneer),Algodón,SI,Mecanizada,NO,5.5,7532.558139534884,6.0,48.0,84.0,60000.0,16,0,0,0,0,0,0,0,0,0,0,2,0,0,0,2,0
4563,4208,Mecanizado,NO,P3966 (Pioneer),Maiz,SI,Mecanizada,NO,2.1,7421.86046511628,7.0,51.0,81.0,70000.0,16,0,0,0,0,0,0,0,0,0,0,0,0,0,0,3,0
4564,4215,Mecanizado,NO,Otro,Maiz,NO,Mecanizada,NO,2.1,7256.976744186046,6.0,49.0,84.0,63000.0,17,0,0,0,0,0,0,0,0,0,0,1,0,0,0,1,0
4565,4205,Mecanizado,NO,DK 234 YGRR,Maiz,SI,Mecanizada,NO,1.0,7063.9534883720935,5.0,48.0,92.0,60000.0,19,0,0,0,0,0,0,0,0,0,0,2,0,0,0,1,0
4566,4216,Mecanizado,NO,Otro,Maiz,SI,Mecanizada,NO,2.7,7198.837209302325,6.0,48.0,81.0,70000.0,17,0,0,0,0,0,0,0,0,0,0,1,0,0,0,2,1
4567,4217,Mecanizado,NO,ADV 9339 (Syngenta),Maiz,SI,Mecanizada,NO,1.3,7532.558139534884,7.0,51.0,81.0,63000.0,17,0,0,0,0,0,0,0,0,0,0,1,0,0,0,2,0
4568,4218,Mecanizado,NO,Otro,Maiz,SI,Mecanizada,NO,10.1,6674.418604651163,6.0,48.0,86.0,63000.0,15,0,0,0,0,0,0,0,0,0,0,2,0,0,0,1,0
4569,4206,Mecanizado,NO,P3966 (Pioneer),Maiz,SI,Mecanizada,NO,1.0,7627.906976744186,7.0,49.0,89.0,60000.0,19,0,0,0,0,0,0,0,0,0,0,1,0,0,0,1,0
4570,4182,Mecanizado,NO,P3966 (Pioneer),Algodón,SI,Mecanizada,NO,4.3,7720.93023255814,6.0,48.0,93.0,68000.0,14,0,0,0,0,0,0,0,0,0,0,1,0,0,0,1,0
4571,4219,Mecanizado,NO,Otro,Maiz,SI,Mecanizada,NO,6.5,7008.139534883721,6.0,51.0,76.0,63000.0,16,0,0,0,0,0,0,0,0,0,1,1,0,0,1,2,0
4574,4221,Mecanizado,NO,Sinko (Syngenta),Maiz,SI,Mecanizada,NO,8.6,6769.767441860466,7.0,42.0,90.0,66000.0,16,0,0,0,0,0,0,0,0,0,0,1,0,0,0,1,1
4575,4180,Mecanizado,NO,DK 234 YGRR,Algodón,SI,Mecanizada,NO,4.4,7063.9534883720935,5.0,47.0,95.0,70000.0,14,0,0,0,0,0,0,0,0,0,0,1,0,0,0,2,0
4576,4212,Mecanizado,NO,DK7088,Algodón,SI,Mecanizada,NO,2.1,7534.883720930233,6.0,49.0,81.0,62000.0,17,0,0,0,0,0,0,0,0,0,0,2,0,0,0,2,0
4577,4181,Mecanizado,NO,P4082 (Pioneer),Algodón,SI,Mecanizada,NO,3.1,7063.9534883720935,4.0,49.0,90.0,68000.0,13,0,0,0,0,0,0,0,0,0,0,1,0,0,0,2,0
4596,4163,Mecanizado,NO,P3966 (Pioneer),Algodón,SI,Mecanizada,NO,5.8,5768.604651162791,7.0,48.0,84.0,60000.0,16,0,0,0,0,0,0,0,0,0,0,2,0,0,0,2,0
4597,4211,Mecanizado,NO,Otro,Algodón,NO,Mecanizada,NO,4.0,6593.023255813953,7.0,49.0,77.0,65000.0,17,0,0,0,0,0,0,0,0,0,0,2,0,0,0,1,0
4598,4162,Mecanizado,NO,Otro,Algodón,SI,Mecanizada,NO,2.5,5911.627906976744,6.0,50.0,83.0,61000.0,16,0,0,0,0,0,0,0,0,0,0,2,0,0,0,2,0
4599,4210,Mecanizado,NO,PIONEER 30F35 HRR,Algodón,NO,Mecanizada,NO,7.4,6697.674418604651,6.0,50.0,74.0,65000.0,17,0,0,0,0,0,0,0,0,0,0,1,0,0,0,2,0
4600,4228,Mecanizado,NO,PIONEER 30F35,Algodón,NO,Mecanizada,NO,3.7,5813.953488372093,6.0,52.0,74.0,62000.0,18,0,0,0,0,0,0,0,0,0,0,1,0,0,0,2,0
4601,4166,Mecanizado,NO,Otro,Maiz,SI,Manual,NO,1.8,7440.697674418605,5.0,49.0,93.0,58000.0,16,0,0,0,0,0,0,0,0,0,0,1,0,0,0,2,1
4602,4230,Mecanizado,NO,DK7088,Maiz,NO,Mecanizada,NO,2.2,6216.744186046512,6.0,47.0,83.0,61000.0,17,0,0,0,0,0,0,0,0,0,0,1,0,0,0,2,0
4605,4151,Manual,NO,P3966 (Pioneer),Maiz,SI,Mecanizada,NO,1.5,6197.674418604652,4.0,50.0,75.0,68750.0,16,0,0,0,0,0,0,0,0,0,0,2,0,0,0,1,1
4606,4149,Mecanizado,NO,P3966 (Pioneer),Maiz,SI,Mecanizada,NO,1.4,5839.53488372093,3.0,47.0,86.0,62500.0,17,0,0,0,0,0,0,0,0,0,0,1,1,0,0,1,0
4607,4150,Mecanizado,NO,Otro,Maiz,SI,Mecanizada,NO,1.3,5528.720930232558,5.0,46.0,86.0,60500.0,15,0,0,0,0,0,0,0,0,0,0,2,0,0,0,2,0
4608,4179,Mecanizado,NO,Cerato (Syngenta),Algodón,SI,Mecanizada,NO,2.9,7440.697674418605,6.0,49.0,68.0,58000.0,17,0,0,0,0,0,0,0,0,0,0,2,0,0,0,1,0
4609,4177,Mecanizado,NO,P4082 (Pioneer),Algodón,SI,Mecanizada,NO,4.9,7627.906976744186,1.0,48.0,87.0,60000.0,18,0,0,0,0,0,0,0,0,0,0,2,0,0,0,3,0
4610,4178,Mecanizado,NO,Otro,Maiz,SI,Mecanizada,NO,1.7,7627.906976744186,6.0,49.0,80.0,60000.0,18,0,0,0,0,0,0,0,0,0,0,1,0,0,0,2,0
4611,4175,Mecanizado,NO,P3966 (Pioneer),Maiz,SI,Mecanizada,NO,1.5,7151.162790697675,7.0,49.0,82.0,61000.0,16,0,0,0,0,0,0,0,0,0,0,1,0,0,0,2,0
4612,4176,Mecanizado,NO,DK 234 YGRR,Algodón,SI,Mecanizada,NO,6.2,7151.162790697675,6.0,49.0,85.0,60000.0,19,0,0,0,0,0,0,0,0,0,0,3,0,0,0,1,0
4613,4214,Mecanizado,NO,Otro,Algodón,SI,Mecanizada,NO,5.4,7534.883720930233,5.0,50.0,78.0,66000.0,16,0,0,0,0,0,0,0,0,0,0,2,0,0,0,2,0
4614,4157,Manual,NO,Otro,Maiz,SI,Manual,NO,1.8,7627.906976744186,6.0,50.0,81.0,72000.0,17,0,0,0,0,0,0,0,0,0,0,1,0,0,0,3,0
4615,4167,Mecanizado,NO,Otro,Algodón,SI,Mecanizada,NO,2.8,7440.697674418605,6.0,50.0,83.0,70000.0,16,0,0,0,0,0,0,0,0,0,0,1,2,0,0,1,1
4616,4269,Mecanizado,NO,DK 234 YGRR,Algodón,SI,Mecanizada,NO,5.2,6674.418604651163,5.0,51.0,81.0,65000.0,18,0,0,0,0,0,0,0,0,0,0,1,0,0,0,2,0
4618,4277,Mecanizado,NO,Otro,Algodón,SI,Mecanizada,NO,3.3,6466.279069767442,4.0,50.0,83.0,69000.0,17,0,0,0,0,0,0,0,0,0,0,1,0,0,0,2,0
4620,4276,Mecanizado,NO,Otro,Algodón,SI,Mecanizada,NO,1.7,5720.930232558139,4.0,57.0,80.0,69500.0,17,0,0,0,0,0,0,0,0,0,0,1,0,0,0,1,0
4621,4274,Mecanizado,NO,Otro,Algodón,NO,Mecanizada,NO,4.6,5720.930232558139,5.0,49.0,80.0,68000.0,18,0,0,0,0,0,0,0,0,0,0,1,0,0,0,2,0
4623,4278,Mecanizado,NO,PIONEER 30F35 HRR,Algodón,SI,Mecanizada,NO,1.9,5887.209302325582,6.0,52.0,76.0,70000.0,18,0,0,0,0,0,0,0,0,0,0,1,0,0,0,2,0
4625,4271,Mecanizado,NO,P3966 (Pioneer),Maiz,SI,Mecanizada,NO,3.0,6436.046511627907,5.0,48.0,81.0,66700.0,17,0,0,0,0,0,0,0,0,0,0,1,1,0,0,1,0
4627,4272,Mecanizado,NO,P4082 (Pioneer),Maiz,SI,Mecanizada,NO,5.3,5745.348837209303,5.0,50.0,81.0,66800.0,16,0,0,0,0,0,0,0,0,0,0,1,0,0,0,2,0
4628,4273,Mecanizado,NO,DK7088,Algodón,SI,Mecanizada,NO,2.9,6310.46511627907,6.0,49.0,84.0,65750.0,17,0,0,0,0,0,0,0,0,0,0,1,0,0,0,2,0
4629,4169,Manual,NO,DK 234 YGRR,Algodón,SI,Mecanizada,NO,2.0,6404.6511627906975,5.0,47.0,79.0,65000.0,15,0,0,0,0,0,0,0,0,0,0,1,0,0,0,2,0
4630,4168,Mecanizado,NO,P4082 (Pioneer),Algodón,SI,Mecanizada,NO,4.1,6593.023255813953,6.0,48.0,74.0,60000.0,15,0,0,0,0,0,0,0,0,0,0,1,0,0,0,3,0
4631,4224,Manual,NO,P4082 (Pioneer),Maiz,SI,Manual,NO,1.3,6498.837209302325,5.0,49.0,80.0,63000.0,17,0,0,0,0,0,0,0,0,0,0,1,0,0,0,2,0
4632,4267,Mecanizado,NO,Otro,Algodón,SI,Mecanizada,NO,1.0,6027.906976744186,5.0,48.0,66.0,58600.0,18,0,0,0,0,0,0,0,0,0,0,1,0,0,0,2,0
4633,4266,Mecanizado,NO,Otro,Algodón,SI,Mecanizada,NO,6.0,5838.9534883720935,5.0,49.0,83.0,60000.0,17,0,0,0,0,0,0,0,0,0,0,1,0,0,0,2,0
4634,4294,Mecanizado,NO,Otro,Maiz,SI,Mecanizada,NO,2.6,6128.488372093024,6.0,49.0,83.0,61000.0,16,0,0,0,0,0,0,0,0,0,0,1,0,0,0,1,0
4635,4309,Mecanizado,NO,PIONEER 30F35 HRR,Maiz,SI,Mecanizada,NO,1.7,6245.348837209303,6.0,49.0,83.0,60000.0,16,0,0,0,0,0,0,0,0,0,0,1,0,0,0,2,0
4636,4229,Mecanizado,NO,Otro,Maiz,NO,Mecanizada,NO,4.6,5860.46511627907,6.0,48.0,71.0,60000.0,17,0,0,0,0,0,0,0,0,0,0,2,0,0,0,2,0
4637,4226,Mecanizado,NO,Otro,Algodón,NO,Mecanizada,NO,5.8,5860.46511627907,6.0,49.0,55.0,60000.0,17,0,0,0,0,0,0,0,0,0,0,1,0,0,0,3,0
4638,4227,Mecanizado,NO,Otro,Algodón,NO,Mecanizada,NO,4.0,5651.162790697675,7.0,50.0,83.0,62000.0,17,0,0,0,0,0,0,0,0,0,0,2,0,0,0,2,0
4639,4158,Mecanizado,NO,Otro,Algodón,SI,Mecanizada,NO,7.4,6197.674418604652,5.0,52.0,82.0,61000.0,16,0,0,0,0,0,0,0,0,0,0,2,0,0,0,2,0
4640,4312,Mecanizado,NO,Otro,Algodón,SI,Mecanizada,NO,1.0,6664.883720930233,1.0,49.0,84.0,60000.0,17,0,0,0,0,0,0,0,0,0,0,2,0,0,0,1,0
4641,4159,Mecanizado,NO,Otro,Algodón,SI,Mecanizada,NO,7.4,6498.837209302325,6.0,49.0,83.0,59000.0,17,0,0,0,0,0,0,0,0,0,0,1,0,0,0,2,1
4642,4311,Mecanizado,NO,Otro,Algodón,SI,Mecanizada,NO,1.0,6157.441860465116,7.0,51.0,76.0,61500.0,17,0,0,0,0,0,0,0,0,0,0,2,0,0,0,1,0
4643,4310,Mecanizado,NO,Otro,Algodón,SI,Mecanizada,NO,1.2,6436.046511627907,7.0,53.0,74.0,59800.0,17,0,0,0,0,0,0,0,0,0,0,1,0,0,0,2,0
4644,4255,Mecanizado,NO,P3966 (Pioneer),Algodón,SI,Mecanizada,NO,2.1,5838.9534883720935,4.0,51.0,80.0,60000.0,18,0,0,0,0,0,0,0,0,0,0,2,0,0,0,1,0
4645,4254,Mecanizado,NO,DK 234 YGRR,Algodón,SI,Mecanizada,NO,1.4,6169.186046511628,5.0,49.0,81.0,59700.0,18,0,0,0,0,0,0,0,0,0,0,1,0,0,0,2,0
4647,4314,Mecanizado,NO,Otro,Maiz,SI,Mecanizada,NO,1.2,6562.790697674419,5.0,48.0,85.0,60800.0,17,0,0,0,0,0,0,0,0,0,0,1,0,0,0,2,0
4650,4154,Mecanizado,SI,Otro,Algodón,SI,Mecanizada,NO,2.7,7440.697674418605,6.0,50.0,82.0,70000.0,17,0,0,0,0,0,0,0,0,0,0,1,0,0,0,2,0
4651,4315,Mecanizado,NO,Otro,Maiz,SI,Mecanizada,NO,1.1,6948.837209302326,6.0,49.0,83.0,61000.0,17,0,0,0,0,0,0,0,0,0,0,1,0,0,0,2,0
4652,4156,Manual,SI,Otro,Maiz,SI,Manual,NO,1.1,7723.255813953488,7.0,48.0,86.0,58000.0,16,0,0,0,0,0,0,0,0,0,0,1,0,0,0,2,0
4653,4318,Mecanizado,NO,Otro,Algodón,SI,Mecanizada,NO,2.4,5816.279069767442,6.0,51.0,78.0,60000.0,17,0,0,0,0,0,0,0,0,0,0,1,0,0,0,1,0
4654,4316,Mecanizado,NO,Otro,Algodón,SI,Mecanizada,NO,4.6,6440.813953488372,5.0,49.0,81.0,61000.0,16,0,0,0,0,0,0,0,0,0,0,1,0,0,0,2,0
4655,4317,Mecanizado,NO,Otro,Algodón,SI,Mecanizada,NO,3.0,6755.813953488372,6.0,50.0,79.0,60000.0,16,0,0,0,0,0,0,0,0,0,0,2,0,0,0,1,0
4656,4264,Mecanizado,NO,PIONEER 30F35 HRR,Algodón,SI,Mecanizada,NO,6.2,6027.906976744186,6.0,50.0,84.0,69800.0,17,0,0,0,0,0,0,0,0,0,0,1,0,0,0,2,0
4657,4260,Mecanizado,NO,P3966 (Pioneer),Maiz,SI,Mecanizada,NO,10.5,6388.372093023256,6.0,41.0,93.0,68500.0,15,0,0,0,0,0,0,0,0,0,0,1,0,0,0,2,0
4658,4262,Mecanizado,NO,DK 234 YGRR,Algodón,SI,Mecanizada,NO,10.0,6404.6511627906975,6.0,49.0,84.0,70000.0,16,0,0,0,0,0,0,0,0,0,0,1,0,0,0,0,2
4659,4263,Mecanizado,NO,P4082 (Pioneer),Algodón,SI,Mecanizada,NO,2.7,6225.0,6.0,50.0,83.0,68000.0,16,0,0,0,0,0,0,0,0,0,0,1,0,0,0,2,0
4660,4313,Mecanizado,NO,Otro,Algodón,SI,Mecanizada,NO,1.8,6722.093023255814,6.0,50.0,81.0,59800.0,16,0,0,0,0,0,0,0,0,0,0,1,0,0,0,2,0
4661,4225,Mecanizado,NO,P3966 (Pioneer),Algodón,SI,Mecanizada,NO,13.7,6147.790697674419,6.0,49.0,85.0,72000.0,16,0,0,0,0,0,0,0,0,0,0,1,0,0,0,2,0
4662,4155,Mecanizado,SI,Otro,Algodón,SI,Mecanizada,NO,1.0,7532.558139534884,5.0,49.0,84.0,69000.0,18,0,0,0,0,0,0,0,0,0,0,1,0,0,0,2,0
4663,4231,Manual,NO,P3966 (Pioneer),Maiz,SI,Mecanizada,NO,1.0,6817.441860465116,6.0,49.0,84.0,63000.0,19,0,0,0,0,0,0,0,0,0,0,1,0,0,0,2,0
4664,4164,Mecanizado,NO,Otro,Algodón,SI,Mecanizada,NO,2.4,5745.348837209303,6.0,50.0,82.0,60000.0,15,0,0,0,0,0,0,0,0,0,3,1,0,0,0,2,0
4665,4259,Manual,NO,DK7088,Maiz,SI,Manual,NO,1.2,5730.46511627907,6.0,51.0,81.0,60500.0,16,0,0,0,0,0,0,0,0,0,0,2,0,0,0,1,0
4666,4165,Mecanizado,NO,Otro,Algodón,SI,Mecanizada,NO,3.4,5873.488372093024,5.0,52.0,81.0,59000.0,15,0,0,0,0,0,0,0,0,0,0,1,0,0,0,2,0
4667,4161,Mecanizado,NO,ADV 9293 (Syngenta),Algodón,SI,Manual,NO,4.6,6674.418604651163,6.0,51.0,82.0,67000.0,18,0,0,0,0,0,0,0,0,0,0,1,0,0,0,2,0
4668,4160,Mecanizado,NO,Otro,Algodón,SI,Mecanizada,NO,4.3,6674.418604651163,5.0,50.0,86.0,70000.0,17,0,0,0,0,0,0,0,0,0,0,1,0,0,0,2,0
4669,4256,Mecanizado,NO,Otro,Algodón,SI,Mecanizada,NO,2.2,6197.674418604652,5.0,50.0,85.0,60000.0,17,0,0,0,0,0,0,0,0,0,0,1,0,0,0,2,0
4670,4268,Manual,NO,Otro,Maiz,SI,Manual,NO,1.0,6736.511627906977,6.0,49.0,79.0,61000.0,17,0,0,0,0,0,0,0,0,0,0,1,0,0,0,2,0
4671,4323,Manual,NO,Otro,Maiz,SI,Manual,NO,1.0,6900.581395348838,4.0,49.0,83.0,64200.0,18,0,0,0,0,0,0,0,0,0,0,1,0,0,0,2,0
4672,4322,Mecanizado,NO,Otro,Maiz,SI,Mecanizada,NO,2.1,5983.720930232558,6.0,49.0,84.0,60000.0,16,0,0,0,0,0,0,0,0,0,0,1,0,0,0,2,0
4673,4321,Mecanizado,NO,Otro,Algodón,NO,Mecanizada,NO,2.0,6105.325581395349,5.0,51.0,83.0,59800.0,16,0,0,0,0,0,0,0,0,0,0,1,0,0,0,2,0
4674,4320,Mecanizado,NO,DK 234 YGRR,Algodón,SI,Mecanizada,NO,2.2,6216.279069767442,6.0,49.0,80.0,70000.0,17,0,0,0,0,0,0,0,0,0,0,1,0,0,0,1,0
4675,4319,Mecanizado,NO,P3966 (Pioneer),Algodón,SI,Mecanizada,NO,2.3,6140.46511627907,5.0,52.0,78.0,67600.0,17,0,0,0,0,0,0,0,0,0,0,1,0,0,0,1,0
