,vector,curvaSA,qbest
0,"[ 0.046  0.     0.032  0.     0.     0.002  0.021  0.002  0.035 -0.005
  0.     0.052  0.     0.     0.     0.     0.     0.013  0.001  0.
  0.002  0.02   0.013  0.02   0.019  0.     0.     0.     0.004  0.
  0.     0.     0.002  0.066  0.014  0.002  0.     0.003  0.001  0.002
  0.018  0.041  0.     0.006  0.     0.026 -0.003  0.     0.     0.02
  0.     0.     0.006  0.     0.     0.     0.02   0.     0.     0.
  0.     0.     0.     0.007  0.033  0.     0.016  0.    -0.003  0.002
  0.003  0.     0.002  0.     0.002  0.     0.     0.     0.     0.002
  0.     0.001  0.     0.002  0.002 -0.006  0.011  0.     0.     0.004
  0.     0.02   0.003  0.003  0.     0.     0.     0.002  0.002  0.
  0.     0.     0.     0.     0.     0.     0.     0.     0.     0.
  0.     0.     0.016  0.004  0.002  0.002  0.034  0.01   0.005  0.
 -0.003  0.024  0.002  0.     0.033  0.     0.     0.     0.002  0.
  0.     0.     0.     0.009  0.003  0.     0.005 -0.006  0.015  0.015
  0.     0.     0.058  0.     0.     0.     0.     0.     0.     0.
  0.     0.     0.02   0.     0.015  0.002  0.002  0.     0.002  0.002
  0.     0.     0.     0.002 -0.005  0.029  0.     0.     0.     0.
  0.     0.042  0.     0.05 ]",0.8548185231539425,0.8548185231539425
