ID_EVENTO,ID_LOTE,TIPO_SIEMBRA,SEM_TRATADAS,MATERIAL_GENETICO,CULT_ANT,DRENAJE,METODO_COSECHA,ALMACENAMIENTO_FINCA,RDT_AJUSTADO,DIAS_EN_EMERGER,DIAS_EN_EMERGER_A_FLORECER,DIAS_EN_FLORECER_A_COSECHAR,POBLACION_20DIAS_AJT,ALTURA_LOT,ContEnfQui_Emer_Flor,ContEnfQui_Flor_Cose,ContMalMec_Siem_Emer,ContMalMec_Emer_Flor,ContMalMec_Flor_Cose,ContMalQui_Antes_Siem,ContMalQui_Siem_Emer,ContMalQui_Emer_Flor,ContMalQui_Flor_Cose,ContPlaQui_Antes_Siem,ContPlaQui_Siem_Emer,ContPlaQui_Emer_Flor,ContPlaQui_Flor_Cose,TotN_Antes_Siem,TotN_Siem_Emer,TotN_Emer_Flor,TotP_Antes_Siem,TotP_Siem_Emer,TotP_Emer_Flor,TotK_Antes_Siem,TotK_Siem_Emer,TotK_Emer_Flor,FerOrg_Emer_Flor,FerQui_Antes_Siem,FerQui_Siem_Emer,FerQui_Emer_Flor,PENDIENTE_RASTA,TERRENO_CIRCUN_RASTA,POSICION_PERFIL_RASTA,NO_CAPAS_RASTA,PH_RASTA,PEDREG_PERFIL_ROCAS,CAP_ENDURE_RASTA,PROFUND_CAP_ENDURE_RASTA,ESPESOR_CAP_ENDURE_RASTA,MOTEADOS_RASTA,PROFUND_MOTEADOS_RASTA,MOTEADOS_MAS70cm._RASTA,ESTRUCTURA_RASTA,OBSERVA_EROSION_RASTA,OBSERVA_MOHO_RASTA,OBSERVA_COSTRAS_DURAS_RASTA,SITIO_EXPUESTO_SOL_RASTA,OBSERVA_COSTRAS_BLANCAS_RASTA,OBSERVA_COSTAS_NEGRAS_RASTA,REGION_SECA_ARIDA_RASTA,OBSERVA_RAICES_VIVAS_RASTA,PROFUND_RAICES_VIVAS_RASTA,OBSERVA_PLANTAS_PEQUENAS_RASTA,OBSERVA_HOJARASCA_MO_RASTA,SUELO_NEGRO_BLANDO_RASTA,CUCHILLO_PRIMER_HTE_RASTA,CERCA_RIOS_QUEBRADAS_RASTA,RECUBRIMIENTO_VEGETAL__SUELO_RASTA,prof_efectiva,d.interno,drenaje_externo,porc_A,porc_Ar,porc_ArA,porc_ArL,porc_FrL,porc_L,porc_F,porc_FAr,porc_FA,porc_AF,porc_BLANDO,porc_DURO,porc_EXT_DURO,porc_FRIABLE,porc_FIRME,porc_EXT_FIRME,porc_PLASTICO,porc_MUY_PLASTICO,Temp_Max_Avg_Veg,Temp_Min_Avg_Veg,Temp_Avg_Veg,Diurnal_Range_Avg_Veg,Sol_Ener_Accu_Veg,Temp_Max_34_Freq_Veg,Rain_Accu_Veg,Rain_10_Freq_Veg,Rhum_Avg_Veg,Temp_Max_Avg_For,Temp_Min_Avg_For,Temp_Avg_For,Diurnal_Range_Avg_For,Sol_Ener_Accu_For,Temp_Max_34_Freq_For,Rain_Accu_For,Rain_10_Freq_For,Rhum_Avg_For,Temp_Max_Avg_Mad,Temp_Min_Avg_Mad,Temp_Avg_Mad,Diurnal_Range_Avg_Mad,Sol_Ener_Accu_Mad,Temp_Max_34_Freq_Mad,Rain_Accu_Mad,Rain_10_Freq_Mad,Rhum_Avg_Mad
53,40,Mecanizado,NO,PIONEER 30F32,Algodón,SI,Manual,NO,4767.44186,5.0,63.0,68.0,60000,13,0,0,0,0,0,0,0,1,0,0,0,1,0,0.0,0.0,46.0,0,0.0,0.0,0,0.0,0.0,0,0,0,1,2.0,PLANO O LLANO,PLANO,3.0,7.0,SIN ROCAS,NO,-1.0,-1.0,SI,-1.0,NO,GRANULAR,NO,NO,NO HAY,LA MANANA Y LA TARDE,NO HAY,NO HAY,NO,NO,-1.0,PLANTAS NORMALES,NO,NO,SI,NO,MUY BUENO,31.0,LENTO A MUY LENTO,NINGUNO,0.0,0.0,0.0,0.0,11.11,0.0,0.0,27.16,61.73,0.0,100.0,0.0,0.0,0.0,0.0,0.0,0.0,0.0,32.48034548,24.3625,28.42142274,8.117845476,14804.75763,0.15,164.7,0.075,81.2,32.52927301,23.77241379,28.1508434,8.756859215,24163.0193,0.155172414,305.1,0.172413793,80.24137931,32.04767076,23.6025641,27.82511743,8.445106657,13197.5729,0.051282051,279.3,0.230769231,82.41025641
54,43,Mecanizado,SI,DK 234,Maiz,SI,Manual,NO,4651.162791,5.0,64.0,63.0,60000,15,0,0,0,0,0,0,0,1,0,0,0,1,0,0.0,0.0,92.0,0,0.0,0.0,0,0.0,0.0,0,0,0,2,1.0,PLANO O LLANO,PLANO,3.0,7.0,SIN ROCAS,SI,20.0,2.0,SI,30.0,NO,GRANULAR,NO,NO,NO HAY,LA MANANA Y LA TARDE,NO HAY,NO HAY,NO,NO,-1.0,PLANTAS NORMALES,SI,NO,SI,NO,BUENO,20.0,LENTO A MUY LENTO,NINGUNO,0.0,0.0,0.0,51.43,0.0,0.0,0.0,48.57,0.0,0.0,100.0,0.0,0.0,0.0,0.0,0.0,0.0,0.0,32.05244417,24.2525,28.15247209,7.799944171,14546.30944,0.1,248.6,0.125,81.3,32.67255389,23.91034483,28.29144936,8.762209059,24396.63982,0.206896552,271.2,0.137931034,80.51724138,32.37213743,23.48571429,27.92892586,8.886423142,12436.48772,0.028571429,221.2,0.257142857,81.85714286
56,44,Mecanizado,NO,PIONEER 30F32,Algodón,SI,Manual,NO,5180.232558,5.0,59.0,66.0,60000,12,0,0,0,0,0,0,0,1,0,0,0,0,0,0.0,0.0,46.0,0,0.0,0.0,0,0.0,0.0,0,0,0,1,1.0,PLANO O LLANO,PLANO,3.0,7.0,SIN ROCAS,SI,18.0,2.0,SI,14.0,NO,GRANULAR,NO,NO,NO HAY,LA MANANA Y LA TARDE,NO HAY,NO HAY,NO,SI,30.0,PLANTAS NORMALES,SI,NO,SI,NO,BUENO,30.0,LENTO A MUY LENTO,NINGUNO,0.0,0.0,0.0,0.0,0.0,0.0,0.0,51.28,0.0,48.72,100.0,0.0,0.0,0.0,0.0,0.0,0.0,0.0,32.51958693,24.3575,28.43854347,8.162086934,14905.91953,0.15,164.7,0.075,81.075,32.54073083,23.77586207,28.15829645,8.764868759,24005.68766,0.155172414,286.9,0.155172414,80.32758621,32.16700887,23.53333333,27.8501711,8.633675532,11267.16834,0.03030303,226.0,0.272727273,82.60606061
57,45,Mecanizado,NO,Otro,Algodón,SI,Manual,NO,4897.674419,5.0,64.0,59.0,60000,12,0,0,0,0,0,0,0,2,0,0,0,0,0,0.0,0.0,46.0,0,0.0,0.0,0,0.0,0.0,0,0,0,1,2.0,PLANO O LLANO,PLANO,3.0,6.0,SIN ROCAS,SI,22.0,1.5,SI,11.0,NO,GRANULAR,NO,NO,NO HAY,LA MANANA Y LA TARDE,NO HAY,NO HAY,NO,NO,-1.0,PLANTAS NORMALES,SI,NO,NO,NO,BUENO,11.0,LENTO A MUY LENTO,NINGUNO,0.0,0.0,0.0,0.0,80.95,0.0,0.0,19.05,0.0,0.0,100.0,0.0,0.0,0.0,0.0,0.0,0.0,0.0,32.32270488,24.28,28.30135244,8.042704877,14809.63046,0.15,182.9,0.1,81.225,32.59927753,23.80517241,28.20222497,8.794105113,23979.99504,0.155172414,282.1,0.155172414,80.51724138,32.18752713,23.53548387,27.8615055,8.652043264,11066.68328,0.032258065,223.2,0.290322581,81.83870968
273,46,Mecanizado,NO,Otro,Algodón,SI,Manual,NO,5302.325581,5.0,63.0,60.0,60000,16,0,0,0,0,0,0,0,1,0,0,0,1,0,0.0,0.0,46.0,0,0.0,0.0,0,0.0,0.0,0,0,0,1,2.0,PLANO O LLANO,PLANO,3.0,7.0,SIN ROCAS,SI,19.0,1.7,SI,6.0,NO,GRANULAR,NO,NO,NO HAY,LA MANANA Y LA TARDE,NO HAY,NO HAY,NO,NO,-1.0,PLANTAS NORMALES,SI,NO,NO,NO,BUENO,6.0,LENTO A MUY LENTO,NINGUNO,0.0,0.0,0.0,0.0,54.65,0.0,0.0,45.35,0.0,0.0,100.0,0.0,0.0,0.0,0.0,0.0,0.0,0.0,32.32270488,24.28,28.30135244,8.042704877,14809.63046,0.15,182.9,0.1,81.225,32.59927753,23.80517241,28.20222497,8.794105113,23979.99504,0.155172414,282.1,0.155172414,80.51724138,32.18752713,23.53548387,27.8615055,8.652043264,11066.68328,0.032258065,223.2,0.290322581,81.83870968
282,47,Mecanizado,SI,DK 234,Maiz,SI,Manual,NO,4958.139535,6.0,72.0,55.0,60000,19,0,0,0,0,0,0,1,1,0,0,0,2,0,0.0,0.0,92.0,0,0.0,0.0,0,0.0,0.0,0,0,0,2,2.0,PLANO O LLANO,PLANO,3.0,5.0,SIN ROCAS,SI,20.0,1.5,SI,20.0,NO,GRANULAR,NO,NO,NO HAY,LA MANANA Y LA TARDE,NO HAY,NO HAY,NO,SI,27.0,PLANTAS NORMALES,SI,NO,NO,NO,BUENO,27.0,LENTO A MUY LENTO,NINGUNO,0.0,0.0,0.0,0.0,44.44,0.0,0.0,55.56,0.0,0.0,100.0,0.0,0.0,0.0,0.0,0.0,0.0,0.0,32.41567567,24.32,28.36783783,8.095675667,14948.09661,0.15,183.6,0.1,81.375,32.55442217,23.79827586,28.17634902,8.756146306,23795.42425,0.155172414,281.4,0.155172414,80.48275862,32.28100554,23.57777778,27.92939166,8.703227764,12690.30378,0.027777778,232.0,0.25,82.11111111
283,51,Manual,SI,Otro,Maiz,SI,Manual,NO,4426.744186,5.0,47.0,86.0,60000,14,0,0,0,0,0,0,0,1,0,0,0,1,0,0.0,0.0,46.0,0,0.0,0.0,0,0.0,0.0,0,0,0,1,2.0,PLANO O LLANO,PLANO,3.0,7.0,SIN ROCAS,SI,33.0,1.5,SI,37.0,NO,GRANULAR,NO,NO,NO HAY,LA MANANA Y LA TARDE,NO HAY,NO HAY,NO,NO,-1.0,PLANTAS NORMALES,SI,NO,NO,NO,BUENO,33.0,LENTO A MUY LENTO,NINGUNO,0.0,37.04,40.74,0.0,0.0,0.0,0.0,22.22,0.0,0.0,100.0,0.0,0.0,0.0,0.0,0.0,0.0,0.0,32.05244417,24.2525,28.15247209,7.799944171,14546.30944,0.1,248.6,0.125,81.3,32.67255389,23.91034483,28.29144936,8.762209059,24396.63982,0.206896552,271.2,0.137931034,80.51724138,32.29208673,23.52682927,27.909458,8.765257463,14448.17226,0.024390244,251.0,0.243902439,82.04878049
284,268,Manual,SI,PIONEER 30F32,Algodón,SI,Manual,NO,5790.697674,5.0,42.0,89.0,60000,12,0,0,0,0,0,0,0,1,0,0,0,1,0,0.0,0.0,92.0,0,0.0,0.0,0,0.0,0.0,0,0,0,2,2.0,PLANO O LLANO,PLANO,3.0,6.0,SIN ROCAS,SI,11.0,1.5,SI,55.0,NO,GRANULAR,NO,NO,NO HAY,LA MANANA Y LA TARDE,NO HAY,NO HAY,NO,NO,-1.0,PLANTAS NORMALES,SI,NO,NO,NO,MUY BUENO,11.0,BUENO,NINGUNO,0.0,0.0,0.0,0.0,0.0,0.0,0.0,100.0,0.0,0.0,100.0,0.0,0.0,0.0,0.0,0.0,0.0,0.0,32.43925666,24.3575,28.39837833,8.081756664,14753.41182,0.15,183.6,0.1,81.575,32.57007813,23.77241379,28.17124596,8.797664333,23987.09021,0.155172414,281.4,0.155172414,80.36206897,32.17000332,23.66923077,27.91961704,8.500772551,13635.40152,0.025641026,232.0,0.230769231,82.23076923
286,269,Manual,SI,DK 234,Algodón,SI,Manual,NO,5116.27907,6.0,42.0,86.0,60000,9,0,0,0,0,0,0,1,1,0,0,0,0,0,0.0,0.0,92.0,0,0.0,0.0,0,0.0,0.0,0,0,0,2,2.0,PLANO O LLANO,PLANO,3.0,6.0,SIN ROCAS,SI,15.0,1.0,SI,50.0,NO,GRANULAR,NO,NO,NO HAY,LA MANANA Y LA TARDE,NO HAY,NO HAY,NO,NO,-1.0,PLANTAS NORMALES,SI,NO,SI,NO,MUY BUENO,15.0,LENTO A MUY LENTO,NINGUNO,0.0,0.0,0.0,0.0,0.0,21.05,0.0,26.32,52.63,0.0,100.0,0.0,0.0,0.0,0.0,0.0,0.0,0.0,32.17883344,24.2675,28.22316672,7.911333438,14614.71603,0.125,239.6,0.125,81.15,32.6126122,23.87758621,28.2450992,8.735025994,24267.95517,0.189655172,270.8,0.137931034,80.46551724,32.32296616,23.51621622,27.91959119,8.806749946,13161.13889,0.027027027,250.4,0.27027027,82.0
287,270,Mecanizado,NO,PIONEER 30F35,Frijol,SI,Manual,NO,4238.372093,5.0,56.0,71.0,60000,14,0,0,0,0,0,0,0,1,0,0,0,1,0,0.0,0.0,46.0,0,0.0,0.0,0,0.0,0.0,0,0,0,1,2.0,PLANO O LLANO,PLANO,3.0,5.0,SIN ROCAS,SI,17.0,1.5,SI,15.0,NO,GRANULAR,NO,NO,NO HAY,LA MANANA Y LA TARDE,NO HAY,NO HAY,NO,NO,-1.0,PLANTAS NORMALES,SI,NO,NO,NO,BUENO,15.0,LENTO A MUY LENTO,NINGUNO,0.0,0.0,0.0,0.0,0.0,58.11,0.0,41.89,0.0,0.0,100.0,0.0,0.0,0.0,0.0,0.0,0.0,0.0,32.66179235,24.0675,28.36464617,8.594292345,15518.97425,0.225,233.8,0.125,81.25,32.24436709,23.64137931,27.9428732,8.602987778,23738.24453,0.068965517,328.0,0.189655172,80.24137931,32.0727583,23.76285714,27.91780772,8.309901157,11604.90794,0.057142857,161.7,0.171428571,82.34285714
288,271,Mecanizado,SI,Otro,Algodón,SI,Manual,NO,5911.627907,6.0,56.0,72.0,60000,10,0,0,0,0,0,0,0,0,0,0,0,1,0,0.0,0.0,69.0,0,0.0,0.0,0,0.0,30.0,0,0,0,3,2.0,PLANO O LLANO,PLANO,3.0,6.0,SIN ROCAS,SI,20.0,1.0,SI,37.0,NO,GRANULAR,NO,NO,NO HAY,LA MANANA Y LA TARDE,NO HAY,NO HAY,NO,NO,-1.0,PLANTAS NORMALES,SI,NO,SI,NO,BUENO,20.0,LENTO A MUY LENTO,NINGUNO,0.0,0.0,45.68,0.0,29.63,0.0,0.0,24.69,0.0,0.0,100.0,0.0,0.0,0.0,0.0,0.0,0.0,0.0,32.03195436,24.2775,28.15472718,7.754454362,14523.06638,0.1,248.6,0.125,81.425,32.73331093,23.8862069,28.30975891,8.847104032,24354.5397,0.206896552,227.2,0.120689655,80.39655172,32.23886725,23.54054054,27.88970389,8.698326708,13113.16445,0.027027027,286.2,0.297297297,81.97297297
289,272,Manual,NO,Otro,Algodón,SI,Manual,NO,5053.488372,5.0,43.0,85.0,60000,12,0,0,0,0,0,0,1,0,0,0,0,1,0,0.0,0.0,92.0,0,0.0,0.0,0,0.0,0.0,0,0,0,2,2.0,PLANO O LLANO,PLANO,3.0,6.0,SIN ROCAS,SI,20.0,1.0,SI,20.0,NO,GRANULAR,NO,NO,NO HAY,LA MANANA Y LA TARDE,NO HAY,NO HAY,NO,NO,-1.0,PLANTAS NORMALES,SI,NO,SI,NO,BUENO,20.0,LENTO A MUY LENTO,NINGUNO,0.0,0.0,0.0,0.0,42.86,0.0,0.0,57.14,0.0,0.0,100.0,0.0,0.0,0.0,0.0,0.0,0.0,0.0,32.03195436,24.2775,28.15472718,7.754454362,14523.06638,0.1,248.6,0.125,81.425,32.73331093,23.8862069,28.30975891,8.847104032,24354.5397,0.206896552,227.2,0.120689655,80.39655172,32.31768878,23.53333333,27.92551105,8.784355442,12813.59534,0.027777778,265.2,0.277777778,81.97222222
290,273,Manual,SI,FNC 3056,Algodón,SI,Manual,NO,4186.046512,5.0,58.0,71.0,58000,14,0,0,0,0,0,0,0,2,0,0,0,2,0,0.0,0.0,69.0,0,0.0,0.0,0,0.0,0.0,0,0,0,2,1.0,PLANO O LLANO,PLANO,3.0,6.0,SIN ROCAS,SI,21.0,1.0,SI,23.0,NO,GRANULAR,NO,NO,NO HAY,LA MANANA Y LA TARDE,NO HAY,NO HAY,NO,NO,-1.0,PLANTAS NORMALES,SI,NO,SI,NO,BUENO,21.0,LENTO A MUY LENTO,NINGUNO,0.0,0.0,0.0,0.0,0.0,0.0,0.0,47.06,52.94,0.0,100.0,0.0,0.0,0.0,0.0,0.0,0.0,0.0,32.50859227,24.35,28.42929613,8.158592268,14966.77699,0.15,168.5,0.075,81.4,32.57448587,23.76206897,28.16827742,8.812416903,23929.41709,0.155172414,286.9,0.155172414,80.32758621,32.17786565,23.58918919,27.88352742,8.588676462,12926.68305,0.027027027,226.0,0.243243243,82.32432432
291,274,Manual,NO,PIONEER 30F32,Maiz,SI,Mecanizada,NO,5790.697674,5.0,59.0,69.0,60000,16,0,0,0,0,0,0,1,1,0,0,1,1,0,0.0,46.0,46.0,0,0.0,0.0,0,30.0,0.0,0,0,2,1,1.0,PLANO O LLANO,PLANO,3.0,6.0,SIN ROCAS,SI,19.0,1.0,SI,37.0,NO,GRANULAR,NO,NO,NO HAY,LA MANANA Y LA TARDE,NO HAY,NO HAY,NO,NO,-1.0,PLANTAS NORMALES,SI,NO,SI,NO,BUENO,19.0,LENTO A MUY LENTO,NINGUNO,0.0,19.23,0.0,0.0,56.41,0.0,0.0,24.36,0.0,0.0,100.0,0.0,0.0,0.0,0.0,0.0,0.0,0.0,32.49400872,24.12,28.30700436,8.374008715,14959.22979,0.175,213.5,0.1,81.775,32.33341564,23.71034483,28.02188023,8.623070811,24028.56989,0.120689655,243.0,0.155172414,80.17241379,32.24768818,23.65,27.94884409,8.597688182,11980.46452,0.055555556,270.3,0.222222222,82.41666667
293,276,Mecanizado,NO,Otro,Maiz,SI,Manual,NO,4868.604651,4.0,60.0,63.0,60000,16,0,0,0,0,0,0,0,0,0,0,0,1,0,0.0,0.0,46.0,0,0.0,0.0,0,0.0,0.0,0,0,0,1,1.0,PLANO O LLANO,PLANO,2.0,6.0,SIN ROCAS,NO,-1.0,-1.0,NO,-1.0,NO,GRANULAR,NO,NO,NO HAY,LA MANANA Y LA TARDE,NO HAY,NO HAY,NO,NO,-1.0,PLANTAS NORMALES,SI,NO,SI,NO,BUENO,67.0,BUENO,NINGUNO,0.0,0.0,0.0,0.0,74.63,0.0,0.0,25.37,0.0,0.0,100.0,0.0,0.0,0.0,0.0,0.0,0.0,0.0,33.35799991,24.53282149,28.9454107,8.825178416,15063.69782,0.362727366,168.1240423,0.119302705,80.20951508,33.94047664,24.47490656,29.2076916,9.465570086,22563.30954,0.462778659,266.5556758,0.147250221,79.74921431,33.35626124,24.27295271,28.81460698,9.083308537,14081.49132,0.35535223,111.5261168,0.116634453,81.07531956
294,277,Manual,NO,Otro,Algodón,SI,Manual,NO,5462.790698,5.0,68.0,54.0,60000,14,0,0,0,0,0,0,0,0,0,0,0,1,0,0.0,0.0,46.0,0,0.0,0.0,0,0.0,0.0,0,0,0,1,2.0,PLANO O LLANO,PLANO,2.0,6.0,SIN ROCAS,SI,15.0,1.0,SI,64.0,NO,GRANULAR,NO,NO,NO HAY,LA MANANA Y LA TARDE,NO HAY,NO HAY,NO,NO,-1.0,PLANTAS NORMALES,SI,NO,SI,NO,BUENO,15.0,BUENO,NINGUNO,0.0,0.0,0.0,0.0,78.05,0.0,0.0,21.95,0.0,0.0,100.0,0.0,0.0,0.0,0.0,0.0,0.0,0.0,32.48034548,24.3625,28.42142274,8.117845476,14804.75763,0.15,164.7,0.075,81.2,32.52927301,23.77241379,28.1508434,8.756859215,24163.0193,0.155172414,305.1,0.172413793,80.24137931,32.17403522,23.42666667,27.80035094,8.747368549,10350.67649,0.033333333,207.8,0.266666667,82.63333333
295,278,Manual,NO,PIONEER 30F35,Yuca,SI,Manual,NO,5052.325581,6.0,65.0,70.0,60000,15,0,0,0,0,0,0,1,0,0,0,0,2,0,0.0,0.0,46.0,0,0.0,0.0,0,0.0,0.0,0,0,0,1,2.0,PLANO O LLANO,PLANO,3.0,6.0,SIN ROCAS,SI,25.0,2.0,SI,26.0,NO,GRANULAR,NO,NO,NO HAY,LA MANANA Y LA TARDE,NO HAY,NO HAY,NO,NO,-1.0,PLANTAS NORMALES,SI,NO,SI,NO,BUENO,25.0,LENTO A MUY LENTO,NINGUNO,0.0,0.0,0.0,0.0,28.24,0.0,0.0,29.41,42.35,0.0,100.0,0.0,0.0,0.0,0.0,0.0,0.0,0.0,32.47038285,24.3775,28.42394143,8.092882853,14967.07944,0.15,173.6,0.1,81.275,32.47069495,23.64482759,28.05776127,8.825867369,23857.78671,0.155172414,295.0,0.155172414,80.29310345,32.22020175,23.725,27.97260088,8.495201755,15222.72066,0.045454545,281.8,0.204545455,82.15909091
536,470,Mecanizado,NO,Otro,Maiz,SI,Manual,NO,3720.930233,5.0,47.0,78.0,60000,10,0,0,0,0,0,0,1,2,0,0,0,2,0,0.0,0.0,92.0,0,0.0,0.0,0,0.0,0.0,0,0,0,2,2.0,PLANO O LLANO,PLANO,2.0,6.0,SIN ROCAS,SI,15.0,7.0,NO,-1.0,NO,MASIVA,NO,NO,NO HAY,LA MANANA Y LA TARDE,NO HAY,NO HAY,NO,SI,15.0,POCO AFECTADAS,SI,NO,NO,SI,BUENO,15.0,BUENO,NINGUNO,0.0,25.71,0.0,0.0,74.29,0.0,0.0,0.0,0.0,0.0,0.0,0.0,0.0,74.29,25.71,0.0,0.0,0.0,32.13763897,23.8125,27.97506948,8.325138968,14092.52032,0.0,165.1,0.125,81.65,32.69557495,23.65517241,28.17537368,9.040402534,22575.08434,0.051724138,140.0,0.068965517,80.46551724,33.11988456,23.25757576,28.18873016,9.862308798,14333.48249,0.151515152,6.4,0.0,74.99694495
537,471,Mecanizado,NO,FNC 114,Maiz,NO,Manual,NO,3767.44186,5.0,48.0,72.0,68000,12,0,0,0,0,0,0,1,1,0,0,0,1,0,0.0,0.0,92.0,0,0.0,0.0,0,0.0,0.0,0,0,0,2,2.0,PLANO O LLANO,PLANO,2.0,6.0,SIN ROCAS,SI,12.0,6.0,SI,23.0,NO,MASIVA,NO,NO,NO HAY,LA MANANA Y LA TARDE,NO HAY,NO HAY,NO,SI,25.0,PLANTAS NORMALES,SI,NO,NO,SI,BUENO,25.0,LENTO A MUY LENTO,NINGUNO,0.0,28.57,0.0,0.0,71.43,0.0,0.0,0.0,0.0,0.0,0.0,0.0,0.0,71.43,28.57,0.0,0.0,0.0,32.269126,23.78,28.024563,8.489125998,14142.87117,0.0,132.5,0.125,81.85,32.70957695,23.68793103,28.19875399,9.021645918,22838.13814,0.051724138,102.8,0.051724138,79.79310345,33.1522309,23.12142857,28.13682973,10.03080233,12457.06605,0.178571429,6.4,0.0,74.49639941
539,469,Mecanizado,SI,FNC 114,Maiz,SI,Manual,NO,3767.44186,5.0,50.0,70.0,60000,11,0,0,0,0,0,0,0,1,0,0,0,1,0,0.0,0.0,92.0,0,0.0,0.0,0,0.0,0.0,0,0,0,2,2.0,PLANO O LLANO,PLANO,2.0,6.0,SIN ROCAS,SI,17.0,5.0,NO,-1.0,NO,MASIVA,NO,NO,POCO MARCADAS,LA MANANA Y LA TARDE,NO HAY,NO HAY,NO,SI,20.0,PLANTAS NORMALES,SI,NO,SI,SI,BUENO,20.0,BUENO,NINGUNO,0.0,35.71,0.0,0.0,64.29,0.0,0.0,0.0,0.0,0.0,0.0,0.0,0.0,0.0,100.0,0.0,0.0,0.0,32.269126,23.78,28.024563,8.489125998,14142.87117,0.0,132.5,0.125,81.85,32.70957695,23.68793103,28.19875399,9.021645918,22838.13814,0.051724138,102.8,0.051724138,79.79310345,33.1522309,23.12142857,28.13682973,10.03080233,12457.06605,0.178571429,6.4,0.0,74.49639941
540,475,Manual,SI,PIONEER 30F35 H,Maiz,SI,Manual,NO,4000.0,6.0,47.0,88.0,63000,10,0,0,0,0,0,0,0,1,0,0,0,0,0,0.0,0.0,92.0,0,0.0,0.0,0,0.0,30.0,0,0,0,3,2.0,PLANO O LLANO,PLANO,3.0,6.5,SIN ROCAS,NO,-1.0,-1.0,NO,-1.0,NO,MASIVA,NO,NO,NO HAY,LA MANANA Y LA TARDE,NO HAY,NO HAY,NO,SI,60.0,PLANTAS NORMALES,NO,NO,NO,NO,ESPACIADO,60.0,BUENO,NINGUNO,0.0,54.28,0.0,45.71,0.0,0.0,0.0,0.0,0.0,0.0,0.0,0.0,0.0,45.71,54.28,0.0,0.0,0.0,32.00548698,23.92,27.96274349,8.085486985,13566.83705,0.025,167.3,0.125,82.075,32.73236324,23.56724138,28.14980231,9.165121863,22634.00587,0.051724138,142.0,0.068965517,80.18965517,33.19167145,23.37954545,28.28560845,9.812125998,19197.85941,0.159090909,6.4,0.0,74.86134508
543,478,Mecanizado,NO,Otro,Maiz,SI,Manual,NO,2383.72093,5.0,79.0,59.0,68000,6,0,0,0,0,0,0,0,1,0,0,0,1,0,0.0,0.0,69.0,0,0.0,0.0,0,0.0,0.0,0,0,0,1,3.0,ONDULADO,PLANO CON ONDULACIONES,2.0,5.0,SIN ROCAS,SI,8.0,11.0,NO,-1.0,NO,ATERRONADA,NO,NO,NO HAY,LA MANANA Y LA TARDE,NO HAY,NO HAY,SI,SI,26.0,PLANTAS NORMALES,NO,NO,NO,SI,BUENO,26.0,BUENO,LENTO,0.0,100.0,0.0,0.0,0.0,0.0,0.0,0.0,0.0,0.0,0.0,0.0,0.0,0.0,100.0,0.0,0.0,0.0,32.27306717,23.665,27.96903358,8.608067166,13642.26664,0.05,271.2,0.2,82.1,32.35134748,23.82586207,28.08860477,8.525485408,20510.62279,0.0,229.1,0.137931034,81.82758621,32.79926974,23.43043478,28.11485226,9.368834957,19295.36439,0.065217391,12.6,0.0,78.0412866
548,479,Mecanizado,NO,Otro,Maiz,SI,Manual,SI,3581.395349,6.0,45.0,70.0,60000,12,0,0,0,0,0,0,0,3,0,0,0,1,0,0.0,0.0,69.0,0,0.0,0.0,0,0.0,0.0,0,0,0,3,2.0,PLANO O LLANO,PLANO,2.0,6.0,SIN ROCAS,NO,-1.0,-1.0,NO,-1.0,NO,MASIVA,NO,NO,NO HAY,LA MANANA Y LA TARDE,NO HAY,NO HAY,NO,SI,28.0,PLANTAS NORMALES,NO,NO,NO,NO,REGULAR,28.0,BUENO,NINGUNO,0.0,32.86,0.0,0.0,67.14,0.0,0.0,0.0,0.0,0.0,0.0,0.0,0.0,0.0,67.14,32.86,0.0,0.0,32.269126,23.78,28.024563,8.489125998,14142.87117,0.0,132.5,0.125,81.85,32.70957695,23.68793103,28.19875399,9.021645918,22838.13814,0.051724138,102.8,0.051724138,79.79310345,32.95165739,23.15416667,28.05291203,9.797490718,10574.79395,0.083333333,6.4,0.0,74.62079931
549,480,Mecanizado,NO,Otro,Maiz,SI,Manual,NO,2412.790698,5.0,46.0,92.0,68000,4,0,0,0,0,0,0,0,1,0,0,0,1,0,0.0,0.0,69.0,0,0.0,0.0,0,0.0,0.0,0,0,0,1,5.0,ONDULADO,PIE DE UNA ELEVACION,2.0,5.0,SIN ROCAS,SI,10.0,13.0,NO,-1.0,NO,MASIVA,NO,NO,NO HAY,LA MANANA Y LA TARDE,NO HAY,NO HAY,SI,NO,-1.0,PLANTAS NORMALES,NO,NO,NO,SI,REGULAR,0.0,BUENO,LENTO,0.0,0.0,0.0,0.0,100.0,0.0,0.0,0.0,0.0,0.0,100.0,0.0,0.0,0.0,0.0,0.0,0.0,0.0,32.27306717,23.665,27.96903358,8.608067166,13642.26664,0.05,271.2,0.2,82.1,32.35134748,23.82586207,28.08860477,8.525485408,20510.62279,0.0,229.1,0.137931034,81.82758621,32.79926974,23.43043478,28.11485226,9.368834957,19295.36439,0.065217391,12.6,0.0,78.0412866
559,484,Mecanizado,NO,PIONEER 30F35,Maiz,SI,Manual,NO,4767.44186,5.0,43.0,79.0,68000,8,2,0,0,0,0,0,0,2,0,0,0,0,0,0.0,0.0,115.0,0,0.0,0.0,0,0.0,0.0,0,0,0,3,2.0,PLANO O LLANO,PLANO,2.0,6.5,SIN ROCAS,NO,-1.0,-1.0,NO,-1.0,NO,ATERRONADA,NO,NO,NO HAY,LA MANANA Y LA TARDE,NO HAY,NO HAY,SI,SI,23.0,PLANTAS NORMALES,NO,NO,NO,SI,REGULAR,70.0,BUENO,NINGUNO,0.0,100.0,0.0,0.0,0.0,0.0,0.0,0.0,0.0,0.0,0.0,0.0,0.0,71.43,28.57,0.0,0.0,0.0,32.41862809,23.8475,28.13306404,8.571128089,13926.42874,0.0,134.2,0.125,82.125,32.65060105,23.57241379,28.11150742,9.07818726,23340.33257,0.051724138,97.3,0.034482759,79.13619282,33.47603122,23.22,28.34801561,10.25603122,13360.26898,0.233333333,0.0,0.0,73.73333333
560,485,Mecanizado,NO,Otro,Maiz,SI,Manual,NO,5339.534884,5.0,42.0,71.0,65000,10,0,0,0,0,0,0,0,1,0,0,0,0,0,0.0,0.0,121.0,0,0.0,3.0,0,0.0,30.0,0,0,0,5,2.0,PLANO O LLANO,PLANO,2.0,6.0,SIN ROCAS,SI,17.0,7.0,NO,-1.0,NO,ATERRONADA,NO,NO,NO HAY,LA MANANA Y LA TARDE,NO HAY,NO HAY,SI,SI,25.0,PLANTAS NORMALES,NO,NO,NO,SI,REGULAR,25.0,BUENO,NINGUNO,0.0,100.0,0.0,0.0,0.0,0.0,0.0,0.0,0.0,0.0,0.0,0.0,0.0,0.0,100.0,0.0,0.0,0.0,31.98779057,23.97,27.97889529,8.017790574,13301.90065,0.025,162.4,0.125,82.45,32.62050316,23.82413793,28.22232054,8.796365227,21859.167,0.017241379,147.7,0.068965517,80.94827586,32.76532993,23.1952381,27.98028401,9.570091834,9094.800894,0.095238095,6.4,0.0,76.66186588
617,514,Mecanizado,NO,Otro,Maiz,SI,Manual,NO,3337.209302,5.0,43.0,78.0,68000,9,0,0,0,0,0,0,0,1,0,0,0,1,0,0.0,0.0,92.0,0,0.0,0.0,0,0.0,30.0,0,0,0,3,4.0,PLANO O LLANO,PLANO CON ONDULACIONES,2.0,5.0,SIN ROCAS,NO,-1.0,-1.0,NO,-1.0,NO,ATERRONADA,NO,NO,NO HAY,LA MANANA Y LA TARDE,NO HAY,NO HAY,SI,SI,28.0,PLANTAS NORMALES,NO,NO,NO,NO,BUENO,80.0,BUENO,LENTO,0.0,100.0,0.0,0.0,0.0,0.0,0.0,0.0,0.0,0.0,0.0,0.0,0.0,0.0,100.0,0.0,0.0,0.0,32.53959458,23.8475,28.19354729,8.692094581,13792.28282,0.0,134.2,0.125,82.225,32.64066214,23.52241379,28.08153797,9.118248348,23501.65238,0.051724138,97.3,0.034482759,78.9810204,33.48921871,23.25862069,28.3739197,10.23059802,12852.98557,0.24137931,0.0,0.0,73.79310345
618,515,Mecanizado,NO,PIONEER 30F35,Maiz,SI,Manual,NO,4825.581395,5.0,45.0,102.0,60000,16,0,0,0,0,0,0,0,1,0,0,0,0,0,0.0,0.0,115.0,0,0.0,0.0,0,0.0,0.0,0,0,0,2,2.0,PLANO O LLANO,PLANO,2.0,5.5,SIN ROCAS,NO,-1.0,-1.0,NO,-1.0,NO,ATERRONADA,NO,NO,NO HAY,LA MANANA Y LA TARDE,NO HAY,NO HAY,SI,NO,-1.0,POCO AFECTADAS,NO,NO,NO,NO,REGULAR,28.0,BUENO,NINGUNO,0.0,100.0,0.0,0.0,0.0,0.0,0.0,0.0,0.0,0.0,0.0,0.0,0.0,0.0,100.0,0.0,0.0,0.0,32.51657731,23.87,28.19328865,8.646577306,14052.32694,0.0,133.2,0.125,82.025,32.69558576,23.43448276,28.06503426,9.261103002,23593.01424,0.051724138,97.3,0.034482759,78.68791696,34.18402503,23.54181818,28.86292161,10.64220685,24523.87983,0.527272727,4.3,0.0,73.18235473
766,651,Mecanizado,NO,DK 234,Algodón,NO,Manual,NO,3296.511628,5.0,44.0,73.0,60000,8,1,0,0,0,0,0,2,1,0,0,0,0,0,0.0,0.0,138.0,0,0.0,0.0,0,0.0,0.0,0,0,0,3,2.0,PLANO O LLANO,PLANO,2.0,5.0,SIN ROCAS,NO,-1.0,-1.0,SI,-1.0,SI,MASIVA,NO,NO,NO HAY,LA MANANA Y LA TARDE,NO HAY,NO HAY,NO,SI,45.0,PLANTAS NORMALES,NO,NO,SI,NO,ESPACIADO,45.0,LENTO A MUY LENTO,NINGUNO,0.0,41.43,0.0,0.0,58.57,0.0,0.0,0.0,0.0,0.0,0.0,0.0,0.0,58.57,41.43,0.0,0.0,0.0,31.87891236,24.52,28.19945618,7.358912364,14549.47379,0.075,196.7,0.15,80.7,33.51596795,24.45,28.98298398,9.065967952,22519.29722,0.379310345,313.7,0.120689655,78.29310345,32.86,23.688,28.274,9.172,9832.512003,0.24,123.4,0.16,79.64
769,654,Manual,SI,Otro,Algodón,SI,Manual,NO,3296.511628,4.0,44.0,79.0,60000,12,0,1,0,0,1,0,1,0,0,0,0,2,1,0.0,0.0,92.0,0,0.0,0.0,0,0.0,0.0,0,0,0,4,1.0,PLANO O LLANO,PLANO,2.0,4.5,SIN ROCAS,NO,-1.0,-1.0,NO,-1.0,NO,MASIVA,NO,NO,NO HAY,LA MANANA Y LA TARDE,NO HAY,NO HAY,NO,SI,50.0,PLANTAS NORMALES,NO,NO,SI,SI,REGULAR,50.0,BUENO,NINGUNO,0.0,0.0,0.0,0.0,100.0,0.0,0.0,0.0,0.0,0.0,0.0,0.0,0.0,100.0,0.0,0.0,0.0,0.0,32.11524755,24.6225,28.36887377,7.49274755,14710.6309,0.1,166.0,0.1,80.525,33.32159368,24.53275862,28.92717615,8.788835062,22090.72899,0.379310345,315.1,0.137931034,78.48275862,32.89333333,23.64,28.26666667,9.253333333,11880.76454,0.2,159.3,0.166666667,79.6
779,665,Manual,NO,PIONEER 30F35 H,Pastos,NO,Manual,NO,3013.953488,8.0,34.0,78.0,57000,12,0,0,0,0,0,0,0,0,1,0,0,2,1,0.0,46.0,23.0,0,0.0,0.0,0,0.0,0.0,0,0,1,1,2.0,PLANO O LLANO,PLANO,2.0,5.5,SIN ROCAS,NO,-1.0,-1.0,NO,-1.0,NO,MASIVA,NO,NO,NO HAY,LA MANANA Y LA TARDE,NO HAY,NO HAY,NO,SI,25.0,PLANTAS NORMALES,NO,NO,SI,NO,REGULAR,25.0,BUENO,NINGUNO,0.0,42.86,0.0,0.0,57.14,0.0,0.0,0.0,0.0,0.0,0.0,0.0,0.0,57.14,42.86,0.0,0.0,0.0,32.19106241,24.6775,28.4342812,7.513562409,14734.49617,0.05,208.7,0.175,80.425,33.58362196,24.14655172,28.86508684,9.437070231,22637.09302,0.431034483,343.1,0.120689655,78.48275862,32.17826087,23.55217391,27.86521739,8.626086957,8341.7944,0.086956522,177.6,0.260869565,82.08695652
780,666,Mecanizado,NO,DK 234,Algodón,NO,Manual,NO,3398.837209,7.0,41.0,79.0,62000,10,0,0,0,0,0,0,1,0,1,0,0,2,1,0.0,0.0,82.8,0,0.0,0.0,0,0.0,0.0,0,0,0,2,2.0,PLANO O LLANO,PLANO,2.0,6.0,SIN ROCAS,NO,-1.0,-1.0,NO,-1.0,NO,MASIVA,NO,NO,NO HAY,LA MANANA Y LA TARDE,NO HAY,NO HAY,NO,SI,25.0,PLANTAS NORMALES,NO,NO,SI,NO,BUENO,25.0,BUENO,NINGUNO,0.0,25.71,74.29,0.0,0.0,0.0,0.0,0.0,0.0,0.0,0.0,0.0,0.0,74.29,25.71,0.0,0.0,0.0,32.0162597,24.5075,28.26187985,7.508759696,14772.67955,0.075,185.4,0.125,80.35,33.36494527,24.55344828,28.95919677,8.811496995,22134.36264,0.379310345,325.0,0.137931034,78.48275862,32.67333333,23.61333333,28.14333333,9.06,11689.29623,0.2,155.3,0.2,80.13333333
781,667,Manual,NO,PIONEER 30F35,Algodón,NO,Manual,NO,3579.069767,6.0,43.0,79.0,60000,11,0,0,0,0,0,0,0,1,0,0,0,3,0,0.0,34.5,23.0,0,0.0,0.0,0,0.0,0.0,0,0,1,1,2.0,PLANO O LLANO,PLANO,2.0,5.5,SIN ROCAS,NO,-1.0,-1.0,NO,-1.0,NO,MASIVA,NO,NO,NO HAY,LA MANANA Y LA TARDE,NO HAY,NO HAY,NO,SI,30.0,PLANTAS NORMALES,NO,NO,SI,NO,BUENO,30.0,BUENO,NINGUNO,0.0,35.71,0.0,64.29,0.0,0.0,0.0,0.0,0.0,0.0,0.0,0.0,0.0,0.0,64.29,35.71,0.0,0.0,32.13945507,24.645,28.39222754,7.494455071,14749.74716,0.1,223.8,0.2,80.525,33.4561687,24.27068966,28.86342918,9.185479044,22425.28988,0.379310345,306.8,0.103448276,78.62068966,32.39032258,23.68064516,28.03548387,8.709677419,11521.78001,0.161290323,219.3,0.225806452,81.12903226
783,669,Manual,NO,Otro,Algodón,SI,Manual,NO,2790.697674,6.0,42.0,77.0,60000,10,0,0,0,0,1,0,1,0,0,0,0,2,1,0.0,0.0,69.0,0,0.0,0.0,0,0.0,0.0,0,0,0,2,1.0,PLANO O LLANO,PLANO,2.0,5.0,SIN ROCAS,NO,-1.0,-1.0,NO,-1.0,NO,MASIVA,NO,NO,NO HAY,LA MANANA Y LA TARDE,NO HAY,NO HAY,NO,SI,45.0,PLANTAS NORMALES,NO,NO,SI,SI,REGULAR,45.0,BUENO,NINGUNO,0.0,0.0,0.0,0.0,100.0,0.0,0.0,0.0,0.0,0.0,0.0,0.0,0.0,100.0,0.0,0.0,0.0,0.0,32.16767744,24.695,28.43133872,7.472677443,14710.19704,0.125,168.7,0.1,80.35,33.30433141,24.52931034,28.91682088,8.775021068,22027.11303,0.379310345,315.1,0.137931034,78.5,32.9,23.61428571,28.25714286,9.285714286,11112.9375,0.214285714,159.3,0.178571429,79.57142857
784,670,Mecanizado,SI,DK7088,Algodón,NO,Manual,NO,3860.465116,6.0,40.0,81.0,64000,13,0,0,0,0,0,0,1,1,0,0,0,2,0,0.0,0.0,115.0,0,0.0,0.0,0,0.0,0.0,0,0,0,3,2.0,PLANO O LLANO,PLANO,2.0,6.0,SIN ROCAS,NO,-1.0,-1.0,NO,-1.0,NO,MASIVA,NO,NO,NO HAY,LA MANANA Y LA TARDE,NO HAY,NO HAY,NO,SI,28.0,PLANTAS NORMALES,NO,NO,NO,NO,REGULAR,28.0,BUENO,NINGUNO,0.0,32.86,0.0,0.0,67.14,0.0,0.0,0.0,0.0,0.0,0.0,32.86,0.0,67.14,0.0,0.0,0.0,0.0,31.95268228,24.6275,28.29009114,7.325182277,14585.4696,0.075,198.6,0.15,80.9,33.56353252,24.35517241,28.95935247,9.208360111,22475.45219,0.396551724,333.3,0.137931034,78.55172414,32.35,23.65333333,28.00166667,8.696666667,11219.16941,0.166666667,195.0,0.2,80.6
786,672,Mecanizado,SI,DK 234,Maiz,SI,Mecanizada,NO,5000.0,7.0,39.0,113.0,64000,14,0,0,0,0,0,0,2,0,0,0,0,0,0,0.0,55.0,46.0,0,23.0,0.0,0,0.0,0.0,0,0,2,1,3.0,PLANO O LLANO,PLANO CON ONDULACIONES,2.0,6.5,SIN ROCAS,NO,-1.0,-1.0,NO,-1.0,NO,ATERRONADA,NO,NO,NO HAY,LA MANANA Y LA TARDE,NO HAY,NO HAY,NO,SI,20.0,NO HAY CULTIVO,NO,NO,NO,NO,REGULAR,70.0,BUENO,LENTO,0.0,100.0,0.0,0.0,0.0,0.0,0.0,0.0,0.0,0.0,0.0,40.0,60.0,0.0,0.0,0.0,0.0,0.0,32.15368034,23.6825,27.91809017,8.471180344,13635.9102,0.05,262.4,0.2,82.2,32.43949915,23.81206897,28.12578406,8.627430187,20729.9854,0.0,221.6,0.120689655,81.70689655,32.94171043,23.36451613,28.15311328,9.577194299,26262.55601,0.129032258,9.9,0.0,76.94998683
787,653,Mecanizado,NO,Otro,Maiz,SI,Manual,NO,3813.953488,6.0,42.0,80.0,57000,13,0,0,0,0,0,0,2,0,2,0,0,0,0,0.0,0.0,0.0,0,0.0,0.0,0,0.0,0.0,0,0,0,0,2.0,PLANO O LLANO,PLANO,2.0,5.5,SIN ROCAS,NO,-1.0,-1.0,NO,-1.0,NO,MASIVA,NO,NO,NO HAY,LA MANANA Y LA TARDE,NO HAY,NO HAY,NO,SI,48.0,PLANTAS NORMALES,NO,NO,SI,NO,REGULAR,48.0,BUENO,NINGUNO,0.0,44.29,0.0,0.0,55.71,0.0,0.0,0.0,0.0,0.0,0.0,0.0,0.0,55.71,44.29,0.0,0.0,0.0,31.87891236,24.52,28.19945618,7.358912364,14549.47379,0.075,196.7,0.15,80.7,33.51596795,24.45,28.98298398,9.065967952,22519.29722,0.379310345,313.7,0.120689655,78.29310345,32.40322581,23.61612903,28.00967742,8.787096774,11704.46913,0.193548387,208.3,0.225806452,80.67741935
788,668,Manual,SI,DK7088,Algodón,NO,Manual,NO,2976.744186,6.0,38.0,82.0,58000,12,0,0,0,0,0,0,2,0,0,0,0,3,0,0.0,0.0,92.0,0,0.0,0.0,0,0.0,0.0,0,0,0,3,2.0,PLANO O LLANO,PLANO,2.0,5.0,SIN ROCAS,NO,-1.0,-1.0,NO,-1.0,NO,MASIVA,NO,NO,NO HAY,LA MANANA Y LA TARDE,NO HAY,NO HAY,SI,SI,35.0,PLANTAS NORMALES,NO,NO,SI,NO,BUENO,35.0,BUENO,NINGUNO,0.0,0.0,0.0,0.0,100.0,0.0,0.0,0.0,0.0,0.0,0.0,0.0,0.0,100.0,0.0,0.0,0.0,0.0,31.98018906,24.6225,28.30134453,7.357689064,14489.54082,0.075,233.2,0.2,80.975,33.50929,24.31551724,28.91240362,9.193772762,22557.90263,0.396551724,297.4,0.103448276,78.51724138,32.43103448,23.67241379,28.05172414,8.75862069,10849.72324,0.172413793,197.6,0.206896552,80.51724138
791,674,Mecanizado,SI,PIONEER 30F35 H,Algodón,SI,Mecanizada,NO,6466.27907,6.0,42.0,83.0,65000,6,0,0,0,0,0,0,2,1,0,0,0,1,1,0.0,82.5,46.0,0,34.5,0.0,0,30.0,0.0,0,0,3,1,4.0,PLANO O LLANO,PLANO CON ONDULACIONES,2.0,5.0,SIN ROCAS,NO,-1.0,-1.0,SI,-1.0,SI,MASIVA,NO,NO,NO HAY,LA MANANA Y LA TARDE,NO HAY,NO HAY,NO,SI,35.0,PLANTAS NORMALES,NO,NO,SI,NO,BUENO,35.0,LENTO A MUY LENTO,LENTO,0.0,0.0,0.0,0.0,54.29,45.71,0.0,0.0,0.0,0.0,45.71,0.0,0.0,0.0,54.29,0.0,0.0,0.0,32.07,24.25,28.16,7.82,14559.85101,0.025,155.7,0.1,82.80733629,33.11880321,24.08275862,28.60078092,9.036044593,26199.30886,0.24137931,6.4,0.0,79.63487939,33.0,24.34705882,28.67352941,8.652941176,14385.98017,0.117647059,0.0,0.0,77.73393045
797,676,Mecanizado,NO,Otro,Maiz,SI,Mecanizada,NO,6948.837209,6.0,43.0,71.0,67000,12,0,0,0,0,0,0,1,0,0,0,0,2,0,0.0,55.0,0.0,0,23.0,0.0,0,0.0,0.0,0,0,2,0,2.0,PLANO O LLANO,PLANO,2.0,5.5,SIN ROCAS,SI,23.0,7.0,NO,-1.0,NO,ATERRONADA,NO,NO,NO HAY,LA MANANA Y LA TARDE,NO HAY,NO HAY,NO,SI,20.0,PLANTAS NORMALES,NO,NO,NO,NO,REGULAR,23.0,BUENO,NINGUNO,0.0,100.0,0.0,0.0,0.0,0.0,0.0,0.0,0.0,0.0,0.0,100.0,0.0,0.0,0.0,0.0,0.0,0.0,32.07237151,23.985,28.02868576,8.087371515,13364.52387,0.025,164.2,0.125,82.375,32.67404133,23.71724138,28.19564135,8.956799947,22307.70915,0.051724138,145.7,0.068965517,80.37931034,32.7284719,23.21304348,27.97075769,9.515428426,9977.811417,0.0,6.4,0.0,76.47387754
804,680,Mecanizado,NO,Otro,Maiz,SI,Mecanizada,NO,6483.72093,6.0,44.0,63.0,62000,12,0,0,0,0,0,0,1,1,0,0,0,2,1,0.0,59.5,46.0,0,34.5,0.0,0,0.0,0.0,0,0,2,1,2.0,PLANO O LLANO,PLANO,2.0,5.5,SIN ROCAS,NO,-1.0,-1.0,NO,-1.0,NO,ATERRONADA,NO,NO,NO HAY,LA MANANA Y LA TARDE,NO HAY,NO HAY,NO,SI,32.0,PLANTAS NORMALES,NO,NO,NO,NO,BUENO,70.0,BUENO,NINGUNO,0.0,100.0,0.0,0.0,0.0,0.0,0.0,0.0,0.0,0.0,0.0,100.0,0.0,0.0,0.0,0.0,0.0,0.0,32.25044497,23.835,28.04272248,8.415444966,13916.7535,0.0,125.0,0.125,81.675,32.74450047,23.65689655,28.20069851,9.087603917,23018.34151,0.051724138,112.8,0.051724138,80.10344828,32.77093619,23.21875,27.99484309,9.552186185,6751.490547,0.0625,6.4,0.0,75.24369897
805,681,Mecanizado,NO,Otro,Pastos,SI,Mecanizada,NO,6273.255814,7.0,42.0,105.0,60000,10,0,0,0,0,0,0,1,1,1,0,0,1,1,0.0,55.0,46.0,0,23.0,0.0,0,30.0,0.0,0,0,3,1,2.0,PLANO O LLANO,PLANO,2.0,5.0,SIN ROCAS,NO,-1.0,-1.0,SI,-1.0,NO,MASIVA,NO,NO,NO HAY,LA MANANA Y LA TARDE,NO HAY,NO HAY,NO,SI,32.0,PLANTAS NORMALES,NO,NO,NO,NO,BUENO,32.0,LENTO A MUY LENTO,NINGUNO,0.0,100.0,0.0,0.0,0.0,0.0,0.0,0.0,0.0,0.0,0.0,100.0,0.0,0.0,0.0,0.0,0.0,0.0,32.19662287,23.585,27.89081144,8.611622875,15874.54057,0.075,183.0,0.15,80.675,32.13404466,23.79482759,27.96443613,8.339217078,19462.94476,0.034482759,341.2,0.189655172,82.51724138,32.61477775,23.81929825,28.217038,8.795479507,21507.31012,0.01754386,146.3,0.070175439,80.84210526
806,682,Mecanizado,NO,Otro,Maiz,SI,Mecanizada,NO,6404.651163,6.0,42.0,75.0,65000,11,0,0,0,0,0,0,1,2,0,0,0,0,0,0.0,69.0,46.0,0,0.0,0.0,0,0.0,0.0,0,0,1,1,2.0,PLANO O LLANO,PLANO,2.0,5.5,SIN ROCAS,NO,-1.0,-1.0,NO,-1.0,NO,MASIVA,NO,NO,NO HAY,LA MANANA Y LA TARDE,NO HAY,NO HAY,NO,SI,40.0,PLANTAS NORMALES,NO,NO,NO,NO,BUENO,40.0,BUENO,NINGUNO,0.0,100.0,0.0,0.0,0.0,0.0,0.0,0.0,0.0,0.0,0.0,100.0,0.0,0.0,0.0,0.0,0.0,0.0,31.99055373,23.9625,27.97652686,8.028053728,13294.61943,0.025,170.4,0.125,82.5,32.61091882,23.83275862,28.22183872,8.7781602,21763.41514,0.017241379,147.7,0.068965517,81.10344828,32.89104643,23.03846154,27.96475398,9.852584887,11479.02472,0.076923077,6.4,0.0,75.88073783
807,683,Mecanizado,SI,PIONEER 30F35,Algodón,SI,Manual,NO,5720.930233,4.0,42.0,70.0,58000,12,0,0,0,0,0,0,0,1,0,0,0,1,0,0.0,30.0,0.0,0,30.0,0.0,0,30.0,0.0,1,0,1,0,2.0,PLANO O LLANO,PLANO,2.0,5.5,SIN ROCAS,NO,-1.0,-1.0,NO,-1.0,NO,ATERRONADA,NO,NO,NO HAY,LA MANANA Y LA TARDE,NO HAY,NO HAY,NO,SI,30.0,PLANTAS NORMALES,NO,NO,NO,NO,REGULAR,70.0,BUENO,NINGUNO,0.0,100.0,0.0,0.0,0.0,0.0,0.0,0.0,0.0,0.0,0.0,100.0,0.0,0.0,0.0,0.0,0.0,0.0,31.93718154,24.5,28.21859077,7.437181541,14647.31631,0.075,196.5,0.15,80.5,33.40209504,24.50517241,28.95363373,8.896922629,22326.28366,0.379310345,313.9,0.120689655,78.37931034,32.73684211,23.94210526,28.33947368,8.794736842,7286.295681,0.210526316,73.1,0.105263158,79.89473684
813,689,Manual,SI,DK 234,Algodón,SI,Manual,NO,3398.837209,6.0,40.0,82.0,60000,11,0,0,0,0,0,0,1,1,0,0,0,3,0,0.0,0.0,115.0,0,0.0,0.0,0,0.0,0.0,0,0,0,3,2.0,PLANO O LLANO,PLANO,2.0,6.0,SIN ROCAS,NO,-1.0,-1.0,NO,-1.0,NO,MASIVA,NO,NO,NO HAY,LA MANANA Y LA TARDE,NO HAY,NO HAY,NO,NO,-1.0,PLANTAS NORMALES,NO,NO,NO,NO,REGULAR,0.0,BUENO,NINGUNO,0.0,100.0,0.0,0.0,0.0,0.0,0.0,0.0,0.0,0.0,0.0,100.0,0.0,0.0,0.0,0.0,0.0,0.0,32.02778358,24.57,28.29889179,7.457783575,14724.9289,0.075,192.0,0.125,80.575,33.36478615,24.55344828,28.95911721,8.811337877,22134.40086,0.379310345,291.8,0.120689655,78.48275862,32.66451613,23.59354839,28.12903226,9.070967742,12055.28993,0.193548387,188.5,0.225806452,80.19354839
814,690,Manual,NO,PAC 105,Algodón,SI,Manual,NO,3720.930233,4.0,43.0,77.0,66000,13,0,0,0,0,0,0,0,1,1,0,0,2,0,0.0,0.0,69.0,0,0.0,0.0,0,0.0,0.0,0,0,0,2,3.0,ONDULADO,PLANO CON ONDULACIONES,2.0,5.0,SIN ROCAS,SI,28.0,7.0,NO,-1.0,NO,ATERRONADA,NO,NO,NO HAY,LA MANANA Y LA TARDE,NO HAY,NO HAY,NO,SI,25.0,PLANTAS NORMALES,NO,NO,SI,NO,REGULAR,28.0,BUENO,LENTO,0.0,0.0,0.0,0.0,0.0,0.0,0.0,74.29,25.71,0.0,0.0,0.0,0.0,25.71,74.29,0.0,0.0,0.0,32.15574492,24.625,28.39037246,7.530744919,14736.66021,0.1,224.3,0.2,80.6,33.46977146,24.28448276,28.87712711,9.185288703,22494.87475,0.379310345,297.4,0.103448276,78.51724138,32.4037037,23.63333333,28.01851852,8.77037037,10096.25867,0.185185185,197.6,0.222222222,80.66666667
816,692,Mecanizado,SI,Otro,Algodón,SI,Mecanizada,NO,6197.674419,8.0,39.0,80.0,65000,15,0,0,0,0,0,0,2,0,0,0,0,2,1,0.0,62.0,46.0,0,11.5,0.0,0,15.0,0.0,0,0,3,1,2.0,PLANO O LLANO,PLANO,2.0,5.5,SIN ROCAS,NO,-1.0,-1.0,NO,-1.0,NO,MASIVA,NO,NO,NO HAY,LA MANANA Y LA TARDE,NO HAY,NO HAY,NO,SI,29.0,PLANTAS NORMALES,NO,NO,NO,NO,REGULAR,29.0,BUENO,NINGUNO,0.0,100.0,0.0,0.0,0.0,0.0,0.0,0.0,0.0,0.0,0.0,100.0,0.0,0.0,0.0,0.0,0.0,0.0,32.95353413,24.8475,28.90051706,8.106034126,15960.43318,0.2,65.6,0.05,75.025,32.14704364,24.71206897,28.4295563,7.434974675,21144.48378,0.103448276,248.5,0.137931034,80.37931034,34.27765962,24.76666667,29.52216314,9.510992951,11718.1341,0.633333333,79.0,0.066666667,76.66666667
817,693,Mecanizado,SI,DK7088,Algodón,SI,Manual,NO,3720.930233,8.0,41.0,86.0,75000,12,0,0,0,0,0,0,1,0,1,0,1,2,0,0.0,0.0,124.0,0,0.0,23.0,0,0.0,0.0,0,0,0,4,2.0,PLANO O LLANO,PLANO,2.0,5.0,SIN ROCAS,NO,-1.0,-1.0,NO,-1.0,NO,MASIVA,NO,NO,MUY MARCADAS,LA MANANA Y LA TARDE,NO HAY,NO HAY,NO,SI,28.0,PLANTAS NORMALES,NO,NO,SI,NO,BUENO,28.0,BUENO,NINGUNO,0.0,100.0,0.0,0.0,0.0,0.0,0.0,0.0,0.0,0.0,0.0,100.0,0.0,0.0,0.0,0.0,0.0,0.0,32.11524755,24.6225,28.36887377,7.49274755,14710.6309,0.1,166.0,0.1,80.525,33.32159368,24.53275862,28.92717615,8.788835062,22090.72899,0.379310345,315.1,0.137931034,78.48275862,32.48684211,23.60263158,28.04473684,8.884210526,14418.02993,0.157894737,253.6,0.210526316,80.63157895
818,694,Mecanizado,SI,PAC 105,Algodón,SI,Manual,NO,4238.372093,7.0,40.0,78.0,60000,8,0,0,0,0,0,0,1,0,1,0,0,2,0,0.0,46.0,23.0,0,0.0,0.0,0,0.0,0.0,0,0,1,1,2.0,PLANO O LLANO,PLANO CON ONDULACIONES,2.0,5.5,SIN ROCAS,NO,-1.0,-1.0,SI,-1.0,SI,MASIVA,NO,NO,NO HAY,LA MANANA Y LA TARDE,NO HAY,NO HAY,NO,SI,25.0,PLANTAS NORMALES,NO,NO,SI,NO,BUENO,25.0,LENTO A MUY LENTO,NINGUNO,0.0,0.0,0.0,60.0,0.0,40.0,0.0,0.0,0.0,0.0,0.0,0.0,0.0,0.0,40.0,60.0,0.0,0.0,31.87891236,24.52,28.19945618,7.358912364,14549.47379,0.075,196.7,0.15,80.7,33.51596795,24.45,28.98298398,9.065967952,22519.29722,0.379310345,313.7,0.120689655,78.29310345,32.62857143,23.72142857,28.175,8.907142857,10754.54616,0.214285714,155.3,0.214285714,80.28571429
820,696,Mecanizado,NO,PAC 105,Algodón,SI,Mecanizada,NO,5244.186047,7.0,41.0,77.0,65000,8,0,0,0,0,0,0,1,1,0,0,0,1,1,0.0,82.5,46.0,0,34.5,0.0,0,0.0,0.0,0,0,2,1,3.0,ONDULADO,PLANO CON ONDULACIONES,2.0,5.0,SIN ROCAS,NO,-1.0,-1.0,SI,-1.0,SI,MASIVA,NO,NO,NO HAY,LA MANANA Y LA TARDE,NO HAY,NO HAY,NO,SI,30.0,PLANTAS NORMALES,NO,NO,SI,NO,BUENO,30.0,LENTO A MUY LENTO,LENTO,0.0,64.29,0.0,35.71,0.0,0.0,0.0,0.0,0.0,0.0,0.0,64.29,0.0,0.0,0.0,35.71,0.0,0.0,32.13945507,24.645,28.39222754,7.494455071,14749.74716,0.1,223.8,0.2,80.525,33.4561687,24.27068966,28.86342918,9.185479044,22425.28988,0.379310345,306.8,0.103448276,78.62068966,32.34642857,23.65,27.99821429,8.696428571,10418.92898,0.178571429,189.5,0.214285714,80.71428571
821,697,Mecanizado,SI,DK 234,Algodón,SI,Manual,NO,2860.465116,5.0,41.0,81.0,62000,6,0,0,0,0,0,0,1,0,1,0,0,2,0,0.0,0.0,92.0,0,0.0,0.0,0,0.0,0.0,0,0,0,2,2.0,PLANO O LLANO,PLANO,2.0,6.0,SIN ROCAS,SI,27.0,11.0,NO,-1.0,NO,ATERRONADA,NO,NO,NO HAY,LA MANANA Y LA TARDE,NO HAY,NO HAY,NO,SI,25.0,PLANTAS NORMALES,NO,NO,NO,NO,REGULAR,27.0,BUENO,NINGUNO,0.0,100.0,0.0,0.0,0.0,0.0,0.0,0.0,0.0,0.0,0.0,100.0,0.0,0.0,0.0,0.0,0.0,0.0,32.0162597,24.5075,28.26187985,7.508759696,14772.67955,0.075,185.4,0.125,80.35,33.36494527,24.55344828,28.95919677,8.811496995,22134.36264,0.379310345,325.0,0.137931034,78.48275862,32.67333333,23.61333333,28.14333333,9.06,11689.29623,0.2,155.3,0.2,80.13333333
823,699,Manual,SI,PAC 105,Algodón,SI,Manual,NO,3296.511628,6.0,45.0,69.0,62000,8,0,0,0,0,0,0,1,1,0,0,0,3,0,0.0,0.0,115.0,0,0.0,0.0,0,0.0,0.0,0,0,0,3,2.0,PLANO O LLANO,PLANO,2.0,5.5,SIN ROCAS,NO,-1.0,-1.0,SI,-1.0,NO,MASIVA,NO,NO,NO HAY,LA MANANA Y LA TARDE,NO HAY,NO HAY,NO,NO,-1.0,PLANTAS NORMALES,NO,NO,NO,NO,REGULAR,0.0,LENTO A MUY LENTO,NINGUNO,0.0,65.71,0.0,0.0,34.29,0.0,0.0,0.0,0.0,0.0,0.0,65.71,0.0,0.0,34.29,0.0,0.0,0.0,32.16767744,24.695,28.43133872,7.472677443,14710.19704,0.125,168.7,0.1,80.35,33.30433141,24.52931034,28.91682088,8.775021068,22027.11303,0.379310345,315.1,0.137931034,78.5,32.77391304,23.76086957,28.2673913,9.013043478,8982.784789,0.173913043,109.0,0.130434783,79.91304348
824,700,Mecanizado,SI,DK 234,Algodón,SI,Mecanizada,NO,3490.697674,8.0,40.0,90.0,68000,7,0,0,0,0,0,0,1,0,1,0,0,3,0,0.0,0.0,115.0,0,0.0,0.0,0,0.0,30.0,0,0,0,4,2.0,PLANO O LLANO,PLANO,2.0,5.0,SIN ROCAS,SI,27.0,6.0,NO,-1.0,NO,ATERRONADA,NO,NO,NO HAY,LA MANANA Y LA TARDE,NO HAY,NO HAY,NO,SI,25.0,PLANTAS NORMALES,NO,NO,NO,NO,REGULAR,27.0,BUENO,NINGUNO,0.0,100.0,0.0,0.0,0.0,0.0,0.0,0.0,0.0,0.0,0.0,100.0,0.0,0.0,0.0,0.0,0.0,0.0,31.87891236,24.52,28.19945618,7.358912364,14549.47379,0.075,196.7,0.15,80.7,33.51596795,24.45,28.98298398,9.065967952,22519.29722,0.379310345,313.7,0.120689655,78.29310345,32.39268293,23.75609756,28.07439024,8.636585366,15161.47949,0.146341463,250.7,0.195121951,81.17073171
825,701,Mecanizado,SI,PAC 105,Algodón,SI,Mecanizada,NO,3667.44186,7.0,39.0,82.0,60000,8,0,0,0,0,0,0,2,0,1,0,0,2,0,0.0,0.0,92.0,0,0.0,0.0,0,0.0,0.0,0,0,0,2,2.0,PLANO O LLANO,PLANO,2.0,5.0,SIN ROCAS,NO,-1.0,-1.0,NO,-1.0,NO,ATERRONADA,NO,NO,NO HAY,LA MANANA Y LA TARDE,NO HAY,NO HAY,NO,SI,34.0,PLANTAS NORMALES,NO,NO,NO,NO,ESPACIADO,70.0,BUENO,NINGUNO,0.0,100.0,0.0,0.0,0.0,0.0,0.0,0.0,0.0,0.0,0.0,100.0,0.0,0.0,0.0,0.0,0.0,0.0,32.965,24.85,28.9075,8.115,14356.96553,0.2,182.4,0.2,81.575,33.66896552,24.61760619,29.14328586,9.051359323,25748.99324,0.396551724,229.4,0.086206897,79.82758621,32.24516129,24.20462567,28.22489348,8.04053562,11954.70122,0.161290323,127.6,0.129032258,81.69759718
826,702,Manual,NO,PAC 105,Algodón,SI,Manual,NO,4238.372093,6.0,43.0,77.0,70000,9,0,0,0,0,0,0,1,1,0,0,0,3,0,0.0,46.0,46.0,0,0.0,0.0,0,0.0,0.0,0,0,1,1,2.0,PLANO O LLANO,PLANO,2.0,6.0,SIN ROCAS,NO,-1.0,-1.0,NO,-1.0,NO,ATERRONADA,NO,NO,NO HAY,LA MANANA Y LA TARDE,NO HAY,NO HAY,NO,SI,28.0,PLANTAS NORMALES,NO,NO,NO,NO,REGULAR,70.0,BUENO,NINGUNO,0.0,100.0,0.0,0.0,0.0,0.0,0.0,0.0,0.0,0.0,0.0,100.0,0.0,0.0,0.0,0.0,0.0,0.0,31.89718017,24.62,28.25859009,7.277180171,14456.12138,0.075,198.6,0.15,81.05,33.60146339,24.37758621,28.9895248,9.223877185,22617.81615,0.396551724,333.3,0.137931034,78.43103448,32.27931034,23.58275862,27.93103448,8.696551724,10827.11407,0.172413793,186.8,0.206896552,80.62068966
827,703,Manual,SI,Otro,Algodón,SI,Manual,NO,4576.744186,6.0,44.0,100.0,64000,7,0,0,0,0,0,0,2,1,0,0,0,3,0,0.0,0.0,115.0,0,0.0,0.0,0,0.0,30.0,0,0,0,4,4.0,ONDULADO,PLANO CON ONDULACIONES,2.0,4.5,SIN ROCAS,NO,-1.0,-1.0,NO,-1.0,NO,ATERRONADA,NO,NO,NO HAY,LA MANANA Y LA TARDE,NO HAY,NO HAY,NO,SI,23.0,PLANTAS NORMALES,NO,NO,NO,NO,ESPACIADO,70.0,BUENO,LENTO,0.0,100.0,0.0,0.0,0.0,0.0,0.0,0.0,0.0,0.0,0.0,100.0,0.0,0.0,0.0,0.0,0.0,0.0,32.9841405,24.8641405,28.9241405,8.12,15658.81992,0.125,195.0,0.125,80.81909967,33.88965517,24.98616765,29.43791141,8.90348752,24106.05258,0.448275862,320.9,0.172413793,80.15517241,32.3245283,24.02803587,28.17628209,8.29649243,21190.84782,0.150943396,191.0,0.113207547,81.44576439
828,704,Manual,SI,PAC 105,Algodón,SI,Manual,NO,4709.302326,5.0,43.0,83.0,66000,10,0,0,0,0,0,0,1,0,1,0,0,3,0,0.0,0.0,126.5,0,0.0,0.0,0,0.0,0.0,0,0,0,3,2.0,PLANO O LLANO,PLANO,2.0,5.0,SIN ROCAS,NO,-1.0,-1.0,NO,-1.0,NO,MASIVA,NO,NO,NO HAY,LA MANANA Y LA TARDE,NO HAY,NO HAY,NO,SI,25.0,PLANTAS NORMALES,NO,NO,SI,NO,REGULAR,25.0,BUENO,NINGUNO,0.0,100.0,0.0,0.0,0.0,0.0,0.0,0.0,0.0,0.0,0.0,100.0,0.0,0.0,0.0,0.0,0.0,0.0,31.87891236,24.52,28.19945618,7.358912364,14549.47379,0.075,196.7,0.15,80.7,33.51596795,24.45,28.98298398,9.065967952,22519.29722,0.379310345,313.7,0.120689655,78.29310345,32.40294118,23.68529412,28.04411765,8.717647059,12711.67557,0.176470588,217.7,0.205882353,80.79411765
829,705,Manual,SI,PAC 105,Algodón,SI,Manual,NO,4576.744186,6.0,45.0,86.0,63000,8,0,0,0,0,0,0,1,1,0,0,0,3,0,0.0,0.0,115.0,0,0.0,0.0,0,0.0,0.0,0,0,0,3,2.0,PLANO O LLANO,PLANO,2.0,4.5,SIN ROCAS,SI,20.0,8.0,NO,-1.0,NO,ATERRONADA,NO,NO,NO HAY,LA MANANA Y LA TARDE,NO HAY,NO HAY,NO,SI,26.0,PLANTAS NORMALES,NO,NO,NO,NO,REGULAR,26.0,BUENO,NINGUNO,0.0,67.14,0.0,32.86,0.0,0.0,0.0,0.0,0.0,0.0,0.0,67.14,0.0,0.0,32.86,0.0,0.0,0.0,33.7375,24.5,29.11875,9.2375,14555.46067,0.425,196.7,0.15,80.45608306,34.57653611,24.16206897,29.36930254,10.41446715,22100.33386,0.655172414,202.4,0.086206897,79.66939469,32.58607363,22.895,27.74053681,9.691073627,15242.42198,0.25,164.5,0.1,83.48145343
830,706,Mecanizado,SI,Otro,Algodón,SI,Mecanizada,NO,4053.488372,6.0,44.0,80.0,62500,9,0,0,0,0,0,0,2,1,0,0,0,3,0,0.0,0.0,115.0,0,0.0,0.0,0,0.0,30.0,0,0,0,4,2.0,PLANO O LLANO,PLANO,2.0,6.0,SIN ROCAS,SI,26.0,12.0,NO,-1.0,NO,MASIVA,NO,NO,NO HAY,LA MANANA Y LA TARDE,NO HAY,NO HAY,NO,SI,25.0,PLANTAS NORMALES,NO,NO,NO,NO,REGULAR,25.0,BUENO,NINGUNO,0.0,100.0,0.0,0.0,0.0,0.0,0.0,0.0,0.0,0.0,0.0,100.0,0.0,0.0,0.0,0.0,0.0,0.0,32.16767744,24.695,28.43133872,7.472677443,14710.19704,0.125,168.7,0.1,80.35,33.30433141,24.52931034,28.91682088,8.775021068,22027.11303,0.379310345,315.1,0.137931034,78.5,32.70909091,23.58787879,28.14848485,9.121212121,12917.64586,0.181818182,191.2,0.212121212,80.18181818
834,710,Manual,SI,PAC 105,Frijol,SI,Manual,NO,3711.627907,6.0,47.0,81.0,60000,8,0,0,0,0,0,0,1,1,0,0,0,2,0,0.0,0.0,115.0,0,0.0,0.0,0,0.0,30.0,0,0,0,4,3.0,PLANO O LLANO,PLANO,2.0,5.0,SIN ROCAS,NO,-1.0,-1.0,NO,-1.0,NO,MASIVA,NO,NO,NO HAY,LA MANANA Y LA TARDE,NO HAY,NO HAY,NO,SI,38.0,PLANTAS NORMALES,NO,NO,NO,NO,ESPACIADO,38.0,BUENO,LENTO,0.0,48.57,0.0,0.0,51.43,0.0,0.0,0.0,0.0,0.0,0.0,48.57,0.0,0.0,51.43,0.0,0.0,0.0,31.89718017,24.62,28.25859009,7.277180171,14456.12138,0.075,198.6,0.15,81.05,33.60146339,24.37758621,28.9895248,9.223877185,22617.81615,0.396551724,333.3,0.137931034,78.43103448,32.26216216,23.7027027,27.98243243,8.559459459,13565.85986,0.135135135,199.4,0.162162162,80.81081081
835,711,Mecanizado,SI,PIONEER 30F35,Maiz,SI,Mecanizada,NO,4050.0,5.0,46.0,86.0,66000,10,0,0,0,0,0,0,0,0,0,0,0,3,0,0.0,0.0,115.0,0,0.0,0.0,0,0.0,0.0,0,0,0,3,5.0,ONDULADO,PIE DE UNA ELEVACION,2.0,4.5,SIN ROCAS,SI,10.0,13.0,NO,-1.0,NO,ATERRONADA,NO,NO,NO HAY,LA MANANA Y LA TARDE,NO HAY,NO HAY,NO,SI,20.0,POCO AFECTADAS,NO,NO,NO,NO,REGULAR,20.0,BUENO,LENTO,0.0,100.0,0.0,0.0,0.0,0.0,0.0,0.0,0.0,0.0,0.0,100.0,0.0,0.0,0.0,0.0,0.0,0.0,33.82,24.27,29.045,9.55,14512.48446,0.55,163.3,0.125,80.56735118,34.47210413,23.97413793,29.22312103,10.4979662,22458.07971,0.603448276,213.9,0.068965517,80.17078386,32.1825,23.18,27.68125,9.0025,14723.72924,0.15,117.3,0.1,83.80524506
836,712,Mecanizado,SI,Otro,Algodón,SI,Mecanizada,NO,4709.302326,5.0,45.0,83.0,63000,14,0,0,0,0,0,0,1,0,1,0,0,3,0,0.0,0.0,115.0,0,0.0,0.0,0,0.0,0.0,0,0,0,3,2.0,PLANO O LLANO,PLANO,2.0,5.5,SIN ROCAS,NO,-1.0,-1.0,NO,-1.0,NO,ATERRONADA,NO,NO,NO HAY,LA MANANA Y LA TARDE,NO HAY,NO HAY,NO,SI,29.0,POCO AFECTADAS,NO,NO,NO,NO,ESPACIADO,70.0,BUENO,NINGUNO,0.0,100.0,0.0,0.0,0.0,0.0,0.0,0.0,0.0,0.0,0.0,100.0,0.0,0.0,0.0,0.0,0.0,0.0,31.87891236,24.52,28.19945618,7.358912364,14549.47379,0.075,196.7,0.15,80.7,33.51596795,24.45,28.98298398,9.065967952,22519.29722,0.379310345,313.7,0.120689655,78.29310345,32.43055556,23.70555556,28.06805556,8.725,13476.02415,0.166666667,219.5,0.194444444,80.69444444
838,714,Mecanizado,SI,Otro,Maiz,SI,Manual,NO,4576.744186,7.0,43.0,71.0,64000,10,0,0,0,0,0,0,1,1,0,0,0,2,0,0.0,55.0,46.0,0,23.0,0.0,0,0.0,0.0,0,0,2,2,2.0,PLANO O LLANO,PLANO CON ONDULACIONES,2.0,6.0,SIN ROCAS,SI,17.0,6.0,NO,-1.0,NO,ATERRONADA,NO,NO,NO HAY,LA MANANA Y LA TARDE,NO HAY,NO HAY,NO,SI,22.0,POCO AFECTADAS,NO,NO,NO,SI,REGULAR,22.0,BUENO,NINGUNO,0.0,100.0,0.0,0.0,0.0,0.0,0.0,0.0,0.0,0.0,0.0,100.0,0.0,0.0,0.0,0.0,0.0,0.0,33.05921524,24.52653431,28.79287477,8.532680931,14969.19851,0.283255821,168.931417,0.120846596,80.86013809,33.61943506,24.42754647,29.02349077,9.191888591,22452.27901,0.388754771,252.1783857,0.132881861,80.18067744,33.29618883,24.1672679,28.73172836,9.128920927,13929.16287,0.351554779,109.7146277,0.105303405,80.26975215
840,716,Mecanizado,NO,Otro,Algodón,SI,Mecanizada,NO,4709.302326,7.0,43.0,87.0,64000,12,0,0,0,0,0,0,1,1,0,0,0,3,0,0.0,55.0,69.0,0,23.0,0.0,0,0.0,0.0,0,0,2,2,2.0,PLANO O LLANO,PLANO,2.0,5.0,SIN ROCAS,NO,-1.0,-1.0,NO,-1.0,NO,ATERRONADA,NO,NO,MUY MARCADAS,LA MANANA Y LA TARDE,NO HAY,NO HAY,NO,SI,32.0,PLANTAS NORMALES,NO,NO,SI,NO,REGULAR,70.0,BUENO,NINGUNO,0.0,100.0,0.0,0.0,0.0,0.0,0.0,0.0,0.0,0.0,0.0,100.0,0.0,0.0,0.0,0.0,0.0,0.0,32.12626281,24.72,28.4231314,7.406262806,14665.91939,0.075,225.7,0.2,80.7,33.42465153,24.1362069,28.78042921,9.28844463,22555.54868,0.379310345,343.3,0.120689655,78.48275862,32.6675,23.81,28.23875,8.8575,15064.77869,0.225,224.6,0.175,81.35
841,717,Manual,SI,Otro,Algodón,SI,Manual,NO,6273.255814,12.0,41.0,86.0,63000,15,0,0,0,0,0,0,0,1,0,0,0,1,0,0.0,0.0,92.0,0,0.0,0.0,0,0.0,60.0,0,0,0,4,2.0,PLANO O LLANO,PLANO,2.0,5.0,SIN ROCAS,NO,-1.0,-1.0,SI,-1.0,NO,MASIVA,NO,NO,NO HAY,LA MANANA Y LA TARDE,NO HAY,NO HAY,NO,SI,29.0,PLANTAS NORMALES,NO,NO,NO,SI,REGULAR,29.0,LENTO A MUY LENTO,NINGUNO,0.0,100.0,0.0,0.0,0.0,0.0,0.0,0.0,0.0,0.0,0.0,100.0,0.0,0.0,0.0,0.0,0.0,0.0,32.03195436,24.2775,28.15472718,7.754454362,14523.06638,0.1,248.6,0.125,81.425,32.73331093,23.8862069,28.30975891,8.847104032,24354.5397,0.206896552,227.2,0.120689655,80.39655172,32.24732243,23.56666667,27.90699455,8.68065576,14825.27988,0.023809524,295.0,0.261904762,82.14285714
1770,1547,Manual,SI,Otro,Maiz,NO,Manual,NO,3623.255814,4.0,41.0,100.0,59000,16,0,0,0,0,0,0,0,1,0,0,0,1,1,0.0,0.0,92.0,0,0.0,0.0,0,0.0,0.0,0,0,0,2,2.0,PLANO O LLANO,PLANO,2.0,5.0,SIN ROCAS,NO,-1.0,-1.0,NO,-1.0,NO,MASIVA,NO,NO,NO HAY,LA MANANA Y LA TARDE,NO HAY,NO HAY,NO,SI,58.0,PLANTAS NORMALES,NO,NO,SI,NO,BUENO,58.0,BUENO,NINGUNO,0.0,0.0,0.0,0.0,0.0,0.0,0.0,0.0,60.0,40.0,0.0,0.0,0.0,40.0,60.0,0.0,0.0,0.0,32.6675,23.755,28.21125,8.9125,15136.26506,0.225,224.6,0.175,81.25,32.5,24.07586207,28.28793103,8.424137931,20449.96967,0.137931034,264.2,0.120689655,82.36206897,33.79583333,23.5707861,28.68330972,10.22504723,19215.00567,0.541666667,67.4,0.041666667,77.63034623
1771,1548,Manual,SI,Otro,Maiz,NO,Manual,NO,3767.44186,5.0,44.0,104.0,62000,18,0,0,0,0,0,0,0,1,0,0,0,2,0,0.0,0.0,92.0,0,0.0,0.0,0,0.0,0.0,0,0,0,2,3.0,PLANO O LLANO,PLANO,2.0,5.5,SIN ROCAS,NO,-1.0,-1.0,NO,-1.0,NO,MASIVA,NO,NO,NO HAY,LA MANANA Y LA TARDE,NO HAY,NO HAY,NO,SI,46.0,PLANTAS NORMALES,NO,NO,SI,NO,REGULAR,46.0,BUENO,LENTO,0.0,0.0,0.0,0.0,0.0,0.0,0.0,0.0,100.0,0.0,0.0,0.0,0.0,0.0,100.0,0.0,0.0,0.0,32.6675,23.81,28.23875,8.8575,15064.77869,0.225,224.6,0.175,81.35,32.51724138,24.09655172,28.30689655,8.420689655,20417.44607,0.137931034,264.2,0.120689655,82.34482759,33.82142857,23.51245952,28.66694404,10.30896905,22353.75237,0.517857143,67.9,0.035714286,77.37958249
1772,1549,Manual,NO,Otro,Maiz,NO,Manual,NO,3348.837209,7.0,37.0,84.0,58000,16,0,0,0,0,0,0,0,2,0,0,0,1,0,0.0,0.0,69.0,0,0.0,0.0,0,0.0,0.0,0,0,0,2,2.0,PLANO O LLANO,PLANO,2.0,6.0,SIN ROCAS,NO,-1.0,-1.0,NO,-1.0,NO,ATERRONADA,NO,NO,NO HAY,LA MANANA Y LA TARDE,NO HAY,NO HAY,NO,SI,35.0,PLANTAS NORMALES,NO,NO,NO,NO,REGULAR,70.0,BUENO,NINGUNO,0.0,48.57,0.0,0.0,0.0,0.0,0.0,51.43,0.0,0.0,0.0,51.43,48.57,0.0,0.0,0.0,0.0,0.0,32.215,23.9825,28.09875,8.2325,13824.91979,0.075,269.6,0.175,83.35,33.40689655,23.85440748,28.63065202,9.552489071,22862.63314,0.379310345,96.6,0.051724138,79.29752792,34.41290323,23.6336161,29.02325966,10.77928712,12553.90036,0.64516129,7.9,0.0,75.64516129
1773,1550,Mecanizado,NO,Otro,Maiz,SI,Manual,NO,4238.372093,4.0,53.0,76.0,75000,18,0,0,0,0,0,0,2,0,0,0,0,2,0,0.0,0.0,103.5,0,0.0,0.0,0,0.0,0.0,0,0,0,2,2.0,PLANO O LLANO,PLANO,2.0,5.0,SIN ROCAS,SI,15.0,4.0,NO,-1.0,NO,MASIVA,NO,NO,NO HAY,LA MANANA Y LA TARDE,NO HAY,NO HAY,NO,SI,22.0,PLANTAS NORMALES,NO,NO,NO,NO,REGULAR,22.0,BUENO,NINGUNO,0.0,38.57,0.0,0.0,61.43,0.0,0.0,0.0,0.0,0.0,0.0,38.57,0.0,0.0,61.43,0.0,0.0,0.0,32.25,23.9775,28.11375,8.2725,13913.09904,0.1,276.8,0.175,83.35,32.92413793,24.06845545,28.49629669,8.85568248,21550.7022,0.189655172,133.8,0.068965517,81.18965517,34.42777778,23.28409213,28.85593496,11.14368564,14919.67382,0.75,0.5,0.0,74.86823942
1778,1555,Manual,SI,DK 234 YGRR,Maiz,SI,Manual,NO,4825.581395,6.0,42.0,87.0,60000,14,0,0,0,0,0,0,0,2,0,0,0,2,0,0.0,34.5,69.0,0,0.0,0.0,0,0.0,0.0,0,0,1,2,2.0,PLANO O LLANO,PLANO CON ONDULACIONES,2.0,5.5,SIN ROCAS,NO,-1.0,-1.0,NO,-1.0,NO,ATERRONADA,NO,NO,NO HAY,LA MANANA Y LA TARDE,NO HAY,NO HAY,NO,SI,30.0,PLANTAS NORMALES,NO,NO,NO,NO,REGULAR,70.0,BUENO,NINGUNO,0.0,100.0,0.0,0.0,0.0,0.0,0.0,0.0,0.0,0.0,0.0,100.0,0.0,0.0,0.0,0.0,0.0,0.0,32.475,23.5925,28.03375,8.8825,15242.42198,0.15,258.4,0.2,80.675,32.29310345,23.97241379,28.13275862,8.320689655,20343.16297,0.086206897,332.0,0.155172414,82.93103448,33.08947368,24.10711622,28.59829495,8.982357469,14314.23806,0.210526316,78.6,0.052631579,81.02631579
1799,1575,Mecanizado,NO,DK 234,Maiz,SI,Mecanizada,NO,3813.953488,6.0,42.0,83.0,58000,12,0,0,0,0,0,0,0,2,0,0,0,2,0,0.0,0.0,92.0,0,0.0,0.0,0,0.0,0.0,0,0,0,2,3.0,PLANO O LLANO,PLANO CON ONDULACIONES,2.0,5.5,SIN ROCAS,NO,-1.0,-1.0,NO,-1.0,NO,ATERRONADA,NO,NO,NO HAY,LA MANANA Y LA TARDE,NO HAY,NO HAY,NO,SI,20.0,POCO AFECTADAS,NO,NO,NO,NO,REGULAR,70.0,BUENO,LENTO,0.0,100.0,0.0,0.0,0.0,0.0,0.0,0.0,0.0,0.0,0.0,100.0,0.0,0.0,0.0,0.0,0.0,0.0,32.6925,23.73,28.21125,8.9625,15212.09724,0.225,229.3,0.175,81.125,32.45862069,24.04137931,28.25,8.417241379,20444.34693,0.137931034,264.2,0.120689655,82.39655172,33.52352941,23.72560048,28.62456494,9.797928936,13556.18083,0.411764706,67.4,0.058823529,78.91931233
1800,1576,Manual,SI,DK7088,Maiz,NO,Manual,NO,3860.465116,7.0,37.0,98.0,62000,15,0,0,0,0,0,0,0,2,0,0,0,2,0,0.0,0.0,115.0,0,0.0,0.0,0,0.0,0.0,0,0,0,2,5.0,ONDULADO,PLANO CON ONDULACIONES,2.0,5.0,SIN ROCAS,NO,-1.0,-1.0,NO,-1.0,NO,MASIVA,NO,NO,NO HAY,LA MANANA Y LA TARDE,NO HAY,NO HAY,NO,SI,27.0,PLANTAS NORMALES,NO,NO,SI,NO,BUENO,27.0,BUENO,LENTO,0.0,51.43,0.0,0.0,0.0,48.57,0.0,0.0,0.0,0.0,0.0,51.43,0.0,0.0,48.57,0.0,0.0,0.0,32.0625,23.865,27.96375,8.1975,13990.94472,0.1,359.3,0.25,83.3,32.74482759,24.09827586,28.42155172,8.646551724,20918.1964,0.155172414,137.6,0.068965517,81.75862069,34.08444444,23.39106073,28.73775259,10.69338371,18307.73903,0.6,8.5,0.0,76.33903598
2007,1789,Mecanizado,SI,DK7088,Algodón,SI,Mecanizada,NO,3051.162791,9.0,47.0,87.0,60000,5,0,0,0,0,0,0,0,1,0,0,0,1,0,0.0,0.0,46.0,0,0.0,0.0,0,0.0,0.0,0,0,0,1,2.0,PLANO O LLANO,PLANO,2.0,6.5,SIN ROCAS,SI,13.0,11.0,NO,-1.0,NO,GRANULAR,NO,NO,NO HAY,LA MANANA Y LA TARDE,NO HAY,NO HAY,NO,SI,32.0,POCO AFECTADAS,NO,NO,SI,SI,ESPACIADO,32.0,BUENO,NINGUNO,0.0,0.0,0.0,0.0,78.33,21.67,0.0,0.0,0.0,0.0,0.0,0.0,0.0,100.0,0.0,0.0,0.0,0.0,33.01995414,24.07481542,28.54738478,8.945138723,14698.215,0.275,236.5,0.2,81.77387969,34.11034483,23.71934699,28.91484591,10.39099784,24332.57724,0.5,268.7,0.137931034,83.79066551,32.46956522,24.03823003,28.25389763,8.431335184,17704.4867,0.02173913,291.2,0.217391304,86.41467282
2008,1790,Manual,SI,PIONEER 30F35,Algodón,SI,Manual,NO,1506.976744,4.0,49.0,72.0,62000,7,0,0,0,0,0,0,0,1,0,0,0,1,0,0.0,0.0,46.0,0,0.0,0.0,0,0.0,30.0,0,0,0,2,2.0,PLANO O LLANO,PLANO,2.0,6.0,SIN ROCAS,NO,-1.0,-1.0,NO,-1.0,NO,GRANULAR,NO,NO,NO HAY,LA MANANA Y LA TARDE,NO HAY,NO HAY,NO,SI,25.0,PLANTAS NORMALES,NO,NO,SI,NO,BUENO,60.0,BUENO,NINGUNO,0.0,0.0,0.0,0.0,63.33,0.0,0.0,36.67,0.0,0.0,0.0,0.0,0.0,0.0,100.0,0.0,0.0,0.0,33.2225,24.3225,28.7725,8.9,14930.24955,0.35,181.3,0.125,80.625,34.39310345,24.57732052,29.48521198,9.81578293,22703.70013,0.551724138,272.6,0.155172414,79.29690653,33.31428571,24.41428571,28.86428571,8.9,10550.40972,0.321428571,83.2,0.142857143,82.03571429
2010,1792,Mecanizado,SI,Otro,Algodón,SI,Mecanizada,NO,5720.930233,5.0,47.0,78.0,75000,17,0,0,0,0,0,0,2,2,0,0,0,3,0,0.0,0.0,115.0,0,0.0,0.0,0,0.0,30.0,0,0,0,3,3.0,PLANO O LLANO,PLANO,3.0,5.5,SIN ROCAS,NO,-1.0,-1.0,SI,-1.0,NO,GRANULAR,NO,NO,NO HAY,LA MANANA Y LA TARDE,NO HAY,NO HAY,NO,SI,32.0,PLANTAS NORMALES,SI,NO,SI,NO,ESPACIADO,35.0,LENTO A MUY LENTO,LENTO,0.0,0.0,0.0,0.0,0.0,0.0,0.0,58.34,41.67,0.0,73.34,26.67,0.0,0.0,0.0,0.0,0.0,0.0,34.6325,25.0475,29.84,9.585,15520.22045,0.575,98.2,0.05,77.56942897,33.56551724,24.21007914,28.88779819,9.355438103,22346.75083,0.379310345,336.5,0.224137931,81.30074862,33.38787879,24.61212121,29.0,8.775757576,12468.88396,0.454545455,55.8,0.03030303,82.24242424
2011,1793,Mecanizado,SI,Otro,Algodón,SI,Mecanizada,NO,5674.418605,5.0,47.0,72.0,75000,17,1,0,0,0,0,0,2,1,0,0,1,3,0,0.0,9.0,92.0,0,23.0,0.0,0,30.0,30.0,0,0,2,3,4.0,PLANO O LLANO,PLANO,2.0,6.0,SIN ROCAS,NO,-1.0,-1.0,SI,-1.0,NO,GRANULAR,NO,NO,NO HAY,LA MANANA Y LA TARDE,NO HAY,NO HAY,NO,SI,17.0,PLANTAS NORMALES,SI,NO,SI,NO,ESPACIADO,25.0,LENTO A MUY LENTO,LENTO,0.0,0.0,0.0,0.0,0.0,0.0,0.0,43.33,56.67,0.0,0.0,0.0,0.0,56.67,43.33,0.0,0.0,0.0,34.6325,25.0475,29.84,9.585,15520.22045,0.575,98.2,0.05,77.56942897,33.56551724,24.21007914,28.88779819,9.355438103,22346.75083,0.379310345,336.5,0.224137931,81.30074862,33.38518519,24.6962963,29.04074074,8.688888889,10014.20543,0.444444444,34.6,0.0,82.66666667
2012,1794,Mecanizado,NO,PAC 105,Algodón,SI,Manual,NO,3255.813953,3.0,49.0,77.0,60000,6,0,0,0,0,0,0,0,1,0,0,0,1,0,0.0,0.0,92.0,0,0.0,0.0,0,0.0,0.0,0,0,0,2,2.0,PLANO O LLANO,PLANO,2.0,6.5,SIN ROCAS,NO,-1.0,-1.0,NO,-1.0,NO,GRANULAR,NO,NO,NO HAY,LA MANANA Y LA TARDE,NO HAY,NO HAY,NO,SI,35.0,PLANTAS NORMALES,NO,NO,SI,NO,ESPACIADO,60.0,BUENO,NINGUNO,0.0,0.0,0.0,0.0,0.0,0.0,41.67,58.33,0.0,0.0,0.0,0.0,0.0,0.0,100.0,0.0,0.0,0.0,34.37995414,23.85562329,29.11778872,10.52433085,15896.171,0.5,135.3,0.125,80.15161709,32.87241379,23.78690359,28.32965869,9.085510206,22756.14729,0.224137931,398.4,0.206896552,86.56566755,32.44375,24.26560847,28.35467924,8.178141529,12344.45108,0.03125,207.5,0.25,86.410151
2013,1796,Mecanizado,SI,DK 234 YGRR,Algodón,SI,Manual,NO,3813.953488,4.0,49.0,75.0,62000,7,0,0,0,0,0,0,0,1,0,0,0,0,0,0.0,0.0,80.5,0,0.0,0.0,0,0.0,30.0,0,0,0,3,1.0,PLANO O LLANO,PLANO,2.0,6.5,SIN ROCAS,SI,12.0,12.0,NO,-1.0,NO,ATERRONADA,NO,NO,NO HAY,LA MANANA Y LA TARDE,NO HAY,NO HAY,NO,SI,18.0,PLANTAS NORMALES,NO,NO,NO,NO,ESPACIADO,18.0,BUENO,NINGUNO,0.0,0.0,0.0,53.33,0.0,46.67,0.0,0.0,0.0,0.0,0.0,0.0,0.0,0.0,100.0,0.0,0.0,0.0,34.2175,24.82,29.51875,9.3975,15785.72792,0.5,98.2,0.05,78.29442897,33.77931034,24.31697569,29.04814302,9.462334655,22356.15162,0.431034483,306.6,0.189655172,80.76626586,33.45806452,24.64516129,29.0516129,8.812903226,11632.23674,0.419354839,64.5,0.064516129,82.48387097
2014,1797,Mecanizado,NO,PAC 105,Algodón,NO,Manual,NO,2139.534884,4.0,47.0,70.0,60000,6,0,0,0,0,0,0,0,1,0,0,0,2,0,0.0,0.0,115.0,0,0.0,0.0,0,0.0,0.0,0,0,0,3,1.0,PLANO O LLANO,PLANO,2.0,6.5,SIN ROCAS,SI,15.0,8.0,NO,-1.0,NO,ATERRONADA,NO,NO,NO HAY,LA MANANA Y LA TARDE,NO HAY,NO HAY,NO,SI,40.0,MUY AFECTADAS,NO,NO,NO,NO,REGULAR,40.0,BUENO,NINGUNO,0.0,0.0,0.0,0.0,50.0,50.0,0.0,0.0,0.0,0.0,0.0,0.0,0.0,0.0,100.0,0.0,0.0,0.0,34.31495414,24.8875,29.60122707,9.42745414,15670.00834,0.5,160.3,0.15,80.42661709,32.95517241,24.31525155,28.63521198,8.639920861,22911.46024,0.24137931,389.2,0.206896552,86.41049513,32.56666667,24.57083333,28.56875,7.995833333,9375.164907,0.041666667,123.7,0.166666667,85.40474455
2015,1798,Mecanizado,SI,Otro,Algodón,SI,Mecanizada,NO,5625.581395,5.0,47.0,81.0,75000,17,1,0,0,0,0,0,2,1,0,0,1,3,0,0.0,9.0,92.0,0,23.0,0.0,0,30.0,30.0,0,0,2,3,4.0,PLANO O LLANO,PLANO,2.0,6.0,SIN ROCAS,NO,-1.0,-1.0,SI,-1.0,NO,GRANULAR,NO,NO,NO HAY,LA MANANA Y LA TARDE,NO HAY,NO HAY,NO,SI,15.0,PLANTAS NORMALES,SI,NO,SI,NO,ESPACIADO,24.0,LENTO A MUY LENTO,LENTO,0.0,0.0,0.0,0.0,0.0,0.0,0.0,40.0,60.0,0.0,0.0,0.0,0.0,60.0,40.0,0.0,0.0,0.0,34.6325,25.0475,29.84,9.585,15520.22045,0.575,98.2,0.05,77.56942897,33.56551724,24.21007914,28.88779819,9.355438103,22346.75083,0.379310345,336.5,0.224137931,81.30074862,33.39444444,24.68333333,29.03888889,8.711111111,13479.11637,0.472222222,107.0,0.055555556,82.25
2016,1799,Mecanizado,SI,Otro,Algodón,SI,Mecanizada,NO,5547.55814,5.0,45.0,82.0,75500,17,1,0,0,0,0,0,2,1,0,0,1,5,0,0.0,9.0,92.0,0,23.0,0.0,0,30.0,30.0,0,0,2,3,4.0,PLANO O LLANO,PLANO,2.0,5.5,SIN ROCAS,NO,-1.0,-1.0,NO,-1.0,NO,GRANULAR,NO,NO,NO HAY,LA MANANA Y LA TARDE,NO HAY,NO HAY,NO,SI,20.0,PLANTAS NORMALES,NO,NO,SI,NO,ESPACIADO,60.0,BUENO,LENTO,0.0,0.0,0.0,0.0,0.0,0.0,0.0,40.0,60.0,0.0,0.0,0.0,0.0,60.0,40.0,0.0,0.0,0.0,34.6825,25.0675,29.875,9.615,15731.78276,0.6,61.7,0.05,77.56942897,33.48275862,24.17559638,28.8291775,9.307162241,22218.0579,0.362068966,318.0,0.206896552,81.42143827,33.47428571,24.70285714,29.08857143,8.771428571,13175.10172,0.485714286,107.0,0.057142857,82.08571429
2017,1800,Mecanizado,NO,Otro,Algodón,NO,Manual,NO,1209.302326,1.0,50.0,75.0,60000,5,0,0,0,0,0,0,0,2,0,0,0,1,0,0.0,0.0,80.5,0,0.0,0.0,0,0.0,0.0,0,0,0,2,2.0,PLANO O LLANO,PLANO,2.0,7.0,SIN ROCAS,NO,-1.0,-1.0,NO,-1.0,NO,GRANULAR,NO,NO,NO HAY,LA MANANA Y LA TARDE,NO HAY,NO HAY,NO,SI,40.0,MUY AFECTADAS,NO,NO,SI,NO,REGULAR,60.0,BUENO,NINGUNO,0.0,0.0,0.0,0.0,0.0,0.0,53.33,0.0,46.67,0.0,0.0,0.0,0.0,46.67,53.33,0.0,0.0,0.0,33.81495414,23.7964363,28.80569522,10.01851784,14867.65001,0.375,182.9,0.175,80.67387969,33.32758621,23.73457964,28.53108292,9.593006571,23572.61478,0.327586207,367.2,0.189655172,85.98699554,32.49285714,24.04417525,28.26851619,8.448681897,10834.92063,0.035714286,145.7,0.178571429,85.08131591
2018,1801,Mecanizado,NO,DK 234 YGRR,Algodón,SI,Mecanizada,NO,5212.209302,4.0,47.0,76.0,62500,12,0,0,0,0,0,0,1,0,0,0,1,0,0,0.0,0.0,72.25,0,0.0,0.0,0,0.0,67.5,0,0,0,6,1.6,PLANO O LLANO,PLANO,3.0,6.5,SIN ROCAS,SI,2.0,20.0,NO,-1.0,NO,ATERRONADA,NO,NO,NO HAY,LA MANANA Y LA TARDE,NO HAY,NO HAY,NO,SI,35.0,PLANTAS NORMALES,SI,NO,SI,SI,MUY BUENO,35.0,BUENO,NINGUNO,0.0,0.0,0.0,78.57,21.43,0.0,0.0,0.0,0.0,0.0,0.0,0.0,0.0,0.0,78.57,0.0,21.43,0.0,34.3675,24.8875,29.6275,9.48,15771.33664,0.525,98.2,0.05,77.96942897,33.67586207,24.31525155,28.99555681,9.360610517,22303.83284,0.413793103,317.6,0.206896552,81.00764517,33.43333333,24.62666667,29.03,8.806666667,11306.31,0.433333333,74.7,0.066666667,82.7
2020,1803,Mecanizado,NO,Otro,Algodón,SI,Manual,NO,3858.139535,6.0,53.0,66.0,68000,11,0,0,0,0,0,0,0,0,0,0,0,2,0,0.0,0.0,40.0,0,0.0,8.0,0,0.0,36.0,0,0,0,2,1.7,PLANO O LLANO,PLANO,3.0,7.0,SIN ROCAS,NO,-1.0,-1.0,SI,-1.0,SI,ATERRONADA,NO,NO,NO HAY,LA MANANA Y LA TARDE,NO HAY,NO HAY,NO,SI,25.0,POCO AFECTADAS,SI,NO,SI,SI,MUY BUENO,26.0,LENTO A MUY LENTO,NINGUNO,0.0,22.0,0.0,0.0,64.0,0.0,0.0,14.0,0.0,0.0,0.0,0.0,0.0,14.0,22.0,0.0,0.0,64.0,33.3625,24.435,28.89875,8.9275,15294.88735,0.35,145.1,0.1,80.39442897,34.24482759,24.48594121,29.3653844,9.758886379,22731.08104,0.517241379,272.6,0.155172414,79.59385207,33.33571429,24.51785714,28.92678571,8.817857143,10446.15251,0.357142857,84.1,0.142857143,81.96428571
2021,1804,Mecanizado,NO,Otro,Algodón,NO,Manual,NO,5933.72093,5.0,53.0,63.0,84000,11,1,0,0,0,0,0,1,0,0,0,0,2,0,0.0,0.0,69.1,0,0.0,0.3,0,0.0,30.1,0,0,0,5,1.7,PLANO O LLANO,PLANO,3.0,6.5,SIN ROCAS,NO,-1.0,-1.0,SI,-1.0,SI,ATERRONADA,NO,NO,NO HAY,LA MANANA Y LA TARDE,NO HAY,NO HAY,NO,SI,21.0,PLANTAS NORMALES,SI,NO,SI,SI,MUY BUENO,37.0,LENTO A MUY LENTO,NINGUNO,0.0,0.0,0.0,0.0,0.0,42.31,0.0,57.69,0.0,0.0,0.0,0.0,0.0,0.0,23.08,0.0,76.92,0.0,33.8275,24.73,29.27875,9.0975,15505.82049,0.425,118.3,0.075,79.26942897,33.98965517,24.41869983,29.2041775,9.570955344,22471.86148,0.482758621,306.2,0.189655172,80.24902448,33.425,24.425,28.925,9.0,9073.590692,0.375,50.3,0.083333333,82.08333333
2022,1805,Manual,NO,Otro,Algodón,SI,Manual,NO,3174.418605,5.0,44.0,76.0,69500,8,0,0,0,0,0,0,0,0,0,0,0,3,0,0.0,0.0,161.0,0,0.0,0.0,0,0.0,0.0,0,0,0,3,0.9,PLANO O LLANO,PLANO,4.0,6.0,SIN ROCAS,NO,-1.0,-1.0,NO,-1.0,NO,ATERRONADA,NO,NO,NO HAY,LA MANANA Y LA TARDE,NO HAY,NO HAY,NO,SI,25.0,PLANTAS NORMALES,SI,NO,SI,NO,MUY BUENO,50.0,BUENO,NINGUNO,0.0,0.0,0.0,0.0,60.0,20.0,0.0,20.0,0.0,0.0,0.0,0.0,0.0,80.0,20.0,0.0,0.0,0.0,34.5075,24.9775,29.7425,9.53,15623.59901,0.55,98.2,0.05,77.74442897,33.62068966,24.2721481,28.94641888,9.348541551,22322.20015,0.396551724,322.7,0.206896552,81.12833482,33.38571429,24.63571429,29.01071429,8.75,10437.34775,0.428571429,48.4,0.035714286,82.64285714
2029,1812,Mecanizado,NO,Otro,Algodón,SI,Manual,NO,2186.046512,4.0,47.0,67.0,60000,12,0,0,0,0,0,0,1,0,0,0,0,2,0,0.0,0.0,92.0,0,0.0,0.0,0,0.0,60.0,0,0,0,4,2.5,PLANO O LLANO,PLANO,2.0,6.0,SIN ROCAS,NO,-1.0,-1.0,NO,-1.0,NO,ATERRONADA,NO,NO,NO HAY,LA MANANA Y LA TARDE,NO HAY,NO HAY,NO,SI,20.0,PLANTAS NORMALES,SI,NO,SI,NO,MUY BUENO,52.0,BUENO,NINGUNO,0.0,0.0,0.0,0.0,57.69,42.31,0.0,0.0,0.0,0.0,0.0,0.0,0.0,57.69,0.0,0.0,0.0,42.31,33.8275,24.73,29.27875,9.0975,15505.82049,0.425,118.3,0.075,79.26942897,33.98965517,24.41869983,29.2041775,9.570955344,22471.86148,0.482758621,306.2,0.189655172,80.24902448,33.4952381,24.42857143,28.96190476,9.066666667,8008.659328,0.333333333,43.4,0.095238095,81.80952381
2030,1814,Mecanizado,NO,PIONEER 30F32HW,Algodón,SI,Manual,NO,5236.046512,6.0,39.0,83.0,58000,10,0,0,0,0,0,0,1,0,0,0,0,0,0,0.0,0.0,53.5,0,0.0,2.0,0,0.0,11.5,0,0,0,2,1.2,PLANO O LLANO,PLANO,2.0,6.0,SIN ROCAS,NO,-1.0,-1.0,NO,-1.0,NO,ATERRONADA,NO,NO,NO HAY,LA MANANA Y LA TARDE,NO HAY,NO HAY,NO,SI,26.0,PLANTAS NORMALES,SI,NO,SI,SI,MUY BUENO,49.0,BUENO,NINGUNO,0.0,0.0,0.0,34.69,0.0,65.31,0.0,0.0,0.0,0.0,0.0,0.0,0.0,100.0,0.0,0.0,0.0,0.0,34.7975,25.0675,29.9325,9.73,15671.54276,0.6,61.1,0.05,77.39442897,33.47931034,24.23938948,28.85934991,9.239920861,22079.7239,0.362068966,319.0,0.206896552,81.6455762,33.63870968,24.65806452,29.1483871,8.980645161,11880.20397,0.516129032,52.9,0.032258065,81.58064516
2031,1815,Mecanizado,SI,Otro,Algodón,SI,Mecanizada,NO,5180.232558,5.0,47.0,74.0,75000,17,0,0,0,0,0,0,2,2,0,0,0,3,0,0.0,0.0,115.0,0,0.0,0.0,0,0.0,30.0,0,0,0,3,3.0,PLANO O LLANO,PLANO,3.0,5.5,SIN ROCAS,SI,12.0,0.0,SI,11.0,NO,ATERRONADA,NO,NO,NO HAY,LA MANANA Y LA TARDE,NO HAY,NO HAY,NO,SI,7.0,PLANTAS NORMALES,NO,NO,NO,NO,REGULAR,11.0,LENTO A MUY LENTO,LENTO,0.0,0.0,0.0,0.0,0.0,0.0,0.0,99.99,0.0,0.0,0.0,0.0,0.0,0.0,66.66,33.33,0.0,0.0,34.5075,24.9775,29.7425,9.53,15623.59901,0.55,98.2,0.05,77.74442897,33.62068966,24.2721481,28.94641888,9.348541551,22322.20015,0.396551724,322.7,0.206896552,81.12833482,33.42068966,24.67586207,29.04827586,8.744827586,10879.88985,0.448275862,69.6,0.068965517,82.72413793
2032,1816,Mecanizado,NO,P4082 (Pioneer),Algodón,SI,Manual,NO,3527.906977,5.0,45.0,76.0,72000,17,0,0,0,0,0,0,2,1,0,0,1,4,0,0.0,0.0,92.0,0,0.0,0.0,0,0.0,60.0,0,0,0,4,5.0,PLANO O LLANO,PLANO,2.0,6.0,SIN ROCAS,NO,-1.0,-1.0,SI,-1.0,NO,ATERRONADA,NO,NO,NO HAY,LA MANANA Y LA TARDE,NO HAY,NO HAY,NO,SI,23.0,PLANTAS NORMALES,NO,NO,SI,NO,REGULAR,48.0,LENTO A MUY LENTO,LENTO,0.0,0.0,0.0,0.0,0.0,0.0,0.0,100.0,0.0,0.0,0.0,0.0,0.0,53.33,46.67,0.0,0.0,0.0,33.8925,24.79,29.34125,9.1025,15447.87574,0.45,118.3,0.075,79.06942897,33.91724138,24.34283776,29.13003957,9.57440362,22537.00573,0.465517241,306.6,0.189655172,80.33523138,33.33793103,24.61724138,28.97758621,8.720689655,10801.12843,0.344827586,55.7,0.068965517,82.62068966
2035,1820,Mecanizado,NO,Otro,Frijol,SI,Manual,NO,3720.930233,3.0,46.0,88.0,70000,10,0,0,0,0,0,0,0,0,0,0,0,2,0,0.0,0.0,70.0,0,0.0,14.0,0,0.0,63.0,0,0,0,2,1.8,PLANO O LLANO,PLANO,2.0,5.5,SIN ROCAS,NO,-1.0,-1.0,SI,-1.0,SI,ATERRONADA,NO,NO,NO HAY,LA MANANA,NO HAY,NO HAY,NO,SI,30.0,POCO AFECTADAS,SI,NO,SI,SI,MUY BUENO,30.0,LENTO A MUY LENTO,NINGUNO,0.0,0.0,0.0,0.0,26.0,74.0,0.0,0.0,0.0,0.0,0.0,0.0,0.0,0.0,26.0,0.0,74.0,0.0,34.5075,24.9775,29.7425,9.53,15623.59901,0.55,98.2,0.05,77.74442897,33.62068966,24.2721481,28.94641888,9.348541551,22322.20015,0.396551724,322.7,0.206896552,81.12833482,33.33,24.485,28.9075,8.845,14973.75365,0.425,172.2,0.1,82.325
2038,1822,Mecanizado,NO,Otro,Algodón,SI,Manual,NO,2860.465116,5.0,46.0,90.0,58000,10,0,0,0,0,0,0,1,0,0,0,0,2,0,0.0,0.0,92.0,0,0.0,0.0,0,0.0,60.0,0,0,0,4,0.9,PLANO O LLANO,PLANO,2.0,5.0,SIN ROCAS,NO,-1.0,-1.0,SI,-1.0,SI,ATERRONADA,NO,NO,NO HAY,LA MANANA Y LA TARDE,NO HAY,NO HAY,NO,SI,27.0,MUY AFECTADAS,SI,NO,SI,SI,MUY BUENO,27.0,LENTO A MUY LENTO,NINGUNO,0.0,0.0,0.0,0.0,74.51,0.0,0.0,25.49,0.0,0.0,0.0,0.0,0.0,74.51,0.0,0.0,25.49,0.0,33.8275,24.73,29.27875,9.0975,15505.82049,0.425,118.3,0.075,79.26942897,33.98965517,24.41869983,29.2041775,9.570955344,22471.86148,0.482758621,306.2,0.189655172,80.24902448,33.4,24.49545455,28.94772727,8.904545455,16676.58863,0.409090909,188.5,0.113636364,82.06818182
2039,1823,Manual,NO,DK 1040,Frijol,SI,Manual,SI,1906.976744,5.0,49.0,77.0,66000,9,0,0,0,0,0,0,0,0,0,0,0,2,0,0.0,0.0,69.0,0,0.0,0.0,0,0.0,0.0,0,0,0,2,1.1,PLANO O LLANO,PLANO,3.0,5.5,SIN ROCAS,NO,-1.0,-1.0,SI,-1.0,SI,ATERRONADA,NO,NO,NO HAY,LA MANANA Y LA TARDE,NO HAY,NO HAY,NO,SI,30.0,MUY AFECTADAS,SI,NO,SI,SI,MUY BUENO,30.0,LENTO A MUY LENTO,NINGUNO,0.0,0.0,0.0,0.0,0.0,99.99,0.0,0.0,0.0,0.0,0.0,0.0,0.0,66.66,0.0,0.0,33.33,0.0,34.6325,25.0475,29.84,9.585,15520.22045,0.575,98.2,0.05,77.56942897,33.56551724,24.21007914,28.88779819,9.355438103,22346.75083,0.379310345,336.5,0.224137931,81.30074862,33.43529412,24.62941176,29.03235294,8.805882353,12834.97488,0.470588235,55.8,0.029411765,82.08823529
2040,1824,Mecanizado,NO,P4082 (Pioneer),Algodón,SI,Mecanizada,NO,1995.348837,4.0,50.0,67.0,65000,10,0,0,0,0,0,0,0,1,0,0,0,2,0,0.0,0.0,138.0,0,0.0,0.0,0,0.0,60.0,0,0,0,4,2.1,PLANO O LLANO,PLANO,2.0,5.5,SIN ROCAS,NO,-1.0,-1.0,NO,-1.0,NO,ATERRONADA,NO,NO,NO HAY,LA MANANA Y LA TARDE,NO HAY,NO HAY,NO,SI,44.0,POCO AFECTADAS,SI,NO,SI,SI,MUY BUENO,60.0,BUENO,NINGUNO,0.0,0.0,0.0,0.0,71.67,0.0,0.0,28.33,0.0,0.0,0.0,0.0,0.0,28.33,0.0,0.0,71.67,0.0,34.8425,25.0525,29.9475,9.79,15854.65335,0.625,62.4,0.05,77.19442897,33.46551724,24.26352741,28.86452233,9.201989827,21977.80689,0.344827586,317.3,0.206896552,81.81799,33.66666667,24.75833333,29.2125,8.908333333,9147.036709,0.541666667,52.9,0.041666667,82.08333333
2041,1825,Mecanizado,NO,P4082 (Pioneer),Algodón,SI,Mecanizada,NO,2086.046512,4.0,47.0,74.0,70000,14,0,0,0,0,0,0,0,0,0,0,0,2,0,0.0,0.0,138.0,0,0.0,0.0,0,0.0,60.0,0,0,0,4,1.6,PLANO O LLANO,PLANO,2.0,6.5,SIN ROCAS,NO,-1.0,-1.0,NO,-1.0,NO,ATERRONADA,NO,NO,NO HAY,LA MANANA Y LA TARDE,NO HAY,NO HAY,NO,SI,40.0,POCO AFECTADAS,SI,NO,SI,SI,MUY BUENO,60.0,BUENO,NINGUNO,0.0,0.0,0.0,0.0,0.0,0.0,0.0,100.0,0.0,0.0,0.0,0.0,0.0,0.0,28.33,0.0,71.67,0.0,34.6825,25.0675,29.875,9.615,15731.78276,0.6,61.7,0.05,77.56942897,33.48275862,24.17559638,28.8291775,9.307162241,22218.0579,0.362068966,318.0,0.206896552,81.42143827,33.53571429,24.70714286,29.12142857,8.828571429,10617.84125,0.464285714,55.8,0.035714286,82.39285714
2042,1826,Mecanizado,NO,DK 234 YGRR,Algodón,SI,Manual,SI,2418.604651,5.0,48.0,61.0,87500,10,0,0,0,0,0,0,1,1,0,0,0,1,0,0.0,0.0,92.0,0,0.0,0.0,0,0.0,60.0,0,0,0,4,2.0,PLANO O LLANO,PLANO,2.0,5.5,SIN ROCAS,NO,-1.0,-1.0,NO,-1.0,NO,ATERRONADA,NO,NO,NO HAY,LA MANANA Y LA TARDE,NO HAY,NO HAY,NO,SI,38.0,MUY AFECTADAS,SI,NO,SI,SI,MUY BUENO,60.0,BUENO,NINGUNO,0.0,0.0,75.0,0.0,0.0,0.0,0.0,25.0,0.0,0.0,0.0,0.0,0.0,75.0,25.0,0.0,0.0,0.0,33.3325,24.455,28.89375,8.8775,14920.64318,0.425,165.5,0.125,80.825,34.63793103,24.86724138,29.75258621,9.770689655,22906.78925,0.620689655,260.5,0.137931034,78.56512342,33.56470588,23.95791706,28.76131147,9.606788821,6559.94646,0.352941176,79.2,0.235294118,80.67314234
2043,1827,Mecanizado,NO,P4082 (Pioneer),Algodón,SI,Manual,NO,1032.55814,4.0,49.0,70.0,70000,12,0,0,0,0,0,0,1,0,0,0,1,1,0,0.0,0.0,92.0,0,0.0,0.0,0,0.0,60.0,0,0,0,4,1.2,PLANO O LLANO,PLANO,2.0,5.5,SIN ROCAS,NO,-1.0,-1.0,NO,-1.0,NO,GRANULAR,NO,NO,NO HAY,LA MANANA Y LA TARDE,NO HAY,NO HAY,NO,SI,36.0,POCO AFECTADAS,SI,NO,SI,SI,MUY BUENO,50.0,BUENO,NINGUNO,0.0,0.0,0.0,32.0,0.0,0.0,0.0,68.0,0.0,0.0,0.0,0.0,0.0,32.0,68.0,0.0,0.0,0.0,33.5575,24.5575,29.0575,9.0,15314.59288,0.375,145.1,0.1,79.89442897,34.18965517,24.46697569,29.32831543,9.722679482,22685.084,0.517241379,282.9,0.172413793,79.86971413,33.3,24.46923077,28.88461538,8.830769231,9690.179151,0.346153846,73.8,0.115384615,82.11538462
2044,1828,Manual,SI,PAC 105,Pastos,SI,Manual,NO,3534.883721,5.0,48.0,76.0,66000,10,0,0,0,0,0,0,0,2,0,0,0,3,0,0.0,0.0,138.0,0,0.0,0.0,0,0.0,60.0,0,0,0,4,1.2,PLANO O LLANO,PLANO,2.0,5.5,SIN ROCAS,NO,-1.0,-1.0,SI,-1.0,SI,ATERRONADA,NO,NO,NO HAY,LA MANANA Y LA TARDE,NO HAY,NO HAY,NO,SI,20.0,MUY AFECTADAS,SI,NO,SI,SI,MUY BUENO,30.0,LENTO A MUY LENTO,NINGUNO,0.0,0.0,0.0,0.0,0.0,0.0,0.0,100.0,0.0,0.0,0.0,0.0,0.0,100.0,0.0,0.0,0.0,0.0,33.2225,24.3225,28.7725,8.9,14930.24955,0.35,181.3,0.125,80.625,34.39310345,24.57732052,29.48521198,9.81578293,22703.70013,0.551724138,272.6,0.155172414,79.29690653,33.30625,24.409375,28.8578125,8.896875,12072.7791,0.3125,88.6,0.125,82.1875
2045,1829,Manual,NO,P3966 (Pioneer),Algodón,SI,Manual,NO,5193.023256,5.0,47.0,76.0,66000,9,0,0,0,0,0,0,0,2,0,0,0,3,0,0.0,0.0,138.0,0,0.0,0.0,0,0.0,60.0,0,0,0,4,2.9,PLANO O LLANO,PLANO,2.0,5.5,SIN ROCAS,NO,-1.0,-1.0,NO,-1.0,NO,ATERRONADA,NO,NO,NO HAY,LA MANANA Y LA TARDE,NO HAY,NO HAY,NO,SI,22.0,MUY AFECTADAS,SI,NO,SI,SI,MUY BUENO,60.0,BUENO,NINGUNO,0.0,0.0,0.0,0.0,66.67,0.0,33.33,0.0,0.0,0.0,0.0,0.0,0.0,33.33,66.67,0.0,0.0,0.0,33.2225,24.3225,28.7725,8.9,14930.24955,0.35,181.3,0.125,80.625,34.39310345,24.57732052,29.48521198,9.81578293,22703.70013,0.551724138,272.6,0.155172414,79.29690653,33.28387097,24.42903226,28.85645161,8.85483871,11610.11489,0.322580645,88.6,0.129032258,82.25806452
2047,1833,Manual,NO,DK 234,Algodón,NO,Manual,NO,2046.511628,4.0,49.0,78.0,60000,4,0,0,0,0,0,0,0,2,0,0,0,0,0,0.0,0.0,92.0,0,0.0,0.0,0,0.0,0.0,0,0,0,2,1.0,PLANO O LLANO,PLANO,2.0,5.5,SIN ROCAS,NO,-1.0,-1.0,SI,-1.0,NO,GRANULAR,NO,NO,NO HAY,LA MANANA Y LA TARDE,NO HAY,NO HAY,NO,SI,34.0,POCO AFECTADAS,NO,NO,SI,NO,ESPACIADO,35.0,LENTO A MUY LENTO,NINGUNO,0.0,0.0,0.0,0.0,58.33,41.67,0.0,0.0,0.0,0.0,0.0,0.0,0.0,58.33,41.67,0.0,0.0,0.0,33.89995414,23.81290578,28.85642996,10.08704836,15001.74031,0.4,182.9,0.175,80.72387969,33.25172414,23.74420286,28.4979635,9.507521281,23440.78825,0.310344828,389.2,0.206896552,86.0214783,32.45882353,24.23785653,28.34834003,8.220967004,13118.70651,0.029411765,170.7,0.176470588,85.96140612
2048,1830,Mecanizado,NO,DK 234,Algodón,NO,Manual,NO,3530.232558,3.0,42.0,82.0,55000,10,0,0,0,0,0,0,1,1,0,0,0,1,0,0.0,0.0,92.0,0,0.0,0.0,0,0.0,60.0,0,0,0,4,1.1,PLANO O LLANO,PLANO,3.0,7.0,SIN ROCAS,NO,-1.0,-1.0,NO,-1.0,NO,ATERRONADA,NO,NO,NO HAY,LA MANANA Y LA TARDE,NO HAY,NO HAY,NO,SI,25.0,POCO AFECTADAS,SI,NO,SI,SI,MUY BUENO,60.0,BUENO,NINGUNO,0.0,0.0,0.0,0.0,46.67,0.0,0.0,53.33,0.0,0.0,0.0,0.0,0.0,100.0,0.0,0.0,0.0,0.0,34.6825,25.0675,29.875,9.615,15731.78276,0.6,61.7,0.05,77.56942897,33.48275862,24.17559638,28.8291775,9.307162241,22218.0579,0.362068966,318.0,0.206896552,81.42143827,33.40666667,24.64,29.02333333,8.766666667,11344.25364,0.433333333,55.8,0.033333333,82.33333333
2050,1871,Mecanizado,SI,P4082 (Pioneer),Algodón,SI,Mecanizada,NO,5933.72093,5.0,45.0,77.0,75000,17,0,1,0,0,0,0,0,1,0,0,0,3,2,0.0,9.0,0.0,0,23.0,0.0,0,30.0,30.0,0,0,2,1,5.0,PLANO O LLANO,PLANO,2.0,5.5,SIN ROCAS,NO,-1.0,-1.0,NO,-1.0,NO,GRANULAR,NO,NO,NO HAY,LA MANANA Y LA TARDE,NO HAY,NO HAY,NO,SI,25.0,PLANTAS NORMALES,NO,NO,SI,NO,ESPACIADO,60.0,BUENO,LENTO,0.0,0.0,0.0,0.0,0.0,0.0,0.0,100.0,0.0,0.0,0.0,0.0,0.0,55.0,45.0,0.0,0.0,0.0,33.3075,24.3575,28.8325,8.95,15132.60815,0.35,181.1,0.125,80.44442897,34.31724138,24.54283776,29.43003957,9.77440362,22715.79005,0.534482759,272.6,0.155172414,79.45592103,33.28,24.50333333,28.89166667,8.776666667,11161.65606,0.333333333,88.6,0.133333333,82.3
2051,1818,Mecanizado,SI,P4082 (Pioneer),Algodón,SI,Mecanizada,NO,5651.162791,5.0,47.0,72.0,75500,17,0,0,0,0,0,0,2,2,0,0,0,3,0,0.0,0.0,115.0,0,0.0,0.0,0,0.0,30.0,0,0,0,3,3.0,PLANO O LLANO,PLANO,3.0,5.5,SIN ROCAS,SI,13.0,9.0,SI,13.0,NO,ATERRONADA,NO,NO,NO HAY,LA MANANA Y LA TARDE,NO HAY,NO HAY,NO,SI,10.0,PLANTAS NORMALES,NO,NO,NO,NO,REGULAR,13.0,LENTO A MUY LENTO,LENTO,0.0,0.0,0.0,0.0,0.0,0.0,0.0,100.0,0.0,0.0,0.0,0.0,0.0,0.0,66.67,33.33,0.0,0.0,34.5075,24.9775,29.7425,9.53,15623.59901,0.55,98.2,0.05,77.74442897,33.62068966,24.2721481,28.94641888,9.348541551,22322.20015,0.396551724,322.7,0.206896552,81.12833482,33.3037037,24.60740741,28.95555556,8.696296296,10037.58286,0.407407407,48.4,0.037037037,82.81481481
2052,1819,Mecanizado,SI,P4082 (Pioneer),Algodón,SI,Mecanizada,NO,6511.627907,5.0,46.0,76.0,76000,17,0,1,0,0,0,0,0,2,0,0,0,3,2,0.0,0.0,9.0,0,0.0,23.0,0,0.0,60.0,0,0,0,3,4.0,PLANO O LLANO,PLANO,2.0,5.0,SIN ROCAS,NO,-1.0,-1.0,NO,-1.0,NO,GRANULAR,NO,NO,NO HAY,LA MANANA Y LA TARDE,NO HAY,NO HAY,NO,SI,23.0,PLANTAS NORMALES,SI,NO,SI,NO,ESPACIADO,60.0,BUENO,LENTO,0.0,0.0,0.0,0.0,0.0,0.0,0.0,100.0,0.0,0.0,55.0,45.0,0.0,0.0,0.0,0.0,0.0,0.0,33.5575,24.5575,29.0575,9.0,15314.59288,0.375,145.1,0.1,79.89442897,34.18965517,24.46697569,29.32831543,9.722679482,22685.084,0.517241379,282.9,0.172413793,79.86971413,33.30666667,24.51,28.90833333,8.796666667,11233.78981,0.333333333,78.3,0.1,82.23333333
2053,1872,Mecanizado,SI,P4082 (Pioneer),Algodón,SI,Mecanizada,NO,6626.744186,5.0,48.0,70.0,75000,17,0,1,0,0,0,0,1,2,0,0,2,5,2,0.0,9.0,0.0,0,23.0,0.0,0,30.0,30.0,0,0,2,1,5.0,PLANO O LLANO,PLANO,2.0,6.0,SIN ROCAS,NO,-1.0,-1.0,SI,-1.0,NO,GRANULAR,NO,NO,NO HAY,LA MANANA Y LA TARDE,NO HAY,NO HAY,NO,SI,33.0,PLANTAS NORMALES,SI,NO,SI,NO,BUENO,45.0,LENTO A MUY LENTO,LENTO,0.0,0.0,0.0,0.0,0.0,0.0,0.0,63.33,36.67,0.0,0.0,0.0,0.0,100.0,0.0,0.0,0.0,0.0,34.3675,24.8875,29.6275,9.48,15771.33664,0.525,98.2,0.05,77.96942897,33.67586207,24.31525155,28.99555681,9.360610517,22303.83284,0.413793103,317.6,0.206896552,81.00764517,33.34615385,24.56923077,28.95769231,8.776923077,9734.646361,0.384615385,44.7,0.038461538,82.69230769
2057,1795,Mecanizado,NO,PAC 105,Algodón,NO,Manual,NO,1695.348837,4.0,47.0,80.0,60000,7,0,0,0,0,0,0,0,1,0,0,0,3,0,0.0,0.0,115.0,0,0.0,0.0,0,0.0,0.0,0,0,0,3,1.0,PLANO O LLANO,PLANO,2.0,6.0,SIN ROCAS,NO,-1.0,-1.0,NO,-1.0,NO,ATERRONADA,NO,NO,NO HAY,LA MANANA Y LA TARDE,NO HAY,NO HAY,NO,SI,50.0,PLANTAS NORMALES,NO,NO,SI,NO,REGULAR,60.0,BUENO,NINGUNO,0.0,0.0,0.0,0.0,41.67,58.33,0.0,0.0,0.0,0.0,0.0,0.0,0.0,0.0,100.0,0.0,0.0,0.0,33.89995414,23.81290578,28.85642996,10.08704836,15001.74031,0.4,182.9,0.175,80.72387969,33.25172414,23.74420286,28.4979635,9.507521281,23440.78825,0.310344828,389.2,0.206896552,86.0214783,32.45882353,24.23785653,28.34834003,8.220967004,13118.70651,0.029411765,170.7,0.176470588,85.96140612
2063,1879,Manual,NO,DK 234,Algodón,NO,Manual,NO,2260.465116,4.0,47.0,82.0,60000,6,0,0,0,0,0,0,0,2,0,0,0,0,0,0.0,0.0,92.0,0,0.0,0.0,0,0.0,0.0,0,0,0,2,1.0,PLANO O LLANO,PLANO,2.0,6.5,SIN ROCAS,NO,-1.0,-1.0,NO,-1.0,NO,ATERRONADA,NO,NO,NO HAY,LA MANANA Y LA TARDE,NO HAY,NO HAY,NO,SI,38.0,POCO AFECTADAS,NO,NO,SI,NO,REGULAR,60.0,BUENO,NINGUNO,0.0,0.0,0.0,0.0,0.0,0.0,61.67,38.33,0.0,0.0,100.0,0.0,0.0,0.0,0.0,0.0,0.0,0.0,33.69495414,23.81473549,28.75484481,9.880218651,14672.54442,0.35,227.5,0.2,80.82387969,33.42068966,23.75522131,28.58795548,9.665468346,23841.36953,0.344827586,367.2,0.189655172,85.83182313,32.43333333,24.17917035,28.30625184,8.254162985,13723.57761,0.027777778,192.7,0.194444444,85.76910578
2065,1880,Mecanizado,SI,Impacto (Syngenta),Algodón,SI,Mecanizada,NO,3069.767442,6.0,50.0,77.0,60000,4,0,0,0,0,0,0,0,1,0,0,0,2,0,0.0,0.0,46.0,0,0.0,0.0,0,0.0,0.0,0,0,0,1,1.0,PLANO O LLANO,PLANO,2.0,6.0,SIN ROCAS,SI,18.0,12.0,SI,20.0,NO,GRANULAR,NO,NO,NO HAY,LA MANANA Y LA TARDE,NO HAY,NO HAY,NO,SI,20.0,POCO AFECTADAS,SI,NO,NO,NO,REGULAR,20.0,LENTO A MUY LENTO,NINGUNO,0.0,0.0,0.0,0.0,0.0,0.0,0.0,30.0,70.0,0.0,0.0,100.0,0.0,0.0,0.0,0.0,0.0,0.0,33.17995414,24.04603878,28.61299646,9.133915363,14490.5323,0.3,236.5,0.2,81.42387969,33.82758621,23.72766227,28.77762424,10.09992394,24036.12527,0.431034483,329.2,0.155172414,84.75618275,32.51666667,23.84510031,28.18088349,8.671566361,13937.77638,0.027777778,183.7,0.194444444,85.51844409
2066,1881,Manual,NO,DK 234,Algodón,NO,Manual,NO,2418.604651,5.0,50.0,73.0,60000,4,0,0,0,0,0,0,0,2,0,0,0,0,0,0.0,0.0,92.0,0,0.0,0.0,0,0.0,0.0,0,0,0,2,2.0,PLANO O LLANO,PLANO,2.0,5.5,SIN ROCAS,NO,-1.0,-1.0,SI,-1.0,NO,GRANULAR,NO,NO,NO HAY,LA MANANA Y LA TARDE,NO HAY,NO HAY,NO,SI,35.0,MUY AFECTADAS,NO,NO,SI,NO,REGULAR,35.0,LENTO A MUY LENTO,NINGUNO,0.0,0.0,0.0,0.0,45.0,55.0,0.0,0.0,0.0,0.0,45.0,55.0,0.0,0.0,0.0,0.0,0.0,0.0,33.69495414,23.81473549,28.75484481,9.880218651,14672.54442,0.35,227.5,0.2,80.82387969,33.42068966,23.75522131,28.58795548,9.665468346,23841.36953,0.344827586,367.2,0.189655172,85.83182313,32.4516129,24.07258492,28.26209891,8.379027983,11688.34443,0.032258065,176.7,0.193548387,85.26699502
2068,1887,Manual,NO,DK 1596,Algodón,NO,Manual,NO,2604.651163,3.0,46.0,79.0,60000,6,0,0,0,0,0,0,0,1,0,0,0,3,0,0.0,0.0,46.0,0,0.0,0.0,0,0.0,0.0,0,0,0,2,1.0,PLANO O LLANO,PLANO,2.0,5.5,SIN ROCAS,NO,-1.0,-1.0,SI,-1.0,NO,GRANULAR,NO,NO,NO HAY,LA MANANA Y LA TARDE,NO HAY,NO HAY,NO,SI,40.0,POCO AFECTADAS,SI,NO,SI,NO,MUY BUENO,40.0,LENTO A MUY LENTO,NINGUNO,0.0,0.0,0.0,43.33,56.67,0.0,0.0,0.0,0.0,0.0,100.0,0.0,0.0,0.0,0.0,0.0,0.0,0.0,33.89995414,23.81290578,28.85642996,10.08704836,15001.74031,0.4,182.9,0.175,80.72387969,33.25172414,23.74420286,28.4979635,9.507521281,23440.78825,0.310344828,389.2,0.206896552,86.0214783,32.36774194,24.08022974,28.22398584,8.287512198,11722.7189,0.032258065,154.7,0.161290323,85.57057446
2069,1904,Mecanizado,NO,Otro,Algodón,SI,Mecanizada,NO,3527.906977,5.0,46.0,92.0,62500,4,1,0,0,0,0,0,1,1,0,0,0,4,0,0.0,0.0,92.0,0,0.0,0.0,0,0.0,0.0,0,0,0,2,2.9,PLANO O LLANO,PLANO,2.0,7.0,SIN ROCAS,NO,-1.0,-1.0,NO,-1.0,NO,GRANULAR,NO,NO,NO HAY,LA MANANA Y LA TARDE,NO HAY,NO HAY,NO,SI,50.0,MUY AFECTADAS,SI,NO,SI,SI,MUY BUENO,60.0,BUENO,NINGUNO,0.0,73.33,0.0,0.0,0.0,0.0,26.67,0.0,0.0,0.0,73.33,0.0,0.0,0.0,26.67,0.0,0.0,0.0,34.0025,24.7725,29.3875,9.23,15588.595,0.475,104.6,0.05,78.76942897,33.85517241,24.308355,29.08176371,9.546817413,22479.5339,0.448275862,306.6,0.189655172,80.52488655,33.35652174,24.54782609,28.95217391,8.808695652,17116.67472,0.391304348,189.3,0.108695652,82.34782609
2070,1886,Manual,NO,PAC 105,Algodón,SI,Manual,NO,2883.72093,4.0,46.0,78.0,60000,4,0,0,0,0,0,0,0,1,0,0,0,3,0,0.0,0.0,69.0,0,0.0,0.0,0,0.0,0.0,0,0,0,2,1.0,PLANO O LLANO,PLANO,2.0,6.0,SIN ROCAS,NO,-1.0,-1.0,SI,-1.0,NO,GRANULAR,NO,NO,NO HAY,LA MANANA Y LA TARDE,NO HAY,NO HAY,NO,NO,-1.0,MUY AFECTADAS,NO,NO,SI,NO,REGULAR,35.0,LENTO A MUY LENTO,NINGUNO,0.0,0.0,0.0,0.0,55.0,0.0,45.0,0.0,0.0,0.0,100.0,0.0,0.0,0.0,0.0,0.0,0.0,0.0,34.28495414,23.89881855,29.09188634,10.38613559,15633.48119,0.475,160.3,0.15,80.47661709,32.9862069,23.73291864,28.35956277,9.253288257,22941.94612,0.25862069,389.2,0.206896552,86.36630589,32.52903226,24.21854336,28.37378781,8.310488895,12231.29663,0.032258065,170.7,0.193548387,86.02218736
2071,1889,Mecanizado,NO,DK 234,Algodón,NO,Manual,NO,1811.627907,4.0,50.0,76.0,60000,6,0,0,0,0,0,0,0,1,0,0,0,0,0,0.0,0.0,46.0,0,0.0,0.0,0,0.0,0.0,0,0,0,1,1.0,PLANO O LLANO,PLANO,2.0,6.5,SIN ROCAS,NO,-1.0,-1.0,SI,-1.0,NO,ATERRONADA,NO,NO,NO HAY,LA MANANA Y LA TARDE,NO HAY,NO HAY,NO,SI,35.0,POCO AFECTADAS,SI,NO,SI,NO,REGULAR,35.0,LENTO A MUY LENTO,NINGUNO,0.0,0.0,0.0,0.0,0.0,0.0,60.0,40.0,0.0,0.0,100.0,0.0,0.0,0.0,0.0,0.0,0.0,0.0,34.37995414,23.85562329,29.11778872,10.52433085,15896.171,0.5,135.3,0.125,80.15161709,32.87241379,23.78690359,28.32965869,9.085510206,22756.14729,0.224137931,398.4,0.206896552,86.56566755,32.44242424,24.25755973,28.34999199,8.184864513,12720.79409,0.03030303,207.5,0.242424242,86.39772218
2072,1891,Mecanizado,NO,DK 234,Algodón,SI,Manual,NO,2232.55814,3.0,46.0,81.0,62000,7,0,0,0,0,0,0,0,1,0,0,0,1,0,0.0,0.0,46.0,0,0.0,0.0,0,0.0,0.0,0,0,0,1,1.0,PLANO O LLANO,PLANO,2.0,6.0,SIN ROCAS,NO,-1.0,-1.0,SI,-1.0,NO,GRANULAR,NO,NO,NO HAY,LA MANANA Y LA TARDE,NO HAY,NO HAY,NO,SI,31.0,POCO AFECTADAS,NO,NO,SI,NO,REGULAR,38.0,LENTO A MUY LENTO,NINGUNO,0.0,0.0,0.0,0.0,0.0,0.0,41.67,58.33,0.0,0.0,100.0,0.0,0.0,0.0,0.0,0.0,0.0,0.0,33.98995414,23.81912987,28.904542,10.17082427,15018.07386,0.425,182.9,0.175,80.72387969,33.16206897,23.74168515,28.45187706,9.420383812,23451.77308,0.293103448,389.2,0.206896552,86.12492658,32.48484848,24.26576127,28.37530488,8.219087217,12825.3655,0.03030303,170.7,0.181818182,85.99053964
2073,1894,Mecanizado,NO,DK 234,Frijol,NO,Manual,NO,3162.790698,3.0,47.0,81.0,60000,5,0,0,0,0,0,0,0,1,0,0,0,0,0,0.0,0.0,115.0,0,0.0,0.0,0,0.0,0.0,0,0,0,2,1.0,PLANO O LLANO,PLANO,2.0,5.5,SIN ROCAS,NO,-1.0,-1.0,SI,-1.0,NO,GRANULAR,NO,NO,NO HAY,LA MANANA Y LA TARDE,NO HAY,NO HAY,NO,SI,32.0,POCO AFECTADAS,SI,NO,SI,NO,ESPACIADO,35.0,LENTO A MUY LENTO,NINGUNO,0.0,0.0,0.0,0.0,0.0,0.0,46.67,53.33,0.0,0.0,100.0,0.0,0.0,0.0,0.0,0.0,0.0,0.0,33.89995414,23.81290578,28.85642996,10.08704836,15001.74031,0.4,182.9,0.175,80.72387969,33.25172414,23.74420286,28.4979635,9.507521281,23440.78825,0.310344828,389.2,0.206896552,86.0214783,32.45882353,24.23785653,28.34834003,8.220967004,13118.70651,0.029411765,170.7,0.176470588,85.96140612
2074,1897,Mecanizado,NO,DK 234,Algodón,NO,Manual,NO,2883.72093,4.0,48.0,80.0,60000,9,0,0,0,0,0,0,0,1,0,0,0,0,0,0.0,0.0,92.0,0,0.0,0.0,0,0.0,0.0,0,0,0,2,1.0,PLANO O LLANO,PLANO,2.0,5.5,SIN ROCAS,NO,-1.0,-1.0,SI,-1.0,NO,GRANULAR,NO,NO,NO HAY,LA MANANA Y LA TARDE,NO HAY,NO HAY,NO,SI,14.0,MUY AFECTADAS,NO,NO,SI,NO,BUENO,14.0,LENTO A MUY LENTO,NINGUNO,0.0,0.0,0.0,0.0,16.67,0.0,83.33,0.0,0.0,0.0,83.33,16.67,0.0,0.0,0.0,0.0,0.0,0.0,34.28495414,23.89881855,29.09188634,10.38613559,15633.48119,0.475,160.3,0.15,80.47661709,32.9862069,23.73291864,28.35956277,9.253288257,22941.94612,0.25862069,389.2,0.206896552,86.36630589,32.46285714,24.27928126,28.3710692,8.183575878,13674.41492,0.028571429,216.7,0.228571429,86.24822309
2076,1898,Mecanizado,NO,DK 234,Algodón,NO,Manual,NO,2790.697674,4.0,48.0,81.0,60000,11,0,0,0,0,0,0,0,1,0,0,0,0,0,0.0,0.0,71.0,0,0.0,4.0,0,0.0,24.0,0,0,0,2,1.0,PLANO O LLANO,PLANO,2.0,6.5,SIN ROCAS,NO,-1.0,-1.0,NO,-1.0,NO,GRANULAR,NO,NO,NO HAY,LA MANANA Y LA TARDE,NO HAY,NO HAY,NO,SI,25.0,MUY AFECTADAS,SI,NO,SI,NO,REGULAR,60.0,BUENO,NINGUNO,0.0,0.0,0.0,0.0,0.0,0.0,46.67,0.0,53.33,0.0,100.0,0.0,0.0,0.0,0.0,0.0,0.0,0.0,33.5575,24.5575,29.0575,9.0,15314.59288,0.375,145.1,0.1,79.89442897,34.18965517,24.46697569,29.32831543,9.722679482,22685.084,0.517241379,282.9,0.172413793,79.86971413,33.28888889,24.56666667,28.92777778,8.722222222,13408.22808,0.361111111,88.4,0.083333333,82.41666667
2077,1899,Mecanizado,NO,DK 234,Algodón,NO,Manual,NO,2976.744186,4.0,46.0,81.0,60000,10,0,0,0,0,0,0,0,1,0,0,0,1,0,0.0,0.0,71.0,0,0.0,4.0,0,0.0,24.0,0,0,0,2,1.0,PLANO O LLANO,PLANO,2.0,7.0,SIN ROCAS,NO,-1.0,-1.0,SI,-1.0,NO,GRANULAR,NO,NO,NO HAY,LA MANANA Y LA TARDE,NO HAY,NO HAY,NO,SI,40.0,PLANTAS NORMALES,NO,NO,SI,NO,MUY BUENO,40.0,LENTO A MUY LENTO,NINGUNO,0.0,0.0,0.0,0.0,0.0,0.0,63.33,36.67,0.0,0.0,63.33,36.67,0.0,0.0,0.0,0.0,0.0,0.0,34.2825,24.8875,29.585,9.395,15925.33525,0.5,98.2,0.05,78.16942897,33.73793103,24.31525155,29.02659129,9.422679482,22363.23222,0.431034483,306.6,0.189655172,80.88695551,33.34705882,24.56470588,28.95588235,8.782352941,12837.20269,0.382352941,85.7,0.088235294,82.41176471
2078,1884,Mecanizado,SI,P4082 (Pioneer),Algodón,SI,Mecanizada,NO,5933.72093,5.0,47.0,73.0,75000,17,0,1,0,0,0,0,1,1,0,0,2,3,2,0.0,9.0,115.0,0,23.0,0.0,0,30.0,30.0,0,0,2,3,5.0,PLANO O LLANO,PLANO,2.0,5.5,SIN ROCAS,NO,-1.0,-1.0,NO,-1.0,NO,GRANULAR,NO,NO,NO HAY,LA MANANA Y LA TARDE,NO HAY,NO HAY,NO,SI,21.0,PLANTAS NORMALES,NO,NO,SI,NO,ESPACIADO,60.0,BUENO,LENTO,0.0,0.0,0.0,0.0,0.0,0.0,0.0,100.0,0.0,0.0,0.0,0.0,0.0,56.67,43.33,0.0,0.0,0.0,33.5575,24.5575,29.0575,9.0,15314.59288,0.375,145.1,0.1,79.89442897,34.18965517,24.46697569,29.32831543,9.722679482,22685.084,0.517241379,282.9,0.172413793,79.86971413,33.23571429,24.51785714,28.87678571,8.717857143,10331.10876,0.321428571,78.3,0.107142857,82.32142857
2079,1905,Manual,NO,DK 234,Algodón,SI,Manual,SI,4744.186047,5.0,46.0,85.0,73000,18,0,0,0,0,0,0,0,1,0,0,0,0,0,0.0,0.0,69.0,0,0.0,0.0,0,0.0,0.0,0,0,0,1,4.0,PLANO O LLANO,PLANO,2.0,6.0,SIN ROCAS,NO,-1.0,-1.0,SI,-1.0,NO,GRANULAR,NO,NO,NO HAY,LA MANANA Y LA TARDE,NO HAY,NO HAY,NO,SI,36.0,PLANTAS NORMALES,SI,NO,SI,NO,MUY BUENO,46.0,LENTO A MUY LENTO,LENTO,0.0,0.0,0.0,0.0,0.0,0.0,0.0,65.0,35.0,0.0,0.0,0.0,0.0,100.0,0.0,0.0,0.0,0.0,33.2775,24.315,28.79625,8.9625,14610.72058,0.375,198.3,0.15,80.575,34.59310345,24.79283776,29.6929706,9.800265689,22622.31264,0.620689655,227.2,0.120689655,78.6685717,33.42051282,24.3974359,28.90897436,9.023076923,14820.08322,0.333333333,134.0,0.153846154,81.96008769
2080,1906,Manual,NO,DK 234,Algodón,SI,Manual,SI,4709.302326,5.0,47.0,78.0,73000,18,0,0,0,0,0,0,1,1,0,0,0,0,0,0.0,0.0,92.0,0,0.0,0.0,0,0.0,0.0,0,0,0,2,4.0,PLANO O LLANO,PLANO,2.0,6.0,SIN ROCAS,NO,-1.0,-1.0,SI,-1.0,NO,GRANULAR,NO,NO,NO HAY,LA MANANA Y LA TARDE,NO HAY,NO HAY,NO,SI,38.0,PLANTAS NORMALES,SI,NO,SI,NO,MUY BUENO,46.0,LENTO A MUY LENTO,LENTO,0.0,0.0,0.0,0.0,0.0,0.0,0.0,65.0,35.0,0.0,0.0,0.0,0.0,100.0,0.0,0.0,0.0,0.0,33.3225,24.3175,28.82,9.005,14608.84379,0.375,198.3,0.15,80.55,34.44137931,24.71525155,29.57831543,9.726127758,22710.92973,0.568965517,242.8,0.120689655,79.09000997,33.43636364,24.32424242,28.88030303,9.112121212,12589.54486,0.363636364,113.9,0.181818182,81.81818182
2081,1907,Manual,NO,DK 234,Algodón,SI,Manual,SI,4672.093023,5.0,48.0,75.0,73000,18,0,0,0,0,0,0,0,1,0,0,0,2,0,0.0,0.0,46.0,0,0.0,0.0,0,0.0,0.0,0,0,0,1,5.0,PLANO O LLANO,PLANO,2.0,6.0,SIN ROCAS,NO,-1.0,-1.0,NO,-1.0,NO,GRANULAR,NO,NO,NO HAY,LA MANANA Y LA TARDE,NO HAY,NO HAY,NO,SI,32.0,PLANTAS NORMALES,SI,NO,SI,NO,BUENO,60.0,BUENO,LENTO,0.0,0.0,0.0,0.0,0.0,0.0,0.0,100.0,0.0,0.0,0.0,0.0,0.0,100.0,0.0,0.0,0.0,0.0,33.2725,24.345,28.80875,8.9275,14723.44019,0.375,198.3,0.15,80.7,34.55517241,24.76525155,29.66021198,9.789920861,22712.6391,0.603448276,234.3,0.120689655,78.74518239,33.42580645,24.32258065,28.87419355,9.103225806,11866.19931,0.290322581,115.5,0.193548387,81.90322581
2082,1902,Manual,NO,PAC 105,Algodón,NO,Manual,NO,3234.232558,4.0,55.0,65.0,75000,7,1,0,0,0,0,0,1,1,0,0,0,6,0,0.0,0.0,30.0,0,0.0,30.0,0,0.0,30.0,0,0,0,2,1.7,PLANO O LLANO,PLANO,3.0,6.5,SIN ROCAS,NO,-1.0,-1.0,SI,-1.0,SI,ATERRONADA,NO,NO,NO HAY,LA MANANA Y LA TARDE,NO HAY,NO HAY,NO,SI,30.0,MUY AFECTADAS,SI,NO,SI,SI,REGULAR,30.0,LENTO A MUY LENTO,NINGUNO,0.0,0.0,0.0,81.67,0.0,0.0,0.0,18.33,0.0,0.0,0.0,0.0,0.0,100.0,0.0,0.0,0.0,0.0,33.8275,24.73,29.27875,9.0975,15505.82049,0.425,118.3,0.075,79.26942897,33.98965517,24.41869983,29.2041775,9.570955344,22471.86148,0.482758621,306.2,0.189655172,80.24902448,33.37037037,24.45555556,28.91296296,8.914814815,10177.18451,0.333333333,54.8,0.074074074,82.22222222
2083,1908,Manual,NO,Otro,Maiz,SI,Manual,SI,4709.302326,4.0,48.0,77.0,73000,18,0,0,0,0,0,0,0,1,0,0,0,3,0,0.0,0.0,23.0,0,0.0,0.0,0,0.0,30.0,0,0,0,2,5.0,PLANO O LLANO,PLANO,2.0,6.0,SIN ROCAS,NO,-1.0,-1.0,NO,-1.0,NO,GRANULAR,NO,NO,NO HAY,LA MANANA Y LA TARDE,NO HAY,NO HAY,NO,SI,34.0,PLANTAS NORMALES,NO,NO,SI,NO,ESPACIADO,60.0,BUENO,LENTO,0.0,0.0,0.0,0.0,0.0,0.0,0.0,100.0,0.0,0.0,0.0,0.0,0.0,100.0,0.0,0.0,0.0,0.0,33.3225,24.3175,28.82,9.005,14608.84379,0.375,198.3,0.15,80.55,34.44137931,24.71525155,29.57831543,9.726127758,22710.92973,0.568965517,242.8,0.120689655,79.09000997,33.4125,24.353125,28.8828125,9.059375,12170.7693,0.34375,113.0,0.1875,81.78125
2084,1903,Mecanizado,NO,P3966 (Pioneer),Algodón,SI,Mecanizada,NO,3261.627907,5.0,51.0,88.0,55000,5,1,0,0,0,0,0,0,1,0,0,0,6,0,0.0,0.0,161.0,0,0.0,0.0,0,45.0,0.0,0,0,1,2,1.8,PLANO O LLANO,PLANO,2.0,6.0,SIN ROCAS,NO,-1.0,-1.0,NO,-1.0,NO,ATERRONADA,NO,NO,NO HAY,LA MANANA Y LA TARDE,NO HAY,NO HAY,NO,SI,30.0,MUY AFECTADAS,SI,NO,SI,SI,REGULAR,60.0,BUENO,NINGUNO,0.0,70.0,0.0,30.0,0.0,0.0,0.0,0.0,0.0,0.0,0.0,0.0,0.0,70.0,0.0,0.0,30.0,0.0,33.8925,24.79,29.34125,9.1025,15447.87574,0.45,118.3,0.075,79.06942897,33.91724138,24.34283776,29.13003957,9.57440362,22537.00573,0.465517241,306.6,0.189655172,80.33523138,33.34042553,24.51489362,28.92765957,8.825531915,17525.69103,0.382978723,189.3,0.106382979,82.34042553
2086,1909,Manual,NO,Otro,Algodón,SI,Manual,NO,5372.093023,5.0,47.0,70.0,73000,18,0,0,0,0,0,0,2,1,0,0,0,2,0,0.0,0.0,126.5,0,0.0,0.0,0,0.0,30.0,0,0,0,3,5.0,PLANO O LLANO,PLANO,2.0,6.0,SIN ROCAS,NO,-1.0,-1.0,NO,-1.0,NO,GRANULAR,NO,NO,NO HAY,LA MANANA Y LA TARDE,NO HAY,NO HAY,NO,SI,35.0,PLANTAS NORMALES,SI,NO,SI,NO,MUY BUENO,60.0,BUENO,LENTO,0.0,0.0,0.0,0.0,0.0,0.0,0.0,63.33,36.67,0.0,0.0,0.0,0.0,100.0,0.0,0.0,0.0,0.0,33.8275,24.73,29.27875,9.0975,15505.82049,0.425,118.3,0.075,79.26942897,33.98965517,24.41869983,29.2041775,9.570955344,22471.86148,0.482758621,306.2,0.189655172,80.24902448,33.416,24.444,28.93,8.972,9414.001897,0.36,50.3,0.08,81.92
2088,1910,Manual,NO,Otro,Algodón,SI,Manual,SI,4576.744186,5.0,46.0,74.0,73000,18,0,0,0,0,0,0,1,0,0,0,1,5,0,0.0,0.0,57.5,0,0.0,0.0,0,0.0,0.0,0,0,0,1,4.0,PLANO O LLANO,PLANO,2.0,6.0,SIN ROCAS,NO,-1.0,-1.0,NO,-1.0,NO,GRANULAR,NO,NO,NO HAY,LA MANANA Y LA TARDE,NO HAY,NO HAY,NO,SI,34.0,PLANTAS NORMALES,NO,NO,SI,NO,ESPACIADO,60.0,BUENO,LENTO,0.0,0.0,0.0,0.0,0.0,0.0,0.0,61.67,38.33,0.0,0.0,0.0,0.0,100.0,0.0,0.0,0.0,0.0,33.8275,24.73,29.27875,9.0975,15505.82049,0.425,118.3,0.075,79.26942897,33.98965517,24.41869983,29.2041775,9.570955344,22471.86148,0.482758621,306.2,0.189655172,80.24902448,33.41428571,24.475,28.94464286,8.939285714,10617.20135,0.357142857,54.8,0.071428571,82.21428571
2089,1831,Mecanizado,NO,P4082 (Pioneer),Algodón,SI,Mecanizada,NO,1995.348837,4.0,57.0,64.0,85700,10,1,0,0,0,0,0,1,0,0,0,0,1,0,0.0,0.0,46.0,0,0.0,0.0,0,0.0,60.0,0,0,0,4,0.7,PLANO O LLANO,PLANO,2.0,6.5,SIN ROCAS,NO,-1.0,-1.0,NO,-1.0,NO,ATERRONADA,NO,NO,NO HAY,LA MANANA Y LA TARDE,NO HAY,NO HAY,NO,SI,40.0,POCO AFECTADAS,SI,NO,SI,SI,MUY BUENO,56.0,BUENO,NINGUNO,0.0,0.0,0.0,71.43,0.0,0.0,0.0,28.57,0.0,0.0,0.0,0.0,0.0,28.57,0.0,0.0,71.43,0.0,33.8275,24.73,29.27875,9.0975,15505.82049,0.425,118.3,0.075,79.26942897,33.98965517,24.41869983,29.2041775,9.570955344,22471.86148,0.482758621,306.2,0.189655172,80.24902448,33.41428571,24.475,28.94464286,8.939285714,10617.20135,0.357142857,54.8,0.071428571,82.21428571
2090,1911,Mecanizado,SI,P4082 (Pioneer),Algodón,SI,Mecanizada,NO,4988.372093,5.0,47.0,77.0,75000,17,1,0,0,0,0,0,2,1,0,0,1,2,0,0.0,11.25,28.0,0,11.25,0.0,0,11.25,30.0,0,0,1,3,4.0,PLANO O LLANO,PLANO,2.0,6.0,SIN ROCAS,NO,-1.0,-1.0,NO,-1.0,NO,ATERRONADA,NO,NO,NO HAY,LA MANANA Y LA TARDE,NO HAY,NO HAY,NO,SI,18.0,PLANTAS NORMALES,NO,NO,SI,NO,ESPACIADO,60.0,BUENO,LENTO,0.0,0.0,0.0,0.0,0.0,0.0,0.0,100.0,0.0,0.0,0.0,0.0,0.0,60.0,40.0,0.0,0.0,0.0,33.1875,24.3225,28.755,8.865,14849.7079,0.35,198.3,0.15,80.675,34.42413793,24.57042397,29.49728095,9.853713965,22754.59806,0.551724138,260.1,0.137931034,79.21069963,33.33125,24.471875,28.9015625,8.859375,11974.85344,0.34375,101.1,0.15625,82.15625
2091,1912,Mecanizado,SI,P4082 (Pioneer),Algodón,SI,Manual,SI,5244.186047,5.0,46.0,74.0,71000,18,0,0,0,0,0,0,1,1,0,0,0,3,0,0.0,0.0,0.0,0,0.0,0.0,0,0.0,60.0,0,0,0,2,4.0,PLANO O LLANO,PLANO,3.0,6.5,SIN ROCAS,NO,-1.0,-1.0,SI,-1.0,NO,GRANULAR,NO,NO,NO HAY,LA MANANA Y LA TARDE,NO HAY,NO HAY,NO,SI,32.0,PLANTAS NORMALES,SI,NO,SI,SI,ESPACIADO,42.0,LENTO A MUY LENTO,LENTO,0.0,0.0,0.0,0.0,0.0,0.0,0.0,100.0,0.0,0.0,0.0,0.0,0.0,100.0,0.0,0.0,0.0,0.0,34.2175,24.82,29.51875,9.3975,15785.72792,0.5,98.2,0.05,78.29442897,33.77931034,24.31697569,29.04814302,9.462334655,22356.15162,0.431034483,306.6,0.189655172,80.76626586,33.41428571,24.63571429,29.025,8.778571429,10503.11521,0.392857143,55.7,0.071428571,82.53571429
2092,1913,Mecanizado,SI,P3966 (Pioneer),Algodón,SI,Manual,NO,4476.744186,5.0,78.0,48.0,75000,17,1,0,0,0,0,0,2,1,0,0,1,0,0,0.0,11.25,28.0,0,11.25,0.0,0,11.25,30.0,0,0,1,3,4.0,PLANO O LLANO,PLANO,2.0,5.5,SIN ROCAS,NO,-1.0,-1.0,NO,-1.0,NO,ATERRONADA,NO,NO,NO HAY,LA MANANA Y LA TARDE,NO HAY,NO HAY,NO,SI,21.0,PLANTAS NORMALES,NO,NO,SI,NO,ESPACIADO,60.0,BUENO,LENTO,0.0,0.0,0.0,0.0,0.0,0.0,0.0,100.0,0.0,0.0,0.0,0.0,0.0,55.0,45.0,0.0,0.0,0.0,34.0025,24.7725,29.3875,9.23,15588.595,0.475,104.6,0.05,78.76942897,33.85517241,24.308355,29.08176371,9.546817413,22479.5339,0.448275862,306.6,0.189655172,80.52488655,33.47647059,24.65882353,29.06764706,8.817647059,12856.85043,0.411764706,85.7,0.088235294,82.5
2098,1940,Mecanizado,NO,DK 234,Algodón,NO,Manual,NO,2511.627907,4.0,19.0,108.0,60000,6,0,0,0,0,0,0,0,0,1,0,0,1,0,0.0,0.0,46.0,0,0.0,0.0,0,0.0,0.0,0,0,0,1,2.0,PLANO O LLANO,PLANO,2.0,5.0,SIN ROCAS,SI,5.0,55.0,SI,20.0,NO,ATERRONADA,NO,NO,NO HAY,LA MANANA Y LA TARDE,NO HAY,NO HAY,NO,SI,10.0,MUY AFECTADAS,NO,NO,NO,SI,BUENO,10.0,LENTO A MUY LENTO,NINGUNO,0.0,30.0,0.0,0.0,0.0,0.0,0.0,70.0,0.0,0.0,0.0,70.0,30.0,0.0,0.0,0.0,0.0,0.0,34.28495414,23.89881855,29.09188634,10.38613559,15633.48119,0.475,160.3,0.15,80.47661709,32.9862069,23.73291864,28.35956277,9.253288257,22941.94612,0.25862069,389.2,0.206896552,86.36630589,32.46470588,24.28749542,28.37610065,8.177210463,13298.07191,0.029411765,216.7,0.235294118,86.25552377
2099,1939,Mecanizado,NO,DK 234,Algodón,NO,Manual,NO,1130.232558,4.0,48.0,78.0,60000,6,0,0,0,0,0,0,0,1,0,0,0,0,0,0.0,0.0,46.0,0,0.0,0.0,0,0.0,0.0,0,0,0,1,1.0,PLANO O LLANO,PLANO,2.0,6.0,SIN ROCAS,NO,-1.0,-1.0,SI,-1.0,NO,GRANULAR,NO,NO,NO HAY,LA MANANA Y LA TARDE,NO HAY,NO HAY,NO,SI,25.0,PLANTAS NORMALES,NO,NO,SI,NO,ESPACIADO,25.0,LENTO A MUY LENTO,NINGUNO,0.0,0.0,0.0,0.0,0.0,0.0,30.0,0.0,70.0,0.0,70.0,30.0,0.0,0.0,0.0,0.0,0.0,0.0,33.98995414,23.81912987,28.904542,10.17082427,15018.07386,0.425,182.9,0.175,80.72387969,33.16206897,23.74168515,28.45187706,9.420383812,23451.77308,0.293103448,389.2,0.206896552,86.12492658,32.48484848,24.26576127,28.37530488,8.219087217,12825.3655,0.03030303,170.7,0.181818182,85.99053964
2100,1938,Mecanizado,NO,DK 234,Algodón,NO,Manual,NO,2883.72093,4.0,49.0,74.0,55000,9,0,0,0,0,0,0,0,1,0,0,0,0,0,0.0,0.0,46.0,0,0.0,0.0,0,0.0,0.0,0,0,0,1,1.0,PLANO O LLANO,PLANO,2.0,5.0,SIN ROCAS,NO,-1.0,-1.0,SI,-1.0,NO,GRANULAR,NO,NO,NO HAY,LA MANANA Y LA TARDE,NO HAY,NO HAY,SI,SI,32.0,POCO AFECTADAS,NO,NO,SI,SI,BUENO,32.0,LENTO A MUY LENTO,NINGUNO,0.0,0.0,0.0,0.0,0.0,0.0,20.0,0.0,80.0,0.0,0.0,100.0,0.0,0.0,0.0,0.0,0.0,0.0,34.31495414,23.86844734,29.09170074,10.4465068,15670.00834,0.5,160.3,0.15,80.42661709,32.95517241,23.76397246,28.35957244,9.191199957,22911.46024,0.24137931,389.2,0.206896552,86.41049513,32.50666667,24.20941029,28.35803848,8.297256376,11692.14802,0.033333333,170.7,0.2,86.1374944
2101,1937,Mecanizado,NO,DK 234,Algodón,NO,Manual,NO,2232.55814,4.0,48.0,82.0,55000,6,0,0,0,0,0,0,0,1,0,0,0,1,0,0.0,0.0,46.0,0,0.0,0.0,0,0.0,0.0,0,0,0,1,1.0,PLANO O LLANO,PLANO,2.0,6.0,SIN ROCAS,NO,-1.0,-1.0,NO,-1.0,NO,ATERRONADA,NO,NO,NO HAY,LA MANANA Y LA TARDE,NO HAY,NO HAY,NO,SI,38.0,MUY AFECTADAS,SI,NO,SI,NO,ESPACIADO,60.0,BUENO,NINGUNO,0.0,38.33,0.0,0.0,0.0,0.0,0.0,61.67,0.0,0.0,0.0,100.0,0.0,0.0,0.0,0.0,0.0,0.0,33.89995414,23.81290578,28.85642996,10.08704836,15001.74031,0.4,182.9,0.175,80.72387969,33.25172414,23.74420286,28.4979635,9.507521281,23440.78825,0.310344828,389.2,0.206896552,86.0214783,32.40540541,24.29965194,28.35252867,8.105753463,14185.48179,0.027027027,216.7,0.216216216,86.18075157
2102,1936,Mecanizado,SI,DK7088,Algodón,SI,Mecanizada,NO,3013.953488,4.0,80.0,46.0,62000,4,0,0,0,0,0,0,0,1,0,0,0,1,0,0.0,0.0,92.0,0,0.0,0.0,0,0.0,0.0,0,0,0,2,1.0,PLANO O LLANO,PLANO,2.0,5.5,SIN ROCAS,SI,22.0,38.0,SI,23.0,NO,GRANULAR,NO,NO,NO HAY,LA MANANA Y LA TARDE,NO HAY,NO HAY,NO,SI,22.0,PLANTAS NORMALES,NO,NO,SI,NO,REGULAR,22.0,LENTO A MUY LENTO,NINGUNO,0.0,0.0,0.0,0.0,0.0,0.0,63.33,36.67,0.0,0.0,100.0,0.0,0.0,0.0,0.0,0.0,0.0,0.0,33.98995414,23.81912987,28.904542,10.17082427,15018.07386,0.425,182.9,0.175,80.72387969,33.16206897,23.74168515,28.45187706,9.420383812,23451.77308,0.293103448,389.2,0.206896552,86.12492658,32.48484848,24.26576127,28.37530488,8.219087217,12825.3655,0.03030303,170.7,0.181818182,85.99053964
2103,1935,Manual,NO,PIONEER 30F35 HRR,Maiz,NO,Manual,NO,4744.186047,4.0,47.0,77.0,55000,6,0,0,0,0,0,0,0,1,0,0,0,1,0,0.0,0.0,80.5,0,0.0,0.0,0,0.0,0.0,0,0,0,3,1.0,PLANO O LLANO,PLANO,2.0,7.0,SIN ROCAS,NO,-1.0,-1.0,SI,-1.0,NO,ATERRONADA,NO,NO,NO HAY,LA MANANA Y LA TARDE,NO HAY,NO HAY,NO,SI,36.0,PLANTAS NORMALES,NO,NO,SI,NO,ESPACIADO,36.0,LENTO A MUY LENTO,NINGUNO,0.0,0.0,0.0,0.0,0.0,0.0,31.67,68.33,0.0,0.0,68.33,31.67,0.0,0.0,0.0,0.0,0.0,0.0,34.3675,24.8875,29.6275,9.48,15771.33664,0.525,98.2,0.05,77.96942897,33.67586207,24.31525155,28.99555681,9.360610517,22303.83284,0.413793103,317.6,0.206896552,81.00764517,33.44516129,24.58064516,29.01290323,8.864516129,11771.41837,0.419354839,74.7,0.064516129,82.5483871
2104,1934,Manual,SI,PAC 105,Algodón,NO,Manual,NO,1674.418605,4.0,47.0,84.0,55000,4,0,0,0,0,0,0,0,1,0,0,0,3,0,0.0,0.0,92.0,0,0.0,0.0,0,0.0,0.0,0,0,0,2,1.0,PLANO O LLANO,PLANO,2.0,5.5,SIN ROCAS,SI,12.0,13.0,SI,35.0,NO,GRANULAR,NO,NO,NO HAY,LA MANANA Y LA TARDE,NO HAY,NO HAY,NO,SI,38.0,MUY AFECTADAS,NO,NO,NO,NO,MUY BUENO,38.0,LENTO A MUY LENTO,NINGUNO,0.0,0.0,0.0,0.0,0.0,0.0,48.33,51.67,0.0,0.0,0.0,100.0,0.0,0.0,0.0,0.0,0.0,0.0,33.89995414,23.81290578,28.85642996,10.08704836,15001.74031,0.4,182.9,0.175,80.72387969,33.25172414,23.74420286,28.4979635,9.507521281,23440.78825,0.310344828,389.2,0.206896552,86.0214783,32.40526316,24.29176637,28.34851476,8.113496793,14561.8248,0.026315789,216.7,0.210526316,86.17599495
2105,1932,Manual,NO,Otro,Maiz,NO,Manual,NO,1601.162791,3.0,48.0,81.0,60000,7,0,0,0,0,0,0,0,0,0,0,0,2,0,0.0,0.0,69.0,0,0.0,0.0,0,0.0,0.0,0,0,0,2,1.0,PLANO O LLANO,PLANO,2.0,6.5,SIN ROCAS,NO,-1.0,-1.0,SI,-1.0,NO,ATERRONADA,NO,NO,NO HAY,LA MANANA Y LA TARDE,NO HAY,NO HAY,NO,SI,25.0,POCO AFECTADAS,NO,NO,SI,SI,REGULAR,25.0,LENTO A MUY LENTO,NINGUNO,0.0,0.0,0.0,0.0,0.0,0.0,68.33,31.67,0.0,0.0,0.0,100.0,0.0,0.0,0.0,0.0,0.0,0.0,33.3225,24.31,28.81625,9.0125,14614.81444,0.375,198.3,0.15,80.5,34.40689655,24.66869983,29.53779819,9.738196723,22731.31063,0.551724138,260.1,0.137931034,79.22794101,33.37714286,24.36857143,28.87285714,9.008571429,13283.73165,0.342857143,101.1,0.142857143,81.91428571
2107,1946,Mecanizado,SI,P3966 (Pioneer),Algodón,SI,Mecanizada,NO,6511.627907,5.0,48.0,76.0,74000,16,0,1,0,0,0,0,2,1,0,0,1,9,2,0.0,9.0,92.0,0,23.0,0.0,0,30.0,30.0,0,0,2,3,4.0,PLANO O LLANO,PLANO,2.0,5.0,SIN ROCAS,NO,-1.0,-1.0,NO,-1.0,NO,GRANULAR,NO,NO,NO HAY,LA MANANA Y LA TARDE,NO HAY,NO HAY,NO,SI,23.0,PLANTAS NORMALES,SI,NO,SI,NO,ESPACIADO,60.0,BUENO,LENTO,0.0,0.0,0.0,0.0,0.0,0.0,0.0,100.0,0.0,0.0,56.67,43.33,0.0,0.0,0.0,0.0,0.0,0.0,33.6675,24.6475,29.1575,9.02,15545.39475,0.4,118.3,0.075,79.49442897,34.08965517,24.45318259,29.27141888,9.636472586,22560.22961,0.5,282.7,0.172413793,80.05936931,33.275,24.53125,28.903125,8.74375,11950.47544,0.34375,79.6,0.09375,82.5
2109,1933,Mecanizado,SI,DK 234,Algodón,SI,Mecanizada,NO,3069.767442,4.0,49.0,78.0,60000,5,0,0,0,0,0,0,0,1,0,0,0,1,0,0.0,0.0,46.0,0,0.0,0.0,0,0.0,30.0,0,0,0,3,1.0,PLANO O LLANO,PLANO,2.0,5.5,SIN ROCAS,NO,-1.0,-1.0,NO,-1.0,NO,ATERRONADA,NO,NO,NO HAY,LA MANANA Y LA TARDE,NO HAY,NO HAY,NO,SI,31.0,POCO AFECTADAS,NO,NO,NO,NO,REGULAR,60.0,BUENO,NINGUNO,0.0,0.0,0.0,0.0,0.0,0.0,31.67,0.0,68.33,0.0,100.0,0.0,0.0,0.0,0.0,0.0,0.0,0.0,33.8275,24.73,29.27875,9.0975,15505.82049,0.425,118.3,0.075,79.26942897,33.98965517,24.41869983,29.2041775,9.570955344,22471.86148,0.482758621,306.2,0.189655172,80.24902448,33.37647059,24.54117647,28.95882353,8.835294118,12791.63962,0.382352941,64.9,0.058823529,82.41176471
2110,1947,Mecanizado,SI,Otro,Algodón,SI,Manual,NO,4534.883721,5.0,47.0,80.0,72000,17,1,0,0,0,0,0,2,3,0,0,1,3,0,0.0,11.25,28.0,0,11.25,0.0,0,11.25,30.0,0,0,1,3,4.0,PLANO O LLANO,PLANO,2.0,5.5,SIN ROCAS,NO,-1.0,-1.0,NO,-1.0,NO,ATERRONADA,NO,NO,NO HAY,LA MANANA Y LA TARDE,NO HAY,NO HAY,NO,SI,23.0,PLANTAS NORMALES,NO,NO,SI,NO,ESPACIADO,60.0,BUENO,LENTO,0.0,0.0,0.0,0.0,0.0,0.0,0.0,100.0,0.0,0.0,0.0,0.0,0.0,51.67,48.33,0.0,0.0,0.0,34.2175,24.82,29.51875,9.3975,15785.72792,0.5,98.2,0.05,78.29442897,33.77931034,24.31697569,29.04814302,9.462334655,22356.15162,0.431034483,306.6,0.189655172,80.76626586,33.38857143,24.58285714,28.98571429,8.805714286,13266.29961,0.4,85.7,0.085714286,82.37142857
2111,1948,Mecanizado,SI,P4082 (Pioneer),Algodón,SI,Mecanizada,NO,5695.348837,5.0,48.0,74.0,73000,17,1,0,0,0,0,0,0,0,0,0,0,1,0,0.0,9.0,131.1,0,23.0,0.0,0,75.0,0.0,0,0,2,2,4.0,PLANO O LLANO,PLANO,2.0,5.5,SIN ROCAS,NO,-1.0,-1.0,NO,-1.0,NO,GRANULAR,NO,NO,NO HAY,LA MANANA Y LA TARDE,NO HAY,NO HAY,NO,SI,17.0,PLANTAS NORMALES,NO,NO,SI,NO,ESPACIADO,60.0,BUENO,LENTO,0.0,0.0,0.0,0.0,0.0,0.0,0.0,36.67,63.33,0.0,0.0,0.0,0.0,63.33,36.67,0.0,0.0,0.0,33.3775,24.48,28.92875,8.8975,15307.86942,0.45,188.0,0.15,80.9,34.64137931,24.80344828,29.72241379,9.837931034,22929.23636,0.603448276,255.9,0.137931034,78.65133032,33.27333333,24.16948633,28.72140983,9.103846999,11401.79413,0.266666667,118.1,0.2,81.48144733
2113,1950,Mecanizado,SI,DK 234,Algodón,SI,Manual,SI,4709.302326,20.0,36.0,77.0,73000,16,1,0,0,0,0,0,1,0,0,0,1,1,0,0.0,0.0,92.0,0,0.0,0.0,0,0.0,60.0,0,0,0,4,4.0,PLANO O LLANO,PLANO,2.0,6.0,SIN ROCAS,NO,-1.0,-1.0,SI,-1.0,NO,ATERRONADA,NO,NO,NO HAY,LA MANANA Y LA TARDE,NO HAY,NO HAY,NO,SI,41.0,PLANTAS NORMALES,SI,NO,SI,SI,ESPACIADO,60.0,BUENO,LENTO,0.0,0.0,0.0,0.0,0.0,0.0,0.0,100.0,0.0,0.0,100.0,0.0,0.0,0.0,0.0,0.0,0.0,0.0,33.8275,24.73,29.27875,9.0975,15505.82049,0.425,118.3,0.075,79.26942897,33.98965517,24.41869983,29.2041775,9.570955344,22471.86148,0.482758621,306.2,0.189655172,80.24902448,33.41666667,24.53888889,28.97777778,8.877777778,13699.2901,0.388888889,86.1,0.083333333,82.36111111
2117,1952,Mecanizado,NO,P4082 (Pioneer),Algodón,SI,Manual,SI,4897.674419,5.0,45.0,80.0,72000,16,1,0,0,0,0,0,1,1,0,0,1,2,0,0.0,0.0,0.0,0,0.0,0.0,0,0.0,60.0,0,0,0,2,5.0,PLANO O LLANO,PLANO,2.0,6.0,SIN ROCAS,NO,-1.0,-1.0,SI,-1.0,NO,ATERRONADA,NO,NO,NO HAY,LA MANANA Y LA TARDE,NO HAY,NO HAY,NO,SI,39.0,PLANTAS NORMALES,SI,NO,SI,SI,ESPACIADO,59.0,BUENO,LENTO,0.0,0.0,0.0,0.0,0.0,0.0,0.0,100.0,0.0,0.0,100.0,0.0,0.0,0.0,0.0,0.0,0.0,0.0,34.6325,25.0475,29.84,9.585,15520.22045,0.575,98.2,0.05,77.56942897,33.56551724,24.21007914,28.88779819,9.355438103,22346.75083,0.379310345,336.5,0.224137931,81.30074862,33.38787879,24.61212121,29.0,8.775757576,12468.88396,0.454545455,55.8,0.03030303,82.24242424
2118,1953,Mecanizado,NO,DK 234,Algodón,SI,Manual,SI,4897.674419,5.0,48.0,76.0,72000,15,1,0,0,0,0,0,0,1,0,0,0,2,0,0.0,0.0,0.0,0,0.0,0.0,0,0.0,90.0,0,0,0,4,4.0,PLANO O LLANO,PLANO,2.0,6.0,SIN ROCAS,NO,-1.0,-1.0,SI,-1.0,NO,ATERRONADA,NO,NO,NO HAY,LA MANANA Y LA TARDE,NO HAY,NO HAY,NO,SI,40.0,PLANTAS NORMALES,SI,NO,SI,SI,REGULAR,59.0,BUENO,LENTO,0.0,0.0,0.0,0.0,0.0,0.0,0.0,100.0,0.0,0.0,100.0,0.0,0.0,0.0,0.0,0.0,0.0,0.0,33.8925,24.79,29.34125,9.1025,15447.87574,0.45,118.3,0.075,79.06942897,33.91724138,24.34283776,29.13003957,9.57440362,22537.00573,0.465517241,306.6,0.189655172,80.33523138,33.34375,24.59375,28.96875,8.75,11958.45138,0.375,64.5,0.0625,82.6875
2119,1954,Mecanizado,SI,P4082 (Pioneer),Algodón,SI,Mecanizada,NO,6009.069767,5.0,47.0,79.0,72000,17,0,1,0,0,0,0,0,2,0,0,0,2,2,0.0,9.0,115.0,0,23.0,0.0,0,30.0,30.0,0,0,2,3,4.0,PLANO O LLANO,PLANO,2.0,5.0,SIN ROCAS,NO,-1.0,-1.0,NO,-1.0,NO,GRANULAR,NO,NO,NO HAY,LA MANANA Y LA TARDE,NO HAY,NO HAY,NO,SI,20.0,PLANTAS NORMALES,SI,NO,SI,NO,ESPACIADO,60.0,BUENO,LENTO,0.0,0.0,0.0,0.0,0.0,0.0,0.0,100.0,0.0,0.0,55.0,45.0,0.0,0.0,0.0,0.0,0.0,0.0,34.0025,24.7725,29.3875,9.23,15588.595,0.475,104.6,0.05,78.76942897,33.85517241,24.308355,29.08176371,9.546817413,22479.5339,0.448275862,306.6,0.189655172,80.52488655,33.47647059,24.65882353,29.06764706,8.817647059,12856.85043,0.411764706,85.7,0.088235294,82.5
2120,1955,Mecanizado,SI,P4082 (Pioneer),Algodón,SI,Mecanizada,NO,5368.604651,5.0,42.0,81.0,73000,16,1,0,0,0,0,0,2,1,0,0,1,4,0,0.0,9.0,115.0,0,23.0,0.0,0,30.0,30.0,0,0,2,3,3.0,PLANO O LLANO,PLANO,3.0,5.0,SIN ROCAS,SI,11.0,20.0,SI,11.0,NO,GRANULAR,NO,NO,NO HAY,LA MANANA Y LA TARDE,NO HAY,NO HAY,NO,SI,12.0,PLANTAS NORMALES,SI,NO,NO,NO,REGULAR,12.0,LENTO A MUY LENTO,LENTO,0.0,0.0,50.0,0.0,0.0,0.0,0.0,50.0,0.0,0.0,50.0,50.0,0.0,0.0,0.0,0.0,0.0,0.0,34.7975,25.0675,29.9325,9.73,15671.54276,0.6,61.1,0.05,77.39442897,33.47931034,24.23938948,28.85934991,9.239920861,22079.7239,0.362068966,319.0,0.206896552,81.6455762,33.63870968,24.65806452,29.1483871,8.980645161,11880.20397,0.516129032,52.9,0.032258065,81.58064516
2126,1929,Manual,NO,DK 234 YGRR,Frijol,SI,Manual,NO,3255.813953,5.0,56.0,57.0,62000,8,0,0,0,0,0,0,0,0,0,0,0,0,0,0.0,0.0,138.0,0,0.0,0.0,0,0.0,0.0,0,0,0,2,2.0,PLANO O LLANO,PLANO,3.0,5.5,SIN ROCAS,NO,-1.0,-1.0,SI,-1.0,SI,ATERRONADA,NO,NO,NO HAY,LA MANANA Y LA TARDE,NO HAY,NO HAY,NO,SI,40.0,PLANTAS NORMALES,SI,NO,SI,SI,MUY BUENO,40.0,LENTO A MUY LENTO,NINGUNO,0.0,0.0,0.0,0.0,85.0,0.0,0.0,15.0,0.0,0.0,0.0,0.0,0.0,48.33,51.67,0.0,0.0,0.0,34.3675,24.8875,29.6275,9.48,15771.33664,0.525,98.2,0.05,77.96942897,33.67586207,24.31525155,28.99555681,9.360610517,22303.83284,0.413793103,317.6,0.206896552,81.00764517,33.37142857,24.52857143,28.95,8.842857143,7786.648571,0.380952381,43.4,0.047619048,82.57142857
2128,1927,Manual,NO,PIONEER 30F35,Frijol,SI,Manual,NO,2354.651163,5.0,54.0,63.0,62000,9,0,0,0,0,0,0,0,1,0,0,0,2,0,0.0,0.0,46.0,0,0.0,0.0,0,0.0,60.0,0,0,0,4,1.3,PLANO O LLANO,PLANO,2.0,5.5,SIN ROCAS,NO,-1.0,-1.0,SI,-1.0,NO,ATERRONADA,NO,NO,NO HAY,LA MANANA Y LA TARDE,NO HAY,NO HAY,NO,SI,47.0,POCO AFECTADAS,SI,NO,SI,SI,MUY BUENO,47.0,LENTO A MUY LENTO,NINGUNO,0.0,0.0,0.0,0.0,41.67,0.0,0.0,58.33,0.0,0.0,0.0,0.0,0.0,58.33,41.67,0.0,0.0,0.0,34.6325,25.0475,29.84,9.585,15520.22045,0.575,98.2,0.05,77.56942897,33.56551724,24.21007914,28.88779819,9.355438103,22346.75083,0.379310345,336.5,0.224137931,81.30074862,33.248,24.68,28.964,8.568,9154.689091,0.4,34.6,0.0,82.92
2129,1926,Mecanizado,NO,Otro,Frijol,SI,Mecanizada,SI,2790.697674,5.0,46.0,100.0,55000,12,0,0,0,0,0,0,1,0,0,0,0,2,0,0.0,0.0,57.5,0,0.0,0.0,0,0.0,15.0,0,0,0,4,3.3,PLANO O LLANO,PLANO,3.0,5.5,SIN ROCAS,NO,-1.0,-1.0,NO,-1.0,NO,GRANULAR,NO,NO,NO HAY,LA MANANA Y LA TARDE,NO HAY,NO HAY,NO,SI,60.0,PLANTAS NORMALES,SI,NO,SI,SI,MUY BUENO,60.0,BUENO,LENTO,0.0,0.0,0.0,0.0,28.33,35.0,0.0,36.67,0.0,0.0,0.0,0.0,0.0,28.33,36.67,0.0,35.0,0.0,33.2225,24.3225,28.7725,8.9,14930.24955,0.35,181.3,0.125,80.625,34.39310345,24.57732052,29.48521198,9.81578293,22703.70013,0.551724138,272.6,0.155172414,79.29690653,33.24814815,24.44814815,28.84814815,8.8,20167.34772,0.351851852,228.0,0.12962963,82.37037037
2130,1925,Mecanizado,NO,P4082 (Pioneer),Pastos,SI,Mecanizada,NO,4595.348837,3.0,51.0,64.0,75000,13,0,0,0,0,0,0,0,2,0,0,0,1,0,0.0,0.0,92.0,0,0.0,0.0,0,45.0,0.0,0,0,1,2,3.5,PLANO O LLANO,PLANO,2.0,5.5,SIN ROCAS,NO,-1.0,-1.0,NO,-1.0,NO,ATERRONADA,NO,NO,NO HAY,LA MANANA Y LA TARDE,NO HAY,NO HAY,NO,SI,43.0,MUY AFECTADAS,SI,NO,SI,SI,MUY BUENO,60.0,BUENO,LENTO,0.0,0.0,0.0,0.0,63.33,0.0,0.0,36.67,0.0,0.0,0.0,0.0,0.0,63.33,36.67,0.0,0.0,0.0,33.3625,24.435,28.89875,8.9275,15294.88735,0.35,145.1,0.1,80.39442897,34.24482759,24.48594121,29.3653844,9.758886379,22731.08104,0.517241379,272.6,0.155172414,79.59385207,33.06666667,24.45714286,28.76190476,8.60952381,7733.970175,0.238095238,77.2,0.19047619,82.42857143
2132,1923,Mecanizado,NO,DK 234,Algodón,SI,Manual,NO,2679.069767,5.0,53.0,64.0,55000,9,1,0,0,0,0,0,0,1,0,0,0,0,0,0.0,0.0,80.5,0,0.0,0.0,0,0.0,30.0,0,0,0,3,2.0,PLANO O LLANO,PLANO,3.0,4.5,SIN ROCAS,NO,-1.0,-1.0,NO,-1.0,NO,ATERRONADA,NO,NO,NO HAY,LA MANANA Y LA TARDE,NO HAY,NO HAY,NO,SI,42.0,MUY AFECTADAS,SI,NO,SI,SI,BUENO,60.0,BUENO,NINGUNO,0.0,0.0,0.0,20.0,33.33,46.67,0.0,0.0,0.0,0.0,0.0,0.0,0.0,33.33,20.0,0.0,46.67,0.0,33.3075,24.3575,28.8325,8.95,15132.60815,0.35,181.1,0.125,80.44442897,34.31724138,24.54283776,29.43003957,9.77440362,22715.79005,0.534482759,272.6,0.155172414,79.45592103,33.392,24.464,28.928,8.928,9455.795086,0.32,77.2,0.16,81.88
2134,1921,Mecanizado,NO,P4082 (Pioneer),Algodón,SI,Mecanizada,NO,4186.046512,5.0,46.0,68.0,65000,14,0,0,0,0,0,0,0,0,0,0,0,0,0,0.0,0.0,92.0,0,0.0,0.0,0,0.0,60.0,0,0,0,5,2.3,PLANO O LLANO,PLANO,2.0,6.5,SIN ROCAS,SI,1.0,5.0,NO,-1.0,NO,ATERRONADA,NO,NO,NO HAY,LA MANANA Y LA TARDE,NO HAY,NO HAY,NO,SI,28.0,MUY AFECTADAS,SI,NO,SI,NO,MUY BUENO,28.0,BUENO,NINGUNO,0.0,0.0,0.0,0.0,0.0,0.0,31.15,68.85,0.0,0.0,0.0,0.0,0.0,68.85,0.0,0.0,0.0,31.15,33.8275,24.73,29.27875,9.0975,15505.82049,0.425,118.3,0.075,79.26942897,33.98965517,24.41869983,29.2041775,9.570955344,22471.86148,0.482758621,306.2,0.189655172,80.24902448,33.58181818,24.45454545,29.01818182,9.127272727,8417.223355,0.363636364,43.4,0.090909091,81.77272727
2135,1920,Mecanizado,SI,P4082 (Pioneer),Maiz,SI,Mecanizada,NO,6865.116279,8.0,46.0,83.0,75000,11,0,0,0,0,0,0,2,1,0,0,0,1,0,0.0,3.0,92.0,0,6.0,0.0,0,3.0,0.0,0,0,1,2,3.1,PLANO O LLANO,PLANO,2.0,6.0,SIN ROCAS,NO,-1.0,-1.0,NO,-1.0,NO,ATERRONADA,NO,NO,NO HAY,LA MANANA Y LA TARDE,NO HAY,NO HAY,NO,SI,44.0,PLANTAS NORMALES,SI,NO,SI,NO,MUY BUENO,50.0,BUENO,LENTO,0.0,0.0,0.0,0.0,0.0,0.0,0.0,100.0,0.0,0.0,0.0,0.0,0.0,100.0,0.0,0.0,0.0,0.0,33.8925,24.79,29.34125,9.1025,15447.87574,0.45,118.3,0.075,79.06942897,33.91724138,24.34283776,29.13003957,9.57440362,22537.00573,0.465517241,306.6,0.189655172,80.33523138,33.45,24.575,29.0125,8.875,15178.98572,0.425,85.7,0.075,82.075
2136,1919,Mecanizado,NO,DK 234,Algodón,SI,Manual,NO,4534.883721,5.0,51.0,72.0,75000,10,0,0,0,0,0,0,0,2,0,0,0,1,0,0.0,0.0,92.0,0,0.0,0.0,0,0.0,0.0,0,0,0,2,1.8,PLANO O LLANO,PLANO,2.0,6.0,SIN ROCAS,NO,-1.0,-1.0,NO,-1.0,NO,ATERRONADA,NO,NO,NO HAY,LA MANANA Y LA TARDE,NO HAY,NO HAY,NO,SI,40.0,POCO AFECTADAS,SI,NO,SI,SI,MUY BUENO,60.0,BUENO,NINGUNO,0.0,0.0,0.0,0.0,100.0,0.0,0.0,0.0,0.0,0.0,0.0,0.0,0.0,100.0,0.0,0.0,0.0,0.0,33.8275,24.73,29.27875,9.0975,15505.82049,0.425,118.3,0.075,79.26942897,33.98965517,24.41869983,29.2041775,9.570955344,22471.86148,0.482758621,306.2,0.189655172,80.24902448,33.32903226,24.52258065,28.92580645,8.806451613,11662.51809,0.35483871,56.1,0.064516129,82.4516129
2137,1918,Mecanizado,NO,ICA V 156,Algodón,SI,Manual,NO,2790.697674,4.0,51.0,67.0,75000,10,0,0,0,0,0,0,1,1,0,0,0,8,0,0.0,0.0,138.0,0,0.0,0.0,0,0.0,0.0,0,0,0,3,2.1,PLANO O LLANO,PLANO,2.0,5.5,SIN ROCAS,NO,-1.0,-1.0,NO,-1.0,NO,ATERRONADA,NO,NO,NO HAY,LA MANANA Y LA TARDE,NO HAY,NO HAY,NO,SI,40.0,POCO AFECTADAS,SI,NO,SI,SI,MUY BUENO,50.0,BUENO,NINGUNO,0.0,0.0,0.0,0.0,80.0,0.0,0.0,20.0,0.0,0.0,0.0,0.0,0.0,20.0,0.0,0.0,80.0,0.0,33.3075,24.3575,28.8325,8.95,15132.60815,0.35,181.1,0.125,80.44442897,34.31724138,24.54283776,29.43003957,9.77440362,22715.79005,0.534482759,272.6,0.155172414,79.45592103,33.392,24.464,28.928,8.928,9455.795086,0.32,77.2,0.16,81.88
2138,1917,Mecanizado,NO,DK 234,Algodón,SI,Mecanizada,NO,3534.883721,15.0,46.0,68.0,62500,12,0,0,0,0,0,0,1,1,0,0,0,2,0,0.0,9.6,46.0,0,19.2,0.0,0,9.6,30.0,0,0,1,2,3.6,PLANO O LLANO,PLANO,2.0,5.5,SIN ROCAS,NO,-1.0,-1.0,NO,-1.0,NO,ATERRONADA,NO,NO,NO HAY,LA MANANA Y LA TARDE,NO HAY,NO HAY,NO,SI,40.0,PLANTAS NORMALES,SI,NO,SI,SI,MUY BUENO,54.0,BUENO,LENTO,0.0,0.0,0.0,0.0,29.63,0.0,0.0,70.37,0.0,0.0,0.0,0.0,0.0,70.37,29.63,0.0,0.0,0.0,33.3125,24.345,28.82875,8.9675,14594.57576,0.4,198.3,0.15,80.525,34.56206897,24.77732052,29.66969474,9.784748448,22680.3189,0.603448276,227.2,0.120689655,78.70305446,33.38125,24.315625,28.8484375,9.065625,12154.03397,0.28125,122.6,0.1875,81.79510687
2140,1915,Mecanizado,NO,P4082 (Pioneer),Algodón,SI,Manual,NO,4539.534884,5.0,45.0,71.0,62500,10,0,1,0,0,0,0,0,1,0,0,0,1,1,0.0,0.0,100.0,0,0.0,47.5,0,0.0,97.5,0,0,0,2,1.5,PLANO O LLANO,PLANO,2.0,6.0,SIN ROCAS,NO,-1.0,-1.0,NO,-1.0,NO,ATERRONADA,NO,NO,NO HAY,LA MANANA Y LA TARDE,NO HAY,NO HAY,NO,SI,40.0,POCO AFECTADAS,NO,SI,SI,SI,MUY BUENO,60.0,BUENO,NINGUNO,0.0,0.0,0.0,0.0,100.0,0.0,0.0,0.0,0.0,0.0,0.0,0.0,0.0,100.0,0.0,0.0,0.0,0.0,34.3675,24.8875,29.6275,9.48,15771.33664,0.525,98.2,0.05,77.96942897,33.67586207,24.31525155,28.99555681,9.360610517,22303.83284,0.413793103,317.6,0.206896552,81.00764517,33.44166667,24.57916667,29.01041667,8.8625,9034.62915,0.375,43.4,0.041666667,82.41666667
2143,1961,Mecanizado,NO,Otro,Algodón,NO,Manual,NO,3441.860465,4.0,48.0,68.0,60000,6,0,0,0,0,0,0,0,1,0,0,0,2,0,0.0,0.0,92.0,0,0.0,0.0,0,0.0,0.0,0,0,0,2,2.0,PLANO O LLANO,PLANO,2.0,6.0,SIN ROCAS,NO,-1.0,-1.0,NO,-1.0,NO,GRANULAR,NO,NO,NO HAY,LA MANANA Y LA TARDE,NO HAY,NO HAY,NO,SI,24.0,PLANTAS NORMALES,NO,NO,SI,NO,REGULAR,60.0,BUENO,NINGUNO,0.0,0.0,25.0,0.0,0.0,0.0,0.0,0.0,75.0,0.0,0.0,100.0,0.0,0.0,0.0,0.0,0.0,0.0,34.86,24.9625,29.91125,9.8975,16009.56099,0.6,87.6,0.075,76.91942897,33.58965517,24.31697569,28.95331543,9.272679482,22037.3473,0.396551724,296.6,0.189655172,81.7317831,33.6173913,24.72173913,29.16956522,8.895652174,8860.450207,0.565217391,42.7,0.043478261,81.7826087
2145,1962,Mecanizado,SI,P4082 (Pioneer),Algodón,NO,Manual,NO,2825.581395,0.0,50.0,77.0,60000,7,0,0,0,0,0,0,0,1,0,0,0,2,0,0.0,0.0,84.0,0,0.0,0.0,0,0.0,10.0,0,0,0,2,2.0,PLANO O LLANO,PLANO,2.0,6.5,SIN ROCAS,NO,-1.0,-1.0,NO,-1.0,NO,ATERRONADA,NO,NO,NO HAY,LA MANANA Y LA TARDE,NO HAY,NO HAY,NO,SI,25.0,POCO AFECTADAS,NO,NO,SI,NO,BUENO,60.0,BUENO,NINGUNO,0.0,36.67,0.0,0.0,0.0,0.0,0.0,0.0,63.33,0.0,63.33,36.67,0.0,0.0,0.0,0.0,0.0,0.0,34.2825,24.8875,29.585,9.395,15925.33525,0.5,98.2,0.05,78.16942897,33.73793103,24.31525155,29.02659129,9.422679482,22363.23222,0.431034483,306.6,0.189655172,80.88695551,33.41333333,24.62666667,29.02,8.786666667,11203.13982,0.4,64.5,0.066666667,82.53333333
2153,1976,Mecanizado,NO,DK 234,Pastos,NO,Manual,SI,4186.046512,7.0,55.0,73.0,13500,10,0,0,0,0,0,0,0,0,0,0,0,0,0,0.0,0.0,69.0,0,0.0,0.0,0,0.0,0.0,0,0,0,2,1.0,PLANO O LLANO,PLANO,1.0,5.5,SIN ROCAS,NO,-1.0,-1.0,NO,-1.0,NO,ATERRONADA,NO,NO,NO HAY,LA MANANA Y LA TARDE,NO HAY,NO HAY,NO,SI,30.0,PLANTAS NORMALES,SI,NO,SI,SI,MUY BUENO,50.0,BUENO,NINGUNO,0.0,0.0,0.0,0.0,0.0,100.0,0.0,0.0,0.0,0.0,0.0,100.0,0.0,0.0,0.0,0.0,0.0,0.0,33.8925,24.79,29.34125,9.1025,15447.87574,0.45,118.3,0.075,79.06942897,33.91724138,24.34283776,29.13003957,9.57440362,22537.00573,0.465517241,306.6,0.189655172,80.33523138,33.37894737,24.54736842,28.96315789,8.831578947,14453.72532,0.394736842,85.7,0.078947368,82.34210526
2154,1977,Mecanizado,SI,P3966 (Pioneer),Algodón,SI,Manual,SI,4465.116279,5.0,45.0,98.0,60000,10,0,0,0,0,0,0,0,0,1,0,0,0,1,0.0,0.0,92.0,0,0.0,0.0,0,0.0,90.0,0,0,0,3,1.0,PLANO O LLANO,PLANO,2.0,5.0,SIN ROCAS,NO,-1.0,-1.0,NO,-1.0,NO,ATERRONADA,NO,NO,POCO MARCADAS,LA MANANA Y LA TARDE,NO HAY,NO HAY,NO,SI,35.0,PLANTAS NORMALES,NO,NO,SI,SI,MUY BUENO,60.0,BUENO,NINGUNO,0.0,0.0,0.0,0.0,58.33,41.67,0.0,0.0,0.0,0.0,0.0,100.0,0.0,0.0,0.0,0.0,0.0,0.0,33.99,24.71,29.35,9.28,15239.27506,0.6,189.1,0.15,79.5,34.2637931,24.67758621,29.47068966,9.586206897,22480.59248,0.5,253.4,0.137931034,78.97891653,33.72156863,24.50950177,29.1155352,9.212066862,19483.3979,0.431372549,142.1,0.117647059,81.22438078
2157,2000,Mecanizado,NO,DK 234 YGRR,Algodón,NO,Manual,SI,1695.348837,7.0,51.0,60.0,50000,6,0,0,0,0,0,0,0,1,0,0,0,0,0,0.0,0.0,92.0,0,0.0,0.0,0,0.0,60.0,0,0,0,4,1.3,PLANO O LLANO,PLANO,2.0,5.5,SIN ROCAS,NO,-1.0,-1.0,NO,-1.0,NO,GRANULAR,NO,NO,NO HAY,LA MANANA Y LA TARDE,NO HAY,NO HAY,NO,SI,48.0,MUY AFECTADAS,SI,NO,SI,SI,REGULAR,60.0,BUENO,NINGUNO,0.0,68.33,0.0,0.0,0.0,0.0,0.0,31.67,0.0,0.0,0.0,0.0,0.0,100.0,0.0,0.0,0.0,0.0,34.5075,24.9775,29.7425,9.53,15623.59901,0.55,98.2,0.05,77.74442897,33.62068966,24.2721481,28.94641888,9.348541551,22322.20015,0.396551724,322.7,0.206896552,81.12833482,33.38095238,24.55714286,28.96904762,8.823809524,7822.892633,0.380952381,38.3,0.047619048,82.47619048
2158,2003,Mecanizado,SI,P4082 (Pioneer),Algodón,SI,Manual,SI,4625.581395,5.0,47.0,69.0,75000,17,0,0,0,0,0,0,2,1,0,0,0,0,0,0.0,0.0,45.0,0,0.0,45.0,0,0.0,45.0,0,0,0,3,4.0,PLANO O LLANO,PLANO,2.0,6.0,SIN ROCAS,NO,-1.0,-1.0,NO,-1.0,NO,GRANULAR,NO,NO,NO HAY,LA MANANA Y LA TARDE,NO HAY,NO HAY,NO,SI,24.0,PLANTAS NORMALES,NO,NO,SI,NO,ESPACIADO,60.0,BUENO,LENTO,0.0,0.0,0.0,0.0,0.0,0.0,0.0,100.0,0.0,0.0,0.0,0.0,0.0,56.67,43.33,0.0,0.0,0.0,34.3675,24.8875,29.6275,9.48,15771.33664,0.525,98.2,0.05,77.96942897,33.67586207,24.31525155,28.99555681,9.360610517,22303.83284,0.413793103,317.6,0.206896552,81.00764517,33.44166667,24.57916667,29.01041667,8.8625,9034.62915,0.375,43.4,0.041666667,82.41666667
2159,2004,Mecanizado,SI,DK 234,Algodón,SI,Mecanizada,NO,5086.046512,5.0,49.0,77.0,72000,15,0,0,0,0,0,0,2,0,0,0,0,2,0,0.0,0.0,92.0,0,0.0,0.0,0,0.0,60.0,0,0,0,4,4.0,PLANO O LLANO,PLANO,3.0,5.5,SIN ROCAS,NO,-1.0,-1.0,NO,-1.0,NO,ATERRONADA,NO,NO,NO HAY,LA MANANA Y LA TARDE,NO HAY,NO HAY,NO,SI,21.0,PLANTAS NORMALES,NO,NO,SI,NO,BUENO,60.0,BUENO,LENTO,0.0,0.0,0.0,0.0,0.0,0.0,0.0,63.33,36.67,0.0,0.0,0.0,0.0,36.67,63.33,0.0,0.0,0.0,34.3675,24.8875,29.6275,9.48,15771.33664,0.525,98.2,0.05,77.96942897,33.67586207,24.31525155,28.99555681,9.360610517,22303.83284,0.413793103,317.6,0.206896552,81.00764517,33.36470588,24.51176471,28.93823529,8.852941176,12959.27694,0.411764706,74.7,0.058823529,82.38235294
2160,2005,Mecanizado,SI,DK 234,Algodón,SI,Manual,SI,4709.302326,5.0,47.0,79.0,73000,17,0,0,0,0,0,0,1,1,0,0,0,1,0,0.0,0.0,69.0,0,0.0,0.0,0,0.0,30.0,0,0,0,3,5.0,PLANO O LLANO,PLANO,2.0,5.5,SIN ROCAS,NO,-1.0,-1.0,NO,-1.0,NO,GRANULAR,NO,NO,NO HAY,LA MANANA Y LA TARDE,NO HAY,NO HAY,NO,SI,24.0,PLANTAS NORMALES,NO,NO,SI,NO,ESPACIADO,60.0,BUENO,LENTO,0.0,0.0,0.0,0.0,0.0,0.0,0.0,100.0,0.0,0.0,0.0,0.0,0.0,100.0,0.0,0.0,0.0,0.0,33.8275,24.73,29.27875,9.0975,15505.82049,0.425,118.3,0.075,79.26942897,33.98965517,24.41869983,29.2041775,9.570955344,22471.86148,0.482758621,306.2,0.189655172,80.24902448,33.37647059,24.54117647,28.95882353,8.835294118,12791.63962,0.382352941,64.9,0.058823529,82.41176471
2161,2006,Mecanizado,NO,P4082 (Pioneer),Algodón,SI,Manual,SI,4991.860465,5.0,48.0,78.0,72000,17,0,0,0,0,0,0,1,1,0,0,0,2,0,0.0,0.0,92.0,0,0.0,0.0,0,0.0,60.0,0,0,0,4,4.0,PLANO O LLANO,PLANO,2.0,5.5,SIN ROCAS,NO,-1.0,-1.0,NO,-1.0,NO,GRANULAR,NO,NO,NO HAY,LA MANANA Y LA TARDE,NO HAY,NO HAY,NO,SI,24.0,PLANTAS NORMALES,NO,NO,SI,NO,ESPACIADO,60.0,BUENO,LENTO,0.0,0.0,0.0,0.0,0.0,0.0,0.0,100.0,0.0,0.0,0.0,0.0,0.0,100.0,0.0,0.0,0.0,0.0,33.2225,24.3225,28.7725,8.9,14930.24955,0.35,181.3,0.125,80.625,34.39310345,24.57732052,29.48521198,9.81578293,22703.70013,0.551724138,272.6,0.155172414,79.29690653,33.34117647,24.47352941,28.90735294,8.867647059,12858.09547,0.323529412,88.6,0.117647059,82.17647059
2163,2007,Mecanizado,SI,PAC 105,Algodón,SI,Manual,SI,5116.27907,5.0,48.0,75.0,73000,17,0,0,0,0,0,0,2,1,0,0,1,7,0,0.0,0.0,92.0,0,0.0,0.0,0,0.0,60.0,0,0,0,4,4.0,PLANO O LLANO,PLANO,2.0,5.5,SIN ROCAS,NO,-1.0,-1.0,NO,-1.0,NO,GRANULAR,NO,NO,NO HAY,LA MANANA Y LA TARDE,NO HAY,NO HAY,NO,SI,35.0,PLANTAS NORMALES,SI,NO,SI,NO,ESPACIADO,60.0,BUENO,LENTO,0.0,0.0,0.0,0.0,0.0,0.0,0.0,100.0,0.0,0.0,0.0,0.0,0.0,100.0,0.0,0.0,0.0,0.0,34.0025,24.7725,29.3875,9.23,15588.595,0.475,104.6,0.05,78.76942897,33.85517241,24.308355,29.08176371,9.546817413,22479.5339,0.448275862,306.6,0.189655172,80.52488655,33.36774194,24.64516129,29.00645161,8.722580645,11549.43507,0.387096774,64.5,0.064516129,82.70967742
2164,1998,Mecanizado,SI,Otro,Pastos,SI,Mecanizada,SI,1871.627907,5.0,45.0,83.0,62500,6,0,0,0,0,0,0,1,1,0,0,0,1,1,0.0,0.0,37.5,0,0.0,37.5,0,0.0,37.5,0,0,0,2,1.9,PLANO O LLANO,PLANO,2.0,6.0,SIN ROCAS,NO,-1.0,-1.0,NO,-1.0,NO,GRANULAR,NO,NO,NO HAY,LA MANANA Y LA TARDE,NO HAY,NO HAY,NO,SI,45.0,MUY AFECTADAS,SI,NO,SI,SI,MUY BUENO,60.0,BUENO,NINGUNO,0.0,0.0,35.0,0.0,0.0,0.0,0.0,65.0,0.0,0.0,0.0,0.0,0.0,65.0,0.0,0.0,35.0,0.0,34.8275,25.015,29.92125,9.8125,15882.00017,0.6,62.0,0.05,77.14442897,33.49655172,24.2945619,28.89555681,9.201989827,21864.15756,0.362068966,320.7,0.206896552,81.90419689,33.4,24.52777778,28.96388889,8.872222222,13522.13192,0.444444444,153.1,0.083333333,81.88888889
2165,2008,Mecanizado,SI,P4082 (Pioneer),Algodón,SI,Manual,SI,5339.534884,5.0,45.0,82.0,72000,17,0,0,0,0,0,0,2,1,0,0,1,1,0,0.0,0.0,92.0,0,0.0,0.0,0,0.0,60.0,0,0,0,4,4.0,PLANO O LLANO,PLANO,2.0,6.0,SIN ROCAS,NO,-1.0,-1.0,NO,-1.0,NO,GRANULAR,NO,NO,NO HAY,LA MANANA Y LA TARDE,NO HAY,NO HAY,NO,SI,28.0,PLANTAS NORMALES,NO,NO,SI,NO,REGULAR,60.0,BUENO,LENTO,0.0,0.0,0.0,0.0,0.0,0.0,0.0,100.0,0.0,0.0,0.0,0.0,0.0,100.0,0.0,0.0,0.0,0.0,33.8925,24.79,29.34125,9.1025,15447.87574,0.45,118.3,0.075,79.06942897,33.91724138,24.34283776,29.13003957,9.57440362,22537.00573,0.465517241,306.6,0.189655172,80.33523138,33.45142857,24.61142857,29.03142857,8.84,13265.86674,0.4,85.7,0.085714286,82.48571429
2166,1997,Mecanizado,SI,PAC 105,Algodón,SI,Mecanizada,SI,1804.883721,5.0,46.0,89.0,62500,5,1,0,0,0,0,0,0,1,0,0,0,2,0,0.0,0.0,115.0,0,0.0,0.0,0,0.0,0.0,0,0,0,2,1.2,PLANO O LLANO,PLANO,2.0,6.0,SIN ROCAS,NO,-1.0,-1.0,SI,-1.0,SI,ATERRONADA,NO,NO,NO HAY,LA MANANA Y LA TARDE,NO HAY,NO HAY,NO,SI,52.0,MUY AFECTADAS,SI,NO,SI,SI,REGULAR,52.0,LENTO A MUY LENTO,NINGUNO,0.0,0.0,0.0,36.54,0.0,0.0,0.0,63.46,0.0,0.0,0.0,0.0,0.0,0.0,0.0,0.0,100.0,0.0,34.3675,24.8875,29.6275,9.48,15771.33664,0.525,98.2,0.05,77.96942897,33.67586207,24.31525155,28.99555681,9.360610517,22303.83284,0.413793103,317.6,0.206896552,81.00764517,33.3255814,24.48372093,28.90465116,8.841860465,16031.24266,0.395348837,178.3,0.093023256,82.37209302
2167,2009,Mecanizado,SI,P4082 (Pioneer),Algodón,SI,Manual,SI,4897.674419,5.0,47.0,79.0,73000,16,0,0,0,0,0,0,2,1,0,0,1,2,0,0.0,0.0,115.0,0,0.0,0.0,0,0.0,30.0,0,0,0,3,3.0,PLANO O LLANO,PLANO,2.0,5.0,SIN ROCAS,NO,-1.0,-1.0,SI,-1.0,NO,GRANULAR,NO,NO,NO HAY,LA MANANA Y LA TARDE,NO HAY,NO HAY,NO,SI,18.0,PLANTAS NORMALES,SI,NO,SI,SI,ESPACIADO,60.0,BUENO,LENTO,0.0,0.0,0.0,0.0,28.33,0.0,0.0,0.0,71.67,0.0,0.0,0.0,0.0,100.0,0.0,0.0,0.0,0.0,34.3675,24.8875,29.6275,9.48,15771.33664,0.525,98.2,0.05,77.96942897,33.67586207,24.31525155,28.99555681,9.360610517,22303.83284,0.413793103,317.6,0.206896552,81.00764517,33.36470588,24.51176471,28.93823529,8.852941176,12959.27694,0.411764706,74.7,0.058823529,82.38235294
2184,1966,Mecanizado,NO,DK 234 YGRR,Algodón,SI,Mecanizada,NO,2919.767442,4.0,49.0,85.0,55000,5,0,0,0,0,0,0,0,1,0,0,0,0,0,0.0,0.0,46.0,0,0.0,0.0,0,0.0,0.0,0,0,0,1,1.0,PLANO O LLANO,PLANO,2.0,6.0,SIN ROCAS,NO,-1.0,-1.0,NO,-1.0,NO,ATERRONADA,NO,NO,NO HAY,LA MANANA Y LA TARDE,NO HAY,NO HAY,NO,SI,35.0,PLANTAS NORMALES,NO,NO,SI,NO,ESPACIADO,60.0,BUENO,NINGUNO,0.0,0.0,0.0,0.0,0.0,0.0,46.67,53.33,0.0,0.0,0.0,100.0,0.0,0.0,0.0,0.0,0.0,0.0,33.8275,24.73,29.27875,9.0975,15505.82049,0.425,118.3,0.075,79.26942897,33.98965517,24.41869983,29.2041775,9.570955344,22471.86148,0.482758621,306.2,0.189655172,80.24902448,33.4195122,24.51219512,28.96585366,8.907317073,15612.40908,0.414634146,86.1,0.073170732,81.97560976
2188,1968,Mecanizado,NO,Otro,Algodón,NO,Manual,NO,3861.627907,6.0,45.0,81.0,60000,7,0,1,0,0,0,0,0,1,0,0,0,2,0,0.0,0.0,92.0,0,0.0,0.0,0,0.0,30.0,0,0,0,3,2.0,PLANO O LLANO,PLANO,2.0,6.0,SIN ROCAS,NO,-1.0,-1.0,SI,-1.0,NO,ATERRONADA,NO,NO,NO HAY,LA MANANA Y LA TARDE,NO HAY,NO HAY,NO,SI,27.0,PLANTAS NORMALES,NO,NO,SI,SI,REGULAR,27.0,LENTO A MUY LENTO,NINGUNO,0.0,0.0,0.0,0.0,0.0,0.0,65.0,35.0,0.0,0.0,0.0,100.0,0.0,0.0,0.0,0.0,0.0,0.0,33.6675,24.6475,29.1575,9.02,15545.39475,0.4,118.3,0.075,79.49442897,34.08965517,24.45318259,29.27141888,9.636472586,22560.22961,0.5,282.7,0.172413793,80.05936931,33.32571429,24.54857143,28.93714286,8.777142857,13079.59697,0.371428571,88.4,0.085714286,82.45714286
2206,1992,Mecanizado,NO,Otro,Maiz,NO,Manual,SI,1976.744186,5.0,51.0,58.0,71452,6,0,0,0,0,0,0,0,0,1,0,0,1,0,0.0,0.0,184.0,0,0.0,0.0,0,0.0,0.0,0,0,0,2,1.4,PLANO O LLANO,PLANO,2.0,6.0,SIN ROCAS,NO,-1.0,-1.0,NO,-1.0,NO,ATERRONADA,NO,NO,NO HAY,LA MANANA Y LA TARDE,NO HAY,NO HAY,NO,SI,35.0,MUY AFECTADAS,NO,NO,SI,SI,REGULAR,60.0,BUENO,NINGUNO,0.0,0.0,0.0,66.67,0.0,0.0,0.0,33.33,0.0,0.0,0.0,0.0,0.0,33.33,0.0,0.0,66.67,0.0,34.2825,24.8875,29.585,9.395,15925.33525,0.5,98.2,0.05,78.16942897,33.73793103,24.31525155,29.02659129,9.422679482,22363.23222,0.431034483,306.6,0.189655172,80.88695551,33.58823529,24.55294118,29.07058824,9.035294118,6420.159522,0.352941176,43.0,0.117647059,81.88235294
2207,2081,Mecanizado,SI,P4082 (Pioneer),Maiz,SI,Manual,SI,3813.953488,5.0,45.0,89.0,70000,17,0,0,0,0,0,0,1,1,0,0,0,0,0,0.0,0.0,46.0,0,0.0,0.0,0,0.0,0.0,0,0,0,1,4.0,PLANO O LLANO,PLANO,2.0,6.0,SIN ROCAS,NO,-1.0,-1.0,SI,-1.0,NO,GRANULAR,NO,NO,NO HAY,LA MANANA Y LA TARDE,NO HAY,NO HAY,NO,SI,34.0,PLANTAS NORMALES,SI,NO,SI,NO,REGULAR,34.0,LENTO A MUY LENTO,LENTO,0.0,0.0,0.0,0.0,0.0,0.0,0.0,100.0,0.0,0.0,0.0,0.0,0.0,100.0,0.0,0.0,0.0,0.0,34.8025,25.0675,29.935,9.735,15675.07356,0.6,61.1,0.05,77.36942897,33.44137931,24.21352741,28.82745336,9.227851896,22066.06447,0.362068966,318.7,0.206896552,81.62833482,33.37142857,24.57142857,28.97142857,8.8,15631.08763,0.404761905,166.2,0.071428571,82.19047619
2211,2082,Mecanizado,SI,Otro,Algodón,SI,Manual,SI,5116.27907,5.0,46.0,75.0,72000,15,0,0,0,0,0,0,2,0,0,0,0,0,0,0.0,0.0,92.0,0,0.0,0.0,0,0.0,90.0,0,0,0,4,4.0,PLANO O LLANO,PLANO,2.0,5.5,SIN ROCAS,NO,-1.0,-1.0,NO,-1.0,NO,GRANULAR,NO,NO,NO HAY,LA MANANA Y LA TARDE,NO HAY,NO HAY,NO,SI,31.0,PLANTAS NORMALES,NO,NO,SI,NO,ESPACIADO,60.0,BUENO,LENTO,0.0,0.0,0.0,0.0,0.0,0.0,0.0,55.0,45.0,0.0,0.0,0.0,0.0,100.0,0.0,0.0,0.0,0.0,33.8275,24.73,29.27875,9.0975,15505.82049,0.425,118.3,0.075,79.26942897,33.98965517,24.41869983,29.2041775,9.570955344,22471.86148,0.482758621,306.2,0.189655172,80.24902448,33.40689655,24.52758621,28.96724138,8.879310345,10962.50088,0.344827586,54.8,0.068965517,82.20689655
2214,1978,Mecanizado,NO,PAC 105,Algodón,SI,Manual,NO,3488.372093,5.0,53.0,63.0,62500,9,0,0,0,0,0,0,0,1,0,0,1,3,0,0.0,0.0,92.0,0,0.0,0.0,0,0.0,0.0,0,0,0,2,3.5,PLANO O LLANO,PLANO,2.0,6.0,SIN ROCAS,NO,-1.0,-1.0,NO,-1.0,NO,ATERRONADA,NO,NO,NO HAY,LA MANANA Y LA TARDE,NO HAY,NO HAY,NO,SI,32.0,MUY AFECTADAS,SI,NO,SI,SI,MUY BUENO,60.0,BUENO,LENTO,0.0,0.0,66.67,0.0,0.0,0.0,0.0,33.33,0.0,0.0,0.0,0.0,0.0,100.0,0.0,0.0,0.0,0.0,34.6825,25.0675,29.875,9.615,15731.78276,0.6,61.7,0.05,77.56942897,33.48275862,24.17559638,28.8291775,9.307162241,22218.0579,0.362068966,318.0,0.206896552,81.42143827,33.35833333,24.70833333,29.03333333,8.65,8850.674438,0.416666667,34.6,0.0,82.70833333
2216,1989,Manual,NO,DK 234 YGRR,Algodón,SI,Manual,NO,4409.302326,5.0,50.0,71.0,66666,11,1,0,0,0,0,0,0,1,0,0,0,0,0,0.0,0.0,138.0,0,0.0,0.0,0,0.0,0.0,0,0,0,2,1.9,PLANO O LLANO,PLANO,2.0,6.0,SIN ROCAS,NO,-1.0,-1.0,NO,-1.0,NO,ATERRONADA,NO,NO,NO HAY,LA MANANA Y LA TARDE,NO HAY,NO HAY,NO,SI,32.0,POCO AFECTADAS,SI,NO,SI,SI,MUY BUENO,60.0,BUENO,NINGUNO,0.0,0.0,0.0,0.0,63.33,36.67,0.0,0.0,0.0,0.0,0.0,0.0,0.0,0.0,0.0,0.0,100.0,0.0,33.5575,24.5575,29.0575,9.0,15314.59288,0.375,145.1,0.1,79.89442897,34.18965517,24.46697569,29.32831543,9.722679482,22685.084,0.517241379,282.9,0.172413793,79.86971413,33.26206897,24.49310345,28.87758621,8.768965517,10793.77297,0.310344828,78.3,0.103448276,82.24137931
2218,1988,Manual,NO,P4082 (Pioneer),Algodón,SI,Manual,NO,3344.023256,5.0,46.0,72.0,62500,9,1,0,0,0,0,0,1,0,0,0,0,2,0,0.0,0.0,69.0,0,0.0,0.0,0,0.0,0.0,0,0,0,2,2.5,PLANO O LLANO,PLANO,2.0,5.5,SIN ROCAS,NO,-1.0,-1.0,SI,-1.0,SI,ATERRONADA,NO,NO,NO HAY,LA MANANA Y LA TARDE,NO HAY,NO HAY,NO,SI,38.0,POCO AFECTADAS,SI,NO,SI,SI,MUY BUENO,40.0,LENTO A MUY LENTO,NINGUNO,0.0,0.0,0.0,0.0,0.0,0.0,0.0,100.0,0.0,0.0,0.0,0.0,0.0,100.0,0.0,0.0,0.0,0.0,33.6675,24.6475,29.1575,9.02,15545.39475,0.4,118.3,0.075,79.49442897,34.08965517,24.45318259,29.27141888,9.636472586,22560.22961,0.5,282.7,0.172413793,80.05936931,33.34615385,24.45769231,28.90192308,8.888461538,9701.959243,0.346153846,73.8,0.115384615,82.0
2220,1987,Mecanizado,NO,P3966 (Pioneer),Algodón,SI,Mecanizada,NO,2250.0,5.0,48.0,71.0,62500,9,0,0,0,0,0,0,0,2,0,0,0,2,0,0.0,0.0,92.0,0,0.0,0.0,0,0.0,30.0,0,0,0,3,2.7,PLANO O LLANO,PLANO,2.0,5.5,SIN ROCAS,NO,-1.0,-1.0,NO,-1.0,NO,ATERRONADA,NO,NO,NO HAY,LA MANANA Y LA TARDE,NO HAY,NO HAY,NO,SI,35.0,POCO AFECTADAS,SI,NO,SI,SI,MUY BUENO,60.0,BUENO,NINGUNO,0.0,0.0,0.0,0.0,33.33,0.0,0.0,66.67,0.0,0.0,0.0,0.0,0.0,100.0,0.0,0.0,0.0,0.0,34.5075,24.9775,29.7425,9.53,15623.59901,0.55,98.2,0.05,77.74442897,33.62068966,24.2721481,28.94641888,9.348541551,22322.20015,0.396551724,322.7,0.206896552,81.12833482,33.3037037,24.60740741,28.95555556,8.696296296,10037.58286,0.407407407,48.4,0.037037037,82.81481481
2222,1985,Mecanizado,NO,Otro,Maiz,SI,Manual,NO,6312.093023,5.0,46.0,76.0,75000,7,0,0,0,0,0,0,0,0,0,0,0,3,0,0.0,0.0,108.0,0,0.0,10.0,0,0.0,60.0,0,0,0,6,1.5,PLANO O LLANO,PLANO,2.0,5.0,SIN ROCAS,NO,-1.0,-1.0,NO,-1.0,NO,ATERRONADA,NO,NO,NO HAY,LA MANANA Y LA TARDE,NO HAY,NO HAY,NO,SI,40.0,MUY AFECTADAS,SI,NO,SI,SI,BUENO,60.0,BUENO,NINGUNO,0.0,0.0,0.0,0.0,0.0,0.0,0.0,100.0,0.0,0.0,0.0,0.0,0.0,100.0,0.0,0.0,0.0,0.0,34.2825,24.8875,29.585,9.395,15925.33525,0.5,98.2,0.05,78.16942897,33.73793103,24.31525155,29.02659129,9.422679482,22363.23222,0.431034483,306.6,0.189655172,80.88695551,33.41333333,24.62666667,29.02,8.786666667,11203.13982,0.4,64.5,0.066666667,82.53333333
2224,1984,Mecanizado,NO,PIONEER 30F35,Algodón,SI,Manual,NO,3627.906977,10.0,40.0,57.0,62500,6,0,0,0,0,0,0,1,0,0,0,0,2,0,0.0,0.0,87.0,0,0.0,46.0,0,0.0,30.0,0,0,0,3,1.1,PLANO O LLANO,PLANO,2.0,5.0,SIN ROCAS,NO,-1.0,-1.0,SI,-1.0,SI,ATERRONADA,NO,NO,NO HAY,LA MANANA Y LA TARDE,NO HAY,NO HAY,NO,SI,30.0,PLANTAS NORMALES,SI,NO,SI,SI,MUY BUENO,30.0,LENTO A MUY LENTO,NINGUNO,0.0,0.0,0.0,0.0,36.67,0.0,63.33,0.0,0.0,0.0,0.0,0.0,0.0,0.0,0.0,0.0,100.0,0.0,34.7975,25.0675,29.9325,9.73,15671.54276,0.6,61.1,0.05,77.39442897,33.47931034,24.23938948,28.85934991,9.239920861,22079.7239,0.362068966,319.0,0.206896552,81.6455762,34.06,24.8,29.43,9.26,3858.367194,0.5,10.2,0.0,80.9
2225,1983,Mecanizado,NO,PIONEER 30F35,Algodón,SI,Manual,NO,1931.860465,10.0,40.0,62.0,45000,6,0,0,0,0,0,0,1,0,0,0,0,2,0,0.0,0.0,78.0,0,0.0,23.0,0,0.0,60.0,0,0,0,3,1.5,PLANO O LLANO,PLANO,3.0,4.5,SIN ROCAS,SI,1.0,15.0,SI,21.0,SI,ATERRONADA,NO,NO,POCO MARCADAS,LA MANANA Y LA TARDE,NO HAY,NO HAY,NO,SI,10.0,MUY AFECTADAS,NO,NO,NO,SI,REGULAR,10.0,LENTO A MUY LENTO,NINGUNO,0.0,0.0,0.0,0.0,33.33,66.67,0.0,0.0,0.0,0.0,0.0,0.0,0.0,35.0,0.0,0.0,31.67,33.33,34.7975,25.0675,29.9325,9.73,15671.54276,0.6,61.1,0.05,77.39442897,33.47931034,24.23938948,28.85934991,9.239920861,22079.7239,0.362068966,319.0,0.206896552,81.6455762,33.86666667,24.7,29.28333333,9.166666667,5681.796785,0.533333333,17.1,0.0,81.06666667
2228,1981,Manual,SI,DK 234 YGRR,Algodón,SI,Manual,NO,4186.046512,4.0,51.0,65.0,75000,9,0,0,0,0,0,0,0,1,0,0,0,2,0,0.0,0.0,92.0,0,0.0,0.0,0,0.0,0.0,0,0,0,2,1.6,PLANO O LLANO,PLANO,2.0,6.0,SIN ROCAS,NO,-1.0,-1.0,SI,-1.0,SI,ATERRONADA,NO,NO,NO HAY,LA MANANA Y LA TARDE,NO HAY,NO HAY,NO,SI,34.0,MUY AFECTADAS,NO,NO,SI,SI,REGULAR,34.0,LENTO A MUY LENTO,NINGUNO,0.0,0.0,0.0,33.33,0.0,0.0,0.0,66.67,0.0,0.0,0.0,0.0,0.0,33.33,0.0,0.0,66.67,0.0,33.8275,24.73,29.27875,9.0975,15505.82049,0.425,118.3,0.075,79.26942897,33.98965517,24.41869983,29.2041775,9.570955344,22471.86148,0.482758621,306.2,0.189655172,80.24902448,33.39130435,24.46956522,28.93043478,8.92173913,8654.815126,0.347826087,49.4,0.086956522,82.04347826
2229,1980,Mecanizado,NO,PAC 105,Algodón,SI,Manual,NO,3720.930233,5.0,47.0,68.0,75000,9,0,0,0,0,0,0,0,1,0,0,0,3,0,0.0,0.0,92.0,0,0.0,0.0,0,0.0,0.0,0,0,0,2,1.2,PLANO O LLANO,PLANO,2.0,5.5,SIN ROCAS,NO,-1.0,-1.0,SI,-1.0,SI,ATERRONADA,NO,NO,NO HAY,LA MANANA Y LA TARDE,NO HAY,NO HAY,NO,SI,42.0,MUY AFECTADAS,SI,NO,SI,SI,BUENO,42.0,LENTO A MUY LENTO,NINGUNO,0.0,0.0,0.0,66.0,0.0,0.0,0.0,34.0,0.0,0.0,0.0,0.0,0.0,0.0,0.0,0.0,100.0,0.0,33.8925,24.79,29.34125,9.1025,15447.87574,0.45,118.3,0.075,79.06942897,33.91724138,24.34283776,29.13003957,9.57440362,22537.00573,0.465517241,306.6,0.189655172,80.33523138,33.47826087,24.53043478,29.00434783,8.947826087,8640.167334,0.391304348,49.9,0.086956522,82.26086957
2233,2091,Mecanizado,SI,Otro,Algodón,SI,Manual,SI,4958.139535,5.0,46.0,75.0,71000,18,0,0,0,0,0,0,2,0,0,0,0,5,0,0.0,0.0,115.0,0,0.0,0.0,0,0.0,30.0,0,0,0,3,4.0,PLANO O LLANO,PLANO,2.0,5.5,SIN ROCAS,NO,-1.0,-1.0,NO,-1.0,NO,GRANULAR,NO,NO,NO HAY,LA MANANA Y LA TARDE,NO HAY,NO HAY,NO,SI,31.0,PLANTAS NORMALES,NO,NO,SI,NO,ESPACIADO,60.0,BUENO,LENTO,0.0,0.0,0.0,0.0,0.0,0.0,0.0,55.0,45.0,0.0,0.0,0.0,0.0,100.0,0.0,0.0,0.0,0.0,34.2175,24.82,29.51875,9.3975,15785.72792,0.5,98.2,0.05,78.29442897,33.77931034,24.31697569,29.04814302,9.462334655,22356.15162,0.431034483,306.6,0.189655172,80.76626586,33.34482759,24.62758621,28.9862069,8.717241379,10772.72041,0.379310345,64.5,0.068965517,82.68965517
2234,2092,Mecanizado,NO,Otro,Algodón,SI,Manual,NO,3527.906977,5.0,45.0,79.0,72000,17,0,0,0,0,0,0,2,1,0,0,1,0,0,0.0,0.0,92.0,0,0.0,0.0,0,0.0,60.0,0,0,0,4,5.0,PLANO O LLANO,PLANO,2.0,6.0,SIN ROCAS,NO,-1.0,-1.0,SI,-1.0,NO,ATERRONADA,NO,NO,NO HAY,LA MANANA Y LA TARDE,NO HAY,NO HAY,NO,SI,26.0,PLANTAS NORMALES,NO,NO,SI,NO,ESPACIADO,45.0,LENTO A MUY LENTO,LENTO,0.0,0.0,0.0,0.0,0.0,0.0,0.0,100.0,0.0,0.0,0.0,0.0,0.0,56.67,43.33,0.0,0.0,0.0,33.8925,24.79,29.34125,9.1025,15447.87574,0.45,118.3,0.075,79.06942897,33.91724138,24.34283776,29.13003957,9.57440362,22537.00573,0.465517241,306.6,0.189655172,80.33523138,33.34375,24.59375,28.96875,8.75,11958.45138,0.375,64.5,0.0625,82.6875
2235,2093,Mecanizado,SI,Otro,Algodón,SI,Manual,SI,4672.093023,5.0,45.0,79.0,71000,18,0,0,0,0,0,0,2,0,0,0,0,2,0,0.0,0.0,92.0,0,0.0,0.0,0,0.0,30.0,0,0,0,3,5.0,PLANO O LLANO,PLANO,2.0,6.0,SIN ROCAS,NO,-1.0,-1.0,NO,-1.0,NO,GRANULAR,NO,NO,NO HAY,LA MANANA Y LA TARDE,NO HAY,NO HAY,NO,SI,31.0,PLANTAS NORMALES,NO,NO,SI,NO,ESPACIADO,60.0,BUENO,LENTO,0.0,0.0,0.0,0.0,0.0,0.0,0.0,56.67,43.33,0.0,0.0,0.0,0.0,100.0,0.0,0.0,0.0,0.0,33.2225,24.3225,28.7725,8.9,14930.24955,0.35,181.3,0.125,80.625,34.39310345,24.57732052,29.48521198,9.81578293,22703.70013,0.551724138,272.6,0.155172414,79.29690653,33.30625,24.409375,28.8578125,8.896875,12072.7791,0.3125,88.6,0.125,82.1875
2236,2094,Mecanizado,SI,Otro,Algodón,SI,Manual,SI,5115.116279,5.0,46.0,79.0,72000,18,3,0,0,0,0,0,1,1,0,0,0,1,0,0.0,0.0,138.0,0,0.0,0.0,0,0.0,0.0,0,0,0,2,4.0,PLANO O LLANO,PLANO,3.0,6.0,SIN ROCAS,NO,-1.0,-1.0,SI,-1.0,NO,GRANULAR,NO,NO,NO HAY,LA MANANA Y LA TARDE,NO HAY,NO HAY,NO,SI,34.0,PLANTAS NORMALES,NO,NO,SI,NO,ESPACIADO,43.0,LENTO A MUY LENTO,LENTO,0.0,0.0,0.0,0.0,0.0,0.0,0.0,66.67,33.33,0.0,0.0,0.0,0.0,100.0,0.0,0.0,0.0,0.0,33.8275,24.73,29.27875,9.0975,15505.82049,0.425,118.3,0.075,79.26942897,33.98965517,24.41869983,29.2041775,9.570955344,22471.86148,0.482758621,306.2,0.189655172,80.24902448,33.30909091,24.51515152,28.91212121,8.793939394,12391.87474,0.363636364,64.9,0.060606061,82.54545455
2237,2095,Mecanizado,NO,PIONEER 30F32,Algodón,SI,Manual,SI,4520.930233,5.0,47.0,70.0,72000,18,0,0,0,0,0,0,1,1,0,0,0,6,0,0.0,0.0,138.0,0,0.0,0.0,0,0.0,0.0,0,0,0,2,4.0,PLANO O LLANO,PLANO,2.0,5.5,SIN ROCAS,NO,-1.0,-1.0,NO,-1.0,NO,GRANULAR,NO,NO,NO HAY,LA MANANA Y LA TARDE,NO HAY,NO HAY,NO,SI,33.0,PLANTAS NORMALES,NO,NO,SI,NO,ESPACIADO,60.0,BUENO,LENTO,0.0,0.0,0.0,0.0,0.0,0.0,0.0,58.33,41.67,0.0,0.0,0.0,0.0,100.0,0.0,0.0,0.0,0.0,33.8275,24.73,29.27875,9.0975,15505.82049,0.425,118.3,0.075,79.26942897,33.98965517,24.41869983,29.2041775,9.570955344,22471.86148,0.482758621,306.2,0.189655172,80.24902448,33.416,24.444,28.93,8.972,9414.001897,0.36,50.3,0.08,81.92
2238,2096,Mecanizado,NO,Otro,Algodón,SI,Manual,SI,4576.744186,5.0,46.0,75.0,70000,18,0,0,0,0,0,0,0,1,0,0,0,6,0,0.0,0.0,161.0,0,0.0,0.0,0,0.0,0.0,0,0,0,3,4.0,PLANO O LLANO,PLANO,2.0,5.5,SIN ROCAS,NO,-1.0,-1.0,NO,-1.0,NO,GRANULAR,NO,NO,NO HAY,LA MANANA Y LA TARDE,NO HAY,NO HAY,NO,SI,33.0,PLANTAS NORMALES,NO,NO,SI,NO,ESPACIADO,60.0,BUENO,LENTO,0.0,0.0,0.0,0.0,0.0,0.0,0.0,100.0,0.0,0.0,0.0,0.0,0.0,100.0,0.0,0.0,0.0,0.0,33.3625,24.435,28.89875,8.9275,15294.88735,0.35,145.1,0.1,80.39442897,34.24482759,24.48594121,29.3653844,9.758886379,22731.08104,0.517241379,272.6,0.155172414,79.59385207,33.27586207,24.54827586,28.91206897,8.727586207,10746.67091,0.344827586,88.6,0.137931034,82.31034483
2241,2113,Mecanizado,NO,P3966 (Pioneer),Algodón,SI,Mecanizada,NO,3422.965116,5.0,51.0,69.0,62500,8,0,0,0,0,0,0,1,1,0,0,0,4,0,0.0,0.0,92.0,0,0.0,0.0,0,0.0,0.0,0,0,0,2,1.5,PLANO O LLANO,PLANO,2.0,6.5,SIN ROCAS,NO,-1.0,-1.0,NO,-1.0,NO,ATERRONADA,NO,NO,NO HAY,LA MANANA Y LA TARDE,NO HAY,NO HAY,NO,SI,30.0,MUY AFECTADAS,SI,NO,SI,SI,BUENO,60.0,BUENO,NINGUNO,0.0,75.0,0.0,0.0,0.0,0.0,0.0,25.0,0.0,0.0,0.0,0.0,0.0,0.0,0.0,0.0,100.0,0.0,34.28495414,24.82,29.55247707,9.46495414,15785.72792,0.475,160.3,0.15,80.47661709,32.9862069,24.31697569,28.65159129,8.669231206,22356.15162,0.25862069,389.2,0.206896552,86.36630589,32.43571429,24.63571429,28.53571429,7.8,10503.11521,0.035714286,154.7,0.178571429,85.59599315
2242,2112,Mecanizado,NO,Impacto (Syngenta),Algodón,SI,Mecanizada,SI,4418.604651,5.0,45.0,77.0,75000,7,0,0,0,0,0,0,1,1,0,0,0,0,0,0.0,0.0,92.0,0,0.0,0.0,0,0.0,0.0,0,0,0,2,1.0,PLANO O LLANO,PLANO,2.0,5.5,SIN ROCAS,NO,-1.0,-1.0,SI,-1.0,SI,ATERRONADA,NO,NO,NO HAY,LA MANANA Y LA TARDE,NO HAY,NO HAY,NO,SI,28.0,MUY AFECTADAS,SI,NO,SI,SI,MUY BUENO,28.0,LENTO A MUY LENTO,NINGUNO,0.0,0.0,0.0,100.0,0.0,0.0,0.0,0.0,0.0,0.0,0.0,0.0,0.0,0.0,0.0,0.0,100.0,0.0,34.785,25.0075,29.89625,9.7775,15810.97652,0.6,82.2,0.075,77.24442897,33.55172414,24.29283776,28.92228095,9.258886379,22064.99958,0.379310345,303.9,0.189655172,81.68005896,33.42666667,24.53333333,28.98,8.893333333,11257.29483,0.466666667,146.3,0.1,82.13333333
2243,2097,Mecanizado,NO,PAC 105,Algodón,SI,Manual,NO,1860.465116,5.0,53.0,65.0,75000,10,0,0,0,0,0,0,0,1,0,0,0,3,0,0.0,0.0,22.5,0,0.0,22.5,0,0.0,22.5,0,0,0,1,2.8,PLANO O LLANO,PLANO,3.0,6.0,SIN ROCAS,NO,-1.0,-1.0,NO,-1.0,NO,ATERRONADA,NO,NO,NO HAY,LA MANANA Y LA TARDE,NO HAY,NO HAY,NO,SI,32.0,MUY AFECTADAS,SI,NO,SI,SI,MUY BUENO,60.0,BUENO,NINGUNO,0.0,0.0,0.0,25.0,0.0,0.0,0.0,75.0,0.0,0.0,0.0,0.0,0.0,83.33,0.0,0.0,16.67,0.0,34.3675,24.8875,29.6275,9.48,15771.33664,0.525,98.2,0.05,77.96942897,33.67586207,24.31525155,28.99555681,9.360610517,22303.83284,0.413793103,317.6,0.206896552,81.00764517,33.34615385,24.56923077,28.95769231,8.776923077,9734.646361,0.384615385,44.7,0.038461538,82.69230769
2267,2111,Mecanizado,NO,Otro,Algodón,SI,Mecanizada,SI,4125.348837,5.0,38.0,92.0,62500,8,0,0,0,0,0,0,1,1,0,0,0,4,0,0.0,0.0,92.0,0,0.0,0.0,0,0.0,0.0,0,0,0,2,1.4,PLANO O LLANO,PLANO,3.0,6.0,SIN ROCAS,SI,1.0,10.0,NO,-1.0,NO,ATERRONADA,NO,NO,NO HAY,LA MANANA Y LA TARDE,NO HAY,NO HAY,NO,SI,22.0,MUY AFECTADAS,SI,NO,SI,SI,MUY BUENO,22.0,BUENO,NINGUNO,0.0,0.0,0.0,0.0,83.33,16.67,0.0,0.0,0.0,0.0,0.0,0.0,0.0,0.0,83.33,16.67,0.0,0.0,34.7975,25.0675,29.9325,9.73,15671.54276,0.6,61.1,0.05,77.39442897,33.47931034,24.23938948,28.85934991,9.239920861,22079.7239,0.362068966,319.0,0.206896552,81.6455762,33.46842105,24.56842105,29.01842105,8.9,14226.90928,0.447368421,156.5,0.078947368,82.0
2275,2154,Mecanizado,SI,P4082 (Pioneer),Algodón,SI,Manual,SI,4862.790698,5.0,47.0,78.0,73000,15,1,0,0,0,0,0,1,0,0,0,0,1,0,0.0,0.0,92.0,0,0.0,0.0,0,0.0,60.0,0,0,0,4,3.0,PLANO O LLANO,PLANO,2.0,6.0,SIN ROCAS,NO,-1.0,-1.0,SI,-1.0,NO,GRANULAR,NO,NO,NO HAY,LA MANANA Y LA TARDE,NO HAY,NO HAY,NO,SI,25.0,PLANTAS NORMALES,SI,NO,SI,NO,REGULAR,60.0,BUENO,LENTO,0.0,0.0,0.0,0.0,0.0,0.0,0.0,100.0,0.0,0.0,100.0,0.0,0.0,0.0,0.0,0.0,0.0,0.0,33.8275,24.73,29.27875,9.0975,15505.82049,0.425,118.3,0.075,79.26942897,33.98965517,24.41869983,29.2041775,9.570955344,22471.86148,0.482758621,306.2,0.189655172,80.24902448,33.30909091,24.51515152,28.91212121,8.793939394,12391.87474,0.363636364,64.9,0.060606061,82.54545455
2277,2155,Mecanizado,SI,PAC 105,Algodón,SI,Manual,SI,4709.302326,5.0,48.0,74.0,70000,15,0,0,0,0,0,0,0,1,0,0,0,3,0,0.0,0.0,92.0,0,0.0,0.0,0,0.0,60.0,0,0,0,4,3.0,PLANO O LLANO,PLANO,2.0,6.0,SIN ROCAS,NO,-1.0,-1.0,SI,-1.0,NO,GRANULAR,NO,NO,NO HAY,LA MANANA Y LA TARDE,NO HAY,NO HAY,NO,SI,22.0,PLANTAS NORMALES,SI,NO,SI,NO,ESPACIADO,60.0,BUENO,LENTO,0.0,0.0,0.0,0.0,0.0,0.0,0.0,100.0,0.0,0.0,100.0,0.0,0.0,0.0,0.0,0.0,0.0,0.0,33.8275,24.73,29.27875,9.0975,15505.82049,0.425,118.3,0.075,79.26942897,33.98965517,24.41869983,29.2041775,9.570955344,22471.86148,0.482758621,306.2,0.189655172,80.24902448,33.3,24.53,28.915,8.77,11234.55179,0.333333333,56.1,0.066666667,82.46666667
2280,2102,Mecanizado,NO,PAC 105,Algodón,SI,Manual,NO,2755.813953,8.0,55.0,60.0,75000,11,0,0,1,0,1,0,0,0,0,0,0,2,0,0.0,0.0,161.0,0,0.0,0.0,0,0.0,30.0,0,0,0,5,1.2,PLANO O LLANO,PLANO,2.0,6.0,SIN ROCAS,NO,-1.0,-1.0,NO,-1.0,NO,ATERRONADA,NO,NO,NO HAY,LA MANANA Y LA TARDE,NO HAY,NO HAY,NO,SI,22.0,MUY AFECTADAS,SI,NO,SI,SI,MUY BUENO,60.0,BUENO,NINGUNO,0.0,0.0,0.0,0.0,28.33,0.0,0.0,71.67,0.0,0.0,0.0,0.0,0.0,71.67,0.0,0.0,28.33,0.0,33.8275,24.73,29.27875,9.0975,15505.82049,0.425,118.3,0.075,79.26942897,33.98965517,24.41869983,29.2041775,9.570955344,22471.86148,0.482758621,306.2,0.189655172,80.24902448,33.34615385,24.48076923,28.91346154,8.865384615,9714.520302,0.346153846,54.8,0.076923077,82.30769231
2281,2157,Mecanizado,SI,Otro,Algodón,SI,Manual,NO,4672.093023,5.0,46.0,74.0,71000,15,0,0,0,0,0,0,0,1,0,0,0,3,0,0.0,0.0,92.0,0,0.0,0.0,0,0.0,60.0,0,0,0,4,3.0,PLANO O LLANO,PLANO,2.0,6.0,SIN ROCAS,NO,-1.0,-1.0,SI,-1.0,NO,GRANULAR,NO,NO,NO HAY,LA MANANA Y LA TARDE,NO HAY,NO HAY,NO,SI,24.0,PLANTAS NORMALES,SI,NO,SI,NO,REGULAR,60.0,BUENO,LENTO,0.0,0.0,0.0,0.0,0.0,0.0,0.0,100.0,0.0,0.0,100.0,0.0,0.0,0.0,0.0,0.0,0.0,0.0,33.8925,24.79,29.34125,9.1025,15447.87574,0.45,118.3,0.075,79.06942897,33.91724138,24.34283776,29.13003957,9.57440362,22537.00573,0.465517241,306.6,0.189655172,80.33523138,33.45,24.61785714,29.03392857,8.832142857,10529.07752,0.357142857,54.4,0.071428571,82.35714286
2282,2101,Mecanizado,NO,PAC 105,Algodón,NO,Manual,NO,3627.906977,5.0,51.0,58.0,62500,12,0,0,0,0,0,0,1,1,0,0,0,9,0,0.0,0.0,161.0,0,0.0,0.0,0,0.0,0.0,0,0,0,2,1.6,PLANO O LLANO,PLANO,2.0,6.5,SIN ROCAS,NO,-1.0,-1.0,NO,-1.0,NO,ATERRONADA,NO,NO,NO HAY,LA MANANA Y LA TARDE,NO HAY,NO HAY,NO,SI,36.0,MUY AFECTADAS,SI,NO,SI,SI,MUY BUENO,60.0,BUENO,NINGUNO,0.0,0.0,0.0,0.0,0.0,0.0,0.0,100.0,0.0,0.0,0.0,0.0,0.0,63.33,36.67,0.0,0.0,0.0,34.2175,24.82,29.51875,9.3975,15785.72792,0.5,98.2,0.05,78.29442897,33.77931034,24.31697569,29.04814302,9.462334655,22356.15162,0.431034483,306.6,0.189655172,80.76626586,33.55294118,24.6,29.07647059,8.952941176,6431.169424,0.352941176,43.0,0.117647059,82.11764706
2283,2100,Mecanizado,SI,P4082 (Pioneer),Algodón,SI,Mecanizada,NO,5895.348837,5.0,55.0,70.0,75000,11,1,1,0,0,0,0,0,2,0,0,0,2,0,0.0,0.0,92.0,0,0.0,0.0,0,0.0,30.0,0,0,0,3,2.2,PLANO O LLANO,PLANO,2.0,6.5,SIN ROCAS,NO,-1.0,-1.0,NO,-1.0,NO,ATERRONADA,NO,NO,NO HAY,LA MANANA Y LA TARDE,NO HAY,NO HAY,NO,SI,20.0,POCO AFECTADAS,SI,NO,SI,SI,MUY BUENO,60.0,BUENO,NINGUNO,0.0,0.0,0.0,0.0,0.0,0.0,0.0,100.0,0.0,0.0,0.0,0.0,0.0,66.67,33.33,0.0,0.0,0.0,33.5575,24.5575,29.0575,9.0,15314.59288,0.375,145.1,0.1,79.89442897,34.18965517,24.46697569,29.32831543,9.722679482,22685.084,0.517241379,282.9,0.172413793,79.86971413,33.23636364,24.55151515,28.89393939,8.684848485,12279.10655,0.333333333,79.6,0.090909091,82.45454545
2292,2172,Manual,NO,DK 234 YGRR,Algodón,SI,Manual,SI,4262.790698,4.0,61.0,79.0,70000,12,0,0,0,0,0,0,0,0,0,0,0,0,0,0.0,0.0,57.5,0,0.0,0.0,0,0.0,60.0,0,0,0,2,1.0,PLANO O LLANO,PLANO,2.0,5.0,SIN ROCAS,SI,20.0,10.0,NO,-1.0,NO,ATERRONADA,NO,NO,NO HAY,LA MANANA Y LA TARDE,NO HAY,NO HAY,NO,SI,25.0,POCO AFECTADAS,NO,NO,SI,NO,REGULAR,25.0,BUENO,NINGUNO,0.0,0.0,0.0,0.0,0.0,0.0,0.0,100.0,0.0,0.0,0.0,100.0,0.0,0.0,0.0,0.0,0.0,0.0,33.2775,24.32,28.79875,8.9575,14773.84478,0.375,198.3,0.15,80.55,34.57586207,24.81352741,29.69469474,9.762334655,22604.08164,0.620689655,232.8,0.120689655,78.71069963,33.42978723,24.44255319,28.93617021,8.987234043,17966.6399,0.361702128,159.7,0.14893617,82.25531915
2293,2171,Manual,NO,Otro,Algodón,SI,Manual,NO,3174.418605,5.0,53.0,61.0,70588,10,2,0,0,0,0,0,1,0,1,0,0,5,1,0.0,0.0,92.0,0,0.0,0.0,0,0.0,0.0,0,0,0,2,1.5,ONDULADO,PLANO,2.0,5.0,SIN ROCAS,NO,-1.0,-1.0,NO,-1.0,NO,ATERRONADA,NO,NO,NO HAY,LA MANANA Y LA TARDE,NO HAY,NO HAY,NO,SI,39.0,POCO AFECTADAS,SI,NO,SI,SI,BUENO,50.0,BUENO,NINGUNO,0.0,0.0,0.0,0.0,100.0,0.0,0.0,0.0,0.0,0.0,0.0,0.0,0.0,60.0,40.0,0.0,0.0,0.0,33.5575,24.5575,29.0575,9.0,15314.59288,0.375,145.1,0.1,79.89442897,34.18965517,24.46697569,29.32831543,9.722679482,22685.084,0.517241379,282.9,0.172413793,79.86971413,33.25454545,24.48181818,28.86818182,8.772727273,8207.160764,0.272727273,66.9,0.136363636,82.09090909
2298,2174,Mecanizado,NO,DK 234,Maiz,SI,Manual,SI,4767.44186,5.0,77.0,49.0,"0      180000.000000
1      180000.000000
2      180000.000000
3      180000.000000
4      180000.000000
           ...      
993    180000.000000
994     85714.285714
995     90000.000000
996     81818.181818
997     78260.869565
Name: AREA, Length: 882, dtype: float64",12,0,0,0,0,0,0,0,0,0,0,0,1,0,0.0,0.0,46.0,0,0.0,0.0,0,0.0,30.0,0,0,0,2,1.0,PLANO O LLANO,PLANO,1.0,4.5,SIN ROCAS,NO,-1.0,-1.0,NO,-1.0,NO,GRANULAR,NO,NO,NO HAY,LA MANANA Y LA TARDE,NO HAY,NO HAY,NO,SI,34.0,PLANTAS NORMALES,NO,NO,SI,NO,BUENO,50.0,BUENO,NINGUNO,0.0,0.0,0.0,0.0,0.0,0.0,100.0,0.0,0.0,0.0,0.0,0.0,0.0,100.0,0.0,0.0,0.0,0.0,33.835,24.675,29.255,9.16,15328.77668,0.55,191.8,0.15,80.225,34.27758621,24.69482759,29.4862069,9.582758621,22473.49741,0.517241379,258.5,0.137931034,79.11684756,33.63529412,24.33778206,28.98653809,9.297512058,13056.00201,0.382352941,118.1,0.176470588,81.01304176
2300,2173,Mecanizado,SI,DK 234 YGRR,Maiz,SI,Manual,SI,4343.023256,5.0,77.0,48.0,70000,12,0,0,0,0,0,0,0,0,0,0,0,0,0,0.0,0.0,138.0,0,0.0,0.0,0,0.0,60.0,0,0,0,2,1.0,PLANO O LLANO,PLANO,2.0,5.5,SIN ROCAS,NO,-1.0,-1.0,NO,-1.0,NO,ATERRONADA,NO,NO,NO HAY,LA MANANA Y LA TARDE,NO HAY,NO HAY,NO,SI,32.0,PLANTAS NORMALES,NO,NO,SI,NO,REGULAR,50.0,BUENO,NINGUNO,0.0,0.0,0.0,0.0,30.0,70.0,0.0,0.0,0.0,0.0,0.0,100.0,0.0,0.0,0.0,0.0,0.0,0.0,33.815,24.705,29.26,9.11,15193.95005,0.55,190.6,0.15,80.1,34.26034483,24.69827586,29.47931034,9.562068966,22364.94265,0.5,259.7,0.137931034,79.1685717,33.78181818,24.32983606,29.05582712,9.45198212,12874.8065,0.424242424,115.2,0.181818182,80.61949757
2301,2175,Manual,SI,DK 234,Maiz,SI,Manual,SI,4520.930233,5.0,46.0,80.0,70000,12,0,0,0,0,0,0,0,0,0,0,0,0,0,0.0,0.0,230.0,0,0.0,0.0,0,0.0,0.0,0,0,0,2,1.0,PLANO O LLANO,PLANO,2.0,5.5,SIN ROCAS,SI,23.0,12.0,NO,-1.0,NO,ATERRONADA,NO,NO,POCO MARCADAS,LA MANANA Y LA TARDE,NO HAY,NO HAY,NO,SI,25.0,POCO AFECTADAS,NO,NO,NO,NO,REGULAR,25.0,BUENO,NINGUNO,0.0,0.0,0.0,0.0,54.0,46.0,0.0,0.0,0.0,0.0,0.0,100.0,0.0,0.0,0.0,0.0,0.0,0.0,33.3475,24.4575,28.9025,8.89,15070.35886,0.45,186.4,0.15,81.05,34.68275862,24.84137931,29.76206897,9.84137931,22916.1731,0.620689655,254.8,0.137931034,78.5823648,33.35882353,24.30248794,28.83065574,9.056335587,12914.13764,0.264705882,128.3,0.176470588,81.48362999
2302,2176,Manual,NO,DK 234,Maiz,SI,Manual,SI,3767.44186,12.0,33.0,71.0,70000,11,0,0,0,0,0,0,0,0,0,0,0,0,0,0.0,0.0,138.0,0,0.0,0.0,0,0.0,60.0,0,0,0,2,1.0,PLANO O LLANO,PLANO,2.0,4.5,SIN ROCAS,NO,-1.0,-1.0,NO,-1.0,NO,ATERRONADA,NO,NO,NO HAY,LA MANANA Y LA TARDE,NO HAY,NO HAY,NO,SI,36.0,PLANTAS NORMALES,NO,NO,SI,NO,ESPACIADO,50.0,BUENO,NINGUNO,0.0,48.0,0.0,0.0,0.0,0.0,0.0,52.0,0.0,0.0,0.0,100.0,0.0,0.0,0.0,0.0,0.0,0.0,33.2775,24.32,28.79875,8.9575,14773.84478,0.375,198.3,0.15,80.55,34.57586207,24.81352741,29.69469474,9.762334655,22604.08164,0.620689655,232.8,0.120689655,78.71069963,33.88571429,23.97142857,28.92857143,9.914285714,2836.863581,0.285714286,39.8,0.285714286,81.28571429
2314,2194,Manual,NO,DK 234 YGRR,Algodón,SI,Manual,NO,3296.511628,5.0,45.0,71.0,62500,12,0,0,0,0,0,0,1,1,0,0,0,0,0,0.0,0.0,149.5,0,0.0,0.0,0,0.0,30.0,0,0,0,5,1.8,PLANO O LLANO,PLANO,2.0,5.0,SIN ROCAS,NO,-1.0,-1.0,NO,-1.0,NO,ATERRONADA,NO,NO,NO HAY,LA MANANA Y LA TARDE,NO HAY,NO HAY,NO,SI,38.0,POCO AFECTADAS,SI,NO,SI,SI,MUY BUENO,60.0,BUENO,NINGUNO,0.0,0.0,0.0,0.0,36.67,0.0,63.33,0.0,0.0,0.0,0.0,0.0,0.0,0.0,63.33,0.0,36.67,0.0,34.8125,25.0425,29.9275,9.77,15826.93423,0.6,82.9,0.075,77.21942897,33.5,24.29283776,28.89641888,9.207162241,21921.85547,0.362068966,303.9,0.189655172,81.81799,33.675,24.56666667,29.12083333,9.108333333,9386.712782,0.583333333,42.7,0.041666667,81.33333333
2351,2258,Mecanizado,NO,P3966 (Pioneer),Algodón,SI,Manual,NO,5581.395349,5.0,45.0,69.0,62500,10,0,0,0,0,0,0,1,2,0,0,0,2,0,0.0,0.0,92.0,0,0.0,0.0,0,0.0,30.0,0,0,0,4,2.2,PLANO O LLANO,PLANO,2.0,6.0,SIN ROCAS,NO,-1.0,-1.0,NO,-1.0,NO,ATERRONADA,NO,NO,NO HAY,LA MANANA Y LA TARDE,NO HAY,NO HAY,NO,SI,36.0,MUY AFECTADAS,SI,NO,SI,SI,MUY BUENO,60.0,BUENO,NINGUNO,0.0,0.0,70.0,0.0,0.0,0.0,0.0,30.0,0.0,0.0,0.0,0.0,0.0,70.0,0.0,0.0,30.0,0.0,33.5575,24.5575,29.0575,9.0,15314.59288,0.375,145.1,0.1,79.89442897,34.18965517,24.46697569,29.32831543,9.722679482,22685.084,0.517241379,282.9,0.172413793,79.86971413,33.25454545,24.48181818,28.86818182,8.772727273,8207.160764,0.272727273,66.9,0.136363636,82.09090909
2352,2257,Mecanizado,NO,P3966 (Pioneer),Algodón,SI,Manual,NO,5790.697674,5.0,45.0,74.0,62500,13,0,0,0,0,0,0,1,2,0,0,0,3,0,0.0,0.0,92.0,0,0.0,0.0,0,0.0,30.0,0,0,0,4,1.2,PLANO O LLANO,PLANO,2.0,5.5,SIN ROCAS,NO,-1.0,-1.0,NO,-1.0,NO,ATERRONADA,NO,NO,NO HAY,LA MANANA Y LA TARDE,NO HAY,NO HAY,NO,SI,35.0,POCO AFECTADAS,SI,NO,SI,SI,MUY BUENO,60.0,BUENO,NINGUNO,0.0,70.0,0.0,0.0,0.0,0.0,0.0,30.0,0.0,0.0,0.0,0.0,0.0,30.0,0.0,0.0,70.0,0.0,33.8275,24.73,29.27875,9.0975,15505.82049,0.425,118.3,0.075,79.26942897,33.98965517,24.41869983,29.2041775,9.570955344,22471.86148,0.482758621,306.2,0.189655172,80.24902448,33.37037037,24.45555556,28.91296296,8.914814815,10177.18451,0.333333333,54.8,0.074074074,82.22222222
2387,2265,Mecanizado,SI,DK 234,Algodón,SI,Manual,SI,2604.651163,4.0,46.0,77.0,66000,13,1,0,0,0,0,0,0,0,0,0,0,0,0,0.0,0.0,184.0,0,0.0,0.0,0,0.0,120.0,0,0,0,4,1.0,PLANO O LLANO,PLANO,1.0,5.0,SIN ROCAS,SI,30.0,10.0,NO,-1.0,NO,ATERRONADA,NO,NO,NO HAY,LA MANANA Y LA TARDE,NO HAY,NO HAY,NO,SI,25.0,POCO AFECTADAS,NO,NO,SI,NO,REGULAR,30.0,BUENO,NINGUNO,0.0,0.0,0.0,0.0,0.0,0.0,100.0,0.0,0.0,0.0,0.0,0.0,0.0,100.0,0.0,0.0,0.0,0.0,33.3325,24.455,28.89375,8.8775,14920.64318,0.425,165.5,0.125,80.825,34.63793103,24.86724138,29.75258621,9.770689655,22906.78925,0.620689655,260.5,0.137931034,78.56512342,33.38,24.136153,28.7580765,9.243846999,11411.20492,0.266666667,116.8,0.2,81.78144733
2391,2277,Mecanizado,SI,P4082 (Pioneer),Algodón,SI,Mecanizada,NO,5581.395349,5.0,48.0,65.0,70000,7,1,0,0,0,0,0,1,1,0,0,0,1,0,0.0,0.0,115.0,0,0.0,0.0,0,0.0,0.0,1,0,0,2,2.4,PLANO O LLANO,PLANO,2.0,6.0,SIN ROCAS,NO,-1.0,-1.0,NO,-1.0,NO,ATERRONADA,NO,NO,NO HAY,LA MANANA Y LA TARDE,NO HAY,NO HAY,NO,SI,22.0,POCO AFECTADAS,SI,NO,SI,SI,BUENO,53.0,BUENO,NINGUNO,0.0,0.0,0.0,0.0,100.0,0.0,0.0,0.0,0.0,0.0,0.0,0.0,0.0,66.04,33.96,0.0,0.0,0.0,33.2225,24.3225,28.7725,8.9,14930.24955,0.35,181.3,0.125,80.625,34.39310345,24.57732052,29.48521198,9.81578293,22703.70013,0.551724138,272.6,0.155172414,79.29690653,33.19047619,24.46666667,28.82857143,8.723809524,7843.441917,0.19047619,77.2,0.19047619,82.47619048
2392,2278,Mecanizado,SI,P4082 (Pioneer),Algodón,SI,Mecanizada,NO,4988.372093,6.0,48.0,64.0,62500,7,2,0,0,0,0,0,1,1,0,0,1,2,0,0.0,0.0,92.0,0,0.0,0.0,0,0.0,60.0,0,0,0,4,2.2,PLANO O LLANO,PLANO,2.0,6.0,SIN ROCAS,NO,-1.0,-1.0,NO,-1.0,NO,GRANULAR,NO,NO,NO HAY,LA MANANA Y LA TARDE,NO HAY,NO HAY,NO,SI,48.0,MUY AFECTADAS,SI,NO,SI,SI,BUENO,60.0,BUENO,NINGUNO,0.0,0.0,73.33,0.0,0.0,0.0,0.0,0.0,26.67,0.0,0.0,0.0,0.0,100.0,0.0,0.0,0.0,0.0,33.8275,24.73,29.27875,9.0975,15505.82049,0.425,118.3,0.075,79.26942897,33.98965517,24.41869983,29.2041775,9.570955344,22471.86148,0.482758621,306.2,0.189655172,80.24902448,33.4952381,24.42857143,28.96190476,9.066666667,8008.659328,0.333333333,43.4,0.095238095,81.80952381
2403,2263,Manual,NO,DK 234,Maiz,SI,Manual,SI,3446.511628,4.0,77.0,49.0,66000,13,0,0,0,0,0,0,0,0,0,0,0,0,0,0.0,0.0,153.0,0,0.0,15.0,0,0.0,60.0,0,0,0,4,1.0,PLANO O LLANO,PLANO,2.0,5.0,SIN ROCAS,SI,28.0,8.0,NO,-1.0,NO,ATERRONADA,NO,NO,MUY MARCADAS,LA MANANA Y LA TARDE,NO HAY,POCO MARCADAS,NO,SI,24.0,POCO AFECTADAS,NO,NO,NO,NO,ESPACIADO,28.0,BUENO,NINGUNO,0.0,100.0,0.0,0.0,0.0,0.0,0.0,0.0,0.0,0.0,0.0,100.0,0.0,0.0,0.0,0.0,0.0,0.0,33.915,24.745,29.33,9.17,15178.35773,0.575,189.1,0.15,79.7,34.27413793,24.68448276,29.47931034,9.589655172,22439.92631,0.5,259.6,0.137931034,79.01339929,33.89090909,24.42377546,29.15734227,9.467133635,12873.18305,0.454545455,103.0,0.151515152,80.58919454
2404,2262,Mecanizado,SI,PAC 105,Algodón,SI,Manual,SI,3906.976744,5.0,47.0,77.0,60000,13,0,0,0,0,0,0,0,0,0,0,0,1,0,0.0,0.0,184.0,0,0.0,0.0,0,0.0,150.0,0,0,0,4,1.0,PLANO O LLANO,PLANO,2.0,6.0,SIN ROCAS,NO,-1.0,-1.0,NO,-1.0,NO,GRANULAR,NO,NO,NO HAY,LA MANANA Y LA TARDE,NO HAY,NO HAY,NO,SI,27.0,PLANTAS NORMALES,NO,NO,SI,NO,BUENO,45.0,BUENO,NINGUNO,0.0,0.0,0.0,0.0,0.0,0.0,66.67,33.33,0.0,0.0,0.0,0.0,0.0,100.0,0.0,0.0,0.0,0.0,34.3675,24.8875,29.6275,9.48,15771.33664,0.525,98.2,0.05,77.96942897,33.67586207,24.31525155,28.99555681,9.360610517,22303.83284,0.413793103,317.6,0.206896552,81.00764517,33.35,24.56875,28.959375,8.78125,12089.88797,0.40625,74.7,0.0625,82.6875
2406,2308,Mecanizado,NO,Otro,Algodón,SI,Manual,NO,1632.55814,4.0,45.0,88.0,62500,6,0,0,0,0,0,0,2,2,0,0,0,3,0,0.0,0.0,115.0,0,0.0,0.0,0,0.0,0.0,0,0,0,2,1.4,PLANO O LLANO,PLANO,1.0,6.0,SIN ROCAS,NO,-1.0,-1.0,NO,-1.0,NO,GRANULAR,NO,NO,NO HAY,LA MANANA Y LA TARDE,NO HAY,NO HAY,SI,NO,-1.0,NO HAY CULTIVO,SI,NO,SI,SI,BUENO,60.0,BUENO,NINGUNO,0.0,0.0,0.0,100.0,0.0,0.0,0.0,0.0,0.0,0.0,0.0,0.0,0.0,100.0,0.0,0.0,0.0,0.0,33.8925,24.79,29.34125,9.1025,15447.87574,0.45,118.3,0.075,79.06942897,33.91724138,24.34283776,29.13003957,9.57440362,22537.00573,0.465517241,306.6,0.189655172,80.33523138,33.45,24.575,29.0125,8.875,15178.98572,0.425,85.7,0.075,82.075
2435,2057,Mecanizado,SI,DK 234 YGRR,Algodón,NO,Manual,NO,3202.325581,4.0,47.0,80.0,60000,6,0,0,0,0,0,0,0,1,0,0,0,0,0,0.0,0.0,46.0,0,0.0,0.0,0,0.0,0.0,0,0,0,1,1.0,PLANO O LLANO,PLANO,2.0,6.0,SIN ROCAS,NO,-1.0,-1.0,SI,-1.0,NO,GRANULAR,NO,NO,NO HAY,LA MANANA Y LA TARDE,NO HAY,NO HAY,NO,SI,34.0,MUY AFECTADAS,NO,NO,SI,NO,BUENO,34.0,LENTO A MUY LENTO,NINGUNO,0.0,30.0,0.0,0.0,0.0,0.0,0.0,0.0,70.0,0.0,100.0,0.0,0.0,0.0,0.0,0.0,0.0,0.0,33.89995414,23.81290578,28.85642996,10.08704836,15001.74031,0.4,182.9,0.175,80.72387969,33.25172414,23.74420286,28.4979635,9.507521281,23440.78825,0.310344828,389.2,0.206896552,86.0214783,32.45882353,24.23785653,28.34834003,8.220967004,13118.70651,0.029411765,170.7,0.176470588,85.96140612
2441,2055,Manual,NO,DK 234,Algodón,NO,Manual,NO,2193.023256,5.0,45.0,80.0,55000,6,0,0,0,0,0,0,0,1,0,0,0,0,0,0.0,0.0,46.0,0,0.0,0.0,0,0.0,0.0,0,0,0,1,1.0,PLANO O LLANO,PLANO,2.0,6.5,SIN ROCAS,SI,8.0,14.0,SI,12.0,NO,ATERRONADA,NO,NO,NO HAY,LA MANANA Y LA TARDE,NO HAY,NO HAY,NO,SI,38.0,POCO AFECTADAS,NO,NO,NO,NO,ESPACIADO,38.0,LENTO A MUY LENTO,NINGUNO,0.0,0.0,0.0,0.0,20.0,0.0,0.0,0.0,80.0,0.0,80.0,20.0,0.0,0.0,0.0,0.0,0.0,0.0,33.98995414,23.81912987,28.904542,10.17082427,15018.07386,0.425,182.9,0.175,80.72387969,33.16206897,23.74168515,28.45187706,9.420383812,23451.77308,0.293103448,389.2,0.206896552,86.12492658,32.48484848,24.26576127,28.37530488,8.219087217,12825.3655,0.03030303,170.7,0.181818182,85.99053964
2442,2054,Mecanizado,SI,DK 234 YGRR,Algodón,SI,Manual,NO,3813.953488,4.0,49.0,78.0,60000,15,0,0,0,0,0,0,0,0,0,0,0,0,0,0.0,0.0,115.0,0,0.0,0.0,0,0.0,60.0,0,0,0,5,2.0,PLANO O LLANO,PLANO,2.0,5.5,SIN ROCAS,NO,-1.0,-1.0,SI,-1.0,NO,GRANULAR,NO,NO,NO HAY,LA MANANA Y LA TARDE,NO HAY,NO HAY,NO,SI,31.0,PLANTAS NORMALES,NO,NO,SI,NO,ESPACIADO,31.0,LENTO A MUY LENTO,NINGUNO,0.0,41.67,0.0,0.0,0.0,0.0,0.0,58.33,0.0,0.0,0.0,100.0,0.0,0.0,0.0,0.0,0.0,0.0,33.8275,24.73,29.27875,9.0975,15505.82049,0.425,118.3,0.075,79.26942897,33.98965517,24.41869983,29.2041775,9.570955344,22471.86148,0.482758621,306.2,0.189655172,80.24902448,33.37647059,24.54117647,28.95882353,8.835294118,12791.63962,0.382352941,64.9,0.058823529,82.41176471
2443,2053,Manual,NO,DK 234 YGRR,Algodón,NO,Manual,NO,3720.930233,3.0,46.0,84.0,60000,13,0,0,0,0,0,0,0,1,0,0,0,0,0,0.0,0.0,46.0,0,0.0,0.0,0,0.0,0.0,0,0,0,1,2.0,PLANO O LLANO,PLANO,2.0,5.5,SIN ROCAS,NO,-1.0,-1.0,SI,-1.0,NO,ATERRONADA,NO,NO,NO HAY,LA MANANA Y LA TARDE,NO HAY,NO HAY,NO,SI,26.0,PLANTAS NORMALES,NO,NO,SI,NO,REGULAR,26.0,LENTO A MUY LENTO,NINGUNO,0.0,28.33,0.0,0.0,0.0,0.0,0.0,0.0,71.67,0.0,0.0,100.0,0.0,0.0,0.0,0.0,0.0,0.0,33.8275,24.73,29.27875,9.0975,15505.82049,0.425,118.3,0.075,79.26942897,33.98965517,24.41869983,29.2041775,9.570955344,22471.86148,0.482758621,306.2,0.189655172,80.24902448,33.41666667,24.53888889,28.97777778,8.877777778,13699.2901,0.388888889,86.1,0.083333333,82.36111111
2444,2206,Mecanizado,NO,DK 234 YGRR,Algodón,NO,Manual,NO,4004.651163,3.0,46.0,83.0,60000,9,0,0,0,0,0,0,0,1,0,0,0,1,0,0.0,0.0,46.0,0,0.0,0.0,0,0.0,0.0,0,0,0,1,1.0,PLANO O LLANO,PLANO,2.0,6.5,SIN ROCAS,NO,-1.0,-1.0,SI,-1.0,NO,GRANULAR,NO,NO,NO HAY,LA MANANA Y LA TARDE,NO HAY,NO HAY,NO,SI,26.0,POCO AFECTADAS,NO,NO,SI,NO,BUENO,26.0,LENTO A MUY LENTO,NINGUNO,0.0,38.33,0.0,0.0,0.0,0.0,0.0,0.0,61.67,0.0,100.0,0.0,0.0,0.0,0.0,0.0,0.0,0.0,33.8925,24.79,29.34125,9.1025,15447.87574,0.45,118.3,0.075,79.06942897,33.91724138,24.34283776,29.13003957,9.57440362,22537.00573,0.465517241,306.6,0.189655172,80.33523138,33.45142857,24.61142857,29.03142857,8.84,13265.86674,0.4,85.7,0.085714286,82.48571429
2446,2056,Mecanizado,NO,ADV 9339 (Syngenta),Algodón,NO,Manual,NO,2002.325581,4.0,44.0,81.0,55000,7,0,0,0,0,0,0,0,1,0,0,0,1,0,0.0,0.0,46.0,0,0.0,0.0,0,0.0,0.0,0,0,0,1,1.0,PLANO O LLANO,PLANO,2.0,5.5,SIN ROCAS,NO,-1.0,-1.0,SI,-1.0,NO,GRANULAR,NO,NO,NO HAY,LA MANANA Y LA TARDE,NO HAY,NO HAY,NO,SI,33.0,POCO AFECTADAS,NO,NO,SI,NO,BUENO,33.0,LENTO A MUY LENTO,NINGUNO,0.0,20.0,0.0,0.0,0.0,0.0,0.0,0.0,80.0,0.0,100.0,0.0,0.0,0.0,0.0,0.0,0.0,0.0,34.06995414,23.88458754,28.97727084,10.1853666,15308.27792,0.45,182.3,0.175,80.69887969,33.0862069,23.74215655,28.41418172,9.344050348,23217.74488,0.275862069,389.2,0.206896552,86.24561623,32.53125,24.22916357,28.38020678,8.302086433,12532.00276,0.03125,170.7,0.1875,85.95899401
2447,2207,Mecanizado,NO,Otro,Algodón,NO,Manual,NO,5488.372093,0.0,48.0,85.0,55000,9,1,0,0,0,0,0,0,1,0,0,0,2,0,0.0,0.0,92.0,0,0.0,0.0,0,0.0,30.0,0,0,0,3,1.0,PLANO O LLANO,PLANO,2.0,6.0,SIN ROCAS,NO,-1.0,-1.0,SI,-1.0,NO,GRANULAR,NO,NO,NO HAY,LA MANANA Y LA TARDE,NO HAY,NO HAY,NO,SI,24.0,PLANTAS NORMALES,NO,NO,SI,NO,REGULAR,24.0,LENTO A MUY LENTO,NINGUNO,0.0,31.67,0.0,0.0,0.0,0.0,0.0,68.33,0.0,0.0,100.0,0.0,0.0,0.0,0.0,0.0,0.0,0.0,34.3675,24.8875,29.6275,9.48,15771.33664,0.525,98.2,0.05,77.96942897,33.67586207,24.31525155,28.99555681,9.360610517,22303.83284,0.413793103,317.6,0.206896552,81.00764517,33.44444444,24.54444444,28.99444444,8.9,13684.53735,0.444444444,74.7,0.055555556,82.08333333
2449,2025,Mecanizado,NO,DK 234 YGRR,Algodón,NO,Manual,NO,2919.767442,5.0,52.0,75.0,55000,15,1,0,0,0,0,0,0,1,0,0,0,2,0,0.0,0.0,138.0,0,0.0,0.0,0,0.0,0.0,0,0,0,3,1.0,PLANO O LLANO,PLANO,2.0,6.0,SIN ROCAS,NO,-1.0,-1.0,SI,-1.0,NO,GRANULAR,NO,NO,NO HAY,LA MANANA Y LA TARDE,NO HAY,NO HAY,NO,SI,23.0,POCO AFECTADAS,NO,NO,SI,NO,REGULAR,26.0,LENTO A MUY LENTO,NINGUNO,0.0,38.33,0.0,0.0,0.0,0.0,0.0,61.67,0.0,0.0,0.0,100.0,0.0,0.0,0.0,0.0,0.0,0.0,33.89995414,24.73,29.31497707,9.16995414,15001.74031,0.4,182.9,0.175,80.72387969,33.25172414,24.41869983,28.83521198,8.83302431,23440.78825,0.310344828,389.2,0.206896552,86.0214783,32.46285714,24.57714286,28.52,7.885714286,13482.06198,0.028571429,203.7,0.2,86.07679452
2450,2027,Mecanizado,NO,DK 234 YGRR,Algodón,NO,Manual,NO,2790.697674,3.0,47.0,81.0,55000,6,0,0,0,0,0,0,0,1,0,0,0,0,0,0.0,0.0,46.0,0,0.0,0.0,0,0.0,0.0,0,0,0,1,1.0,PLANO O LLANO,PLANO,2.0,5.5,SIN ROCAS,NO,-1.0,-1.0,SI,-1.0,NO,GRANULAR,NO,NO,NO HAY,LA MANANA Y LA TARDE,NO HAY,NO HAY,NO,SI,39.0,MUY AFECTADAS,NO,NO,SI,NO,ESPACIADO,39.0,LENTO A MUY LENTO,NINGUNO,0.0,0.0,0.0,0.0,0.0,0.0,0.0,16.67,83.33,0.0,100.0,0.0,0.0,0.0,0.0,0.0,0.0,0.0,34.51495414,23.84220532,29.17857973,10.67274882,16208.79444,0.525,99.3,0.1,80.08213791,32.80344828,23.77303134,28.28823981,9.030416933,22566.1423,0.206896552,403.5,0.206896552,86.61739168,32.47058824,24.43351473,28.45205148,8.037073509,13424.68884,0.029411765,202.4,0.235294118,86.50367153
2452,2030,Mecanizado,SI,DK 234 YGRR,Algodón,SI,Manual,NO,3767.44186,4.0,47.0,80.0,60000,8,0,0,0,0,0,0,0,1,0,0,0,2,0,0.0,0.0,46.0,0,0.0,0.0,0,0.0,40.0,0,0,0,2,1.0,PLANO O LLANO,PLANO,2.0,6.0,SIN ROCAS,NO,-1.0,-1.0,SI,-1.0,NO,GRANULAR,NO,NO,NO HAY,LA MANANA Y LA TARDE,NO HAY,NO HAY,NO,SI,31.0,PLANTAS NORMALES,NO,NO,SI,NO,ESPACIADO,31.0,LENTO A MUY LENTO,NINGUNO,0.0,0.0,0.0,0.0,0.0,0.0,63.33,36.67,0.0,0.0,0.0,100.0,0.0,0.0,0.0,0.0,0.0,0.0,33.8275,24.73,29.27875,9.0975,15505.82049,0.425,118.3,0.075,79.26942897,33.98965517,24.41869983,29.2041775,9.570955344,22471.86148,0.482758621,306.2,0.189655172,80.24902448,33.37647059,24.54117647,28.95882353,8.835294118,12791.63962,0.382352941,64.9,0.058823529,82.41176471
2454,2031,Mecanizado,NO,P3966 (Pioneer),Algodón,NO,Manual,NO,4862.790698,4.0,45.0,83.0,60000,13,1,0,0,0,0,0,0,1,0,0,0,2,0,0.0,0.0,46.0,0,0.0,0.0,0,0.0,30.0,0,0,0,2,2.0,PLANO O LLANO,PLANO,2.0,7.0,SIN ROCAS,SI,10.0,12.0,SI,20.0,NO,ATERRONADA,NO,NO,NO HAY,LA MANANA Y LA TARDE,NO HAY,NO HAY,NO,SI,9.0,PLANTAS NORMALES,NO,NO,SI,NO,ESPACIADO,10.0,LENTO A MUY LENTO,NINGUNO,0.0,0.0,0.0,0.0,0.0,0.0,71.67,28.33,0.0,0.0,0.0,100.0,0.0,0.0,0.0,0.0,0.0,0.0,34.2825,24.8875,29.585,9.395,15925.33525,0.5,98.2,0.05,78.16942897,33.73793103,24.31525155,29.02659129,9.422679482,22363.23222,0.431034483,306.6,0.189655172,80.88695551,33.37714286,24.54857143,28.96285714,8.828571429,13298.64887,0.4,85.7,0.085714286,82.31428571
2455,2032,Mecanizado,SI,P3966 (Pioneer),Algodón,SI,Manual,NO,4651.162791,3.0,45.0,79.0,60000,12,0,0,0,0,0,0,0,1,0,0,0,3,0,0.0,0.0,92.0,0,0.0,0.0,0,0.0,0.0,0,0,0,2,1.0,PLANO O LLANO,PLANO,2.0,6.0,SIN ROCAS,NO,-1.0,-1.0,SI,-1.0,NO,GRANULAR,NO,NO,NO HAY,LA MANANA Y LA TARDE,NO HAY,NO HAY,NO,SI,20.0,PLANTAS NORMALES,NO,NO,SI,NO,REGULAR,22.0,LENTO A MUY LENTO,NINGUNO,0.0,38.33,0.0,0.0,0.0,0.0,0.0,61.67,0.0,0.0,0.0,100.0,0.0,0.0,0.0,0.0,0.0,0.0,34.2825,24.8875,29.585,9.395,15925.33525,0.5,98.2,0.05,78.16942897,33.73793103,24.31525155,29.02659129,9.422679482,22363.23222,0.431034483,306.6,0.189655172,80.88695551,33.41333333,24.62666667,29.02,8.786666667,11203.13982,0.4,64.5,0.066666667,82.53333333
2456,2034,Mecanizado,SI,DK7088,Algodón,SI,Mecanizada,NO,4386.046512,4.0,49.0,91.0,60000,4,0,0,0,0,0,0,0,1,0,0,0,2,0,0.0,0.0,92.0,0,0.0,0.0,0,0.0,0.0,0,0,0,2,1.0,PLANO O LLANO,PLANO,2.0,5.5,SIN ROCAS,NO,-1.0,-1.0,SI,-1.0,NO,GRANULAR,NO,NO,NO HAY,LA MANANA Y LA TARDE,NO HAY,NO HAY,NO,SI,32.0,PLANTAS NORMALES,NO,NO,SI,NO,ESPACIADO,32.0,LENTO A MUY LENTO,NINGUNO,0.0,0.0,0.0,0.0,0.0,0.0,60.0,40.0,0.0,0.0,0.0,100.0,0.0,0.0,0.0,0.0,0.0,0.0,33.35995414,23.78593442,28.57294428,9.574019718,14347.74545,0.3,234.7,0.2,81.29887969,33.62413793,23.79776547,28.7109517,9.82637246,24224.37224,0.379310345,333.7,0.155172414,85.48032069,32.44680851,24.40770098,28.42725475,8.039107531,18160.14982,0.042553191,285.4,0.255319149,86.15053085
2457,2329,Manual,NO,Otro,Algodón,NO,Mecanizada,SI,2604.651163,36.0,15.0,99.0,50000,12,0,0,0,0,0,0,0,0,0,0,1,0,0,0.0,69.0,0.0,0,0.0,0.0,0,30.0,0.0,0,0,2,0,1.0,PLANO O LLANO,PLANO,2.0,5.5,SIN ROCAS,NO,-1.0,-1.0,NO,-1.0,NO,ATERRONADA,NO,NO,NO HAY,LA MANANA Y LA TARDE,NO HAY,NO HAY,NO,SI,33.0,PLANTAS NORMALES,NO,NO,SI,NO,ESPACIADO,50.0,BUENO,NINGUNO,0.0,0.0,0.0,0.0,0.0,0.0,100.0,0.0,0.0,0.0,0.0,0.0,0.0,100.0,0.0,0.0,0.0,0.0,34.955,25.0175,29.98625,9.9375,15012.76815,0.825,156.0,0.125,76.975,34.09827586,24.59827586,29.34827586,9.5,22437.464,0.5,220.6,0.120689655,78.61684756,33.57358491,24.25442623,28.91400557,9.319158679,20204.60928,0.377358491,314.4,0.226415094,81.51780037
2458,2326,Mecanizado,NO,DK 234,Algodón,NO,Mecanizada,SI,3146.511628,8.0,47.0,80.0,62000,11,0,1,0,0,0,0,0,0,0,0,0,1,0,0.0,0.0,138.0,0,0.0,0.0,0,0.0,180.0,0,0,0,2,1.0,PLANO O LLANO,PLANO,2.0,4.5,SIN ROCAS,NO,-1.0,-1.0,NO,-1.0,NO,GRANULAR,NO,NO,NO HAY,LA MANANA Y LA TARDE,NO HAY,NO HAY,NO,SI,34.0,PLANTAS NORMALES,NO,NO,SI,NO,ESPACIADO,50.0,BUENO,NINGUNO,0.0,0.0,0.0,0.0,0.0,0.0,52.0,48.0,0.0,0.0,0.0,0.0,0.0,0.0,100.0,0.0,0.0,0.0,33.6175,24.595,29.10625,9.0225,15396.85547,0.5,187.7,0.15,80.6,34.42758621,24.74137931,29.58448276,9.686206897,22635.63926,0.551724138,257.8,0.137931034,78.94443377,33.58947368,24.44959447,29.01953408,9.13987921,14486.36461,0.342105263,128.3,0.157894737,81.22219526
2465,2338,Manual,NO,PAC 105,Algodón,SI,Manual,NO,4279.069767,7.0,45.0,76.0,71420,8,0,0,0,0,0,0,1,0,0,0,0,5,0,0.0,0.0,126.5,0,0.0,0.0,0,0.0,0.0,0,0,0,3,2.0,PLANO O LLANO,PLANO,2.0,6.0,SIN ROCAS,NO,-1.0,-1.0,NO,-1.0,NO,ATERRONADA,NO,NO,NO HAY,LA MANANA Y LA TARDE,NO HAY,NO HAY,NO,SI,36.0,MUY AFECTADAS,SI,NO,SI,SI,BUENO,60.0,BUENO,NINGUNO,0.0,0.0,0.0,66.67,0.0,0.0,0.0,33.33,0.0,0.0,0.0,0.0,0.0,100.0,0.0,0.0,0.0,0.0,33.8275,24.73,29.27875,9.0975,15505.82049,0.425,118.3,0.075,79.26942897,33.98965517,24.41869983,29.2041775,9.570955344,22471.86148,0.482758621,306.2,0.189655172,80.24902448,33.32903226,24.52258065,28.92580645,8.806451613,11662.51809,0.35483871,56.1,0.064516129,82.4516129
2466,2340,Mecanizado,SI,Otro,Algodón,SI,Manual,NO,5804.651163,5.0,46.0,79.0,71000,16,2,0,0,0,0,0,2,2,0,0,1,2,0,0.0,0.0,69.0,0,0.0,15.0,0,0.0,35.0,0,0,0,5,4.0,PLANO O LLANO,PLANO,2.0,5.5,SIN ROCAS,NO,-1.0,-1.0,NO,-1.0,NO,GRANULAR,NO,NO,NO HAY,LA MANANA Y LA TARDE,NO HAY,NO HAY,NO,SI,20.0,PLANTAS NORMALES,NO,NO,NO,NO,ESPACIADO,60.0,BUENO,LENTO,0.0,0.0,0.0,0.0,0.0,0.0,0.0,100.0,0.0,0.0,58.33,41.67,0.0,0.0,0.0,0.0,0.0,0.0,34.2175,24.82,29.51875,9.3975,15785.72792,0.5,98.2,0.05,78.29442897,33.77931034,24.31697569,29.04814302,9.462334655,22356.15162,0.431034483,306.6,0.189655172,80.76626586,33.4969697,24.63636364,29.06666667,8.860606061,12539.88722,0.424242424,85.7,0.090909091,82.42424242
2468,2336,Mecanizado,SI,DK 234 YGRR,Algodón,SI,Manual,NO,5308.139535,3.0,55.0,64.0,62500,12,0,0,0,0,0,0,1,0,0,0,0,0,0,0.0,0.0,105.8,0,0.0,0.0,0,0.0,0.0,0,0,0,2,2.6,PLANO O LLANO,PLANO,2.0,6.5,SIN ROCAS,NO,-1.0,-1.0,NO,-1.0,NO,ATERRONADA,NO,NO,NO HAY,LA MANANA Y LA TARDE,NO HAY,NO HAY,NO,SI,20.0,POCO AFECTADAS,SI,NO,SI,SI,REGULAR,60.0,BUENO,NINGUNO,0.0,0.0,0.0,0.0,71.67,0.0,0.0,28.33,0.0,0.0,0.0,0.0,0.0,28.33,0.0,0.0,71.67,0.0,33.8925,24.79,29.34125,9.1025,15447.87574,0.45,118.3,0.075,79.06942897,33.91724138,24.34283776,29.13003957,9.57440362,22537.00573,0.465517241,306.6,0.189655172,80.33523138,33.392,24.58,28.986,8.812,9281.096944,0.36,54.4,0.08,82.48
2472,2341,Mecanizado,SI,Otro,Maiz,SI,Manual,SI,3623.255814,5.0,47.0,78.0,70000,16,0,0,0,0,0,0,2,1,0,0,0,5,0,0.0,0.0,161.0,0,0.0,0.0,0,0.0,0.0,0,0,0,3,5.0,PLANO O LLANO,PLANO,2.0,6.0,SIN ROCAS,NO,-1.0,-1.0,NO,-1.0,NO,ATERRONADA,NO,NO,NO HAY,LA MANANA Y LA TARDE,NO HAY,NO HAY,NO,SI,24.0,PLANTAS NORMALES,NO,NO,SI,NO,ESPACIADO,60.0,BUENO,LENTO,0.0,0.0,0.0,0.0,0.0,0.0,0.0,100.0,0.0,0.0,0.0,0.0,0.0,55.0,45.0,0.0,0.0,0.0,34.3675,24.8875,29.6275,9.48,15771.33664,0.525,98.2,0.05,77.96942897,33.67586207,24.31525155,28.99555681,9.360610517,22303.83284,0.413793103,317.6,0.206896552,81.00764517,33.33333333,24.52727273,28.93030303,8.806060606,12497.83076,0.393939394,74.7,0.060606061,82.48484848
2474,2333,Mecanizado,NO,P4082 (Pioneer),Algodón,NO,Manual,NO,2412.790698,5.0,45.0,78.0,62500,9,0,0,0,0,0,0,0,1,0,0,0,2,1,0.0,0.0,92.0,0,0.0,0.0,0,0.0,0.0,0,0,0,2,1.7,PLANO O LLANO,PLANO,2.0,6.0,SIN ROCAS,SI,1.0,16.0,NO,-1.0,NO,ATERRONADA,NO,NO,NO HAY,LA MANANA Y LA TARDE,NO HAY,NO HAY,NO,SI,30.0,MUY AFECTADAS,SI,NO,SI,SI,REGULAR,30.0,BUENO,NINGUNO,0.0,0.0,0.0,0.0,0.0,100.0,0.0,0.0,0.0,0.0,0.0,0.0,0.0,0.0,0.0,0.0,73.33,26.67,33.3175,24.355,28.83625,8.9625,14658.38852,0.4,198.3,0.15,80.7,34.55862069,24.8221481,29.6903844,9.736472586,22774.84608,0.603448276,227.2,0.120689655,78.68581308,33.49677419,24.37741935,28.93709677,9.119354839,11765.41691,0.290322581,122.6,0.193548387,81.75623935
2501,2357,Mecanizado,SI,Otro,Algodón,SI,Manual,SI,3579.069767,5.0,45.0,67.0,70000,16,0,0,0,0,0,0,2,1,0,0,0,4,0,0.0,0.0,172.5,0,0.0,0.0,0,0.0,0.0,0,0,0,3,5.0,PLANO O LLANO,PLANO,2.0,5.5,SIN ROCAS,NO,-1.0,-1.0,NO,-1.0,NO,ATERRONADA,NO,NO,NO HAY,LA MANANA Y LA TARDE,NO HAY,NO HAY,NO,SI,21.0,PLANTAS NORMALES,NO,NO,SI,NO,ESPACIADO,60.0,BUENO,LENTO,0.0,0.0,0.0,0.0,0.0,0.0,0.0,100.0,0.0,0.0,0.0,0.0,0.0,58.33,41.67,0.0,0.0,0.0,33.8925,24.79,29.34125,9.1025,15447.87574,0.45,118.3,0.075,79.06942897,33.91724138,24.34283776,29.13003957,9.57440362,22537.00573,0.465517241,306.6,0.189655172,80.33523138,33.56,24.55,29.055,9.01,7575.235971,0.35,43.0,0.1,82.0
2502,2035,Mecanizado,SI,DK7088,Algodón,SI,Mecanizada,NO,2812.790698,4.0,48.0,81.0,60000,8,0,0,0,0,0,0,0,2,0,0,0,1,0,0.0,0.0,92.0,0,0.0,0.0,0,0.0,0.0,0,0,0,2,1.0,PLANO O LLANO,PLANO,2.0,6.5,SIN ROCAS,NO,-1.0,-1.0,NO,-1.0,NO,GRANULAR,NO,NO,NO HAY,LA MANANA Y LA TARDE,NO HAY,NO HAY,NO,SI,22.0,PLANTAS NORMALES,SI,NO,SI,NO,ESPACIADO,60.0,BUENO,NINGUNO,0.0,0.0,0.0,26.67,0.0,73.33,0.0,0.0,0.0,0.0,100.0,0.0,0.0,0.0,0.0,0.0,0.0,0.0,33.2225,24.3225,28.7725,8.9,14180.50395,0.35,234.7,0.2,80.625,34.39310345,24.57732052,29.48521198,9.81578293,24390.03912,0.551724138,333.7,0.155172414,79.29690653,33.27777778,24.47222222,28.875,8.805555556,13444.3669,0.333333333,210.2,0.222222222,82.38888889
2503,2036,Mecanizado,NO,DK 234 YGRR,Algodón,NO,Manual,NO,2883.72093,5.0,46.0,104.0,55000,4,0,0,0,0,0,0,0,2,0,0,0,0,0,0.0,0.0,46.0,0,0.0,0.0,0,0.0,0.0,0,0,0,1,1.0,PLANO O LLANO,PLANO,2.0,5.5,SIN ROCAS,NO,-1.0,-1.0,SI,-1.0,NO,ATERRONADA,NO,NO,NO HAY,LA MANANA Y LA TARDE,NO HAY,NO HAY,NO,SI,42.0,MUY AFECTADAS,NO,NO,SI,NO,ESPACIADO,42.0,LENTO A MUY LENTO,NINGUNO,0.0,0.0,0.0,0.0,23.33,0.0,0.0,0.0,76.67,0.0,76.67,23.33,0.0,0.0,0.0,0.0,0.0,0.0,34.59495414,23.88223298,29.23859356,10.71272116,16391.72833,0.55,99.3,0.1,79.98213791,32.77241379,23.75219702,28.26230541,9.020216776,22569.10823,0.189655172,403.5,0.206896552,86.72083996,32.24827586,24.64746319,28.44786953,7.600812673,21991.62489,0.034482759,321.6,0.206896552,87.8303767
2504,2038,Mecanizado,SI,DK 234 YGRR,Algodón,NO,Manual,NO,3337.209302,4.0,47.0,79.0,55000,10,0,0,0,0,0,0,0,1,0,0,0,2,0,0.0,0.0,92.0,0,0.0,0.0,0,0.0,0.0,0,0,0,2,1.0,PLANO O LLANO,PLANO,2.0,6.5,SIN ROCAS,NO,-1.0,-1.0,SI,-1.0,NO,GRANULAR,NO,NO,NO HAY,LA MANANA Y LA TARDE,NO HAY,NO HAY,NO,SI,29.0,PLANTAS NORMALES,NO,NO,SI,SI,BUENO,29.0,LENTO A MUY LENTO,NINGUNO,0.0,0.0,0.0,0.0,0.0,0.0,48.33,51.67,0.0,0.0,100.0,0.0,0.0,0.0,0.0,0.0,0.0,0.0,33.8275,24.73,29.27875,9.0975,15505.82049,0.425,118.3,0.075,79.26942897,33.98965517,24.41869983,29.2041775,9.570955344,22471.86148,0.482758621,306.2,0.189655172,80.24902448,33.30909091,24.51515152,28.91212121,8.793939394,12391.87474,0.363636364,64.9,0.060606061,82.54545455
2506,2359,Mecanizado,NO,ADV 9339 (Syngenta),Algodón,SI,Manual,SI,4651.162791,5.0,46.0,71.0,70000,16,0,0,0,0,0,0,0,0,0,0,0,5,0,0.0,0.0,103.5,0,0.0,0.0,0,0.0,0.0,0,0,0,2,5.0,PLANO O LLANO,PLANO,2.0,5.5,SIN ROCAS,NO,-1.0,-1.0,NO,-1.0,NO,GRANULAR,NO,NO,NO HAY,LA MANANA Y LA TARDE,NO HAY,NO HAY,NO,SI,17.0,PLANTAS NORMALES,NO,NO,SI,NO,ESPACIADO,60.0,BUENO,LENTO,0.0,0.0,0.0,0.0,0.0,0.0,0.0,100.0,0.0,0.0,0.0,0.0,0.0,100.0,0.0,0.0,0.0,0.0,33.8925,24.79,29.34125,9.1025,15447.87574,0.45,118.3,0.075,79.06942897,33.91724138,24.34283776,29.13003957,9.57440362,22537.00573,0.465517241,306.6,0.189655172,80.33523138,33.392,24.58,28.986,8.812,9281.096944,0.36,54.4,0.08,82.48
2507,2360,Mecanizado,SI,Otro,Algodón,SI,Manual,SI,5511.627907,5.0,48.0,79.0,71000,16,1,0,0,0,0,0,2,1,0,0,1,1,0,0.0,0.0,92.0,0,0.0,0.0,0,0.0,60.0,0,0,0,4,4.0,PLANO O LLANO,PLANO,2.0,5.5,SIN ROCAS,NO,-1.0,-1.0,NO,-1.0,NO,GRANULAR,NO,NO,NO HAY,LA MANANA Y LA TARDE,NO HAY,NO HAY,NO,SI,23.0,PLANTAS NORMALES,NO,NO,SI,NO,ESPACIADO,60.0,BUENO,LENTO,0.0,0.0,0.0,0.0,0.0,0.0,0.0,100.0,0.0,0.0,0.0,0.0,0.0,100.0,0.0,0.0,0.0,0.0,33.3175,24.355,28.83625,8.9625,14658.38852,0.4,198.3,0.15,80.7,34.55862069,24.8221481,29.6903844,9.736472586,22774.84608,0.603448276,227.2,0.120689655,78.68581308,33.54857143,24.32285714,28.93571429,9.225714286,13408.14189,0.342857143,122.6,0.171428571,81.52695485
2508,2361,Mecanizado,NO,Otro,Algodón,SI,Manual,NO,5116.27907,5.0,48.0,80.0,71000,16,1,0,0,0,0,0,0,1,0,0,0,3,0,0.0,0.0,68.0,0,0.0,4.4,0,0.0,49.8,0,0,0,3,5.0,PLANO O LLANO,PLANO,2.0,6.0,SIN ROCAS,NO,-1.0,-1.0,NO,-1.0,NO,GRANULAR,NO,NO,NO HAY,LA MANANA Y LA TARDE,NO HAY,NO HAY,NO,SI,24.0,PLANTAS NORMALES,NO,NO,SI,NO,ESPACIADO,60.0,BUENO,LENTO,0.0,0.0,0.0,0.0,0.0,0.0,0.0,100.0,0.0,0.0,0.0,0.0,0.0,53.33,46.67,0.0,0.0,0.0,33.8275,24.73,29.27875,9.0975,15505.82049,0.425,118.3,0.075,79.26942897,33.98965517,24.41869983,29.2041775,9.570955344,22471.86148,0.482758621,306.2,0.189655172,80.24902448,33.41666667,24.53888889,28.97777778,8.877777778,13699.2901,0.388888889,86.1,0.083333333,82.36111111
2510,2363,Mecanizado,NO,P3966 (Pioneer),Algodón,SI,Manual,SI,5116.27907,30.0,49.0,67.0,70000,16,1,0,0,0,0,0,0,1,0,0,0,4,0,0.0,0.0,66.0,0,0.0,4.0,0,0.0,48.0,0,0,0,3,5.0,PLANO O LLANO,PLANO,2.0,6.0,SIN ROCAS,NO,-1.0,-1.0,NO,-1.0,NO,GRANULAR,NO,NO,NO HAY,LA MANANA Y LA TARDE,NO HAY,NO HAY,NO,SI,22.0,PLANTAS NORMALES,NO,NO,SI,NO,ESPACIADO,60.0,BUENO,LENTO,0.0,0.0,0.0,0.0,0.0,0.0,0.0,100.0,0.0,0.0,0.0,0.0,0.0,55.0,45.0,0.0,0.0,0.0,33.3175,24.355,28.83625,8.9625,14658.38852,0.4,198.3,0.15,80.7,34.55862069,24.8221481,29.6903844,9.736472586,22774.84608,0.603448276,227.2,0.120689655,78.68581308,33.48979592,24.43061224,28.96020408,9.059183673,18609.20921,0.387755102,144.1,0.12244898,81.92741673
2511,2364,Mecanizado,SI,Otro,Algodón,SI,Mecanizada,NO,5577.906977,5.0,46.0,77.0,71000,16,0,0,0,0,0,0,2,1,0,0,1,3,0,0.0,0.0,96.0,0,0.0,0.0,0,0.0,15.0,0,0,0,4,4.0,PLANO O LLANO,PLANO,2.0,5.5,SIN ROCAS,NO,-1.0,-1.0,NO,-1.0,NO,GRANULAR,NO,NO,NO HAY,LA MANANA Y LA TARDE,NO HAY,NO HAY,NO,SI,19.0,PLANTAS NORMALES,NO,NO,SI,NO,REGULAR,60.0,BUENO,LENTO,0.0,0.0,0.0,0.0,0.0,0.0,0.0,100.0,0.0,0.0,0.0,0.0,0.0,100.0,0.0,0.0,0.0,0.0,34.0025,24.7725,29.3875,9.23,15588.595,0.475,104.6,0.05,78.76942897,33.85517241,24.308355,29.08176371,9.546817413,22479.5339,0.448275862,306.6,0.189655172,80.52488655,33.36774194,24.64516129,29.00645161,8.722580645,11549.43507,0.387096774,64.5,0.064516129,82.70967742
2523,2039,Mecanizado,SI,DK 234 YGRR,Algodón,SI,Manual,NO,3432.55814,4.0,47.0,83.0,55000,9,0,0,0,0,0,0,0,1,0,0,0,2,0,0.0,0.0,92.0,0,0.0,0.0,0,0.0,0.0,0,0,0,2,1.0,PLANO O LLANO,PLANO,2.0,7.0,SIN ROCAS,SI,13.0,10.0,NO,-1.0,NO,ATERRONADA,NO,NO,NO HAY,LA MANANA Y LA TARDE,NO HAY,NO HAY,NO,SI,16.0,MUY AFECTADAS,NO,NO,NO,NO,ESPACIADO,16.0,BUENO,NINGUNO,0.0,0.0,0.0,0.0,46.67,0.0,53.33,0.0,0.0,0.0,0.0,100.0,0.0,0.0,0.0,0.0,0.0,0.0,33.3075,24.3575,28.8325,8.95,15132.60815,0.35,181.1,0.125,80.44442897,34.31724138,24.54283776,29.43003957,9.77440362,22715.79005,0.534482759,272.6,0.155172414,79.45592103,33.25945946,24.52972973,28.89459459,8.72972973,13839.01049,0.351351351,98.7,0.108108108,82.51351351
2525,2040,Mecanizado,SI,DK 234 YGRR,Algodón,SI,Manual,NO,3579.069767,4.0,46.0,91.0,60000,5,0,0,0,0,0,0,0,1,0,0,0,2,0,0.0,0.0,92.0,0,0.0,0.0,0,0.0,0.0,0,0,0,2,2.0,PLANO O LLANO,PLANO,2.0,5.5,SIN ROCAS,NO,-1.0,-1.0,SI,-1.0,NO,GRANULAR,NO,NO,NO HAY,LA MANANA Y LA TARDE,NO HAY,NO HAY,NO,SI,40.0,PLANTAS NORMALES,NO,NO,SI,NO,REGULAR,40.0,LENTO A MUY LENTO,NINGUNO,0.0,0.0,0.0,0.0,38.33,0.0,0.0,0.0,61.67,0.0,100.0,0.0,0.0,0.0,0.0,0.0,0.0,0.0,33.49495414,23.79545948,28.64520681,9.699494656,14490.6314,0.325,227.5,0.2,81.09887969,33.52413793,23.81323732,28.66868762,9.710900612,23999.98415,0.362068966,351.2,0.172413793,85.65273448,32.44545455,24.31104707,28.37825081,8.134407478,17024.89876,0.022727273,254.7,0.227272727,86.00170341
2526,2041,Mecanizado,NO,DK 234 YGRR,Algodón,NO,Manual,NO,2383.72093,4.0,44.0,85.0,55000,8,0,0,0,0,0,0,0,2,0,0,0,0,0,0.0,0.0,92.0,0,0.0,0.0,0,0.0,0.0,0,0,0,2,1.0,PLANO O LLANO,PLANO,2.0,6.0,SIN ROCAS,NO,-1.0,-1.0,SI,-1.0,NO,ATERRONADA,NO,NO,NO HAY,LA MANANA Y LA TARDE,NO HAY,NO HAY,NO,SI,26.0,MUY AFECTADAS,NO,NO,SI,NO,ESPACIADO,26.0,LENTO A MUY LENTO,NINGUNO,0.0,41.67,0.0,0.0,0.0,0.0,58.33,0.0,0.0,0.0,100.0,0.0,0.0,0.0,0.0,0.0,0.0,0.0,33.69495414,23.81473549,28.75484481,9.880218651,14672.54442,0.35,227.5,0.2,80.82387969,33.42068966,23.75522131,28.58795548,9.665468346,23841.36953,0.344827586,367.2,0.189655172,85.83182313,32.43333333,24.17917035,28.30625184,8.254162985,13723.57761,0.027777778,192.7,0.194444444,85.76910578
2535,2375,Mecanizado,SI,Otro,Algodón,SI,Mecanizada,NO,5308.139535,5.0,48.0,87.0,71000,16,0,0,0,0,0,0,2,2,0,0,1,1,0,0.0,0.0,80.0,0,0.0,0.0,0,0.0,45.0,0,0,0,7,4.0,PLANO O LLANO,PLANO,2.0,6.0,SIN ROCAS,NO,-1.0,-1.0,NO,-1.0,NO,GRANULAR,NO,NO,NO HAY,LA MANANA Y LA TARDE,NO HAY,NO HAY,NO,SI,25.0,PLANTAS NORMALES,NO,NO,SI,NO,BUENO,60.0,BUENO,LENTO,0.0,0.0,0.0,0.0,0.0,0.0,0.0,100.0,0.0,0.0,0.0,0.0,0.0,45.0,55.0,0.0,0.0,0.0,34.6825,25.0675,29.875,9.615,15731.78276,0.6,61.7,0.05,77.56942897,33.48275862,24.17559638,28.8291775,9.307162241,22218.0579,0.362068966,318.0,0.206896552,81.42143827,33.28372093,24.57209302,28.92790698,8.711627907,15873.80765,0.395348837,168.8,0.069767442,82.46511628
2536,2376,Mecanizado,SI,Otro,Algodón,SI,Manual,SI,3579.069767,5.0,46.0,76.0,70000,16,0,0,0,0,0,0,2,1,0,0,0,3,0,0.0,0.0,161.0,0,0.0,0.0,0,0.0,0.0,0,0,0,3,5.0,PLANO O LLANO,PLANO,2.0,6.0,SIN ROCAS,NO,-1.0,-1.0,NO,-1.0,NO,ATERRONADA,NO,NO,NO HAY,LA MANANA Y LA TARDE,NO HAY,NO HAY,NO,SI,23.0,PLANTAS NORMALES,NO,NO,SI,NO,ESPACIADO,60.0,BUENO,LENTO,0.0,0.0,0.0,0.0,0.0,0.0,0.0,100.0,0.0,0.0,0.0,0.0,0.0,58.33,41.67,0.0,0.0,0.0,34.3675,24.8875,29.6275,9.48,15771.33664,0.525,98.2,0.05,77.96942897,33.67586207,24.31525155,28.99555681,9.360610517,22303.83284,0.413793103,317.6,0.206896552,81.00764517,33.43333333,24.62666667,29.03,8.806666667,11306.31,0.433333333,74.7,0.066666667,82.7
2540,2328,Mecanizado,SI,DK 234,Algodón,SI,Manual,SI,2046.511628,5.0,85.0,41.0,42000,11,0,0,0,0,0,0,0,1,0,0,0,1,0,0.0,0.0,115.0,0,0.0,0.0,0,0.0,0.0,0,0,0,1,1.0,PLANO O LLANO,PLANO,2.0,6.0,SIN ROCAS,NO,-1.0,-1.0,NO,-1.0,NO,GRANULAR,NO,NO,NO HAY,LA MANANA Y LA TARDE,NO HAY,NO HAY,NO,SI,34.0,PLANTAS NORMALES,NO,NO,SI,NO,REGULAR,50.0,BUENO,NINGUNO,0.0,0.0,0.0,0.0,0.0,0.0,66.0,34.0,0.0,0.0,0.0,0.0,0.0,0.0,100.0,0.0,0.0,0.0,33.3775,24.48,28.92875,8.8975,15307.86942,0.45,188.0,0.15,80.9,34.64137931,24.80344828,29.72241379,9.837931034,22929.23636,0.603448276,255.9,0.137931034,78.65133032,33.45294118,24.32601735,28.88947927,9.126923822,12948.2771,0.294117647,126.4,0.176470588,81.36598294
2541,2379,Mecanizado,SI,P3966 (Pioneer),Algodón,NO,Manual,SI,3446.511628,5.0,47.0,68.0,60000,11,0,0,0,0,0,0,0,0,0,0,0,0,0,0.0,0.0,46.0,0,0.0,0.0,0,0.0,30.0,0,0,0,2,1.0,PLANO O LLANO,PLANO,2.0,5.0,SIN ROCAS,SI,24.0,12.0,NO,-1.0,NO,ATERRONADA,NO,NO,POCO MARCADAS,LA MANANA Y LA TARDE,NO HAY,NO HAY,NO,SI,19.0,POCO AFECTADAS,NO,NO,NO,NO,ESPACIADO,24.0,BUENO,NINGUNO,0.0,52.17,47.83,0.0,0.0,0.0,0.0,0.0,0.0,0.0,0.0,0.0,0.0,0.0,100.0,0.0,0.0,0.0,33.2225,24.3225,28.7725,8.9,14930.24955,0.35,181.3,0.125,80.625,34.39310345,24.57732052,29.48521198,9.81578293,22703.70013,0.551724138,272.6,0.155172414,79.29690653,33.09565217,24.30434783,28.7,8.791304348,8597.414153,0.217391304,77.2,0.173913043,82.34782609
2545,2383,Mecanizado,NO,P4082 (Pioneer),Algodón,SI,Manual,NO,3970.325581,5.0,48.0,61.0,71000,16,1,0,0,0,0,0,0,0,0,0,0,2,0,0.0,0.0,56.25,0,0.0,10.0,0,0.0,52.5,0,0,0,2,2.3,PLANO O LLANO,PLANO CON ONDULACIONES,2.0,5.5,SIN ROCAS,NO,-1.0,-1.0,SI,-1.0,SI,ATERRONADA,NO,NO,NO HAY,LA MANANA Y LA TARDE,NO HAY,NO HAY,NO,SI,15.0,NO HAY CULTIVO,NO,NO,SI,SI,REGULAR,21.0,LENTO A MUY LENTO,NINGUNO,0.0,35.0,0.0,0.0,0.0,0.0,0.0,65.0,0.0,0.0,0.0,0.0,0.0,0.0,0.0,0.0,100.0,0.0,33.6675,24.6475,29.1575,9.02,15545.39475,0.4,118.3,0.075,79.49442897,34.08965517,24.45318259,29.27141888,9.636472586,22560.22961,0.5,282.7,0.172413793,80.05936931,33.16470588,24.57647059,28.87058824,8.588235294,6235.804674,0.176470588,66.9,0.176470588,82.70588235
2550,2387,Manual,NO,PIONEER 30F35,Algodón,SI,Manual,SI,3441.860465,5.0,77.0,36.0,50000,12,0,0,0,0,0,0,0,0,0,0,0,1,0,0.0,0.0,92.0,0,0.0,0.0,0,0.0,120.0,0,0,0,4,1.0,PLANO O LLANO,PLANO,2.0,5.5,SIN ROCAS,NO,-1.0,-1.0,NO,-1.0,NO,ATERRONADA,NO,NO,NO HAY,LA MANANA Y LA TARDE,NO HAY,NO HAY,NO,SI,32.0,PLANTAS NORMALES,NO,NO,NO,NO,REGULAR,50.0,BUENO,NINGUNO,0.0,0.0,0.0,0.0,0.0,44.0,0.0,56.0,0.0,0.0,0.0,100.0,0.0,0.0,0.0,0.0,0.0,0.0,33.8275,24.73,29.27875,9.0975,15505.82049,0.425,118.3,0.075,79.26942897,33.98965517,24.41869983,29.2041775,9.570955344,22471.86148,0.482758621,306.2,0.189655172,80.24902448,33.4952381,24.42857143,28.96190476,9.066666667,8008.659328,0.333333333,43.4,0.095238095,81.80952381
2553,2391,Mecanizado,SI,P4082 (Pioneer),Maiz,SI,Manual,SI,3579.069767,4.0,46.0,79.0,80000,12,0,0,0,0,0,0,0,0,0,0,0,0,0,0.0,0.0,184.0,0,0.0,0.0,0,0.0,120.0,0,0,0,4,1.0,PLANO O LLANO,PLANO,2.0,5.5,SIN ROCAS,NO,-1.0,-1.0,NO,-1.0,NO,ATERRONADA,NO,NO,NO HAY,LA MANANA Y LA TARDE,NO HAY,NO HAY,NO,SI,35.0,PLANTAS NORMALES,NO,NO,SI,NO,BUENO,50.0,BUENO,NINGUNO,0.0,0.0,0.0,0.0,56.0,44.0,0.0,0.0,0.0,0.0,0.0,100.0,0.0,0.0,0.0,0.0,0.0,0.0,33.3175,24.355,28.83625,8.9625,14658.38852,0.4,198.3,0.15,80.7,34.55862069,24.8221481,29.6903844,9.736472586,22774.84608,0.603448276,227.2,0.120689655,78.68581308,33.38125,24.315625,28.8484375,9.065625,12043.26588,0.28125,122.6,0.1875,81.92010687
2554,2043,Mecanizado,NO,ADV 9339 (Syngenta),Algodón,SI,Mecanizada,NO,2072.093023,4.0,46.0,79.0,60000,5,0,0,0,0,0,0,0,2,0,0,0,3,0,0.0,0.0,46.0,0,0.0,0.0,0,0.0,0.0,0,0,0,1,2.0,PLANO O LLANO,PLANO,2.0,6.0,SIN ROCAS,NO,-1.0,-1.0,SI,-1.0,NO,GRANULAR,NO,NO,NO HAY,LA MANANA Y LA TARDE,NO HAY,NO HAY,NO,SI,35.0,POCO AFECTADAS,NO,NO,SI,NO,BUENO,35.0,LENTO A MUY LENTO,NINGUNO,0.0,53.33,0.0,0.0,0.0,0.0,46.67,0.0,0.0,0.0,46.67,53.33,0.0,0.0,0.0,0.0,0.0,0.0,33.89995414,24.73,29.31497707,9.16995414,15001.74031,0.4,182.9,0.175,80.72387969,33.25172414,24.41869983,28.83521198,8.83302431,23440.78825,0.310344828,389.2,0.206896552,86.0214783,32.36875,24.51875,28.44375,7.85,12061.8915,0.03125,170.7,0.1875,85.74024401
2560,2397,Mecanizado,NO,Otro,Algodón,SI,Manual,SI,4615.116279,5.0,46.0,71.0,62500,13,0,0,0,0,0,0,2,0,0,0,1,0,0,0.0,0.0,80.0,0,0.0,0.0,0,0.0,0.0,0,0,0,2,4.0,PLANO O LLANO,PLANO,2.0,6.0,SIN ROCAS,NO,-1.0,-1.0,NO,-1.0,NO,ATERRONADA,NO,NO,NO HAY,LA MANANA Y LA TARDE,NO HAY,NO HAY,NO,SI,21.0,PLANTAS NORMALES,NO,NO,SI,NO,REGULAR,60.0,BUENO,LENTO,0.0,0.0,0.0,0.0,0.0,0.0,0.0,100.0,0.0,0.0,0.0,0.0,0.0,58.33,41.67,0.0,0.0,0.0,34.5075,24.9775,29.7425,9.53,15623.59901,0.55,98.2,0.05,77.74442897,33.62068966,24.2721481,28.94641888,9.348541551,22322.20015,0.396551724,322.7,0.206896552,81.12833482,33.328,24.624,28.976,8.704,9308.226214,0.4,39.6,0.04,82.72
2562,2044,Manual,NO,DK 234 YGRR,Algodón,NO,Manual,NO,2543.023256,3.0,46.0,84.0,55000,4,0,0,0,0,0,0,0,1,0,0,0,2,0,0.0,0.0,46.0,0,0.0,0.0,0,0.0,0.0,0,0,0,1,2.0,PLANO O LLANO,PLANO,2.0,6.0,SIN ROCAS,NO,-1.0,-1.0,SI,-1.0,NO,GRANULAR,NO,NO,NO HAY,LA MANANA Y LA TARDE,NO HAY,NO HAY,NO,SI,17.0,MUY AFECTADAS,NO,NO,SI,NO,MUY BUENO,17.0,LENTO A MUY LENTO,NINGUNO,80.0,0.0,20.0,0.0,0.0,0.0,0.0,0.0,0.0,0.0,100.0,0.0,0.0,0.0,0.0,0.0,0.0,0.0,34.37995414,23.85562329,29.11778872,10.52433085,15896.171,0.5,135.3,0.125,80.15161709,32.87241379,23.78690359,28.32965869,9.085510206,22756.14729,0.224137931,398.4,0.206896552,86.56566755,32.51111111,24.43054086,28.47082599,8.080570248,14241.9246,0.027777778,207.5,0.222222222,86.47568978
2564,2045,Mecanizado,SI,PAC 105,Algodón,SI,Mecanizada,NO,1544.186047,5.0,46.0,92.0,60000,6,0,0,0,0,0,0,1,1,0,0,0,1,0,0.0,0.0,46.0,0,0.0,0.0,0,0.0,0.0,0,0,0,1,1.0,PLANO O LLANO,PLANO,2.0,6.0,SIN ROCAS,NO,-1.0,-1.0,SI,-1.0,NO,ATERRONADA,NO,NO,NO HAY,LA MANANA Y LA TARDE,NO HAY,NO HAY,NO,SI,31.0,MUY AFECTADAS,NO,NO,SI,NO,MUY BUENO,31.0,LENTO A MUY LENTO,NINGUNO,0.0,38.33,0.0,0.0,0.0,0.0,0.0,61.67,0.0,0.0,0.0,100.0,0.0,0.0,0.0,0.0,0.0,0.0,34.37995414,23.85562329,29.11778872,10.52433085,15896.171,0.5,135.3,0.125,80.15161709,32.87241379,23.78690359,28.32965869,9.085510206,22756.14729,0.224137931,398.4,0.206896552,86.56566755,32.33913043,24.60651024,28.47282034,7.732620194,17496.11501,0.043478261,283.3,0.239130435,87.28532243
2565,2046,Mecanizado,SI,DK 234 YGRR,Algodón,NO,Manual,NO,1883.72093,4.0,47.0,81.0,55000,5,0,0,0,0,0,0,0,2,0,0,0,1,0,0.0,0.0,46.0,0,0.0,0.0,0,0.0,0.0,0,0,0,1,1.0,PLANO O LLANO,PLANO,2.0,5.5,SIN ROCAS,NO,-1.0,-1.0,SI,-1.0,NO,GRANULAR,NO,NO,NO HAY,LA MANANA Y LA TARDE,NO HAY,NO HAY,NO,SI,31.0,POCO AFECTADAS,NO,NO,SI,NO,ESPACIADO,31.0,LENTO A MUY LENTO,NINGUNO,0.0,0.0,0.0,0.0,0.0,0.0,0.0,30.0,70.0,0.0,100.0,0.0,0.0,0.0,0.0,0.0,0.0,0.0,34.51495414,23.84220532,29.17857973,10.67274882,16208.79444,0.525,99.3,0.1,80.08213791,32.80344828,23.77303134,28.28823981,9.030416933,22566.1423,0.206896552,403.5,0.206896552,86.61739168,32.49714286,24.48970002,28.49342144,8.007442838,13893.51361,0.028571429,202.4,0.228571429,86.5749952
2566,2048,Mecanizado,SI,DK 234 YGRR,Algodón,NO,Manual,NO,2669.767442,4.0,46.0,85.0,55000,6,0,0,0,0,0,0,0,1,0,0,0,1,0,0.0,0.0,92.0,0,0.0,0.0,0,0.0,0.0,0,0,0,2,1.0,PLANO O LLANO,PLANO,2.0,5.5,SIN ROCAS,NO,-1.0,-1.0,SI,-1.0,NO,GRANULAR,NO,NO,NO HAY,LA MANANA Y LA TARDE,NO HAY,NO HAY,NO,SI,38.0,POCO AFECTADAS,NO,NO,SI,NO,ESPACIADO,38.0,LENTO A MUY LENTO,NINGUNO,0.0,0.0,0.0,0.0,0.0,0.0,53.33,46.67,0.0,0.0,100.0,0.0,0.0,0.0,0.0,0.0,0.0,0.0,33.35995414,23.78593442,28.57294428,9.574019718,14347.74545,0.3,234.7,0.2,81.29887969,33.62413793,23.79776547,28.7109517,9.82637246,24224.37224,0.379310345,333.7,0.155172414,85.48032069,32.42631579,24.1095249,28.26792034,8.316790893,14415.88976,0.026315789,226.2,0.236842105,85.68618289
2567,2049,Mecanizado,NO,DK 234 YGRR,Algodón,SI,Manual,NO,2895.348837,2.0,46.0,99.0,60000,7,0,0,0,0,0,0,0,1,0,0,0,0,0,0.0,0.0,46.0,0,0.0,0.0,0,0.0,30.0,0,0,0,2,1.0,PLANO O LLANO,PLANO,2.0,6.0,SIN ROCAS,NO,-1.0,-1.0,SI,-1.0,NO,ATERRONADA,NO,NO,NO HAY,LA MANANA Y LA TARDE,NO HAY,NO HAY,NO,SI,27.0,POCO AFECTADAS,NO,NO,SI,NO,BUENO,27.0,LENTO A MUY LENTO,NINGUNO,0.0,15.0,0.0,0.0,0.0,0.0,85.0,0.0,0.0,0.0,100.0,0.0,0.0,0.0,0.0,0.0,0.0,0.0,33.69495414,23.81473549,28.75484481,9.880218651,14672.54442,0.35,227.5,0.2,80.82387969,33.42068966,23.75522131,28.58795548,9.665468346,23841.36953,0.344827586,367.2,0.189655172,85.83182313,32.356,24.51300265,28.43450133,7.842997349,19029.77981,0.04,294.7,0.22,86.63375616
2569,2050,Manual,NO,P4082 (Pioneer),Algodón,NO,Manual,NO,2955.813953,3.0,49.0,81.0,55000,10,0,0,0,0,0,0,0,1,0,0,0,2,0,0.0,0.0,46.0,0,0.0,0.0,0,0.0,0.0,0,0,0,1,2.0,PLANO O LLANO,PLANO,2.0,6.0,SIN ROCAS,SI,15.0,12.0,SI,24.0,NO,GRANULAR,NO,NO,NO HAY,LA MANANA Y LA TARDE,NO HAY,NO HAY,NO,SI,27.0,POCO AFECTADAS,NO,NO,SI,NO,BUENO,27.0,LENTO A MUY LENTO,NINGUNO,0.0,33.33,0.0,0.0,0.0,0.0,0.0,0.0,66.67,0.0,0.0,100.0,0.0,0.0,0.0,0.0,0.0,0.0,34.8275,25.015,29.92125,9.8125,15882.00017,0.6,62.0,0.05,77.14442897,33.49655172,24.2945619,28.89555681,9.201989827,21864.15756,0.362068966,320.7,0.206896552,81.90419689,33.4,24.52777778,28.96388889,8.872222222,13522.13192,0.444444444,153.1,0.083333333,81.88888889
2573,2400,Mecanizado,NO,Otro,Algodón,SI,Mecanizada,NO,4651.162791,4.0,51.0,66.0,65500,13,0,0,0,0,0,0,1,1,0,0,0,1,0,0.0,0.0,92.0,0,0.0,0.0,0,0.0,30.0,0,0,0,3,4.0,PLANO O LLANO,PLANO,2.0,5.5,SIN ROCAS,NO,-1.0,-1.0,NO,-1.0,NO,ATERRONADA,NO,NO,NO HAY,LA MANANA Y LA TARDE,NO HAY,NO HAY,NO,SI,20.0,PLANTAS NORMALES,NO,NO,SI,NO,REGULAR,60.0,BUENO,LENTO,0.0,0.0,0.0,0.0,0.0,0.0,0.0,43.33,56.67,0.0,0.0,0.0,0.0,56.67,43.33,0.0,0.0,0.0,33.8275,24.73,29.27875,9.0975,15505.82049,0.425,118.3,0.075,79.26942897,33.98965517,24.41869983,29.2041775,9.570955344,22471.86148,0.482758621,306.2,0.189655172,80.24902448,33.425,24.425,28.925,9.0,9073.590692,0.375,50.3,0.083333333,82.08333333
2575,2052,Mecanizado,NO,DK 234 YGRR,Algodón,NO,Manual,NO,3051.162791,4.0,47.0,84.0,60000,7,0,0,0,0,0,0,0,1,0,0,0,0,0,0.0,0.0,92.0,0,0.0,0.0,0,0.0,0.0,0,0,0,2,1.0,PLANO O LLANO,PLANO,2.0,5.5,SIN ROCAS,NO,-1.0,-1.0,SI,-1.0,NO,GRANULAR,NO,NO,NO HAY,LA MANANA Y LA TARDE,POCO MARCADAS,NO HAY,NO,SI,36.0,MUY AFECTADAS,NO,NO,SI,NO,ESPACIADO,36.0,LENTO A MUY LENTO,NINGUNO,0.0,35.0,0.0,0.0,0.0,0.0,0.0,0.0,65.0,0.0,100.0,0.0,0.0,0.0,0.0,0.0,0.0,0.0,33.35995414,23.78593442,28.57294428,9.574019718,14347.74545,0.3,234.7,0.2,81.29887969,33.62413793,23.79776547,28.7109517,9.82637246,24224.37224,0.379310345,333.7,0.155172414,85.48032069,32.42631579,24.1095249,28.26792034,8.316790893,14415.88976,0.026315789,226.2,0.236842105,85.68618289
2576,2200,Mecanizado,NO,DK 234 YGRR,Algodón,NO,Manual,NO,3813.953488,4.0,48.0,82.0,55000,10,0,0,0,0,0,0,0,1,0,0,0,1,0,0.0,0.0,92.0,0,0.0,0.0,0,0.0,0.0,0,0,0,2,2.0,PLANO O LLANO,PLANO,2.0,6.0,SIN ROCAS,NO,-1.0,-1.0,SI,-1.0,NO,GRANULAR,NO,NO,NO HAY,LA MANANA Y LA TARDE,NO HAY,NO HAY,NO,SI,23.0,MUY AFECTADAS,NO,NO,SI,NO,REGULAR,25.0,LENTO A MUY LENTO,NINGUNO,0.0,36.67,0.0,0.0,0.0,0.0,63.33,0.0,0.0,0.0,100.0,0.0,0.0,0.0,0.0,0.0,0.0,0.0,34.2825,24.8875,29.585,9.395,15925.33525,0.5,98.2,0.05,78.16942897,33.73793103,24.31525155,29.02659129,9.422679482,22363.23222,0.431034483,306.6,0.189655172,80.88695551,33.45405405,24.57837838,29.01621622,8.875675676,14023.90927,0.432432432,85.7,0.081081081,82.02702703
2577,2401,Mecanizado,SI,PAC 105,Algodón,SI,Manual,SI,4651.162791,5.0,48.0,69.0,65000,12,0,0,0,0,0,0,0,2,0,0,0,3,0,0.0,0.0,106.5,0,0.0,37.5,0,0.0,97.5,0,0,0,3,4.0,PLANO O LLANO,PLANO,2.0,6.0,SIN ROCAS,NO,-1.0,-1.0,NO,-1.0,NO,ATERRONADA,NO,NO,NO HAY,LA MANANA Y LA TARDE,NO HAY,NO HAY,NO,SI,19.0,PLANTAS NORMALES,NO,NO,SI,NO,BUENO,60.0,BUENO,LENTO,0.0,0.0,0.0,0.0,0.0,0.0,0.0,100.0,0.0,0.0,0.0,0.0,0.0,60.0,40.0,0.0,0.0,0.0,34.7975,25.0675,29.9325,9.73,15671.54276,0.6,61.1,0.05,77.39442897,33.47931034,24.23938948,28.85934991,9.239920861,22079.7239,0.362068966,319.0,0.206896552,81.6455762,33.672,24.784,29.228,8.888,9501.976614,0.52,52.9,0.04,82.2
2578,2205,Mecanizado,NO,DK 234 YGRR,Algodón,NO,Manual,NO,4004.651163,4.0,46.0,80.0,60000,7,0,0,0,0,0,0,0,1,0,0,0,1,0,0.0,0.0,46.0,0,0.0,0.0,0,0.0,0.0,0,0,0,1,1.0,PLANO O LLANO,PLANO,2.0,6.0,SIN ROCAS,NO,-1.0,-1.0,SI,-1.0,NO,GRANULAR,NO,NO,NO HAY,LA MANANA Y LA TARDE,NO HAY,NO HAY,NO,SI,26.0,POCO AFECTADAS,NO,NO,SI,NO,REGULAR,26.0,LENTO A MUY LENTO,NINGUNO,0.0,35.0,0.0,0.0,0.0,0.0,0.0,65.0,0.0,0.0,100.0,0.0,0.0,0.0,0.0,0.0,0.0,0.0,33.8925,24.79,29.34125,9.1025,15447.87574,0.45,118.3,0.075,79.06942897,33.91724138,24.34283776,29.13003957,9.57440362,22537.00573,0.465517241,306.6,0.189655172,80.33523138,33.41212121,24.61818182,29.01515152,8.793939394,12358.21627,0.393939394,64.5,0.060606061,82.54545455
2579,2402,Mecanizado,NO,ADV 9339 (Syngenta),Algodón,SI,Mecanizada,NO,4837.209302,5.0,46.0,74.0,62500,12,0,0,0,0,0,0,0,2,0,0,0,3,0,0.0,0.0,138.0,0,0.0,0.0,0,0.0,0.0,0,0,0,2,5.0,PLANO O LLANO,PLANO,2.0,5.5,SIN ROCAS,NO,-1.0,-1.0,SI,-1.0,NO,ATERRONADA,NO,NO,NO HAY,LA MANANA Y LA TARDE,NO HAY,NO HAY,NO,SI,17.0,PLANTAS NORMALES,NO,NO,SI,NO,REGULAR,32.0,LENTO A MUY LENTO,LENTO,0.0,0.0,0.0,0.0,0.0,0.0,0.0,100.0,0.0,0.0,0.0,0.0,0.0,63.33,36.67,0.0,0.0,0.0,33.8275,24.73,29.27875,9.0975,15505.82049,0.425,118.3,0.075,79.26942897,33.98965517,24.41869983,29.2041775,9.570955344,22471.86148,0.482758621,306.2,0.189655172,80.24902448,33.41428571,24.475,28.94464286,8.939285714,10617.20135,0.357142857,54.8,0.071428571,82.21428571
2580,2204,Mecanizado,NO,DK 234 YGRR,Algodón,NO,Manual,NO,4238.372093,4.0,47.0,82.0,55000,6,0,0,0,0,0,0,0,1,0,0,0,2,0,0.0,0.0,92.0,0,0.0,0.0,0,0.0,0.0,0,0,0,2,2.0,PLANO O LLANO,PLANO,2.0,6.0,SIN ROCAS,NO,-1.0,-1.0,SI,-1.0,NO,GRANULAR,NO,NO,NO HAY,LA MANANA Y LA TARDE,NO HAY,NO HAY,NO,SI,32.0,POCO AFECTADAS,NO,NO,SI,NO,ESPACIADO,32.0,LENTO A MUY LENTO,NINGUNO,0.0,36.67,0.0,0.0,0.0,0.0,0.0,0.0,63.33,0.0,100.0,0.0,0.0,0.0,0.0,0.0,0.0,0.0,33.8275,24.73,29.27875,9.0975,15505.82049,0.425,118.3,0.075,79.26942897,33.98965517,24.41869983,29.2041775,9.570955344,22471.86148,0.482758621,306.2,0.189655172,80.24902448,33.41666667,24.53888889,28.97777778,8.877777778,13699.2901,0.388888889,86.1,0.083333333,82.36111111
2581,2203,Mecanizado,NO,DK 234 YGRR,Algodón,SI,Manual,NO,4576.744186,4.0,46.0,83.0,60000,10,0,0,0,0,0,0,0,1,0,0,0,1,0,0.0,0.0,46.0,0,0.0,0.0,0,0.0,0.0,0,0,0,1,3.0,PLANO O LLANO,PLANO,2.0,5.5,SIN ROCAS,NO,-1.0,-1.0,SI,-1.0,NO,GRANULAR,NO,NO,NO HAY,LA MANANA Y LA TARDE,NO HAY,NO HAY,NO,SI,26.0,PLANTAS NORMALES,NO,NO,SI,NO,REGULAR,26.0,LENTO A MUY LENTO,LENTO,0.0,28.33,0.0,0.0,0.0,0.0,0.0,71.67,0.0,0.0,100.0,0.0,0.0,0.0,0.0,0.0,0.0,0.0,34.3675,24.8875,29.6275,9.48,15771.33664,0.525,98.2,0.05,77.96942897,33.67586207,24.31525155,28.99555681,9.360610517,22303.83284,0.413793103,317.6,0.206896552,81.00764517,33.44444444,24.54444444,28.99444444,8.9,13684.53735,0.444444444,74.7,0.055555556,82.08333333
2582,2202,Manual,NO,DK 234 YGRR,Algodón,NO,Manual,NO,3377.906977,4.0,40.0,94.0,60000,9,0,0,0,0,0,0,0,1,0,0,0,2,0,0.0,0.0,46.0,0,0.0,0.0,0,0.0,0.0,0,0,0,1,1.0,PLANO O LLANO,PLANO,2.0,6.0,SIN ROCAS,SI,12.0,10.0,SI,22.0,NO,GRANULAR,NO,NO,NO HAY,LA MANANA Y LA TARDE,NO HAY,NO HAY,NO,SI,23.0,POCO AFECTADAS,NO,NO,NO,NO,REGULAR,23.0,LENTO A MUY LENTO,NINGUNO,0.0,31.67,0.0,0.0,0.0,0.0,0.0,68.33,0.0,0.0,100.0,0.0,0.0,0.0,0.0,0.0,0.0,0.0,33.8275,24.73,29.27875,9.0975,15505.82049,0.425,118.3,0.075,79.26942897,33.98965517,24.41869983,29.2041775,9.570955344,22471.86148,0.482758621,306.2,0.189655172,80.24902448,33.4195122,24.51219512,28.96585366,8.907317073,15612.40908,0.414634146,86.1,0.073170732,81.97560976
2583,2201,Mecanizado,NO,DK 234 YGRR,Algodón,NO,Manual,NO,4238.372093,3.0,50.0,78.0,55000,9,0,0,0,0,0,0,0,1,0,0,0,0,0,0.0,0.0,92.0,0,0.0,0.0,0,0.0,0.0,0,0,0,2,1.0,PLANO O LLANO,PLANO,2.0,5.5,SIN ROCAS,SI,19.0,10.0,SI,25.0,NO,GRANULAR,NO,NO,NO HAY,LA MANANA Y LA TARDE,NO HAY,NO HAY,NO,SI,20.0,PLANTAS NORMALES,NO,NO,SI,NO,REGULAR,20.0,LENTO A MUY LENTO,NINGUNO,0.0,46.67,0.0,0.0,0.0,0.0,0.0,53.33,0.0,0.0,100.0,0.0,0.0,0.0,0.0,0.0,0.0,0.0,33.8925,24.79,29.34125,9.1025,15447.87574,0.45,118.3,0.075,79.06942897,33.91724138,24.34283776,29.13003957,9.57440362,22537.00573,0.465517241,306.6,0.189655172,80.33523138,33.44117647,24.65294118,29.04705882,8.788235294,12800.75837,0.411764706,85.7,0.088235294,82.61764706
2584,2214,Manual,NO,Otro,Maiz,NO,Manual,NO,2097.674419,5.0,49.0,83.0,55000,6,0,0,0,0,0,0,0,1,0,0,0,3,0,0.0,0.0,46.0,0,0.0,0.0,0,0.0,0.0,0,0,0,1,1.0,PLANO O LLANO,PLANO,3.0,5.0,SIN ROCAS,NO,-1.0,-1.0,SI,-1.0,NO,GRANULAR,NO,NO,NO HAY,LA MANANA Y LA TARDE,NO HAY,NO HAY,NO,SI,22.0,PLANTAS NORMALES,NO,NO,SI,NO,BUENO,48.0,LENTO A MUY LENTO,NINGUNO,0.0,78.34,0.0,0.0,0.0,0.0,0.0,21.67,0.0,0.0,100.01,0.0,0.0,0.0,0.0,0.0,0.0,0.0,33.2775,24.315,28.79625,8.9625,14610.72058,0.375,198.3,0.15,80.575,34.59310345,24.79283776,29.6929706,9.800265689,22622.31264,0.620689655,227.2,0.120689655,78.6685717,33.435,24.3825,28.90875,9.0525,15282.74743,0.325,134.0,0.15,81.9110855
2585,2216,Mecanizado,NO,PAC 105,Algodón,NO,Manual,NO,3623.255814,4.0,47.0,81.0,62000,6,0,0,0,0,0,0,0,1,0,0,0,3,0,0.0,0.0,115.0,0,0.0,0.0,0,0.0,0.0,0,0,0,2,1.0,PLANO O LLANO,PLANO,2.0,6.0,SIN ROCAS,NO,-1.0,-1.0,NO,-1.0,NO,GRANULAR,NO,NO,NO HAY,LA MANANA Y LA TARDE,NO HAY,NO HAY,NO,SI,23.0,POCO AFECTADAS,NO,NO,SI,NO,BUENO,60.0,BUENO,NINGUNO,0.0,0.0,31.67,0.0,0.0,0.0,68.33,0.0,0.0,0.0,100.0,0.0,0.0,0.0,0.0,0.0,0.0,0.0,34.5075,24.9775,29.7425,9.53,15623.59901,0.55,98.2,0.05,77.74442897,33.62068966,24.2721481,28.94641888,9.348541551,22322.20015,0.396551724,322.7,0.206896552,81.12833482,33.43428571,24.58285714,29.00857143,8.851428571,13258.1172,0.457142857,69.6,0.057142857,82.08571429
2586,2215,Manual,NO,PAC 105,Algodón,NO,Manual,NO,2002.325581,5.0,44.0,84.0,55000,6,0,0,0,0,0,0,1,0,0,0,0,1,0,0.0,0.0,46.0,0,0.0,0.0,0,0.0,0.0,0,0,0,1,2.0,PLANO O LLANO,PLANO,2.0,6.0,SIN ROCAS,NO,-1.0,-1.0,SI,-1.0,NO,GRANULAR,NO,NO,NO HAY,LA MANANA Y LA TARDE,NO HAY,NO HAY,NO,SI,27.0,POCO AFECTADAS,NO,NO,SI,NO,BUENO,27.0,LENTO A MUY LENTO,NINGUNO,0.0,21.67,0.0,0.0,0.0,0.0,78.33,0.0,0.0,0.0,100.0,0.0,0.0,0.0,0.0,0.0,0.0,0.0,33.5575,24.5575,29.0575,9.0,15314.59288,0.375,145.1,0.1,79.89442897,34.18965517,24.46697569,29.32831543,9.722679482,22685.084,0.517241379,282.9,0.172413793,79.86971413,33.28888889,24.56666667,28.92777778,8.722222222,13408.22808,0.361111111,88.4,0.083333333,82.41666667
2587,2213,Manual,NO,Otro,Algodón,NO,Manual,NO,4767.44186,4.0,46.0,81.0,55000,8,0,0,0,0,0,0,1,0,0,0,0,1,0,0.0,0.0,115.0,0,0.0,0.0,0,0.0,0.0,0,0,0,2,1.0,PLANO O LLANO,PLANO,2.0,6.5,SIN ROCAS,NO,-1.0,-1.0,SI,-1.0,NO,GRANULAR,NO,NO,NO HAY,LA MANANA Y LA TARDE,NO HAY,NO HAY,NO,SI,26.0,POCO AFECTADAS,NO,NO,SI,NO,REGULAR,26.0,LENTO A MUY LENTO,NINGUNO,0.0,0.0,0.0,0.0,0.0,0.0,68.33,31.67,0.0,0.0,100.0,0.0,0.0,0.0,0.0,0.0,0.0,0.0,33.8275,24.73,29.27875,9.0975,15505.82049,0.425,118.3,0.075,79.26942897,33.98965517,24.41869983,29.2041775,9.570955344,22471.86148,0.482758621,306.2,0.189655172,80.24902448,33.37647059,24.54117647,28.95882353,8.835294118,12791.63962,0.382352941,64.9,0.058823529,82.41176471
2588,2274,Mecanizado,NO,DK 234 YGRR,Maiz,NO,Manual,NO,2260.465116,4.0,47.0,85.0,55000,6,0,0,0,0,0,0,0,1,0,0,0,1,0,0.0,0.0,46.0,0,0.0,0.0,0,0.0,0.0,0,0,0,1,1.0,PLANO O LLANO,PLANO,2.0,6.0,SIN ROCAS,NO,-1.0,-1.0,SI,-1.0,NO,GRANULAR,NO,NO,NO HAY,LA MANANA Y LA TARDE,NO HAY,NO HAY,NO,SI,23.0,PLANTAS NORMALES,NO,NO,SI,NO,BUENO,23.0,LENTO A MUY LENTO,NINGUNO,0.0,33.33,0.0,0.0,0.0,0.0,0.0,66.67,0.0,0.0,100.0,0.0,0.0,0.0,0.0,0.0,0.0,0.0,33.35995414,23.78593442,28.57294428,9.574019718,14347.74545,0.3,234.7,0.2,81.29887969,33.62413793,23.79776547,28.7109517,9.82637246,24224.37224,0.379310345,333.7,0.155172414,85.48032069,32.43076923,24.15799862,28.29438392,8.272770614,14779.24523,0.025641026,259.2,0.256410256,85.79679359
2589,2275,Mecanizado,NO,DK 234 YGRR,Maiz,SI,Manual,NO,2383.72093,6.0,47.0,84.0,55000,8,0,0,0,0,0,0,0,1,0,0,0,1,0,0.0,0.0,92.0,0,0.0,0.0,0,0.0,0.0,0,0,0,2,2.0,PLANO O LLANO,PLANO,2.0,6.0,SIN ROCAS,SI,12.0,11.0,SI,25.0,NO,ATERRONADA,NO,NO,NO HAY,LA MANANA Y LA TARDE,NO HAY,NO HAY,NO,SI,12.0,MUY AFECTADAS,NO,NO,SI,NO,REGULAR,12.0,LENTO A MUY LENTO,NINGUNO,0.0,38.33,0.0,0.0,0.0,0.0,61.67,0.0,0.0,0.0,100.0,0.0,0.0,0.0,0.0,0.0,0.0,0.0,33.22495414,23.80646124,28.51570769,9.418492896,14180.50395,0.275,234.7,0.2,81.47387969,33.72758621,23.78784678,28.7577165,9.939739423,24390.03912,0.396551724,333.7,0.155172414,85.25618275,32.43,24.1439574,28.2869787,8.286042597,15203.70997,0.025,259.2,0.25,85.87687375
2591,2276,Mecanizado,NO,PAC 105,Maiz,SI,Manual,NO,3051.162791,5.0,47.0,82.0,55000,7,0,0,0,0,0,0,0,1,0,0,0,2,0,0.0,0.0,92.0,0,0.0,0.0,0,0.0,0.0,0,0,0,2,1.0,PLANO O LLANO,PLANO,2.0,5.5,SIN ROCAS,NO,-1.0,-1.0,SI,-1.0,NO,GRANULAR,NO,NO,NO HAY,LA MANANA Y LA TARDE,NO HAY,NO HAY,NO,SI,30.0,POCO AFECTADAS,NO,NO,SI,NO,BUENO,30.0,LENTO A MUY LENTO,NINGUNO,0.0,42.19,57.81,0.0,0.0,0.0,0.0,0.0,0.0,0.0,57.81,42.19,0.0,0.0,0.0,0.0,0.0,0.0,33.49495414,23.79545948,28.64520681,9.699494656,14490.6314,0.325,227.5,0.2,81.09887969,33.52413793,23.81323732,28.66868762,9.710900612,23999.98415,0.362068966,351.2,0.172413793,85.65273448,32.43243243,24.09962354,28.26602799,8.332808892,14060.64996,0.027027027,208.7,0.216216216,85.67770135
2592,2208,Mecanizado,NO,P3966 (Pioneer),Algodón,NO,Manual,SI,4290.697674,4.0,47.0,75.0,60000,9,0,0,0,0,0,0,1,1,0,0,0,2,0,0.0,0.0,92.0,0,0.0,0.0,0,0.0,0.0,0,0,0,2,1.0,PLANO O LLANO,PLANO,2.0,5.5,SIN ROCAS,SI,10.0,8.0,SI,21.0,NO,ATERRONADA,NO,NO,NO HAY,LA MANANA Y LA TARDE,NO HAY,NO HAY,NO,SI,13.0,POCO AFECTADAS,NO,NO,NO,NO,REGULAR,13.0,LENTO A MUY LENTO,NINGUNO,0.0,30.0,0.0,0.0,0.0,0.0,0.0,70.0,0.0,0.0,70.0,30.0,0.0,0.0,0.0,0.0,0.0,0.0,34.5075,24.9775,29.7425,9.53,15623.59901,0.55,98.2,0.05,77.74442897,33.62068966,24.2721481,28.94641888,9.348541551,22322.20015,0.396551724,322.7,0.206896552,81.12833482,33.42068966,24.67586207,29.04827586,8.744827586,10879.88985,0.448275862,69.6,0.068965517,82.72413793
2594,2209,Mecanizado,NO,DK 234 YGRR,Algodón,NO,Manual,NO,4520.930233,3.0,46.0,87.0,60000,10,0,0,0,0,0,0,0,1,0,0,0,1,0,0.0,0.0,92.0,0,0.0,0.0,0,0.0,0.0,0,0,0,2,2.0,PLANO O LLANO,PLANO,2.0,6.0,SIN ROCAS,NO,-1.0,-1.0,SI,-1.0,NO,GRANULAR,NO,NO,NO HAY,LA MANANA Y LA TARDE,NO HAY,NO HAY,NO,SI,26.0,POCO AFECTADAS,NO,NO,SI,NO,BUENO,26.0,LENTO A MUY LENTO,NINGUNO,0.0,30.0,0.0,0.0,0.0,0.0,70.0,0.0,0.0,0.0,100.0,0.0,0.0,0.0,0.0,0.0,0.0,0.0,34.0025,24.7725,29.3875,9.23,15588.595,0.475,104.6,0.05,78.76942897,33.85517241,24.308355,29.08176371,9.546817413,22479.5339,0.448275862,306.6,0.189655172,80.52488655,33.47179487,24.61538462,29.04358974,8.856410256,14769.96941,0.435897436,85.7,0.076923077,82.07692308
2595,2210,Mecanizado,SI,DK 234 YGRR,Algodón,NO,Manual,NO,2543.023256,4.0,46.0,78.0,60000,6,1,0,0,0,0,0,0,1,0,0,0,0,0,0.0,0.0,92.0,0,0.0,0.0,0,0.0,0.0,0,0,0,2,2.0,PLANO O LLANO,PLANO,2.0,5.5,SIN ROCAS,NO,-1.0,-1.0,NO,-1.0,NO,GRANULAR,NO,NO,NO HAY,LA TARDE,NO HAY,NO HAY,NO,SI,24.0,MUY AFECTADAS,NO,NO,SI,NO,REGULAR,60.0,BUENO,NINGUNO,0.0,43.33,0.0,0.0,0.0,0.0,0.0,56.67,0.0,0.0,0.0,100.0,0.0,0.0,0.0,0.0,0.0,0.0,33.8275,24.73,29.27875,9.0975,15505.82049,0.425,118.3,0.075,79.26942897,33.98965517,24.41869983,29.2041775,9.570955344,22471.86148,0.482758621,306.2,0.189655172,80.24902448,33.32903226,24.52258065,28.92580645,8.806451613,11662.51809,0.35483871,56.1,0.064516129,82.4516129
2596,2211,Mecanizado,NO,Otro,Algodón,NO,Manual,NO,1144.186047,3.0,47.0,79.0,60000,4,0,0,0,0,0,0,1,1,0,0,0,1,0,0.0,0.0,69.0,0,0.0,0.0,0,0.0,0.0,0,0,0,1,1.0,PLANO O LLANO,PLANO,2.0,5.0,SIN ROCAS,NO,-1.0,-1.0,SI,-1.0,NO,GRANULAR,NO,NO,NO HAY,LA MANANA Y LA TARDE,NO HAY,NO HAY,NO,SI,23.0,MUY AFECTADAS,NO,NO,SI,NO,MUY BUENO,23.0,LENTO A MUY LENTO,NINGUNO,0.0,25.0,0.0,0.0,0.0,0.0,0.0,75.0,0.0,0.0,100.0,0.0,0.0,0.0,0.0,0.0,0.0,0.0,34.0025,24.7725,29.3875,9.23,15588.595,0.475,104.6,0.05,78.76942897,33.85517241,24.308355,29.08176371,9.546817413,22479.5339,0.448275862,306.6,0.189655172,80.52488655,33.4375,24.66875,29.053125,8.76875,11949.19996,0.40625,64.5,0.0625,82.5625
2597,2212,Manual,NO,Otro,Algodón,SI,Manual,NO,4004.651163,4.0,47.0,89.0,60000,4,0,0,0,0,0,0,1,1,0,0,0,2,0,0.0,0.0,92.0,0,0.0,0.0,0,0.0,0.0,0,0,0,2,2.0,PLANO O LLANO,PLANO,2.0,5.0,SIN ROCAS,NO,-1.0,-1.0,SI,-1.0,NO,GRANULAR,NO,NO,NO HAY,LA MANANA Y LA TARDE,NO HAY,NO HAY,NO,SI,18.0,PLANTAS NORMALES,NO,NO,SI,NO,REGULAR,20.0,LENTO A MUY LENTO,NINGUNO,0.0,30.0,0.0,0.0,0.0,0.0,0.0,70.0,0.0,0.0,100.0,0.0,0.0,0.0,0.0,0.0,0.0,0.0,33.5575,24.5575,29.0575,9.0,15314.59288,0.375,145.1,0.1,79.89442897,34.18965517,24.46697569,29.32831543,9.722679482,22685.084,0.517241379,282.9,0.172413793,79.86971413,33.34418605,24.53488372,28.93953488,8.809302326,16228.99754,0.395348837,109.6,0.093023256,82.0
2609,2422,Mecanizado,SI,Otro,Algodón,SI,Manual,NO,3337.209302,5.0,47.0,70.0,70000,14,0,0,0,0,0,0,2,1,0,0,0,4,0,0.0,0.0,92.0,0,0.0,0.0,0,0.0,30.0,0,0,0,3,5.0,PLANO O LLANO,PLANO,2.0,6.0,SIN ROCAS,NO,-1.0,-1.0,NO,-1.0,NO,GRANULAR,NO,NO,NO HAY,LA MANANA Y LA TARDE,NO HAY,NO HAY,NO,SI,30.0,PLANTAS NORMALES,NO,NO,SI,NO,ESPACIADO,60.0,BUENO,LENTO,0.0,0.0,0.0,0.0,0.0,0.0,0.0,100.0,0.0,0.0,0.0,0.0,0.0,100.0,0.0,0.0,0.0,0.0,34.5075,24.9775,29.7425,9.53,15623.59901,0.55,98.2,0.05,77.74442897,33.62068966,24.2721481,28.94641888,9.348541551,22322.20015,0.396551724,322.7,0.206896552,81.12833482,33.328,24.624,28.976,8.704,9308.226214,0.4,39.6,0.04,82.72
2618,2322,Mecanizado,SI,DK 234 YGRR,Algodón,NO,Manual,NO,3767.44186,5.0,46.0,87.0,60000,5,0,0,0,0,0,0,0,1,0,0,0,0,0,0.0,0.0,46.0,0,0.0,0.0,0,0.0,0.0,0,0,0,1,1.0,PLANO O LLANO,PLANO,2.0,5.5,SIN ROCAS,NO,-1.0,-1.0,SI,-1.0,NO,GRANULAR,NO,NO,NO HAY,LA MANANA Y LA TARDE,NO HAY,NO HAY,NO,SI,27.0,POCO AFECTADAS,NO,NO,SI,NO,REGULAR,27.0,LENTO A MUY LENTO,NINGUNO,0.0,36.67,0.0,0.0,0.0,0.0,0.0,63.33,0.0,0.0,63.33,36.67,0.0,0.0,0.0,0.0,0.0,0.0,34.59495414,25.0475,29.82122707,9.54745414,16391.72833,0.55,99.3,0.1,79.98213791,32.77241379,24.21007914,28.49124647,8.562334655,22569.10823,0.189655172,403.5,0.206896552,86.72083996,32.37073171,24.55121951,28.46097561,7.819512195,15802.58724,0.048780488,258.4,0.243902439,87.22255688
2619,2321,Mecanizado,NO,DK 234 YGRR,Algodón,SI,Manual,NO,3955.813953,4.0,47.0,82.0,55000,8,0,0,0,0,0,0,0,1,0,0,0,2,0,0.0,0.0,46.0,0,0.0,0.0,0,0.0,0.0,0,0,0,1,1.0,PLANO O LLANO,PLANO,2.0,6.0,SIN ROCAS,NO,-1.0,-1.0,SI,-1.0,NO,GRANULAR,NO,NO,NO HAY,LA MANANA Y LA TARDE,NO HAY,NO HAY,NO,SI,21.0,POCO AFECTADAS,NO,NO,SI,NO,BUENO,35.0,LENTO A MUY LENTO,NINGUNO,0.0,45.0,0.0,0.0,0.0,0.0,0.0,55.0,0.0,0.0,100.0,0.0,0.0,0.0,0.0,0.0,0.0,0.0,33.5575,24.5575,29.0575,9.0,15314.59288,0.375,145.1,0.1,79.89442897,34.18965517,24.46697569,29.32831543,9.722679482,22685.084,0.517241379,282.9,0.172413793,79.86971413,33.28888889,24.56666667,28.92777778,8.722222222,13408.22808,0.361111111,88.4,0.083333333,82.41666667
2620,2320,Mecanizado,SI,PIONEER 30F35 HRR,Algodón,NO,Manual,NO,4709.302326,3.0,48.0,85.0,60000,8,0,0,0,0,0,0,0,1,0,0,0,1,0,0.0,0.0,46.0,0,0.0,0.0,0,0.0,0.0,0,0,0,1,1.0,PLANO O LLANO,PLANO,2.0,5.5,SIN ROCAS,NO,-1.0,-1.0,SI,-1.0,NO,GRANULAR,NO,NO,NO HAY,LA MANANA Y LA TARDE,NO HAY,NO HAY,NO,SI,20.0,PLANTAS NORMALES,NO,NO,SI,NO,BUENO,22.0,LENTO A MUY LENTO,NINGUNO,0.0,0.0,0.0,0.0,0.0,0.0,71.67,28.33,0.0,0.0,100.0,0.0,0.0,0.0,0.0,0.0,0.0,0.0,33.3075,24.3575,28.8325,8.95,15132.60815,0.35,181.1,0.125,80.44442897,34.31724138,24.54283776,29.43003957,9.77440362,22715.79005,0.534482759,272.6,0.155172414,79.45592103,33.34871795,24.58461538,28.96666667,8.764102564,14681.31748,0.384615385,119.9,0.128205128,82.46153846
2621,2319,Mecanizado,SI,DK 234 YGRR,Algodón,NO,Manual,NO,4958.139535,5.0,48.0,82.0,60000,8,1,0,0,0,0,0,0,1,0,0,0,1,0,0.0,0.0,115.0,0,0.0,0.0,0,0.0,30.0,0,0,0,4,2.0,PLANO O LLANO,PLANO,2.0,5.5,SIN ROCAS,NO,-1.0,-1.0,SI,-1.0,NO,GRANULAR,NO,NO,NO HAY,LA MANANA Y LA TARDE,NO HAY,NO HAY,NO,SI,23.0,PLANTAS NORMALES,NO,NO,SI,NO,ESPACIADO,23.0,LENTO A MUY LENTO,NINGUNO,0.0,33.33,66.67,0.0,0.0,0.0,0.0,0.0,0.0,0.0,100.0,0.0,0.0,0.0,0.0,0.0,0.0,0.0,33.3225,24.31,28.81625,9.0125,14614.81444,0.375,198.3,0.15,80.5,34.40689655,24.66869983,29.53779819,9.738196723,22731.31063,0.551724138,260.1,0.137931034,79.22794101,33.32105263,24.43421053,28.87763158,8.886842105,14341.09892,0.342105263,102.4,0.131578947,82.13157895
2622,2318,Mecanizado,NO,DK 234 YGRR,Algodón,NO,Manual,NO,2383.72093,4.0,46.0,82.0,55000,6,0,0,0,0,0,0,0,1,0,0,0,1,0,0.0,0.0,46.0,0,0.0,0.0,0,0.0,0.0,0,0,0,2,2.0,PLANO O LLANO,PLANO,2.0,6.0,SIN ROCAS,SI,13.0,8.0,SI,31.0,NO,GRANULAR,NO,NO,NO HAY,LA MANANA Y LA TARDE,POCO MARCADAS,NO HAY,NO,SI,27.0,PLANTAS NORMALES,NO,NO,NO,NO,BUENO,27.0,LENTO A MUY LENTO,NINGUNO,0.0,48.33,51.67,0.0,0.0,0.0,0.0,0.0,0.0,0.0,100.0,0.0,0.0,0.0,0.0,0.0,0.0,0.0,34.51495414,24.9775,29.74622707,9.53745414,16208.79444,0.525,99.3,0.1,80.08213791,32.80344828,24.2721481,28.53779819,8.531300172,22566.1423,0.206896552,403.5,0.206896552,86.61739168,32.49714286,24.58285714,28.54,7.914285714,13893.51361,0.028571429,202.4,0.228571429,86.5749952
2623,2288,Mecanizado,SI,DK 234 YGRR,Algodón,NO,Manual,NO,2383.72093,4.0,48.0,83.0,60000,9,0,0,0,0,0,0,0,1,0,0,0,1,0,0.0,0.0,92.0,0,0.0,0.0,0,0.0,0.0,0,0,0,2,1.0,PLANO O LLANO,PLANO,2.0,5.5,SIN ROCAS,NO,-1.0,-1.0,SI,-1.0,NO,GRANULAR,NO,SI,NO HAY,LA MANANA Y LA TARDE,NO HAY,NO HAY,NO,SI,21.0,PLANTAS NORMALES,NO,NO,SI,NO,ESPACIADO,21.0,LENTO A MUY LENTO,NINGUNO,0.0,28.33,0.0,0.0,0.0,0.0,0.0,71.67,0.0,0.0,100.0,0.0,0.0,0.0,0.0,0.0,0.0,0.0,33.69495414,24.5575,29.12622707,9.13745414,14672.54442,0.35,227.5,0.2,80.82387969,33.42068966,24.46697569,28.94383267,8.953713965,23841.36953,0.344827586,367.2,0.189655172,85.83182313,32.43684211,24.56315789,28.5,7.873684211,14526.30338,0.026315789,225.7,0.210526316,85.93915285
2624,2286,Mecanizado,SI,DK 234 YGRR,Algodón,NO,Mecanizada,NO,3861.627907,4.0,48.0,78.0,55000,6,0,0,0,0,0,0,0,1,0,0,0,1,0,0.0,0.0,92.0,0,0.0,0.0,0,0.0,0.0,0,0,0,2,2.0,PLANO O LLANO,PLANO,2.0,5.5,SIN ROCAS,NO,-1.0,-1.0,NO,-1.0,NO,GRANULAR,NO,NO,NO HAY,LA MANANA Y LA TARDE,NO HAY,NO HAY,NO,SI,13.0,POCO AFECTADAS,NO,NO,SI,NO,ESPACIADO,60.0,BUENO,NINGUNO,0.0,0.0,51.67,48.33,0.0,0.0,0.0,0.0,0.0,0.0,100.0,0.0,0.0,0.0,0.0,0.0,0.0,0.0,33.22495414,24.3225,28.77372707,8.90245414,14180.50395,0.275,234.7,0.2,81.47387969,33.72758621,24.57732052,29.15245336,9.150265689,24390.03912,0.396551724,333.7,0.155172414,85.25618275,32.45454545,24.42727273,28.44090909,8.027272727,12523.37139,0.03030303,179.2,0.212121212,85.17163597
2626,2285,Mecanizado,SI,DK 234 YGRR,Algodón,NO,Manual,NO,2193.023256,4.0,48.0,81.0,55000,9,0,0,0,0,0,0,0,1,0,0,0,1,0,0.0,0.0,46.0,0,0.0,0.0,0,0.0,0.0,0,0,0,1,1.0,PLANO O LLANO,PLANO,2.0,6.0,SIN ROCAS,NO,-1.0,-1.0,SI,-1.0,NO,GRANULAR,NO,SI,NO HAY,LA MANANA Y LA TARDE,NO HAY,NO HAY,NO,SI,17.0,PLANTAS NORMALES,NO,NO,SI,NO,ESPACIADO,25.0,LENTO A MUY LENTO,NINGUNO,0.0,0.0,0.0,0.0,0.0,0.0,63.33,36.67,0.0,0.0,100.0,0.0,0.0,0.0,0.0,0.0,0.0,0.0,33.8275,24.73,29.27875,9.0975,15505.82049,0.425,118.3,0.075,79.26942897,33.98965517,24.41869983,29.2041775,9.570955344,22471.86148,0.482758621,306.2,0.189655172,80.24902448,33.41666667,24.53888889,28.97777778,8.877777778,13699.2901,0.388888889,86.1,0.083333333,82.36111111
2628,2284,Mecanizado,SI,DK 234 YGRR,Algodón,NO,Mecanizada,NO,2919.767442,4.0,17.0,109.0,60000,10,0,0,0,0,0,0,0,1,0,0,0,0,0,0.0,0.0,46.0,0,0.0,0.0,0,0.0,0.0,0,0,0,1,2.0,PLANO O LLANO,PLANO,2.0,6.5,SIN ROCAS,NO,-1.0,-1.0,NO,-1.0,NO,GRANULAR,NO,SI,NO HAY,LA MANANA Y LA TARDE,NO HAY,NO HAY,NO,SI,18.0,POCO AFECTADAS,NO,NO,SI,NO,ESPACIADO,60.0,BUENO,NINGUNO,0.0,40.0,0.0,0.0,0.0,0.0,0.0,60.0,0.0,0.0,100.0,0.0,0.0,0.0,0.0,0.0,0.0,0.0,33.98995414,24.79,29.38997707,9.19995414,15018.07386,0.425,182.9,0.175,80.72387969,33.16206897,24.34283776,28.75245336,8.819231206,23451.77308,0.293103448,389.2,0.206896552,86.12492658,32.48484848,24.61818182,28.55151515,7.866666667,12825.3655,0.03030303,170.7,0.181818182,85.99053964
2629,2283,Mecanizado,SI,PAC 105,Algodón,SI,Mecanizada,NO,2002.325581,5.0,46.0,90.0,60000,4,0,0,0,0,0,0,1,1,0,0,0,2,0,0.0,0.0,92.0,0,0.0,0.0,0,0.0,0.0,0,0,0,2,2.0,PLANO O LLANO,PLANO,2.0,6.0,SIN ROCAS,NO,-1.0,-1.0,SI,-1.0,NO,GRANULAR,NO,SI,NO HAY,LA MANANA Y LA TARDE,NO HAY,NO HAY,NO,SI,21.0,POCO AFECTADAS,NO,NO,SI,NO,ESPACIADO,33.0,LENTO A MUY LENTO,NINGUNO,0.0,53.33,46.67,0.0,0.0,0.0,0.0,0.0,0.0,0.0,100.0,0.0,0.0,0.0,0.0,0.0,0.0,0.0,34.2175,24.82,29.51875,9.3975,15633.48119,0.5,160.3,0.15,78.29442897,33.77931034,24.31697569,29.04814302,9.462334655,22941.94612,0.431034483,389.2,0.206896552,80.76626586,33.38636364,24.51818182,28.95227273,8.868181818,17199.76968,0.409090909,270.9,0.227272727,82.25
2630,2282,Mecanizado,SI,DK 234 YGRR,Algodón,SI,Manual,SI,3337.209302,4.0,47.0,82.0,55000,14,0,0,0,0,0,0,1,0,0,0,0,2,0,0.0,0.0,46.0,0,0.0,0.0,0,0.0,0.0,0,0,0,1,1.0,PLANO O LLANO,PLANO,2.0,6.0,SIN ROCAS,NO,-1.0,-1.0,SI,-1.0,NO,GRANULAR,NO,SI,NO HAY,LA MANANA Y LA TARDE,NO HAY,POCO MARCADAS,NO,SI,19.0,POCO AFECTADAS,NO,NO,SI,NO,REGULAR,22.0,LENTO A MUY LENTO,NINGUNO,0.0,31.67,0.0,0.0,0.0,0.0,0.0,68.33,0.0,0.0,100.0,0.0,0.0,0.0,0.0,0.0,0.0,0.0,33.5575,24.5575,29.0575,9.0,15314.59288,0.375,145.1,0.1,79.89442897,34.18965517,24.46697569,29.32831543,9.722679482,22685.084,0.517241379,282.9,0.172413793,79.86971413,33.28888889,24.56666667,28.92777778,8.722222222,13408.22808,0.361111111,88.4,0.083333333,82.41666667
2632,2280,Mecanizado,NO,DK 234 YGRR,Algodón,NO,Manual,NO,2260.465116,4.0,46.0,79.0,55000,4,0,0,0,0,0,0,0,2,0,0,0,1,0,0.0,0.0,46.0,0,0.0,0.0,0,0.0,0.0,0,0,0,1,1.0,PLANO O LLANO,PLANO,2.0,6.0,SIN ROCAS,NO,-1.0,-1.0,SI,-1.0,NO,GRANULAR,NO,SI,NO HAY,LA MANANA Y LA TARDE,NO HAY,NO HAY,NO,SI,26.0,POCO AFECTADAS,NO,NO,SI,NO,ESPACIADO,32.0,LENTO A MUY LENTO,NINGUNO,0.0,50.0,0.0,0.0,0.0,0.0,0.0,0.0,50.0,0.0,100.0,0.0,0.0,0.0,0.0,0.0,0.0,0.0,34.31495414,23.86844734,29.09170074,10.4465068,15670.00834,0.5,160.3,0.15,80.42661709,32.95517241,23.76397246,28.35957244,9.191199957,22911.46024,0.24137931,389.2,0.206896552,86.41049513,32.50625,24.25257215,28.37941107,8.253677853,12494.87379,0.03125,203.7,0.21875,86.316401
2633,2287,Mecanizado,NO,PAC 105,Algodón,NO,Manual,NO,2072.093023,4.0,46.0,79.0,"0     NaN
1     NaN
2     NaN
3     NaN
4     NaN
       ..
993   NaN
994   NaN
995   NaN
996   NaN
997   NaN
Name: AREA, Length: 882, dtype: float64",13,0,0,0,0,0,0,1,1,0,0,0,2,0,0.0,0.0,92.0,0,0.0,0.0,0,0.0,0.0,0,0,0,2,2.0,PLANO O LLANO,PLANO,2.0,6.0,SIN ROCAS,NO,-1.0,-1.0,SI,-1.0,NO,ATERRONADA,NO,SI,NO HAY,LA MANANA Y LA TARDE,NO HAY,NO HAY,NO,SI,21.0,POCO AFECTADAS,NO,NO,SI,NO,ESPACIADO,21.0,LENTO A MUY LENTO,NINGUNO,70.0,0.0,30.0,0.0,0.0,0.0,0.0,0.0,0.0,0.0,100.0,0.0,0.0,0.0,0.0,0.0,0.0,0.0,34.37995414,24.8875,29.63372707,9.49245414,15896.171,0.5,135.3,0.125,80.15161709,32.87241379,24.31525155,28.59383267,8.557162241,22756.14729,0.224137931,398.4,0.206896552,86.56566755,32.44375,24.56875,28.50625,7.875,12344.45108,0.03125,207.5,0.25,86.410151
2635,2436,Mecanizado,NO,NK254 (Syngenta),Algodón,SI,Manual,NO,3337.209302,5.0,46.0,66.0,70000,14,0,0,0,0,0,0,2,1,0,0,0,3,0,0.0,0.0,92.0,0,0.0,0.0,0,0.0,0.0,0,0,0,2,5.0,PLANO O LLANO,PLANO,2.0,6.0,SIN ROCAS,NO,-1.0,-1.0,NO,-1.0,NO,GRANULAR,NO,NO,NO HAY,LA MANANA Y LA TARDE,NO HAY,NO HAY,NO,SI,32.0,PLANTAS NORMALES,NO,NO,SI,NO,ESPACIADO,60.0,BUENO,LENTO,0.0,0.0,0.0,0.0,0.0,0.0,0.0,100.0,0.0,0.0,0.0,0.0,0.0,100.0,0.0,0.0,0.0,0.0,34.8275,25.015,29.92125,9.8125,15882.00017,0.6,62.0,0.05,77.14442897,33.49655172,24.2945619,28.89555681,9.201989827,21864.15756,0.362068966,320.7,0.206896552,81.90419689,33.39,24.67,29.03,8.72,7495.140816,0.45,28.3,0.0,82.15
2636,2437,Mecanizado,SI,NK254 (Syngenta),Algodón,SI,Manual,SI,2947.674419,5.0,46.0,60.0,71000,14,0,0,0,0,0,0,2,2,0,0,0,5,0,0.0,0.0,103.5,0,0.0,0.0,0,0.0,30.0,0,0,0,3,5.0,PLANO O LLANO,PLANO,3.0,5.5,SIN ROCAS,NO,-1.0,-1.0,SI,-1.0,NO,GRANULAR,NO,NO,NO HAY,LA MANANA Y LA TARDE,NO HAY,NO HAY,NO,SI,28.0,PLANTAS NORMALES,NO,NO,SI,SI,BUENO,43.0,LENTO A MUY LENTO,LENTO,0.0,0.0,0.0,0.0,0.0,0.0,0.0,71.66,28.33,0.0,0.0,0.0,0.0,99.99,0.0,0.0,0.0,0.0,34.6825,25.0675,29.875,9.615,15731.78276,0.6,61.7,0.05,77.56942897,33.48275862,24.17559638,28.8291775,9.307162241,22218.0579,0.362068966,318.0,0.206896552,81.42143827,33.91428571,24.74285714,29.32857143,9.171428571,5335.774504,0.5,13.1,0.0,81.5
2637,2438,Mecanizado,SI,PAC 105,Algodón,SI,Manual,SI,2947.674419,5.0,47.0,66.0,71000,14,0,0,0,0,0,0,2,2,0,0,0,6,0,0.0,0.0,92.0,0,0.0,0.0,0,0.0,30.0,0,0,0,3,5.0,PLANO O LLANO,PLANO,3.0,5.5,SIN ROCAS,NO,-1.0,-1.0,SI,-1.0,NO,GRANULAR,NO,NO,NO HAY,LA MANANA Y LA TARDE,NO HAY,NO HAY,NO,SI,30.0,PLANTAS NORMALES,NO,NO,SI,SI,BUENO,44.0,LENTO A MUY LENTO,LENTO,0.0,0.0,0.0,0.0,0.0,0.0,0.0,73.34,26.67,0.0,0.0,0.0,0.0,100.01,0.0,0.0,0.0,0.0,33.8275,24.73,29.27875,9.0975,15505.82049,0.425,118.3,0.075,79.26942897,33.98965517,24.41869983,29.2041775,9.570955344,22471.86148,0.482758621,306.2,0.189655172,80.24902448,33.4952381,24.42857143,28.96190476,9.066666667,8008.659328,0.333333333,43.4,0.095238095,81.80952381
2641,2439,Mecanizado,NO,P3966 (Pioneer),Algodón,SI,Manual,SI,4238.372093,5.0,47.0,84.0,70000,16,1,0,0,0,0,0,2,1,0,0,1,3,0,0.0,0.0,92.0,0,0.0,0.0,0,0.0,60.0,0,0,0,4,4.0,PLANO O LLANO,PLANO,2.0,5.5,SIN ROCAS,NO,-1.0,-1.0,NO,-1.0,NO,GRANULAR,NO,NO,NO HAY,LA MANANA Y LA TARDE,NO HAY,NO HAY,NO,SI,24.0,PLANTAS NORMALES,NO,NO,SI,NO,ESPACIADO,60.0,BUENO,LENTO,0.0,0.0,0.0,0.0,0.0,0.0,0.0,43.33,56.67,0.0,0.0,0.0,0.0,100.0,0.0,0.0,0.0,0.0,33.3225,24.31,28.81625,9.0125,14614.81444,0.375,198.3,0.15,80.5,34.40689655,24.66869983,29.53779819,9.738196723,22731.31063,0.551724138,260.1,0.137931034,79.22794101,33.34358974,24.43076923,28.88717949,8.912820513,14769.06523,0.358974359,102.4,0.128205128,82.12820513
2643,2440,Mecanizado,NO,Otro,Algodón,SI,Mecanizada,NO,5953.488372,5.0,46.0,87.0,71000,15,0,0,0,0,0,0,2,1,0,0,1,3,0,0.0,0.0,115.0,0,0.0,0.0,0,0.0,30.0,0,0,0,3,4.0,PLANO O LLANO,PLANO,2.0,6.0,SIN ROCAS,NO,-1.0,-1.0,NO,-1.0,NO,GRANULAR,NO,NO,NO HAY,LA MANANA Y LA TARDE,NO HAY,NO HAY,NO,SI,19.0,PLANTAS NORMALES,NO,NO,SI,NO,ESPACIADO,60.0,BUENO,LENTO,0.0,0.0,0.0,0.0,0.0,0.0,0.0,100.0,0.0,0.0,0.0,0.0,0.0,100.0,0.0,0.0,0.0,0.0,33.3075,24.3575,28.8325,8.95,15132.60815,0.35,181.1,0.125,80.44442897,34.31724138,24.54283776,29.43003957,9.77440362,22715.79005,0.534482759,272.6,0.155172414,79.45592103,33.28780488,24.54146341,28.91463415,8.746341463,15464.89546,0.365853659,119.9,0.12195122,82.46341463
2661,2444,Mecanizado,NO,PAC 105,Algodón,SI,Manual,SI,4625.581395,5.0,46.0,70.0,70000,16,1,0,0,0,0,0,1,0,0,0,0,1,0,0.0,0.0,96.0,0,0.0,2.5,0,0.0,60.0,0,0,0,5,4.0,PLANO O LLANO,PLANO,2.0,6.0,SIN ROCAS,NO,-1.0,-1.0,NO,-1.0,NO,GRANULAR,NO,NO,NO HAY,LA MANANA Y LA TARDE,NO HAY,NO HAY,NO,SI,18.0,PLANTAS NORMALES,NO,NO,SI,NO,ESPACIADO,60.0,BUENO,LENTO,0.0,0.0,0.0,0.0,0.0,0.0,0.0,100.0,0.0,0.0,0.0,0.0,0.0,100.0,0.0,0.0,0.0,0.0,33.8275,24.73,29.27875,9.0975,15505.82049,0.425,118.3,0.075,79.26942897,33.98965517,24.41869983,29.2041775,9.570955344,22471.86148,0.482758621,306.2,0.189655172,80.24902448,33.425,24.425,28.925,9.0,9073.590692,0.375,50.3,0.083333333,82.08333333
2662,2445,Manual,NO,Otro,Algodón,SI,Manual,SI,5180.232558,5.0,47.0,73.0,71000,16,0,0,0,0,0,0,2,1,0,0,1,1,0,0.0,0.0,115.0,0,0.0,0.0,0,0.0,30.0,0,0,0,3,4.0,PLANO O LLANO,PLANO,3.0,6.0,SIN ROCAS,NO,-1.0,-1.0,NO,-1.0,NO,GRANULAR,NO,NO,NO HAY,LA MANANA Y LA TARDE,NO HAY,NO HAY,NO,SI,25.0,PLANTAS NORMALES,SI,NO,SI,NO,BUENO,60.0,BUENO,LENTO,0.0,0.0,0.0,0.0,0.0,0.0,0.0,68.33,0.0,31.67,31.67,68.33,0.0,0.0,0.0,0.0,0.0,0.0,34.0025,24.7725,29.3875,9.23,15588.595,0.475,104.6,0.05,78.76942897,33.85517241,24.308355,29.08176371,9.546817413,22479.5339,0.448275862,306.6,0.189655172,80.52488655,33.36428571,24.675,29.01964286,8.689285714,10392.11212,0.357142857,55.7,0.071428571,82.64285714
2663,2446,Mecanizado,NO,Impacto (Syngenta),Algodón,SI,Mecanizada,NO,4803.488372,5.0,47.0,73.0,71000,48,0,0,0,0,0,0,2,1,0,0,0,1,0,0.0,12.0,109.5,0,24.0,20.0,0,12.0,15.0,0,0,1,4,5.0,ONDULADO,PLANO,2.0,5.5,SIN ROCAS,NO,-1.0,-1.0,NO,-1.0,NO,ATERRONADA,NO,NO,NO HAY,LA MANANA Y LA TARDE,NO HAY,NO HAY,NO,SI,18.0,PLANTAS NORMALES,NO,NO,SI,NO,ESPACIADO,60.0,BUENO,LENTO,0.0,0.0,0.0,0.0,0.0,0.0,0.0,100.0,0.0,0.0,0.0,0.0,0.0,61.67,38.33,0.0,0.0,0.0,34.85,23.43961008,29.14480504,11.41038992,15890.94565,0.6,96.4,0.075,80.86268594,35.06206897,23.24331998,29.15269447,11.81874898,24624.36067,0.74137931,424.4,0.172413793,81.03709752,35.29285714,23.20493661,29.24889688,12.08792053,11417.78475,0.785714286,36.9,0.035714286,80.78112911
2666,2448,Mecanizado,NO,PIONEER 30F35 H,Maiz,SI,Manual,SI,4651.162791,5.0,47.0,72.0,71000,55,0,0,0,0,0,0,2,1,0,0,0,2,0,12.0,0.0,86.5,24,0.0,20.0,12,0.0,45.0,0,1,0,5,5.0,ONDULADO,PLANO,2.0,5.0,SIN ROCAS,NO,-1.0,-1.0,NO,-1.0,NO,ATERRONADA,NO,NO,NO HAY,LA MANANA Y LA TARDE,NO HAY,NO HAY,NO,SI,21.0,PLANTAS NORMALES,NO,NO,SI,NO,ESPACIADO,60.0,BUENO,LENTO,0.0,0.0,0.0,0.0,0.0,0.0,0.0,100.0,0.0,0.0,0.0,0.0,0.0,60.0,40.0,0.0,0.0,0.0,34.94,23.45961008,29.19980504,11.48038992,15962.7622,0.65,91.8,0.075,80.86268594,35.06206897,23.21918205,29.14062551,11.84288691,24471.75175,0.74137931,427.4,0.172413793,81.08882166,35.3037037,23.24215649,29.2729301,12.06154722,11035.39539,0.777777778,33.9,0.037037037,80.73598574
2668,2449,Mecanizado,NO,Impacto (Syngenta),Maiz,SI,Mecanizada,SI,4651.162791,5.0,47.0,70.0,70000,54,0,0,0,0,0,0,2,1,0,0,0,1,0,0.0,12.0,52.0,0,24.0,20.0,0,12.0,30.0,0,0,1,3,3.0,PLANO O LLANO,PLANO,2.0,5.5,SIN ROCAS,NO,-1.0,-1.0,NO,-1.0,NO,GRANULAR,NO,NO,NO HAY,LA MANANA Y LA TARDE,NO HAY,NO HAY,NO,SI,20.0,PLANTAS NORMALES,NO,NO,SI,NO,ESPACIADO,60.0,BUENO,LENTO,0.0,0.0,0.0,0.0,0.0,0.0,0.0,100.0,0.0,0.0,0.0,0.0,0.0,100.0,0.0,0.0,0.0,0.0,34.735,23.35961008,29.04730504,11.37538992,15855.62973,0.6,114.4,0.1,80.67091701,35.14137931,23.28469929,29.2130393,11.85668002,24629.69946,0.75862069,424.4,0.172413793,81.06590369,35.256,23.2092411,29.23262055,12.0467589,10237.24191,0.76,34.9,0.04,80.81346808
2669,2450,Mecanizado,NO,Otro,Algodón,SI,Manual,SI,4409.302326,5.0,47.0,73.0,70000,72,1,0,0,0,0,0,1,1,0,0,1,4,0,0.0,0.0,103.5,0,0.0,0.0,0,0.0,60.0,0,0,0,4,6.0,ONDULADO,PLANO,2.0,5.5,SIN ROCAS,NO,-1.0,-1.0,NO,-1.0,NO,GRANULAR,NO,NO,NO HAY,LA MANANA Y LA TARDE,NO HAY,NO HAY,NO,SI,18.0,PLANTAS NORMALES,NO,NO,SI,NO,ESPACIADO,60.0,BUENO,LENTO,0.0,0.0,0.0,0.0,0.0,0.0,0.0,100.0,0.0,0.0,0.0,0.0,0.0,100.0,0.0,0.0,0.0,0.0,34.735,23.35961008,29.04730504,11.37538992,15855.62973,0.6,114.4,0.1,80.67091701,35.14137931,23.28469929,29.2130393,11.85668002,24629.69946,0.75862069,424.4,0.172413793,81.06590369,35.20714286,23.17636518,29.19175402,12.03077767,11446.80442,0.75,35.9,0.035714286,80.80954301
2675,2454,Mecanizado,NO,Impacto (Syngenta),Maiz,SI,Mecanizada,SI,4850.581395,5.0,48.0,83.0,71000,50,1,0,0,0,0,0,2,1,0,0,1,2,0,0.0,0.0,75.0,0,0.0,12.0,0,0.0,36.0,0,0,0,4,4.0,PLANO O LLANO,PLANO,2.0,5.0,SIN ROCAS,NO,-1.0,-1.0,NO,-1.0,NO,GRANULAR,NO,NO,NO HAY,LA MANANA Y LA TARDE,NO HAY,NO HAY,NO,SI,20.0,PLANTAS NORMALES,NO,NO,SI,NO,ESPACIADO,60.0,BUENO,LENTO,0.0,0.0,0.0,0.0,0.0,0.0,0.0,100.0,0.0,0.0,0.0,0.0,0.0,100.0,0.0,0.0,0.0,0.0,34.87,23.4594295,29.16471475,11.4105705,15899.71522,0.65,116.3,0.1,80.95383497,35.24827586,23.37952612,29.31390099,11.86874974,24601.90217,0.775862069,246.5,0.120689655,81.02481614,35.17435897,23.18303141,29.17869519,11.99132756,16212.65623,0.743589744,217.9,0.102564103,80.8119796
2678,2457,Mecanizado,NO,Impacto (Syngenta),Maiz,SI,Manual,SI,5023.255814,5.0,47.0,72.0,70000,60,0,0,0,0,0,0,2,1,0,0,0,1,0,0.0,0.0,80.5,0,0.0,0.0,0,0.0,30.0,0,0,0,3,5.0,PLANO O LLANO,PLANO,2.0,5.5,SIN ROCAS,NO,-1.0,-1.0,NO,-1.0,NO,GRANULAR,NO,NO,NO HAY,LA MANANA Y LA TARDE,NO HAY,NO HAY,NO,SI,22.0,PLANTAS NORMALES,NO,NO,SI,NO,ESPACIADO,60.0,BUENO,LENTO,0.0,0.0,0.0,0.0,0.0,0.0,0.0,100.0,0.0,0.0,0.0,0.0,0.0,100.0,0.0,0.0,0.0,0.0,34.88,23.5119284,29.1959642,11.3680716,16150.63547,0.625,112.2,0.1,80.87532547,35.17586207,23.34331998,29.25959103,11.83254209,24286.23596,0.775862069,256.6,0.120689655,81.02723648,35.34074074,23.20114917,29.27094495,12.13959157,11168.73271,0.777777778,205.9,0.148148148,80.90135933
2679,2458,Mecanizado,NO,ADV 9339 (Syngenta),Maiz,SI,Mecanizada,SI,4651.162791,5.0,46.0,79.0,70000,60,1,0,0,0,0,0,2,1,0,0,1,3,0,0.0,29.0,72.0,0,20.0,10.0,0,0.0,30.0,0,0,2,4,5.0,PLANO O LLANO,PLANO,2.0,5.5,SIN ROCAS,NO,-1.0,-1.0,NO,-1.0,NO,GRANULAR,NO,NO,NO HAY,LA MANANA Y LA TARDE,NO HAY,NO HAY,NO,SI,19.0,PLANTAS NORMALES,NO,NO,SI,NO,ESPACIADO,60.0,BUENO,LENTO,0.0,0.0,0.0,0.0,0.0,0.0,0.0,100.0,0.0,0.0,0.0,0.0,0.0,100.0,0.0,0.0,0.0,0.0,34.86,23.4194295,29.13971475,11.4405705,16017.45866,0.65,116.3,0.1,80.87266444,35.24137931,23.39331923,29.31734927,11.84806008,24389.58665,0.775862069,240.2,0.120689655,81.06003011,35.2,23.27272727,29.23636364,11.92727273,13771.81864,0.727272727,223.2,0.121212121,80.82437608
2680,2459,Mecanizado,NO,Impacto (Syngenta),Maiz,SI,Mecanizada,SI,4651.162791,5.0,46.0,81.0,71000,60,1,0,0,0,0,0,1,1,0,0,1,1,0,0.0,29.0,72.0,0,20.0,10.0,0,0.0,30.0,0,0,2,4,5.0,PLANO O LLANO,PLANO,2.0,5.0,SIN ROCAS,NO,-1.0,-1.0,NO,-1.0,NO,GRANULAR,NO,NO,NO HAY,LA MANANA Y LA TARDE,NO HAY,NO HAY,NO,SI,21.0,PLANTAS NORMALES,NO,NO,SI,NO,ESPACIADO,60.0,BUENO,LENTO,0.0,0.0,0.0,0.0,0.0,0.0,0.0,100.0,0.0,0.0,0.0,0.0,0.0,100.0,0.0,0.0,0.0,0.0,34.86,23.4194295,29.13971475,11.4405705,16017.45866,0.65,116.3,0.1,80.87266444,35.24137931,23.39331923,29.31734927,11.84806008,24389.58665,0.775862069,240.2,0.120689655,81.06003011,35.24571429,23.22945793,29.23758611,12.01625636,14485.75682,0.742857143,223.2,0.114285714,80.81546036
2681,2460,Mecanizado,NO,Impacto (Syngenta),Algodón,SI,Manual,SI,4615.116279,6.0,45.0,73.0,70000,61,1,0,0,0,0,0,0,2,0,0,0,3,0,0.0,0.0,74.6,0,0.0,13.25,0,0.0,60.0,0,0,0,6,5.0,ONDULADO,PLANO,2.0,5.0,SIN ROCAS,NO,-1.0,-1.0,NO,-1.0,NO,ATERRONADA,NO,NO,NO HAY,LA MANANA Y LA TARDE,NO HAY,NO HAY,NO,SI,17.0,PLANTAS NORMALES,NO,NO,SI,NO,ESPACIADO,60.0,BUENO,LENTO,0.0,0.0,0.0,0.0,0.0,0.0,0.0,48.33,51.67,0.0,0.0,0.0,0.0,100.0,0.0,0.0,0.0,0.0,35.185,23.43772482,29.31136241,11.74727518,16301.30999,0.725,76.7,0.075,80.84935196,35.02758621,23.24661246,29.13709933,11.78097375,24249.64884,0.724137931,439.7,0.172413793,81.19571554,35.4962963,23.33845278,29.41737454,12.15784351,11004.58667,0.814814815,16.1,0.0,80.58628923
2687,2463,Mecanizado,NO,Otro,Algodón,SI,Manual,SI,4744.186047,5.0,46.0,70.0,70000,14,0,0,0,0,0,0,0,1,0,0,0,0,0,0.0,0.0,92.0,0,0.0,0.0,0,0.0,75.0,0,0,0,4,4.0,PLANO O LLANO,PLANO,2.0,6.0,SIN ROCAS,NO,-1.0,-1.0,NO,-1.0,NO,GRANULAR,NO,NO,NO HAY,LA MANANA Y LA TARDE,NO HAY,NO HAY,NO,SI,19.0,PLANTAS NORMALES,NO,NO,SI,NO,ESPACIADO,60.0,BUENO,LENTO,0.0,0.0,0.0,0.0,0.0,0.0,0.0,100.0,0.0,0.0,0.0,0.0,0.0,100.0,0.0,0.0,0.0,0.0,34.3675,24.8875,29.6275,9.48,15771.33664,0.525,98.2,0.05,77.96942897,33.67586207,24.31525155,28.99555681,9.360610517,22303.83284,0.413793103,317.6,0.206896552,81.00764517,33.44166667,24.57916667,29.01041667,8.8625,9034.62915,0.375,43.4,0.041666667,82.41666667
2688,2464,Manual,NO,ICA V 305,Algodón,SI,Manual,SI,4238.372093,5.0,47.0,69.0,66000,14,0,0,0,0,0,0,0,1,0,0,0,1,0,0.0,0.0,69.0,0,0.0,0.0,0,0.0,30.0,0,0,0,3,5.0,PLANO O LLANO,PLANO,2.0,6.0,SIN ROCAS,NO,-1.0,-1.0,SI,-1.0,NO,GRANULAR,NO,NO,NO HAY,LA MANANA Y LA TARDE,NO HAY,NO HAY,NO,SI,31.0,PLANTAS NORMALES,SI,NO,SI,NO,ESPACIADO,31.0,LENTO A MUY LENTO,LENTO,0.0,0.0,0.0,0.0,0.0,0.0,0.0,100.0,0.0,0.0,0.0,0.0,0.0,100.0,0.0,0.0,0.0,0.0,34.7975,25.0675,29.9325,9.73,15671.54276,0.6,61.1,0.05,77.39442897,33.47931034,24.23938948,28.85934991,9.239920861,22079.7239,0.362068966,319.0,0.206896552,81.6455762,33.64166667,24.74166667,29.19166667,8.9,9059.434513,0.5,31.7,0.0,82.08333333
2690,2465,Manual,NO,P4082 (Pioneer),Algodón,SI,Manual,NO,4834.883721,5.0,47.0,81.0,67000,14,1,0,0,0,0,0,0,1,0,0,0,0,0,0.0,0.0,69.0,0,0.0,0.0,0,0.0,30.0,0,0,0,3,5.0,PLANO O LLANO,PLANO,2.0,5.5,SIN ROCAS,NO,-1.0,-1.0,NO,-1.0,NO,GRANULAR,NO,NO,NO HAY,LA MANANA Y LA TARDE,NO HAY,NO HAY,NO,SI,22.0,PLANTAS NORMALES,SI,NO,SI,NO,ESPACIADO,60.0,BUENO,LENTO,0.0,0.0,0.0,0.0,0.0,0.0,0.0,100.0,0.0,0.0,0.0,0.0,0.0,55.0,45.0,0.0,0.0,0.0,33.8275,24.73,29.27875,9.0975,15505.82049,0.425,118.3,0.075,79.26942897,33.98965517,24.41869983,29.2041775,9.570955344,22471.86148,0.482758621,306.2,0.189655172,80.24902448,33.41666667,24.53888889,28.97777778,8.877777778,13699.2901,0.388888889,86.1,0.083333333,82.36111111
2694,2468,Manual,NO,Otro,Algodón,SI,Manual,SI,5441.860465,5.0,47.0,83.0,70000,14,0,0,0,0,0,0,0,1,0,0,0,0,0,0.0,0.0,69.0,0,0.0,0.0,0,0.0,60.0,0,0,0,4,4.0,PLANO O LLANO,PLANO,2.0,5.5,SIN ROCAS,NO,-1.0,-1.0,NO,-1.0,NO,GRANULAR,NO,NO,NO HAY,LA MANANA Y LA TARDE,NO HAY,NO HAY,NO,SI,24.0,PLANTAS NORMALES,NO,NO,SI,NO,ESPACIADO,60.0,BUENO,LENTO,0.0,0.0,0.0,0.0,0.0,0.0,0.0,48.33,51.67,0.0,0.0,0.0,0.0,100.0,0.0,0.0,0.0,0.0,33.3075,24.3575,28.8325,8.95,15132.60815,0.35,181.1,0.125,80.44442897,34.31724138,24.54283776,29.43003957,9.77440362,22715.79005,0.534482759,272.6,0.155172414,79.45592103,33.32105263,24.55263158,28.93684211,8.768421053,14238.77538,0.368421053,98.7,0.105263158,82.39473684
2718,2474,Mecanizado,NO,P4082 (Pioneer),Algodón,SI,Manual,SI,4767.44186,5.0,48.0,71.0,67000,14,0,0,0,0,0,0,1,1,0,0,0,1,0,0.0,0.0,46.0,0,0.0,0.0,0,0.0,60.0,0,0,0,4,4.0,PLANO O LLANO,PLANO,2.0,5.5,SIN ROCAS,NO,-1.0,-1.0,NO,-1.0,NO,GRANULAR,NO,NO,NO HAY,LA MANANA Y LA TARDE,NO HAY,NO HAY,NO,SI,24.0,PLANTAS NORMALES,NO,NO,SI,NO,ESPACIADO,60.0,BUENO,LENTO,0.0,0.0,0.0,0.0,0.0,0.0,0.0,48.33,51.67,0.0,0.0,0.0,0.0,100.0,0.0,0.0,0.0,0.0,34.2175,24.82,29.51875,9.3975,15785.72792,0.5,98.2,0.05,78.29442897,33.77931034,24.31697569,29.04814302,9.462334655,22356.15162,0.431034483,306.6,0.189655172,80.76626586,33.38518519,24.64814815,29.01666667,8.737037037,10075.14891,0.37037037,55.7,0.074074074,82.55555556
2719,2475,Manual,NO,Otro,Algodón,SI,Manual,SI,4632.55814,5.0,48.0,77.0,68000,14,0,0,0,0,0,0,0,1,0,0,0,1,0,0.0,0.0,92.0,0,0.0,0.0,0,0.0,0.0,0,0,0,2,4.0,PLANO O LLANO,PLANO,2.0,5.0,SIN ROCAS,NO,-1.0,-1.0,NO,-1.0,NO,GRANULAR,NO,NO,NO HAY,LA MANANA Y LA TARDE,NO HAY,NO HAY,NO,SI,25.0,PLANTAS NORMALES,SI,NO,SI,NO,ESPACIADO,60.0,BUENO,LENTO,0.0,0.0,0.0,0.0,0.0,0.0,0.0,46.67,53.33,0.0,0.0,0.0,0.0,100.0,0.0,0.0,0.0,0.0,33.8275,24.73,29.27875,9.0975,15505.82049,0.425,118.3,0.075,79.26942897,33.98965517,24.41869983,29.2041775,9.570955344,22471.86148,0.482758621,306.2,0.189655172,80.24902448,33.30909091,24.51515152,28.91212121,8.793939394,12391.87474,0.363636364,64.9,0.060606061,82.54545455
2721,2477,Manual,NO,P4082 (Pioneer),Algodón,SI,Manual,SI,4651.162791,5.0,47.0,66.0,71000,13,0,0,0,0,0,0,0,1,0,0,0,0,0,0.0,0.0,80.5,0,0.0,0.0,0,0.0,30.0,0,0,0,3,5.0,PLANO O LLANO,PLANO,2.0,5.5,SIN ROCAS,NO,-1.0,-1.0,NO,-1.0,NO,GRANULAR,NO,NO,NO HAY,LA MANANA Y LA TARDE,NO HAY,NO HAY,NO,SI,23.0,PLANTAS NORMALES,NO,NO,SI,NO,ESPACIADO,60.0,BUENO,LENTO,0.0,0.0,0.0,0.0,0.0,0.0,0.0,100.0,0.0,0.0,0.0,0.0,0.0,55.0,45.0,0.0,0.0,0.0,33.8275,24.73,29.27875,9.0975,15505.82049,0.425,118.3,0.075,79.26942897,33.98965517,24.41869983,29.2041775,9.570955344,22471.86148,0.482758621,306.2,0.189655172,80.24902448,33.4952381,24.42857143,28.96190476,9.066666667,8008.659328,0.333333333,43.4,0.095238095,81.80952381
2722,2478,Mecanizado,NO,Otro,Algodón,SI,Manual,SI,4576.744186,5.0,47.0,76.0,65000,13,0,0,0,0,0,0,0,1,0,0,0,1,0,0.0,0.0,92.0,0,0.0,0.0,0,0.0,30.0,0,0,0,3,4.0,PLANO O LLANO,PLANO,2.0,5.5,SIN ROCAS,NO,-1.0,-1.0,NO,-1.0,NO,GRANULAR,NO,NO,NO HAY,LA MANANA Y LA TARDE,NO HAY,NO HAY,NO,SI,20.0,PLANTAS NORMALES,NO,NO,SI,NO,ESPACIADO,60.0,BUENO,LENTO,0.0,0.0,0.0,0.0,0.0,0.0,0.0,38.33,61.67,0.0,0.0,0.0,0.0,61.67,38.33,0.0,0.0,0.0,34.3675,24.8875,29.6275,9.48,15771.33664,0.525,98.2,0.05,77.96942897,33.67586207,24.31525155,28.99555681,9.360610517,22303.83284,0.413793103,317.6,0.206896552,81.00764517,33.44516129,24.58064516,29.01290323,8.864516129,11771.41837,0.419354839,74.7,0.064516129,82.5483871
2723,2479,Mecanizado,NO,P3966 (Pioneer),Algodón,SI,Manual,NO,4684.883721,5.0,46.0,84.0,71000,16,1,0,0,0,0,0,2,1,0,0,1,3,0,0.0,0.0,68.75,0,0.0,8.75,0,0.0,72.5,0,0,0,2,5.0,PLANO O LLANO,LADERA PLANA,2.0,6.0,SIN ROCAS,NO,-1.0,-1.0,NO,-1.0,NO,GRANULAR,NO,NO,NO HAY,LA MANANA Y LA TARDE,NO HAY,NO HAY,NO,SI,25.0,PLANTAS NORMALES,NO,NO,SI,NO,ESPACIADO,60.0,BUENO,LENTO,0.0,0.0,0.0,0.0,0.0,0.0,0.0,100.0,0.0,0.0,0.0,0.0,0.0,51.67,48.33,0.0,0.0,0.0,33.2225,24.3225,28.7725,8.9,14930.24955,0.35,181.3,0.125,80.625,34.39310345,24.57732052,29.48521198,9.81578293,22703.70013,0.551724138,272.6,0.155172414,79.29690653,33.26315789,24.46842105,28.86578947,8.794736842,14287.46932,0.342105263,98.7,0.105263158,82.47368421
2733,2504,Manual,NO,Impacto (Syngenta),Maiz,SI,Manual,SI,4632.55814,5.0,46.0,74.0,70000,15,0,0,0,0,0,0,1,1,0,0,1,0,0,0.0,0.0,86.0,0,0.0,0.0,0,0.0,0.0,0,0,0,2,4.0,PLANO O LLANO,PLANO,3.0,6.5,SIN ROCAS,NO,-1.0,-1.0,SI,-1.0,NO,GRANULAR,NO,NO,NO HAY,LA MANANA Y LA TARDE,NO HAY,NO HAY,NO,SI,31.0,PLANTAS NORMALES,SI,NO,SI,SI,ESPACIADO,43.0,LENTO A MUY LENTO,LENTO,0.0,0.0,0.0,0.0,0.0,0.0,0.0,100.0,0.0,0.0,0.0,0.0,0.0,100.0,0.0,0.0,0.0,0.0,33.5575,24.5575,29.0575,9.0,15314.59288,0.375,145.1,0.1,79.89442897,34.18965517,24.46697569,29.32831543,9.722679482,22685.084,0.517241379,282.9,0.172413793,79.86971413,33.23571429,24.51785714,28.87678571,8.717857143,10331.10876,0.321428571,78.3,0.107142857,82.32142857
2735,2506,Mecanizado,SI,Otro,Algodón,SI,Manual,SI,4672.093023,5.0,46.0,73.0,71000,14,0,0,0,0,0,0,1,1,0,0,1,3,0,0.0,0.0,86.0,0,0.0,0.0,0,0.0,0.0,0,0,0,2,4.0,PLANO O LLANO,PLANO,3.0,6.0,SIN ROCAS,NO,-1.0,-1.0,SI,-1.0,NO,GRANULAR,NO,NO,NO HAY,LA MANANA Y LA TARDE,NO HAY,NO HAY,NO,SI,35.0,PLANTAS NORMALES,SI,NO,NO,NO,REGULAR,45.0,LENTO A MUY LENTO,LENTO,0.0,0.0,0.0,0.0,0.0,0.0,0.0,73.33,26.67,0.0,0.0,0.0,0.0,100.0,0.0,0.0,0.0,0.0,33.8275,24.73,29.27875,9.0975,15505.82049,0.425,118.3,0.075,79.26942897,33.98965517,24.41869983,29.2041775,9.570955344,22471.86148,0.482758621,306.2,0.189655172,80.24902448,33.37037037,24.45555556,28.91296296,8.914814815,10177.18451,0.333333333,54.8,0.074074074,82.22222222
2736,2495,Mecanizado,SI,DK 234,Maiz,SI,Manual,SI,4481.395349,6.0,46.0,77.0,80000,12,0,0,0,0,0,0,0,0,0,0,0,1,0,0.0,0.0,161.0,0,0.0,0.0,0,0.0,60.0,0,0,0,2,1.0,PLANO O LLANO,PLANO,2.0,6.0,SIN ROCAS,NO,-1.0,-1.0,NO,-1.0,NO,GRANULAR,NO,NO,NO HAY,LA MANANA Y LA TARDE,NO HAY,NO HAY,NO,SI,30.0,PLANTAS NORMALES,SI,NO,SI,NO,BUENO,50.0,BUENO,NINGUNO,0.0,0.0,0.0,0.0,0.0,0.0,100.0,0.0,0.0,0.0,0.0,0.0,0.0,100.0,0.0,0.0,0.0,0.0,33.87,24.755,29.3125,9.115,15076.68194,0.575,190.6,0.15,79.925,34.24655172,24.67068966,29.45862069,9.575862069,22381.37889,0.482758621,258.1,0.137931034,79.09960618,33.9125,24.40576844,29.15913422,9.506731561,12566.99192,0.46875,103.0,0.15625,80.48260687
2737,2481,Mecanizado,SI,DK 234,Maiz,SI,Manual,SI,3813.953488,6.0,45.0,77.0,54000,11,0,0,0,0,0,0,0,0,0,0,0,0,0,0.0,0.0,184.0,0,0.0,0.0,0,0.0,120.0,0,0,0,4,1.0,PLANO O LLANO,PLANO,2.0,5.0,SIN ROCAS,SI,30.0,10.0,NO,-1.0,NO,GRANULAR,NO,NO,NO HAY,LA MANANA Y LA TARDE,NO HAY,NO HAY,NO,SI,20.0,PLANTAS NORMALES,NO,NO,SI,NO,REGULAR,30.0,BUENO,NINGUNO,0.0,40.0,0.0,0.0,0.0,0.0,0.0,60.0,0.0,0.0,0.0,100.0,0.0,0.0,0.0,0.0,0.0,0.0,33.3125,24.345,28.82875,8.9675,14594.57576,0.4,198.3,0.15,80.525,34.56206897,24.77732052,29.66969474,9.784748448,22680.3189,0.603448276,227.2,0.120689655,78.70305446,33.3483871,24.36451613,28.85645161,8.983870968,11677.9107,0.258064516,122.6,0.193548387,82.01430386
2738,2487,Mecanizado,NO,DK 234,Maiz,SI,Manual,SI,4004.651163,5.0,46.0,82.0,72000,10,0,0,0,0,0,0,0,0,0,0,0,0,0,0.0,0.0,138.0,0,0.0,0.0,0,0.0,60.0,0,0,0,2,1.0,PLANO O LLANO,PLANO,2.0,6.0,SIN ROCAS,NO,-1.0,-1.0,NO,-1.0,NO,GRANULAR,NO,NO,NO HAY,LA MANANA Y LA TARDE,NO HAY,NO HAY,NO,SI,30.0,PLANTAS NORMALES,NO,NO,SI,SI,BUENO,50.0,BUENO,NINGUNO,0.0,0.0,0.0,0.0,0.0,0.0,100.0,0.0,0.0,0.0,0.0,0.0,0.0,100.0,0.0,0.0,0.0,0.0,33.3475,24.44,28.89375,8.9075,14696.5214,0.425,198.3,0.15,80.8,34.56551724,24.7945619,29.68003957,9.770955344,22891.4274,0.603448276,227.2,0.120689655,78.65133032,33.55,24.30833333,28.92916667,9.241666667,13792.23075,0.333333333,122.6,0.166666667,81.40120611
2739,2488,Mecanizado,SI,P3966 (Pioneer),Maiz,SI,Manual,SI,3813.953488,5.0,45.0,81.0,72000,10,0,0,0,0,0,0,0,0,0,0,0,1,0,0.0,0.0,92.0,0,0.0,0.0,0,0.0,60.0,0,0,0,2,1.0,PLANO O LLANO,PLANO,1.0,5.5,SIN ROCAS,SI,35.0,5.0,NO,-1.0,NO,GRANULAR,NO,NO,NO HAY,LA MANANA Y LA TARDE,NO HAY,NO HAY,NO,SI,30.0,PLANTAS NORMALES,SI,NO,SI,SI,BUENO,35.0,BUENO,NINGUNO,0.0,0.0,0.0,0.0,0.0,0.0,100.0,0.0,0.0,0.0,0.0,0.0,0.0,100.0,0.0,0.0,0.0,0.0,33.915,24.745,29.33,9.17,15178.35773,0.575,189.1,0.15,79.7,34.27413793,24.68448276,29.47931034,9.589655172,22439.92631,0.5,259.6,0.137931034,79.01339929,33.87647059,24.38189971,29.12918515,9.494570881,13296.32537,0.441176471,116.8,0.176470588,80.63068882
2740,2484,Mecanizado,NO,PAC 105,Algodón,NO,Manual,SI,3813.953488,5.0,45.0,88.0,60000,10,0,0,0,0,0,0,0,0,0,0,0,1,0,0.0,0.0,138.0,0,0.0,0.0,0,0.0,60.0,0,0,0,2,1.0,PLANO O LLANO,PLANO,2.0,5.0,SIN ROCAS,SI,20.0,6.0,NO,-1.0,NO,ATERRONADA,NO,NO,NO HAY,LA MANANA Y LA TARDE,NO HAY,NO HAY,NO,SI,20.0,POCO AFECTADAS,SI,NO,NO,SI,REGULAR,20.0,BUENO,NINGUNO,0.0,0.0,0.0,0.0,100.0,0.0,0.0,0.0,0.0,0.0,0.0,100.0,0.0,0.0,0.0,0.0,0.0,0.0,33.1875,24.3225,28.755,8.865,14849.7079,0.35,198.3,0.15,80.675,34.42413793,24.57042397,29.49728095,9.853713965,22754.59806,0.551724138,260.1,0.137931034,79.21069963,33.38536585,24.55609756,28.97073171,8.829268293,15494.51486,0.390243902,132.4,0.146341463,82.34146341
2741,2485,Mecanizado,SI,DK 234,Algodón,NO,Manual,SI,4386.046512,6.0,44.0,92.0,65000,11,0,0,0,0,0,0,0,0,0,0,0,0,0,0.0,0.0,230.0,0,0.0,0.0,0,0.0,60.0,0,0,0,3,1.0,PLANO O LLANO,PLANO,2.0,6.0,SIN ROCAS,SI,30.0,10.0,NO,-1.0,NO,ATERRONADA,NO,NO,NO HAY,LA MANANA Y LA TARDE,NO HAY,NO HAY,NO,SI,30.0,PLANTAS NORMALES,SI,NO,NO,SI,BUENO,30.0,BUENO,NINGUNO,0.0,0.0,0.0,0.0,0.0,0.0,40.0,60.0,0.0,0.0,0.0,100.0,0.0,0.0,0.0,0.0,0.0,0.0,33.4725,24.555,29.01375,8.9175,15325.39939,0.475,188.5,0.15,80.9,34.50344828,24.75517241,29.62931034,9.748275862,22750.84686,0.568965517,255.9,0.137931034,78.78926136,33.58222222,24.36632422,28.97427322,9.215897999,17212.84845,0.4,135.2,0.133333333,81.232076
2746,2482,Mecanizado,NO,DK 234,Algodón,NO,Manual,SI,4081.395349,5.0,45.0,77.0,60000,12,0,0,0,0,0,0,0,0,0,0,0,1,0,0.0,0.0,115.0,0,0.0,0.0,0,0.0,150.0,0,0,0,4,1.0,PLANO O LLANO,PLANO,2.0,5.5,SIN ROCAS,NO,-1.0,-1.0,NO,-1.0,NO,ATERRONADA,NO,NO,NO HAY,LA MANANA Y LA TARDE,NO HAY,NO HAY,NO,SI,30.0,PLANTAS NORMALES,SI,NO,SI,SI,BUENO,50.0,BUENO,NINGUNO,0.0,0.0,0.0,0.0,0.0,0.0,40.0,60.0,0.0,0.0,0.0,60.0,0.0,40.0,0.0,0.0,0.0,0.0,34.6825,25.0675,29.875,9.615,15731.78276,0.6,61.7,0.05,77.56942897,33.48275862,24.17559638,28.8291775,9.307162241,22218.0579,0.362068966,318.0,0.206896552,81.42143827,33.40666667,24.64,29.02333333,8.766666667,11344.25364,0.433333333,55.8,0.033333333,82.33333333
2747,2483,Mecanizado,NO,P3966 (Pioneer),Algodón,NO,Manual,SI,4186.046512,5.0,26.0,100.0,65000,10,0,0,0,0,0,0,0,0,0,0,0,0,0,0.0,0.0,92.0,0,0.0,0.0,0,0.0,120.0,0,0,0,4,1.0,PLANO O LLANO,PLANO,1.0,4.5,SIN ROCAS,SI,30.0,8.0,NO,-1.0,NO,GRANULAR,NO,NO,NO HAY,LA MANANA Y LA TARDE,NO HAY,NO HAY,NO,SI,25.0,PLANTAS NORMALES,SI,NO,SI,NO,BUENO,30.0,BUENO,NINGUNO,0.0,0.0,0.0,0.0,0.0,0.0,100.0,0.0,0.0,0.0,0.0,0.0,0.0,100.0,0.0,0.0,0.0,0.0,33.8275,24.73,29.27875,9.0975,15505.82049,0.425,118.3,0.075,79.26942897,33.98965517,24.41869983,29.2041775,9.570955344,22471.86148,0.482758621,306.2,0.189655172,80.24902448,33.37647059,24.54117647,28.95882353,8.835294118,12791.63962,0.382352941,64.9,0.058823529,82.41176471
2748,2486,Manual,NO,DK 234,Maiz,SI,Manual,SI,3906.976744,5.0,46.0,80.0,50000,11,0,0,0,0,0,0,0,0,0,0,0,0,0,0.0,0.0,46.0,0,0.0,0.0,0,0.0,60.0,0,0,0,2,1.0,PLANO O LLANO,PLANO,2.0,5.5,SIN ROCAS,NO,-1.0,-1.0,NO,-1.0,NO,GRANULAR,NO,NO,NO HAY,LA MANANA Y LA TARDE,NO HAY,NO HAY,NO,SI,30.0,PLANTAS NORMALES,NO,NO,SI,SI,BUENO,50.0,BUENO,NINGUNO,0.0,0.0,0.0,0.0,100.0,0.0,0.0,0.0,0.0,0.0,0.0,100.0,0.0,0.0,0.0,0.0,0.0,0.0,34.0025,24.7725,29.3875,9.23,15588.595,0.475,104.6,0.05,78.76942897,33.85517241,24.308355,29.08176371,9.546817413,22479.5339,0.448275862,306.6,0.189655172,80.52488655,33.47647059,24.65882353,29.06764706,8.817647059,12856.85043,0.411764706,85.7,0.088235294,82.5
2750,2490,Manual,SI,Impacto (Syngenta),Algodón,SI,Manual,SI,3627.906977,6.0,40.0,88.0,60000,11,0,0,0,0,0,0,0,0,0,0,0,0,0,0.0,0.0,184.0,0,0.0,0.0,0,0.0,0.0,0,0,0,2,1.0,PLANO O LLANO,PLANO,1.0,4.5,SIN ROCAS,NO,-1.0,-1.0,NO,-1.0,NO,ATERRONADA,NO,NO,NO HAY,LA MANANA Y LA TARDE,NO HAY,NO HAY,NO,SI,35.0,PLANTAS NORMALES,NO,NO,SI,NO,BUENO,40.0,BUENO,NINGUNO,0.0,0.0,0.0,0.0,100.0,0.0,0.0,0.0,0.0,0.0,0.0,100.0,0.0,0.0,0.0,0.0,0.0,0.0,33.3175,24.355,28.83625,8.9625,14658.38852,0.4,198.3,0.15,80.7,34.55862069,24.8221481,29.6903844,9.736472586,22774.84608,0.603448276,227.2,0.120689655,78.68581308,33.64864865,24.34324324,28.99594595,9.305405405,14234.79294,0.378378378,122.6,0.162162162,81.3903627
2751,2491,Manual,NO,DK 234,Maiz,SI,Manual,SI,3720.930233,4.0,41.0,85.0,50000,10,0,0,0,0,0,0,0,0,0,0,0,0,0,0.0,0.0,46.0,0,0.0,0.0,0,0.0,0.0,0,0,0,1,1.0,PLANO O LLANO,PLANO,2.0,6.0,SIN ROCAS,NO,-1.0,-1.0,NO,-1.0,NO,GRANULAR,NO,NO,NO HAY,LA MANANA Y LA TARDE,NO HAY,NO HAY,NO,SI,30.0,PLANTAS NORMALES,SI,NO,SI,NO,BUENO,55.0,BUENO,NINGUNO,0.0,0.0,0.0,0.0,0.0,0.0,45.45,54.55,0.0,0.0,0.0,0.0,0.0,100.0,0.0,0.0,0.0,0.0,33.3775,24.48,28.92875,8.8975,15307.86942,0.45,188.0,0.15,80.9,34.64137931,24.80344828,29.72241379,9.837931034,22929.23636,0.603448276,255.9,0.137931034,78.65133032,33.37575758,24.26923,28.82249379,9.106527575,12519.28968,0.272727273,124.5,0.181818182,81.43767939
2752,2492,Manual,NO,DK 234,Maiz,SI,Manual,SI,3906.976744,5.0,45.0,81.0,60000,11,0,0,0,0,0,0,0,0,0,0,0,0,0,0.0,0.0,92.0,0,0.0,0.0,0,0.0,60.0,0,0,0,2,1.0,PLANO O LLANO,PLANO,1.0,5.5,SIN ROCAS,SI,35.0,10.0,NO,-1.0,NO,ATERRONADA,NO,NO,POCO MARCADAS,LA MANANA Y LA TARDE,NO HAY,NO HAY,NO,SI,28.0,PLANTAS NORMALES,SI,NO,SI,NO,BUENO,35.0,BUENO,NINGUNO,0.0,0.0,0.0,0.0,100.0,0.0,0.0,0.0,0.0,0.0,0.0,100.0,0.0,0.0,0.0,0.0,0.0,0.0,34.3675,24.8875,29.6275,9.48,15771.33664,0.525,98.2,0.05,77.96942897,33.67586207,24.31525155,28.99555681,9.360610517,22303.83284,0.413793103,317.6,0.206896552,81.00764517,33.36470588,24.51176471,28.93823529,8.852941176,12959.27694,0.411764706,74.7,0.058823529,82.38235294
2754,2494,Manual,NO,DK 234,Algodón,NO,Manual,SI,4000.0,5.0,45.0,82.0,60000,11,0,0,0,0,0,0,0,0,0,0,0,0,0,0.0,0.0,138.0,0,0.0,0.0,0,0.0,60.0,0,0,0,3,1.0,PLANO O LLANO,PLANO,2.0,5.0,SIN ROCAS,NO,-1.0,-1.0,NO,-1.0,NO,ATERRONADA,NO,NO,NO HAY,LA MANANA Y LA TARDE,NO HAY,NO HAY,NO,SI,25.0,PLANTAS NORMALES,SI,NO,SI,SI,BUENO,60.0,BUENO,NINGUNO,0.0,0.0,0.0,0.0,0.0,0.0,0.0,33.33,66.67,0.0,0.0,100.0,0.0,0.0,0.0,0.0,0.0,0.0,33.8925,24.79,29.34125,9.1025,15447.87574,0.45,118.3,0.075,79.06942897,33.91724138,24.34283776,29.13003957,9.57440362,22537.00573,0.465517241,306.6,0.189655172,80.33523138,33.45142857,24.61142857,29.03142857,8.84,13265.86674,0.4,85.7,0.085714286,82.48571429
2757,2498,Mecanizado,SI,DK 234,Algodón,NO,Manual,SI,4279.069767,5.0,42.0,65.0,60000,11,0,0,0,0,0,0,0,0,0,0,0,1,0,0.0,0.0,92.0,0,0.0,0.0,0,0.0,0.0,0,0,0,2,1.0,PLANO O LLANO,PLANO,2.0,5.0,SIN ROCAS,SI,28.0,8.0,NO,-1.0,NO,ATERRONADA,NO,NO,POCO MARCADAS,LA MANANA Y LA TARDE,NO HAY,NO HAY,NO,SI,30.0,PLANTAS NORMALES,SI,NO,SI,NO,REGULAR,30.0,BUENO,NINGUNO,0.0,60.0,0.0,0.0,0.0,0.0,0.0,40.0,0.0,0.0,0.0,100.0,0.0,0.0,0.0,0.0,0.0,0.0,33.3775,24.48,28.92875,8.8975,15307.86942,0.45,188.0,0.15,80.9,34.64137931,24.80344828,29.72241379,9.837931034,22929.23636,0.603448276,255.9,0.137931034,78.65133032,33.70666667,24.032306,28.86948633,9.674360664,5867.513355,0.4,51.1,0.133333333,79.89622799
2762,2499,Mecanizado,SI,DK 234,Maiz,SI,Manual,SI,4262.790698,6.0,51.0,84.0,60000,11,0,0,0,0,0,0,0,1,0,0,0,0,0,0.0,0.0,230.0,0,0.0,0.0,0,0.0,60.0,0,0,0,3,1.0,PLANO O LLANO,PLANO,1.0,5.5,SIN ROCAS,SI,35.0,10.0,NO,-1.0,NO,ATERRONADA,NO,NO,POCO MARCADAS,LA MANANA Y LA TARDE,NO HAY,NO HAY,NO,SI,30.0,PLANTAS NORMALES,SI,NO,SI,NO,REGULAR,35.0,BUENO,NINGUNO,0.0,100.0,0.0,0.0,0.0,0.0,0.0,0.0,0.0,0.0,0.0,100.0,0.0,0.0,0.0,0.0,0.0,0.0,33.2775,24.315,28.79625,8.9625,14610.72058,0.375,198.3,0.15,80.575,34.59310345,24.79283776,29.6929706,9.800265689,22622.31264,0.620689655,227.2,0.120689655,78.6685717,33.4,24.43636364,28.91818182,8.963636364,16768.08101,0.340909091,135.3,0.136363636,82.10098681
2763,2500,Mecanizado,SI,P3966 (Pioneer),Algodón,NO,Manual,SI,4558.139535,6.0,50.0,76.0,60000,10,0,0,0,0,0,0,0,0,0,0,0,0,0,0.0,0.0,276.0,0,0.0,0.0,0,0.0,0.0,0,0,0,3,1.0,PLANO O LLANO,PLANO,2.0,6.0,SIN ROCAS,NO,-1.0,-1.0,NO,-1.0,NO,GRANULAR,NO,NO,NO HAY,LA MANANA Y LA TARDE,NO HAY,NO HAY,NO,SI,35.0,PLANTAS NORMALES,SI,NO,SI,NO,BUENO,50.0,BUENO,NINGUNO,0.0,0.0,0.0,0.0,0.0,0.0,60.0,40.0,0.0,0.0,0.0,40.0,0.0,60.0,0.0,0.0,0.0,0.0,33.3225,24.31,28.81625,9.0125,14614.81444,0.375,198.3,0.15,80.5,34.40689655,24.66869983,29.53779819,9.738196723,22731.31063,0.551724138,260.1,0.137931034,79.22794101,33.37714286,24.36857143,28.87285714,9.008571429,13283.73165,0.342857143,101.1,0.142857143,81.91428571
2766,2502,Mecanizado,NO,DK 234,Maiz,SI,Manual,SI,4081.395349,6.0,50.0,83.0,60000,13,0,0,0,0,0,0,0,0,0,0,0,1,0,0.0,0.0,161.0,0,0.0,0.0,0,0.0,30.0,0,0,0,3,1.3,ONDULADO,PLANO CON ONDULACIONES,2.0,6.0,SIN ROCAS,NO,-1.0,-1.0,NO,-1.0,NO,GRANULAR,NO,NO,NO HAY,LA MANANA Y LA TARDE,NO HAY,NO HAY,NO,SI,25.0,PLANTAS NORMALES,NO,NO,SI,SI,BUENO,50.0,BUENO,NINGUNO,0.0,0.0,0.0,0.0,0.0,0.0,100.0,0.0,0.0,0.0,0.0,0.0,0.0,100.0,0.0,0.0,0.0,0.0,33.3075,24.3575,28.8325,8.95,15132.60815,0.35,181.1,0.125,80.44442897,34.31724138,24.54283776,29.43003957,9.77440362,22715.79005,0.534482759,272.6,0.155172414,79.45592103,33.27619048,24.50952381,28.89285714,8.766666667,15872.83825,0.357142857,119.9,0.119047619,82.30952381
2767,2503,Manual,NO,PAC 105,Maiz,NO,Manual,SI,3809.302326,5.0,51.0,77.0,60000,10,0,0,0,0,0,0,0,0,0,0,0,1,0,0.0,0.0,184.0,0,0.0,0.0,0,0.0,0.0,0,0,0,2,1.0,PLANO O LLANO,PLANO,2.0,5.5,SIN ROCAS,SI,35.0,12.0,NO,-1.0,NO,GRANULAR,NO,NO,NO HAY,LA MANANA Y LA TARDE,NO HAY,NO HAY,NO,SI,25.0,PLANTAS NORMALES,NO,NO,SI,NO,REGULAR,35.0,BUENO,NINGUNO,0.0,0.0,0.0,0.0,0.0,0.0,50.0,50.0,0.0,0.0,0.0,0.0,0.0,100.0,0.0,0.0,0.0,0.0,33.3225,24.3175,28.82,9.005,14608.84379,0.375,198.3,0.15,80.55,34.44137931,24.71525155,29.57831543,9.726127758,22710.92973,0.568965517,242.8,0.120689655,79.09000997,33.39444444,24.35555556,28.875,9.038888889,13693.13868,0.333333333,118.4,0.166666667,81.94444444
2771,2513,Mecanizado,SI,Otro,Algodón,SI,Mecanizada,NO,4930.232558,5.0,46.0,78.0,73000,12,0,0,0,0,0,0,2,0,0,0,0,1,0,0.0,0.0,92.0,0,0.0,0.0,0,0.0,60.0,0,0,0,4,4.0,PLANO O LLANO,PLANO,2.0,5.5,SIN ROCAS,NO,-1.0,-1.0,NO,-1.0,NO,ATERRONADA,NO,NO,NO HAY,LA MANANA Y LA TARDE,NO HAY,NO HAY,NO,SI,22.0,PLANTAS NORMALES,NO,NO,SI,NO,REGULAR,60.0,BUENO,LENTO,0.0,0.0,0.0,0.0,0.0,0.0,0.0,100.0,0.0,0.0,0.0,0.0,0.0,60.0,40.0,0.0,0.0,0.0,33.8925,24.79,29.34125,9.1025,15447.87574,0.45,118.3,0.075,79.06942897,33.91724138,24.34283776,29.13003957,9.57440362,22537.00573,0.465517241,306.6,0.189655172,80.33523138,33.34375,24.59375,28.96875,8.75,11958.45138,0.375,64.5,0.0625,82.6875
2772,2514,Mecanizado,SI,Otro,Algodón,SI,Mecanizada,NO,5368.604651,5.0,46.0,81.0,72000,14,1,0,0,0,0,0,1,1,0,0,1,1,0,0.0,0.0,69.0,0,0.0,0.0,0,0.0,60.0,0,0,0,4,5.0,PLANO O LLANO,PLANO,2.0,6.0,SIN ROCAS,NO,-1.0,-1.0,NO,-1.0,NO,GRANULAR,NO,NO,NO HAY,LA MANANA Y LA TARDE,NO HAY,NO HAY,NO,SI,19.0,PLANTAS NORMALES,NO,NO,SI,NO,REGULAR,60.0,BUENO,LENTO,0.0,0.0,0.0,0.0,0.0,0.0,0.0,100.0,0.0,0.0,0.0,0.0,0.0,100.0,0.0,0.0,0.0,0.0,34.3675,24.8875,29.6275,9.48,15771.33664,0.525,98.2,0.05,77.96942897,33.67586207,24.31525155,28.99555681,9.360610517,22303.83284,0.413793103,317.6,0.206896552,81.00764517,33.4,24.52571429,28.96285714,8.874285714,13318.44643,0.428571429,74.7,0.057142857,82.22857143
2773,2515,Mecanizado,SI,P4082 (Pioneer),Algodón,SI,Manual,NO,3813.953488,5.0,47.0,89.0,70000,15,0,0,0,0,0,0,1,1,0,0,1,0,0,0.0,0.0,69.0,0,0.0,0.0,0,0.0,30.0,0,0,0,3,3.0,PLANO O LLANO,PLANO,2.0,6.0,SIN ROCAS,NO,-1.0,-1.0,NO,-1.0,NO,GRANULAR,NO,NO,NO HAY,LA MANANA Y LA TARDE,NO HAY,NO HAY,NO,SI,23.0,PLANTAS NORMALES,NO,NO,SI,NO,REGULAR,60.0,BUENO,LENTO,0.0,0.0,0.0,0.0,0.0,0.0,0.0,100.0,0.0,0.0,0.0,0.0,0.0,56.67,43.33,0.0,0.0,0.0,33.8275,24.73,29.27875,9.0975,15505.82049,0.425,118.3,0.075,79.26942897,33.98965517,24.41869983,29.2041775,9.570955344,22471.86148,0.482758621,306.2,0.189655172,80.24902448,33.4,24.49545455,28.94772727,8.904545455,16676.58863,0.409090909,188.5,0.113636364,82.06818182
2774,2516,Mecanizado,NO,PIONEER 30F35,Maiz,SI,Manual,NO,4744.186047,5.0,47.0,71.0,70000,64,1,0,0,0,0,0,1,1,0,0,1,1,0,0.0,12.0,69.0,0,24.0,0.0,0,12.0,60.0,0,0,1,4,5.0,PLANO O LLANO,PLANO,2.0,5.0,SIN ROCAS,NO,-1.0,-1.0,NO,-1.0,NO,GRANULAR,NO,NO,NO HAY,LA MANANA Y LA TARDE,NO HAY,NO HAY,NO,SI,18.0,PLANTAS NORMALES,NO,NO,SI,NO,ESPACIADO,60.0,BUENO,LENTO,0.0,0.0,0.0,0.0,0.0,0.0,0.0,46.67,53.33,0.0,0.0,0.0,0.0,100.0,0.0,0.0,0.0,0.0,34.935,23.47461008,29.20480504,11.46038992,16006.30843,0.625,95.8,0.075,80.83768594,35.05517241,23.21918205,29.13717723,11.83599036,24582.03477,0.74137931,424.4,0.172413793,81.08882166,35.2,23.18223943,29.19111971,12.01776057,10507.06752,0.769230769,36.9,0.038461538,80.75643093
2775,2517,Mecanizado,NO,PIONEER 30F35 HRR,Maiz,SI,Manual,NO,4651.162791,5.0,47.0,70.0,70000,64,1,0,0,0,0,0,1,1,0,0,1,0,0,0.0,12.0,69.0,0,24.0,0.0,0,12.0,60.0,0,0,1,4,5.0,PLANO O LLANO,PLANO,2.0,5.0,SIN ROCAS,NO,-1.0,-1.0,NO,-1.0,NO,GRANULAR,NO,NO,NO HAY,LA MANANA Y LA TARDE,NO HAY,NO HAY,NO,SI,20.0,PLANTAS NORMALES,NO,NO,SI,NO,ESPACIADO,60.0,BUENO,LENTO,0.0,0.0,0.0,0.0,0.0,0.0,0.0,100.0,0.0,0.0,0.0,0.0,0.0,100.0,0.0,0.0,0.0,0.0,34.94,23.45961008,29.19980504,11.48038992,15962.7622,0.65,91.8,0.075,80.86268594,35.06206897,23.21918205,29.14062551,11.84288691,24471.75175,0.74137931,427.4,0.172413793,81.08882166,35.224,23.19752901,29.2107645,12.02647099,10179.27176,0.76,33.9,0.04,80.74668817
2826,2540,Manual,NO,DK 234,Maiz,NO,Manual,SI,3534.883721,6.0,49.0,84.0,60000,22,0,0,0,0,0,0,0,0,0,0,0,0,0,0.0,0.0,138.0,0,0.0,0.0,0,0.0,0.0,0,0,0,2,2.0,ONDULADO,PLANO CON ONDULACIONES,2.0,5.0,SIN ROCAS,NO,-1.0,-1.0,NO,-1.0,NO,ATERRONADA,NO,NO,NO HAY,LA MANANA Y LA TARDE,NO HAY,NO HAY,NO,SI,28.0,POCO AFECTADAS,NO,NO,SI,NO,BUENO,50.0,BUENO,NINGUNO,0.0,0.0,0.0,0.0,100.0,0.0,0.0,0.0,0.0,0.0,0.0,0.0,0.0,0.0,100.0,0.0,0.0,0.0,33.4725,24.555,29.01375,8.9175,15325.39939,0.475,188.5,0.15,80.9,34.50344828,24.75517241,29.62931034,9.748275862,22750.84686,0.568965517,255.9,0.137931034,78.78926136,33.62857143,24.36391881,28.99624512,9.264652618,16147.91708,0.380952381,128.3,0.142857143,81.03436714
2831,2541,Manual,NO,DK 234,Maiz,NO,Manual,SI,3265.116279,5.0,53.0,82.0,65000,22,0,0,0,0,0,0,0,0,0,0,0,0,0,0.0,0.0,92.0,0,0.0,0.0,0,0.0,0.0,0,0,0,1,1.0,PLANO O LLANO,PLANO,2.0,4.5,SIN ROCAS,NO,-1.0,-1.0,NO,-1.0,NO,GRANULAR,NO,NO,NO HAY,LA MANANA Y LA TARDE,NO HAY,NO HAY,NO,SI,34.0,PLANTAS NORMALES,NO,NO,SI,NO,BUENO,60.0,BUENO,NINGUNO,0.0,0.0,0.0,0.0,0.0,0.0,100.0,0.0,0.0,0.0,0.0,0.0,0.0,0.0,100.0,0.0,0.0,0.0,33.3225,24.3175,28.82,9.005,14608.84379,0.375,198.3,0.15,80.55,34.44137931,24.71525155,29.57831543,9.726127758,22710.92973,0.568965517,242.8,0.120689655,79.09000997,33.39534884,24.43953488,28.91744186,8.955813953,16307.59379,0.372093023,128.5,0.139534884,82.13953488
2835,2543,Manual,NO,Impacto (Syngenta),Maiz,NO,Manual,SI,3255.813953,5.0,51.0,80.0,60000,25,0,0,0,0,0,0,0,0,0,0,0,0,0,0.0,0.0,0.0,0,0.0,0.0,0,0.0,0.0,0,0,0,0,2.0,ONDULADO,PLANO,2.0,5.0,SIN ROCAS,SI,23.0,5.0,NO,-1.0,NO,ATERRONADA,NO,NO,NO HAY,LA MANANA Y LA TARDE,NO HAY,NO HAY,NO,SI,25.0,POCO AFECTADAS,NO,NO,SI,NO,REGULAR,25.0,BUENO,NINGUNO,0.0,0.0,0.0,0.0,100.0,0.0,0.0,0.0,0.0,0.0,0.0,0.0,0.0,0.0,100.0,0.0,0.0,0.0,33.3775,24.48,28.92875,8.8975,15307.86942,0.45,188.0,0.15,80.9,34.64137931,24.80344828,29.72241379,9.837931034,22929.23636,0.603448276,255.9,0.137931034,78.65133032,33.46153846,24.29960487,28.88057167,9.161933589,14905.22142,0.333333333,128.3,0.153846154,81.24213897
2836,2544,Manual,NO,DK 234,Maiz,NO,Manual,SI,3348.837209,6.0,50.0,84.0,70000,20,0,0,0,0,0,0,0,0,0,0,0,0,0,0.0,0.0,138.0,0,0.0,0.0,0,0.0,0.0,0,0,0,2,1.0,PLANO O LLANO,PLANO,1.0,5.5,SIN ROCAS,NO,-1.0,-1.0,NO,-1.0,NO,GRANULAR,NO,NO,NO HAY,LA MANANA Y LA TARDE,NO HAY,NO HAY,NO,NO,-1.0,POCO AFECTADAS,NO,NO,SI,NO,REGULAR,40.0,BUENO,NINGUNO,0.0,0.0,0.0,0.0,0.0,0.0,100.0,0.0,0.0,0.0,0.0,0.0,0.0,0.0,100.0,0.0,0.0,0.0,34.295,24.69,29.4925,9.605,15158.98424,0.65,206.1,0.175,78.85,34.07413793,24.66551724,29.36982759,9.40862069,22128.79011,0.448275862,262.6,0.137931034,79.0823648,33.71627907,24.38336256,29.04982081,9.332916511,16692.95208,0.441860465,175.0,0.162790698,81.24287023
2837,2545,Mecanizado,NO,DK 234,Maiz,NO,Manual,SI,3813.953488,5.0,51.0,90.0,70000,20,0,0,0,0,0,0,0,0,0,0,0,0,0,0.0,0.0,184.0,0,0.0,0.0,0,0.0,60.0,0,0,0,3,4.0,PLANO O LLANO,PLANO,2.0,5.5,SIN ROCAS,NO,-1.0,-1.0,NO,-1.0,NO,GRANULAR,NO,NO,NO HAY,LA MANANA Y LA TARDE,NO HAY,NO HAY,NO,SI,29.0,POCO AFECTADAS,NO,NO,SI,NO,BUENO,45.0,BUENO,LENTO,0.0,0.0,0.0,0.0,0.0,0.0,100.0,0.0,0.0,0.0,0.0,0.0,0.0,100.0,0.0,0.0,0.0,0.0,33.2775,24.32,28.79875,8.9575,14773.84478,0.375,198.3,0.15,80.55,34.57586207,24.81352741,29.69469474,9.762334655,22604.08164,0.620689655,232.8,0.120689655,78.71069963,33.3755102,24.4122449,28.89387755,8.963265306,18750.21787,0.346938776,159.7,0.142857143,82.26530612
2860,2607,Manual,NO,PAC 105,Algodón,NO,Manual,NO,3296.511628,6.0,42.0,80.0,63000,19,2,0,0,0,0,0,0,1,0,0,0,1,1,0.0,0.0,138.0,0,0.0,0.0,0,0.0,0.0,0,0,0,2,2.0,PLANO O LLANO,PLANO,2.0,5.0,SIN ROCAS,NO,-1.0,-1.0,NO,-1.0,NO,GRANULAR,NO,NO,NO HAY,LA MANANA Y LA TARDE,NO HAY,NO HAY,NO,SI,58.0,PLANTAS NORMALES,NO,NO,SI,NO,BUENO,70.0,BUENO,NINGUNO,0.0,0.0,0.0,0.0,0.0,0.0,0.0,0.0,60.0,40.0,0.0,0.0,0.0,100.0,0.0,0.0,0.0,0.0,33.3175,24.355,28.83625,8.9625,14658.38852,0.4,198.3,0.15,80.7,34.55862069,24.8221481,29.6903844,9.736472586,22774.84608,0.603448276,227.2,0.120689655,78.68581308,33.49677419,24.37741935,28.93709677,9.119354839,11765.41691,0.290322581,122.6,0.193548387,81.75623935
2862,2609,Mecanizado,SI,DK 234,Algodón,NO,Manual,NO,5308.139535,6.0,44.0,78.0,62000,19,2,0,0,0,0,0,0,1,0,0,0,1,1,0.0,0.0,230.0,0,0.0,0.0,0,0.0,0.0,0,0,0,2,3.0,PLANO O LLANO,PLANO,2.0,5.5,SIN ROCAS,NO,-1.0,-1.0,NO,-1.0,NO,GRANULAR,NO,NO,NO HAY,LA MANANA Y LA TARDE,NO HAY,NO HAY,NO,SI,46.0,PLANTAS NORMALES,NO,NO,SI,NO,REGULAR,70.0,BUENO,LENTO,0.0,0.0,0.0,0.0,0.0,0.0,0.0,0.0,100.0,0.0,0.0,0.0,0.0,100.0,0.0,0.0,0.0,0.0,33.2875,24.3525,28.82,8.935,14619.54771,0.375,198.3,0.15,80.675,34.51724138,24.73594121,29.62659129,9.781300172,22745.34443,0.586206897,236.0,0.120689655,78.91759618,33.47096774,24.31935484,28.89516129,9.151612903,11877.40568,0.322580645,113.8,0.193548387,81.64516129
2863,2610,Manual,SI,PAC 105,Algodón,NO,Manual,NO,4651.162791,5.0,44.0,74.0,54000,18,1,0,0,0,0,0,0,0,0,0,0,2,1,0.0,0.0,92.0,0,0.0,0.0,0,0.0,0.0,0,0,0,2,2.0,PLANO O LLANO,PLANO,2.0,6.0,SIN ROCAS,NO,-1.0,-1.0,NO,-1.0,NO,ATERRONADA,NO,NO,NO HAY,LA MANANA Y LA TARDE,NO HAY,NO HAY,NO,SI,35.0,PLANTAS NORMALES,NO,NO,NO,NO,REGULAR,70.0,BUENO,NINGUNO,0.0,48.57,0.0,0.0,0.0,0.0,0.0,51.43,0.0,0.0,0.0,51.43,48.57,0.0,0.0,0.0,0.0,0.0,34.3675,24.8875,29.6275,9.48,15771.33664,0.525,98.2,0.05,77.96942897,33.67586207,24.31525155,28.99555681,9.360610517,22303.83284,0.413793103,317.6,0.206896552,81.00764517,33.34615385,24.56923077,28.95769231,8.776923077,9734.646361,0.384615385,44.7,0.038461538,82.69230769
2864,2611,Mecanizado,SI,DK 234,Algodón,NO,Manual,NO,6273.255814,6.0,44.0,81.0,58000,18,1,0,0,0,0,0,0,1,0,0,0,1,0,0.0,0.0,101.2,0,0.0,0.0,0,0.0,0.0,0,0,0,2,2.0,PLANO O LLANO,PLANO,2.0,5.0,SIN ROCAS,SI,15.0,4.0,NO,-1.0,NO,MASIVA,NO,NO,NO HAY,LA MANANA Y LA TARDE,NO HAY,NO HAY,NO,SI,22.0,PLANTAS NORMALES,NO,NO,NO,NO,REGULAR,22.0,BUENO,NINGUNO,0.0,38.57,0.0,0.0,61.43,0.0,0.0,0.0,0.0,0.0,0.0,38.57,0.0,0.0,61.43,0.0,0.0,0.0,33.3625,24.435,28.89875,8.9275,15294.88735,0.35,145.1,0.1,80.39442897,34.24482759,24.48594121,29.3653844,9.758886379,22731.08104,0.517241379,272.6,0.155172414,79.59385207,33.27058824,24.57647059,28.92352941,8.694117647,12694.6687,0.352941176,89.9,0.117647059,82.44117647
2865,2612,Mecanizado,SI,DK 234,Maiz,NO,Mecanizada,NO,1674.418605,6.0,40.0,82.0,72000,18,0,0,0,0,0,0,0,1,0,0,0,1,0,0.0,0.0,80.5,0,0.0,0.0,0,0.0,0.0,0,0,0,2,2.0,PLANO O LLANO,PLANO,2.0,5.5,SIN ROCAS,NO,-1.0,-1.0,NO,-1.0,NO,MASIVA,NO,NO,NO HAY,LA MANANA Y LA TARDE,NO HAY,NO HAY,NO,SI,30.0,PLANTAS NORMALES,NO,NO,NO,NO,REGULAR,30.0,BUENO,NINGUNO,0.0,100.0,0.0,0.0,0.0,0.0,0.0,0.0,0.0,0.0,0.0,100.0,0.0,0.0,0.0,0.0,0.0,0.0,33.2875,24.3525,28.82,8.935,14619.54771,0.375,198.3,0.15,80.675,34.51724138,24.73594121,29.62659129,9.781300172,22745.34443,0.586206897,236.0,0.120689655,78.91759618,33.47096774,24.31935484,28.89516129,9.151612903,11877.40568,0.322580645,113.8,0.193548387,81.64516129
2866,2613,Mecanizado,SI,DK 234,Algodón,NO,Mecanizada,NO,5018.604651,6.0,44.0,70.0,50000,19,0,0,0,0,0,0,0,1,0,0,0,0,0,0.0,0.0,115.0,0,0.0,0.0,0,0.0,30.0,0,0,0,3,3.0,PLANO O LLANO,PLANO,2.0,5.5,SIN ROCAS,NO,-1.0,-1.0,NO,-1.0,NO,ATERRONADA,NO,NO,NO HAY,LA MANANA Y LA TARDE,NO HAY,NO HAY,NO,SI,20.0,POCO AFECTADAS,NO,NO,NO,NO,REGULAR,70.0,BUENO,LENTO,0.0,100.0,0.0,0.0,0.0,0.0,0.0,0.0,0.0,0.0,0.0,100.0,0.0,0.0,0.0,0.0,0.0,0.0,33.8275,24.73,29.27875,9.0975,15505.82049,0.425,118.3,0.075,79.26942897,33.98965517,24.41869983,29.2041775,9.570955344,22471.86148,0.482758621,306.2,0.189655172,80.24902448,33.39130435,24.46956522,28.93043478,8.92173913,8654.815126,0.347826087,49.4,0.086956522,82.04347826
2867,2614,Manual,SI,PAC 105,Algodón,NO,Manual,NO,4386.046512,6.0,44.0,78.0,50000,19,0,0,0,0,0,0,0,1,0,0,0,1,0,0.0,0.0,92.0,0,0.0,0.0,0,0.0,60.0,0,0,0,4,5.0,ONDULADO,PLANO CON ONDULACIONES,2.0,5.0,SIN ROCAS,NO,-1.0,-1.0,NO,-1.0,NO,MASIVA,NO,NO,NO HAY,LA MANANA Y LA TARDE,NO HAY,NO HAY,NO,SI,27.0,PLANTAS NORMALES,NO,NO,SI,NO,BUENO,27.0,BUENO,LENTO,0.0,51.43,0.0,0.0,0.0,48.57,0.0,0.0,0.0,0.0,0.0,51.43,0.0,0.0,48.57,0.0,0.0,0.0,33.8275,24.73,29.27875,9.0975,15505.82049,0.425,118.3,0.075,79.26942897,33.98965517,24.41869983,29.2041775,9.570955344,22471.86148,0.482758621,306.2,0.189655172,80.24902448,33.32903226,24.52258065,28.92580645,8.806451613,11662.51809,0.35483871,56.1,0.064516129,82.4516129
2871,2619,Manual,NO,Impacto (Syngenta),Maiz,NO,Manual,NO,3627.906977,6.0,48.0,84.0,70000,11,0,0,0,0,0,0,0,0,0,0,0,0,0,0.0,0.0,184.0,0,0.0,0.0,0,0.0,30.0,0,0,0,3,1.0,PLANO O LLANO,PLANO,2.0,5.5,SIN ROCAS,NO,-1.0,-1.0,NO,-1.0,NO,GRANULAR,NO,NO,NO HAY,LA MANANA Y LA TARDE,NO HAY,NO HAY,NO,SI,28.0,POCO AFECTADAS,NO,NO,SI,NO,BUENO,40.0,BUENO,NINGUNO,0.0,0.0,0.0,0.0,0.0,0.0,100.0,0.0,0.0,0.0,0.0,0.0,0.0,0.0,100.0,0.0,0.0,0.0,33.3925,24.5275,28.96,8.865,15260.72866,0.45,188.5,0.15,81.075,34.57241379,24.78448276,29.67844828,9.787931034,22824.09625,0.586206897,255.9,0.137931034,78.72029584,33.56585366,24.31913634,28.942495,9.246717316,15758.62585,0.365853659,128.3,0.146341463,81.08398585
2873,2618,Mecanizado,NO,DK 234,Algodón,NO,Manual,NO,3720.930233,6.0,54.0,79.0,60000,11,0,0,0,0,0,0,0,0,0,0,0,1,0,0.0,0.0,161.0,0,0.0,0.0,0,0.0,30.0,0,0,0,3,1.0,PLANO O LLANO,PLANO,1.0,4.5,SIN ROCAS,SI,28.0,5.0,NO,-1.0,NO,ATERRONADA,NO,NO,NO HAY,LA MANANA Y LA TARDE,NO HAY,POCO MARCADAS,NO,SI,24.0,POCO AFECTADAS,NO,NO,NO,NO,REGULAR,28.0,BUENO,NINGUNO,0.0,100.0,0.0,0.0,0.0,0.0,0.0,0.0,0.0,0.0,0.0,100.0,0.0,0.0,0.0,0.0,0.0,0.0,33.3075,24.3575,28.8325,8.95,15132.60815,0.35,181.1,0.125,80.44442897,34.31724138,24.54283776,29.43003957,9.77440362,22715.79005,0.534482759,272.6,0.155172414,79.45592103,33.27619048,24.50952381,28.89285714,8.766666667,15872.83825,0.357142857,119.9,0.119047619,82.30952381
2886,2626,Manual,NO,DK 234,Maiz,NO,Mecanizada,SI,3355.813953,7.0,52.0,77.0,60000,11,0,0,0,0,0,0,0,0,0,0,0,1,0,0.0,0.0,115.0,0,0.0,0.0,0,0.0,30.0,0,0,0,4,1.0,PLANO O LLANO,PLANO,2.0,5.0,SIN ROCAS,NO,-1.0,-1.0,NO,-1.0,NO,ATERRONADA,NO,NO,NO HAY,LA MANANA Y LA TARDE,NO HAY,NO HAY,NO,SI,25.0,POCO AFECTADAS,NO,NO,SI,NO,REGULAR,50.0,BUENO,NINGUNO,0.0,0.0,0.0,0.0,0.0,0.0,0.0,100.0,0.0,0.0,0.0,100.0,0.0,0.0,0.0,0.0,0.0,0.0,34.32,24.765,29.5425,9.555,14400.01433,0.675,227.1,0.2,78.75,34.11896552,24.67586207,29.39741379,9.443103448,22709.40709,0.465517241,212.6,0.103448276,78.72029584,33.74871795,24.27139974,29.01005885,9.477318204,15115.50924,0.461538462,192.2,0.179487179,81.16521589
2888,2628,Manual,NO,P3966 (Pioneer),Maiz,NO,Manual,SI,3441.860465,7.0,55.0,77.0,50000,14,0,0,0,0,0,0,0,0,0,0,0,1,0,0.0,0.0,138.0,0,0.0,0.0,0,0.0,0.0,0,0,0,3,1.0,PLANO O LLANO,PLANO,2.0,5.5,SIN ROCAS,NO,-1.0,-1.0,NO,-1.0,NO,ATERRONADA,NO,NO,NO HAY,LA MANANA Y LA TARDE,NO HAY,NO HAY,NO,SI,25.0,PLANTAS NORMALES,NO,NO,SI,NO,BUENO,40.0,BUENO,NINGUNO,0.0,0.0,0.0,0.0,0.0,0.0,0.0,100.0,0.0,0.0,0.0,0.0,0.0,0.0,100.0,0.0,0.0,0.0,33.3225,24.31,28.81625,9.0125,14614.81444,0.375,198.3,0.15,80.5,34.40689655,24.66869983,29.53779819,9.738196723,22731.31063,0.551724138,260.1,0.137931034,79.22794101,33.38095238,24.45238095,28.91666667,8.928571429,15898.18676,0.380952381,111.2,0.119047619,82.11904762
2889,2629,Manual,NO,Impacto (Syngenta),Algodón,NO,Manual,SI,3255.813953,7.0,52.0,80.0,50000,10,0,0,0,0,0,0,0,0,0,0,0,0,0,0.0,0.0,92.0,0,0.0,0.0,0,0.0,30.0,0,0,0,5,1.0,PLANO O LLANO,PLANO,2.0,5.5,SIN ROCAS,SI,22.0,4.0,NO,-1.0,NO,ATERRONADA,NO,NO,NO HAY,LA MANANA Y LA TARDE,NO HAY,NO HAY,NO,SI,20.0,MUY AFECTADAS,NO,NO,NO,NO,ESPACIADO,22.0,BUENO,NINGUNO,0.0,0.0,0.0,0.0,62.5,37.5,0.0,0.0,0.0,0.0,0.0,100.0,0.0,0.0,0.0,0.0,0.0,0.0,33.3175,24.355,28.83625,8.9625,14658.38852,0.4,198.3,0.15,80.7,34.55862069,24.8221481,29.6903844,9.736472586,22774.84608,0.603448276,227.2,0.120689655,78.68581308,33.5047619,24.35714286,28.93095238,9.147619048,15994.75409,0.357142857,134.0,0.142857143,81.72484333
2890,2630,Manual,NO,DK 234,Algodón,SI,Manual,NO,3174.418605,7.0,54.0,81.0,60000,10,0,0,0,0,0,0,0,0,0,0,0,1,0,0.0,0.0,92.0,0,0.0,0.0,0,0.0,30.0,0,0,0,3,1.0,PLANO O LLANO,PLANO,2.0,5.0,SIN ROCAS,NO,-1.0,-1.0,NO,-1.0,NO,ATERRONADA,NO,NO,NO HAY,LA MANANA Y LA TARDE,NO HAY,NO HAY,NO,SI,28.0,POCO AFECTADAS,NO,NO,SI,NO,REGULAR,40.0,BUENO,NINGUNO,0.0,0.0,0.0,0.0,37.5,62.5,0.0,0.0,0.0,0.0,0.0,100.0,0.0,0.0,0.0,0.0,0.0,0.0,33.3125,24.345,28.82875,8.9675,14594.57576,0.4,198.3,0.15,80.525,34.56206897,24.77732052,29.66969474,9.784748448,22680.3189,0.603448276,227.2,0.120689655,78.70305446,33.44444444,24.44666667,28.94555556,8.997777778,17114.73249,0.355555556,135.3,0.133333333,81.98763155
2891,2631,Mecanizado,SI,ICA V 109,Maiz,SI,Manual,NO,3051.162791,6.0,43.0,83.0,65500,2,0,0,0,0,0,0,0,1,0,0,0,1,1,0.0,0.0,138.0,0,0.0,0.0,0,0.0,0.0,0,0,0,2,2.0,PLANO O LLANO,PLANO,2.0,5.5,SIN ROCAS,NO,-1.0,-1.0,NO,-1.0,NO,ATERRONADA,NO,NO,NO HAY,LA MANANA Y LA TARDE,NO HAY,NO HAY,NO,SI,30.0,PLANTAS NORMALES,NO,NO,NO,NO,REGULAR,70.0,BUENO,NINGUNO,0.0,28.57,0.0,0.0,0.0,0.0,0.0,71.43,0.0,0.0,0.0,100.0,0.0,0.0,0.0,0.0,0.0,0.0,33.8275,24.73,29.27875,9.0975,15505.82049,0.425,118.3,0.075,79.26942897,33.98965517,24.41869983,29.2041775,9.570955344,22471.86148,0.482758621,306.2,0.189655172,80.24902448,33.40571429,24.57714286,28.99142857,8.828571429,13234.18173,0.4,86.1,0.085714286,82.48571429
2892,2632,Mecanizado,SI,ICA V 109,Algodón,SI,Manual,NO,2930.232558,6.0,45.0,84.0,62000,18,0,0,0,0,0,0,0,1,0,0,0,2,0,0.0,0.0,115.0,0,0.0,0.0,0,0.0,30.0,0,0,0,3,2.0,PLANO O LLANO,PLANO,2.0,6.5,SIN ROCAS,NO,-1.0,-1.0,SI,-1.0,NO,ATERRONADA,NO,NO,NO HAY,LA MANANA Y LA TARDE,NO HAY,NO HAY,NO,SI,28.0,POCO AFECTADAS,NO,NO,SI,NO,BUENO,30.0,LENTO A MUY LENTO,NINGUNO,0.0,35.71,0.0,0.0,0.0,0.0,0.0,64.29,0.0,0.0,0.0,35.71,0.0,0.0,64.29,0.0,0.0,0.0,33.8275,24.73,29.27875,9.0975,15505.82049,0.425,118.3,0.075,79.26942897,33.98965517,24.41869983,29.2041775,9.570955344,22471.86148,0.482758621,306.2,0.189655172,80.24902448,33.32105263,24.49473684,28.90789474,8.826315789,14425.70249,0.368421053,86.1,0.078947368,82.31578947
2893,2634,Manual,NO,ADV 9339 (Syngenta),Algodón,NO,Manual,NO,4000.0,7.0,52.0,83.0,60000,10,0,0,0,0,0,0,0,0,0,0,0,1,0,0.0,0.0,207.0,0,0.0,0.0,0,0.0,0.0,0,0,0,3,1.0,PLANO O LLANO,PLANO,2.0,5.0,SIN ROCAS,SI,24.0,3.0,NO,-1.0,NO,ATERRONADA,NO,NO,NO HAY,LA MANANA Y LA TARDE,NO HAY,POCO MARCADAS,NO,SI,21.0,POCO AFECTADAS,NO,NO,NO,NO,REGULAR,24.0,BUENO,NINGUNO,0.0,100.0,0.0,0.0,0.0,0.0,0.0,0.0,0.0,0.0,0.0,0.0,0.0,0.0,100.0,0.0,0.0,0.0,33.98,24.6725,29.32625,9.3075,15196.15365,0.575,188.7,0.15,79.35,34.25689655,24.68103448,29.46896552,9.575862069,22454.76088,0.5,253.8,0.137931034,78.97891653,33.75111111,24.55299089,29.152051,9.198120221,17238.40168,0.4,136.1,0.133333333,81.27652044
2894,2633,Mecanizado,NO,Otro,Maiz,NO,Manual,NO,4372.093023,7.0,54.0,87.0,55000,11,0,0,0,0,0,0,0,0,0,0,0,0,0,0.0,0.0,276.0,0,0.0,0.0,0,0.0,60.0,0,0,0,4,1.0,PLANO O LLANO,PLANO,1.0,5.5,SIN ROCAS,NO,-1.0,-1.0,NO,-1.0,NO,ATERRONADA,NO,NO,NO HAY,LA MANANA Y LA TARDE,NO HAY,NO HAY,NO,SI,25.0,POCO AFECTADAS,SI,NO,SI,NO,BUENO,40.0,BUENO,NINGUNO,0.0,0.0,0.0,0.0,0.0,0.0,0.0,100.0,0.0,0.0,0.0,0.0,0.0,0.0,100.0,0.0,0.0,0.0,33.915,24.745,29.33,9.17,15178.35773,0.575,189.1,0.15,79.7,34.27413793,24.68448276,29.47931034,9.589655172,22439.92631,0.5,259.6,0.137931034,79.01339929,33.7372549,24.46244294,29.09984892,9.27481196,19592.48186,0.450980392,136.8,0.117647059,81.20477294
2895,2635,Manual,NO,DK7088,Algodón,SI,Manual,SI,4290.697674,6.0,56.0,84.0,60000,10,0,0,0,0,0,0,0,1,0,0,0,0,0,0.0,0.0,207.0,0,0.0,0.0,0,0.0,90.0,0,0,0,5,1.0,PLANO O LLANO,PLANO,2.0,4.5,SIN ROCAS,NO,-1.0,-1.0,NO,-1.0,NO,ATERRONADA,NO,NO,NO HAY,LA MANANA Y LA TARDE,NO HAY,NO HAY,NO,SI,26.0,PLANTAS NORMALES,NO,NO,SI,SI,BUENO,40.0,BUENO,NINGUNO,0.0,0.0,0.0,0.0,37.5,62.5,0.0,0.0,0.0,0.0,0.0,100.0,0.0,0.0,0.0,0.0,0.0,0.0,33.98,24.6725,29.32625,9.3075,15196.15365,0.575,188.7,0.15,79.35,34.25689655,24.68103448,29.46896552,9.575862069,22454.76088,0.5,253.8,0.137931034,78.97891653,33.76734694,24.49968551,29.13351622,9.267661428,18881.12665,0.428571429,136.1,0.12244898,81.15190653
2896,2636,Manual,NO,Otro,Maiz,NO,Mecanizada,SI,3906.976744,4.0,56.0,84.0,60000,10,0,0,0,0,0,0,0,0,0,0,0,0,0,0.0,0.0,138.0,0,0.0,0.0,0,0.0,0.0,0,0,0,3,1.0,PLANO O LLANO,PLANO,2.0,5.0,SIN ROCAS,NO,-1.0,-1.0,NO,-1.0,NO,ATERRONADA,NO,NO,NO HAY,LA MANANA Y LA TARDE,NO HAY,NO HAY,NO,SI,22.0,PLANTAS NORMALES,NO,NO,SI,NO,BUENO,38.0,BUENO,NINGUNO,0.0,0.0,0.0,0.0,100.0,0.0,0.0,0.0,0.0,0.0,0.0,100.0,0.0,0.0,0.0,0.0,0.0,0.0,33.6175,24.595,29.10625,9.0225,15396.85547,0.5,187.7,0.15,80.6,34.42758621,24.74137931,29.58448276,9.686206897,22635.63926,0.551724138,257.8,0.137931034,78.94443377,33.60851064,24.40818277,29.0083467,9.200327872,17952.51918,0.404255319,135.2,0.127659574,81.11581744
2897,2637,Manual,NO,Otro,Algodón,NO,Manual,NO,4081.395349,6.0,58.0,92.0,50000,10,0,0,0,0,0,0,0,0,0,0,0,0,0,0.0,0.0,184.0,0,0.0,0.0,0,0.0,60.0,0,0,0,3,1.0,PLANO O LLANO,PLANO,2.0,5.0,SIN ROCAS,SI,23.0,3.0,NO,-1.0,NO,ATERRONADA,NO,NO,NO HAY,LA MANANA,NO HAY,NO HAY,NO,SI,20.0,POCO AFECTADAS,NO,NO,SI,NO,REGULAR,23.0,BUENO,NINGUNO,0.0,0.0,0.0,0.0,65.0,35.0,0.0,0.0,0.0,0.0,0.0,100.0,0.0,0.0,0.0,0.0,0.0,0.0,34.03,24.6375,29.33375,9.3925,15263.79068,0.6,198.6,0.175,79.25,34.29827586,24.69482759,29.49655172,9.603448276,22441.0481,0.5,253.4,0.137931034,78.82374411,33.65762712,24.52516254,29.09139483,9.132464576,22540.51433,0.423728814,148.3,0.101694915,81.54988847
2898,2638,Manual,NO,P3966 (Pioneer),Maiz,SI,Manual,SI,4186.046512,5.0,53.0,79.0,60000,9,0,0,0,0,0,0,0,0,0,0,0,1,0,0.0,0.0,184.0,0,0.0,0.0,0,0.0,0.0,0,0,0,4,1.0,PLANO O LLANO,PLANO,2.0,5.0,SIN ROCAS,NO,-1.0,-1.0,NO,-1.0,NO,ATERRONADA,NO,NO,NO HAY,LA MANANA Y LA TARDE,NO HAY,NO HAY,NO,SI,22.0,POCO AFECTADAS,NO,NO,SI,NO,BUENO,40.0,BUENO,NINGUNO,0.0,0.0,0.0,0.0,0.0,100.0,0.0,0.0,0.0,0.0,0.0,100.0,0.0,0.0,0.0,0.0,0.0,0.0,34.03,24.6375,29.33375,9.3925,15263.79068,0.6,198.6,0.175,79.25,34.29827586,24.69482759,29.49655172,9.603448276,22441.0481,0.5,253.4,0.137931034,78.82374411,33.61,24.40711475,29.00855738,9.202885249,15310.21857,0.4,126.7,0.15,81.4860855
2899,2639,Manual,NO,Otro,Maiz,SI,Manual,SI,4004.651163,7.0,55.0,86.0,50000,10,0,0,0,0,0,0,0,0,0,0,0,0,0,0.0,0.0,92.0,0,0.0,0.0,0,0.0,0.0,0,0,0,2,1.0,PLANO O LLANO,PLANO,1.0,5.0,SIN ROCAS,NO,-1.0,-1.0,NO,-1.0,NO,ATERRONADA,NO,NO,NO HAY,LA MANANA Y LA TARDE,NO HAY,NO HAY,NO,SI,28.0,POCO AFECTADAS,NO,NO,SI,SI,BUENO,40.0,BUENO,NINGUNO,0.0,0.0,0.0,0.0,0.0,0.0,100.0,0.0,0.0,0.0,0.0,0.0,0.0,0.0,100.0,0.0,0.0,0.0,34.03,24.6375,29.33375,9.3925,15263.79068,0.6,198.6,0.175,79.25,34.29827586,24.69482759,29.49655172,9.603448276,22441.0481,0.5,253.4,0.137931034,78.82374411,33.73333333,24.48401157,29.10867245,9.249321764,19586.67278,0.431372549,136.9,0.117647059,81.28320431
2901,2641,Mecanizado,SI,ADV 9339 (Syngenta),Maiz,SI,Manual,SI,3813.953488,6.0,51.0,88.0,60000,10,0,0,0,0,0,0,0,0,0,0,0,1,0,0.0,0.0,138.0,0,0.0,0.0,0,0.0,0.0,0,0,0,2,1.0,PLANO O LLANO,PLANO,1.0,4.5,SIN ROCAS,NO,-1.0,-1.0,NO,-1.0,NO,ATERRONADA,NO,NO,NO HAY,LA MANANA Y LA TARDE,NO HAY,NO HAY,NO,SI,24.0,POCO AFECTADAS,NO,NO,SI,NO,BUENO,40.0,BUENO,NINGUNO,0.0,0.0,0.0,0.0,100.0,0.0,0.0,0.0,0.0,0.0,0.0,0.0,0.0,0.0,100.0,0.0,0.0,0.0,33.99,24.71,29.35,9.28,15239.27506,0.6,189.1,0.15,79.5,34.2637931,24.67758621,29.47068966,9.586206897,22480.59248,0.5,253.4,0.137931034,78.97891653,33.74583333,24.49551229,29.12067281,9.250321041,18419.15508,0.416666667,136.1,0.125,81.17590458
2902,2642,Manual,NO,ADV 9339 (Syngenta),Maiz,SI,Manual,SI,3906.976744,6.0,54.0,92.0,60000,11,0,0,0,0,0,0,0,0,0,0,0,1,0,0.0,0.0,184.0,0,0.0,0.0,0,0.0,60.0,0,0,0,3,1.0,PLANO O LLANO,PLANO,2.0,5.0,SIN ROCAS,NO,-1.0,-1.0,NO,-1.0,NO,ATERRONADA,NO,NO,NO HAY,LA MANANA Y LA TARDE,NO HAY,NO HAY,NO,SI,22.0,POCO AFECTADAS,NO,NO,SI,NO,ESPACIADO,40.0,BUENO,NINGUNO,0.0,60.0,0.0,0.0,0.0,0.0,0.0,40.0,0.0,0.0,0.0,100.0,0.0,0.0,0.0,0.0,0.0,0.0,33.815,24.705,29.26,9.11,15193.95005,0.55,190.6,0.15,80.1,34.26034483,24.69827586,29.47931034,9.562068966,22364.94265,0.5,259.7,0.137931034,79.1685717,33.63272727,24.49426527,29.06349627,9.138461999,21027.90944,0.418181818,141.0,0.109090909,81.38988036
2909,2645,Manual,NO,Otro,Maiz,SI,Manual,SI,4186.046512,5.0,54.0,92.0,60000,11,0,0,0,0,0,0,0,0,0,0,0,0,0,0.0,0.0,138.0,0,0.0,0.0,0,0.0,30.0,0,0,0,3,1.0,PLANO O LLANO,PLANO,2.0,5.0,SIN ROCAS,NO,-1.0,-1.0,NO,-1.0,NO,ATERRONADA,NO,NO,NO HAY,LA MANANA Y LA TARDE,NO HAY,NO HAY,NO,SI,27.0,PLANTAS NORMALES,NO,NO,SI,NO,BUENO,40.0,BUENO,NINGUNO,0.0,0.0,0.0,0.0,0.0,0.0,0.0,100.0,0.0,0.0,0.0,0.0,0.0,0.0,100.0,0.0,0.0,0.0,33.5575,24.5575,29.0575,9.0,15314.59288,0.375,145.1,0.1,79.89442897,34.18965517,24.46697569,29.32831543,9.722679482,22685.084,0.517241379,282.9,0.172413793,79.86971413,33.11851852,24.48888889,28.8037037,8.62962963,19802.61978,0.333333333,226.6,0.111111111,82.51851852
2914,2646,Manual,NO,Otro,Maiz,NO,Manual,SI,3900.0,6.0,52.0,94.0,60000,11,0,0,0,0,0,0,0,0,0,0,0,0,0,0.0,0.0,184.0,0,0.0,0.0,0,0.0,0.0,0,0,0,2,1.0,PLANO O LLANO,PLANO,2.0,5.0,SIN ROCAS,SI,24.0,4.0,NO,-1.0,NO,ATERRONADA,NO,NO,NO HAY,LA MANANA Y LA TARDE,NO HAY,NO HAY,NO,SI,20.0,POCO AFECTADAS,NO,NO,NO,NO,REGULAR,24.0,BUENO,NINGUNO,0.0,0.0,0.0,0.0,23.33,76.67,0.0,0.0,0.0,0.0,0.0,0.0,0.0,0.0,100.0,0.0,0.0,0.0,33.915,24.745,29.33,9.17,15178.35773,0.575,189.1,0.15,79.7,34.27413793,24.68448276,29.47931034,9.589655172,22439.92631,0.5,259.6,0.137931034,79.01339929,33.70909091,24.48517436,29.09713264,9.223916545,21136.09252,0.436363636,141.3,0.109090909,81.33533491
2915,2643,Manual,NO,Otro,Algodón,SI,Manual,SI,4000.0,5.0,56.0,81.0,58000,12,0,0,0,0,0,0,0,0,0,0,0,0,0,0.0,0.0,230.0,0,0.0,0.0,0,0.0,60.0,0,0,0,3,1.0,PLANO O LLANO,PLANO,1.0,4.5,SIN ROCAS,NO,-1.0,-1.0,NO,-1.0,NO,GRANULAR,NO,NO,NO HAY,LA MANANA Y LA TARDE,NO HAY,NO HAY,NO,SI,24.0,POCO AFECTADAS,NO,NO,SI,NO,ESPACIADO,40.0,BUENO,NINGUNO,0.0,0.0,0.0,0.0,0.0,0.0,100.0,0.0,0.0,0.0,0.0,0.0,0.0,0.0,100.0,0.0,0.0,0.0,33.5575,24.5575,29.0575,9.0,15314.59288,0.375,145.1,0.1,79.89442897,34.18965517,24.46697569,29.32831543,9.722679482,22685.084,0.517241379,282.9,0.172413793,79.86971413,33.31555556,24.58222222,28.94888889,8.733333333,16873.13903,0.4,160.8,0.111111111,82.13333333
2917,2644,Manual,SI,Otro,Maiz,NO,Manual,SI,4186.046512,5.0,52.0,88.0,60000,10,0,0,0,0,0,0,0,0,0,0,0,1,0,0.0,0.0,138.0,0,0.0,0.0,0,0.0,0.0,0,0,0,2,1.0,PLANO O LLANO,PLANO,2.0,5.5,SIN ROCAS,NO,-1.0,-1.0,NO,-1.0,NO,ATERRONADA,NO,NO,NO HAY,LA MANANA Y LA TARDE,NO HAY,NO HAY,NO,SI,26.0,PLANTAS NORMALES,NO,NO,NO,SI,REGULAR,40.0,BUENO,NINGUNO,0.0,0.0,0.0,0.0,100.0,0.0,0.0,0.0,0.0,0.0,0.0,0.0,0.0,0.0,100.0,0.0,0.0,0.0,34.03,24.6375,29.33375,9.3925,15263.79068,0.6,198.6,0.175,79.25,34.29827586,24.69482759,29.49655172,9.603448276,22441.0481,0.5,253.4,0.137931034,78.82374411,33.6125,24.45592896,29.03421448,9.156571041,18279.83302,0.395833333,136.9,0.125,81.48840458
2921,2660,Mecanizado,NO,Otro,Maiz,NO,Manual,NO,4000.0,5.0,54.0,80.0,60000,10,0,0,0,0,0,0,0,0,0,0,0,1,0,0.0,0.0,207.0,0,0.0,0.0,0,0.0,0.0,0,0,0,3,1.0,PLANO O LLANO,PLANO,2.0,5.0,SIN ROCAS,NO,-1.0,-1.0,NO,-1.0,NO,GRANULAR,NO,NO,NO HAY,LA MANANA Y LA TARDE,NO HAY,NO HAY,NO,SI,24.0,POCO AFECTADAS,NO,NO,SI,NO,REGULAR,40.0,BUENO,NINGUNO,0.0,0.0,0.0,0.0,0.0,0.0,100.0,0.0,0.0,0.0,0.0,0.0,0.0,0.0,100.0,0.0,0.0,0.0,33.3775,24.48,28.92875,8.8975,15307.86942,0.45,188.0,0.15,80.9,34.64137931,24.80344828,29.72241379,9.837931034,22929.23636,0.603448276,255.9,0.137931034,78.65133032,33.45238095,24.33058548,28.89148321,9.121795475,15969.46424,0.357142857,134.3,0.142857143,81.2962719
2925,2664,Manual,NO,P3966 (Pioneer),Algodón,SI,Manual,SI,3720.930233,6.0,50.0,87.0,60000,11,0,0,0,0,0,0,0,0,0,0,0,0,0,0.0,0.0,184.0,0,0.0,0.0,0,0.0,0.0,0,0,0,2,1.0,PLANO O LLANO,PLANO,2.0,6.0,SIN ROCAS,SI,18.0,3.0,NO,-1.0,NO,ATERRONADA,NO,NO,NO HAY,LA MANANA Y LA TARDE,NO HAY,NO HAY,NO,SI,18.0,POCO AFECTADAS,NO,NO,NO,NO,REGULAR,18.0,BUENO,NINGUNO,0.0,0.0,0.0,0.0,37.5,62.5,0.0,0.0,0.0,0.0,0.0,100.0,0.0,0.0,0.0,0.0,0.0,0.0,33.3475,24.4575,28.9025,8.89,15070.35886,0.45,186.4,0.15,81.05,34.68275862,24.84137931,29.76206897,9.84137931,22916.1731,0.620689655,254.8,0.137931034,78.5823648,33.42608696,24.31705631,28.87157163,9.109030651,17583.49167,0.347826087,139.7,0.130434783,81.53137869
2926,2665,Manual,NO,DK 234,Maiz,NO,Manual,NO,3720.930233,6.0,48.0,92.0,60000,10,0,0,0,0,0,0,0,0,0,0,0,0,0,0.0,0.0,184.0,0,0.0,0.0,0,0.0,120.0,0,0,0,4,1.0,PLANO O LLANO,PLANO,2.0,4.5,SIN ROCAS,SI,23.0,4.0,NO,-1.0,NO,ATERRONADA,NO,NO,NO HAY,LA MANANA Y LA TARDE,NO HAY,NO HAY,NO,SI,18.0,POCO AFECTADAS,NO,NO,NO,SI,REGULAR,23.0,BUENO,NINGUNO,0.0,67.5,0.0,0.0,0.0,0.0,0.0,32.5,0.0,0.0,0.0,0.0,0.0,0.0,100.0,0.0,0.0,0.0,33.87,24.755,29.3125,9.115,15076.68194,0.575,190.6,0.15,79.925,34.24655172,24.67068966,29.45862069,9.575862069,22381.37889,0.482758621,258.1,0.137931034,79.09960618,33.73877551,24.4731549,29.1059652,9.265620611,18867.51517,0.448979592,135.9,0.12244898,81.1110902
2935,2686,Manual,NO,Otro,Algodón,NO,Manual,SI,4186.046512,6.0,53.0,80.0,60000,10,0,0,0,0,0,0,0,0,0,0,0,0,0,0.0,0.0,184.0,0,0.0,0.0,0,0.0,0.0,0,0,0,2,1.0,PLANO O LLANO,PLANO,2.0,5.0,SIN ROCAS,NO,-1.0,-1.0,NO,-1.0,NO,ATERRONADA,NO,NO,NO HAY,LA MANANA,NO HAY,NO HAY,NO,SI,23.0,PLANTAS NORMALES,NO,NO,SI,NO,BUENO,40.0,BUENO,NINGUNO,0.0,0.0,0.0,0.0,40.0,60.0,0.0,0.0,0.0,0.0,0.0,100.0,0.0,0.0,0.0,0.0,0.0,0.0,33.3475,24.4575,28.9025,8.89,15070.35886,0.45,186.4,0.15,81.05,34.68275862,24.84137931,29.76206897,9.84137931,22916.1731,0.620689655,254.8,0.137931034,78.5823648,33.43333333,24.27344262,28.85338798,9.159890713,16039.88101,0.357142857,135.2,0.142857143,81.39151
2936,2687,Manual,NO,Otro,Maiz,NO,Manual,SI,4172.093023,6.0,52.0,82.0,50000,10,0,0,0,0,0,0,0,0,0,0,0,0,0,0.0,0.0,184.0,0,0.0,0.0,0,0.0,120.0,0,0,0,4,1.0,PLANO O LLANO,PLANO,2.0,4.5,SIN ROCAS,NO,-1.0,-1.0,NO,-1.0,NO,ATERRONADA,NO,NO,NO HAY,LA MANANA Y LA TARDE,NO HAY,NO HAY,NO,SI,26.0,PLANTAS NORMALES,NO,NO,SI,SI,BUENO,45.0,BUENO,NINGUNO,0.0,44.44,0.0,0.0,0.0,0.0,0.0,55.56,0.0,0.0,0.0,100.0,0.0,0.0,0.0,0.0,0.0,0.0,33.915,24.745,29.33,9.17,15178.35773,0.575,189.1,0.15,79.7,34.27413793,24.68448276,29.47931034,9.589655172,22439.92631,0.5,259.6,0.137931034,79.01339929,33.73488372,24.52057186,29.12772779,9.21431186,16466.7385,0.395348837,129.9,0.139534884,81.24287023
2938,2689,Mecanizado,NO,Otro,Algodón,NO,Manual,SI,4279.069767,6.0,54.0,84.0,55000,11,0,0,0,0,0,0,0,0,0,0,0,0,0,0.0,0.0,161.0,0,0.0,0.0,0,0.0,45.0,0,0,0,3,1.0,PLANO O LLANO,PLANO,2.0,5.5,SIN ROCAS,NO,-1.0,-1.0,NO,-1.0,NO,GRANULAR,NO,NO,NO HAY,LA MANANA Y LA TARDE,NO HAY,NO HAY,NO,SI,24.0,POCO AFECTADAS,NO,NO,SI,NO,REGULAR,45.0,BUENO,NINGUNO,0.0,0.0,0.0,0.0,0.0,0.0,100.0,0.0,0.0,0.0,0.0,0.0,0.0,0.0,100.0,0.0,0.0,0.0,33.815,24.705,29.26,9.11,15193.95005,0.55,190.6,0.15,80.1,34.26034483,24.69827586,29.47931034,9.562068966,22364.94265,0.5,259.7,0.137931034,79.1685717,33.8212766,24.45286362,29.13707011,9.368412978,18210.581,0.446808511,128.3,0.127659574,80.88177489
2940,2691,Manual,NO,Otro,Maiz,NO,Manual,SI,4279.069767,6.0,54.0,82.0,55000,10,0,0,0,0,0,0,0,0,0,0,0,0,0,0.0,0.0,184.0,0,0.0,0.0,0,0.0,0.0,0,0,0,2,1.0,PLANO O LLANO,PLANO,2.0,5.5,SIN ROCAS,NO,-1.0,-1.0,NO,-1.0,NO,ATERRONADA,NO,NO,NO HAY,LA MANANA Y LA TARDE,NO HAY,NO HAY,NO,SI,26.0,POCO AFECTADAS,NO,NO,SI,NO,BUENO,42.0,BUENO,NINGUNO,0.0,66.67,0.0,0.0,0.0,0.0,0.0,33.33,0.0,0.0,0.0,100.0,0.0,0.0,0.0,0.0,0.0,0.0,33.6175,24.595,29.10625,9.0225,15396.85547,0.5,187.7,0.15,80.6,34.42758621,24.74137931,29.58448276,9.686206897,22635.63926,0.551724138,257.8,0.137931034,78.94443377,33.60444444,24.41965756,29.012051,9.184786888,17193.3324,0.4,134.3,0.133333333,81.14318711
2942,2693,Manual,SI,Otro,Algodón,SI,Manual,SI,4172.093023,6.0,53.0,84.0,60000,10,0,0,0,0,0,0,0,0,0,0,0,0,0,0.0,0.0,276.0,0,0.0,0.0,0,0.0,60.0,0,0,0,4,1.0,PLANO O LLANO,PLANO,1.0,5.0,SIN ROCAS,SI,26.0,7.0,NO,-1.0,NO,ATERRONADA,NO,NO,NO HAY,LA MANANA Y LA TARDE,NO HAY,NO HAY,NO,SI,23.0,POCO AFECTADAS,NO,NO,NO,NO,ESPACIADO,26.0,BUENO,NINGUNO,0.0,0.0,0.0,0.0,100.0,0.0,0.0,0.0,0.0,0.0,0.0,0.0,0.0,0.0,100.0,0.0,0.0,0.0,33.3175,24.355,28.83625,8.9625,14658.38852,0.4,198.3,0.15,80.7,34.55862069,24.8221481,29.6903844,9.736472586,22774.84608,0.603448276,227.2,0.120689655,78.68581308,33.46521739,24.41086957,28.93804348,9.054347826,17480.08768,0.369565217,135.3,0.130434783,81.92268304
2944,2675,Manual,SI,ADV 9339 (Syngenta),Maiz,NO,Manual,SI,3906.976744,6.0,54.0,85.0,60000,14,0,0,0,0,0,0,0,0,0,0,0,1,0,0.0,0.0,276.0,0,0.0,0.0,0,0.0,0.0,0,0,0,3,1.0,PLANO O LLANO,PLANO,2.0,5.5,SIN ROCAS,NO,-1.0,-1.0,NO,-1.0,NO,GRANULAR,NO,NO,NO HAY,LA MANANA Y LA TARDE,NO HAY,NO HAY,NO,SI,22.0,POCO AFECTADAS,NO,NO,SI,NO,REGULAR,43.0,BUENO,NINGUNO,0.0,0.0,0.0,0.0,0.0,0.0,100.0,0.0,0.0,0.0,0.0,0.0,0.0,0.0,100.0,0.0,0.0,0.0,33.3625,24.435,28.89875,8.9275,15294.88735,0.35,145.1,0.1,80.39442897,34.24482759,24.48594121,29.3653844,9.758886379,22731.08104,0.517241379,272.6,0.155172414,79.59385207,33.3,24.50416667,28.90208333,8.795833333,17987.05489,0.395833333,222.5,0.145833333,82.1875
2946,2677,Manual,NO,P3966 (Pioneer),Maiz,NO,Manual,SI,4186.046512,6.0,47.0,79.0,60000,14,0,0,0,0,0,0,0,0,0,0,0,0,0,0.0,0.0,184.0,0,0.0,0.0,0,0.0,120.0,0,0,0,4,1.0,PLANO O LLANO,PLANO,2.0,5.0,SIN ROCAS,NO,-1.0,-1.0,NO,-1.0,NO,ATERRONADA,NO,NO,NO HAY,LA MANANA Y LA TARDE,NO HAY,NO HAY,NO,SI,26.0,POCO AFECTADAS,NO,NO,SI,NO,BUENO,43.0,BUENO,NINGUNO,0.0,0.0,0.0,0.0,0.0,100.0,0.0,0.0,0.0,0.0,0.0,0.0,0.0,0.0,100.0,0.0,0.0,0.0,33.2775,24.315,28.79625,8.9625,14610.72058,0.375,198.3,0.15,80.575,34.59310345,24.79283776,29.6929706,9.800265689,22622.31264,0.620689655,227.2,0.120689655,78.6685717,33.57714286,24.37142857,28.97428571,9.205714286,13522.78628,0.342857143,122.6,0.171428571,81.58409771
2948,2679,Manual,SI,ADV 9339 (Syngenta),Maiz,NO,Manual,SI,4093.023256,6.0,53.0,76.0,60000,14,0,0,0,0,0,0,0,0,0,0,0,1,0,0.0,0.0,184.0,0,0.0,0.0,0,0.0,60.0,0,0,0,3,1.0,PLANO O LLANO,PLANO,2.0,5.0,SIN ROCAS,NO,-1.0,-1.0,NO,-1.0,NO,ATERRONADA,NO,NO,NO HAY,LA MANANA Y LA TARDE,NO HAY,NO HAY,NO,SI,24.0,PLANTAS NORMALES,NO,NO,SI,NO,BUENO,44.0,BUENO,NINGUNO,0.0,0.0,0.0,0.0,0.0,0.0,0.0,100.0,0.0,0.0,0.0,100.0,0.0,0.0,0.0,0.0,0.0,0.0,33.3625,24.435,28.89875,8.9275,15294.88735,0.35,145.1,0.1,80.39442897,34.24482759,24.48594121,29.3653844,9.758886379,22731.08104,0.517241379,272.6,0.155172414,79.59385207,33.34736842,24.62105263,28.98421053,8.726315789,14266.33234,0.394736842,119.9,0.131578947,82.47368421
2949,2678,Manual,SI,P4082 (Pioneer),Maiz,NO,Manual,SI,4386.046512,5.0,50.0,87.0,62000,12,0,0,0,0,0,0,0,0,0,0,0,0,0,0.0,0.0,138.0,0,0.0,0.0,0,0.0,60.0,0,0,0,3,1.0,PLANO O LLANO,PLANO,2.0,5.0,SIN ROCAS,NO,-1.0,-1.0,NO,-1.0,NO,ATERRONADA,NO,NO,NO HAY,LA MANANA Y LA TARDE,NO HAY,NO HAY,NO,SI,26.0,PLANTAS NORMALES,NO,NO,SI,NO,BUENO,44.0,BUENO,NINGUNO,0.0,0.0,0.0,0.0,54.55,45.45,0.0,0.0,0.0,0.0,0.0,0.0,0.0,0.0,100.0,0.0,0.0,0.0,33.6675,24.6475,29.1575,9.02,15545.39475,0.4,118.3,0.075,79.49442897,34.08965517,24.45318259,29.27141888,9.636472586,22560.22961,0.5,282.7,0.172413793,80.05936931,33.36,24.50222222,28.93111111,8.857777778,16964.54597,0.4,212.0,0.133333333,82.11111111
2950,2684,Manual,SI,P3966 (Pioneer),Maiz,SI,Manual,SI,4186.046512,6.0,51.0,76.0,62000,11,0,0,0,0,0,0,0,0,0,0,0,0,0,0.0,0.0,230.0,0,0.0,0.0,0,0.0,60.0,0,0,0,3,1.0,PLANO O LLANO,PLANO,1.0,5.5,SIN ROCAS,SI,26.0,8.0,NO,-1.0,NO,ATERRONADA,NO,NO,NO HAY,LA MANANA Y LA TARDE,NO HAY,NO HAY,NO,SI,24.0,POCO AFECTADAS,NO,NO,SI,NO,REGULAR,26.0,BUENO,NINGUNO,0.0,0.0,0.0,0.0,0.0,0.0,0.0,100.0,0.0,0.0,0.0,100.0,0.0,0.0,0.0,0.0,0.0,0.0,33.3125,24.345,28.82875,8.9675,14594.57576,0.4,198.3,0.15,80.525,34.56206897,24.77732052,29.66969474,9.784748448,22680.3189,0.603448276,227.2,0.120689655,78.70305446,33.62777778,24.38611111,29.00694444,9.241666667,13869.43776,0.361111111,122.6,0.166666667,81.45676166
2952,2682,Manual,NO,Otro,Algodón,NO,Manual,SI,4093.023256,6.0,51.0,86.0,60000,11,0,0,0,0,0,0,0,0,0,0,0,0,0,0.0,0.0,184.0,0,0.0,0.0,0,0.0,60.0,0,0,0,3,1.0,PLANO O LLANO,PLANO,1.0,5.5,SIN ROCAS,NO,-1.0,-1.0,NO,-1.0,NO,GRANULAR,NO,NO,NO HAY,LA MANANA Y LA TARDE,NO HAY,NO HAY,NO,SI,27.0,PLANTAS NORMALES,NO,NO,SI,NO,BUENO,45.0,BUENO,NINGUNO,0.0,0.0,0.0,0.0,0.0,0.0,100.0,0.0,0.0,0.0,0.0,0.0,0.0,0.0,100.0,0.0,0.0,0.0,33.6675,24.6475,29.1575,9.02,15545.39475,0.4,118.3,0.075,79.49442897,34.08965517,24.45318259,29.27141888,9.636472586,22560.22961,0.5,282.7,0.172413793,80.05936931,33.30434783,24.46956522,28.88695652,8.834782609,17242.86163,0.391304348,212.2,0.130434783,82.2173913
2953,2681,Manual,SI,P3966 (Pioneer),Algodón,SI,Manual,SI,4290.697674,5.0,49.0,94.0,60000,11,0,0,0,0,0,0,0,0,0,0,0,1,0,0.0,0.0,276.0,0,0.0,0.0,0,0.0,0.0,0,0,0,3,1.0,PLANO O LLANO,PLANO,2.0,5.0,SIN ROCAS,NO,-1.0,-1.0,NO,-1.0,NO,ATERRONADA,NO,NO,NO HAY,LA MANANA Y LA TARDE,NO HAY,NO HAY,NO,SI,24.0,POCO AFECTADAS,NO,NO,SI,NO,BUENO,43.0,BUENO,NINGUNO,0.0,0.0,0.0,0.0,100.0,0.0,0.0,0.0,0.0,0.0,0.0,100.0,0.0,0.0,0.0,0.0,0.0,0.0,33.2225,24.3225,28.7725,8.9,14930.24955,0.35,181.3,0.125,80.625,34.39310345,24.57732052,29.48521198,9.81578293,22703.70013,0.551724138,272.6,0.155172414,79.29690653,33.29411765,24.40784314,28.85098039,8.88627451,19223.64012,0.37254902,222.5,0.137254902,82.17647059
2954,2680,Manual,SI,Otro,Algodón,SI,Manual,SI,4186.046512,5.0,51.0,85.0,60000,10,0,0,0,0,0,0,0,0,0,0,0,1,0,0.0,0.0,276.0,0,0.0,0.0,0,0.0,60.0,0,0,0,4,1.0,PLANO O LLANO,PLANO,1.0,5.5,SIN ROCAS,NO,-1.0,-1.0,NO,-1.0,NO,ATERRONADA,NO,NO,NO HAY,LA MANANA Y LA TARDE,NO HAY,NO HAY,NO,SI,22.0,POCO AFECTADAS,NO,NO,SI,NO,REGULAR,40.0,BUENO,NINGUNO,0.0,0.0,0.0,0.0,100.0,0.0,0.0,0.0,0.0,0.0,0.0,100.0,0.0,0.0,0.0,0.0,0.0,0.0,34.0025,24.7725,29.3875,9.23,15588.595,0.475,104.6,0.05,78.76942897,33.85517241,24.308355,29.08176371,9.546817413,22479.5339,0.448275862,306.6,0.189655172,80.52488655,33.37272727,24.52272727,28.94772727,8.85,16485.60586,0.409090909,188.3,0.113636364,82.29545455
3024,2746,Mecanizado,SI,DK 234 YGRR,Maiz,NO,Mecanizada,NO,5308.139535,4.0,47.0,80.0,63000,8,0,0,0,0,0,0,0,1,0,0,0,1,0,0.0,0.0,92.0,0,0.0,0.0,0,0.0,0.0,0,0,0,2,2.0,PLANO O LLANO,PLANO,2.0,6.5,SIN ROCAS,NO,-1.0,-1.0,SI,-1.0,NO,GRANULAR,NO,NO,NO HAY,LA MANANA Y LA TARDE,NO HAY,NO HAY,NO,SI,17.0,PLANTAS NORMALES,NO,NO,SI,SI,ESPACIADO,20.0,LENTO A MUY LENTO,NINGUNO,0.0,0.0,0.0,0.0,0.0,0.0,68.33,31.67,0.0,0.0,100.0,0.0,0.0,0.0,0.0,0.0,0.0,0.0,32.285,24.69804972,28.49152486,7.586950277,15428.23293,0.05,244.9,0.225,88.0569587,32.56206897,24.94532942,28.75369919,7.616739546,20859.1313,0.068965517,136.6,0.086206897,87.13529919,33.18581806,25.05052395,29.118171,8.135294118,13471.73064,0.205882353,112.4,0.058823529,82.6023803
3044,2766,Mecanizado,NO,PAC 105,Maiz,NO,Manual,NO,2860.465116,4.0,46.0,75.0,60000,6,0,0,0,0,0,0,1,0,0,0,0,1,0,0.0,0.0,92.0,0,0.0,0.0,0,0.0,0.0,0,0,0,2,1.0,PLANO O LLANO,PLANO,2.0,6.5,SIN ROCAS,NO,-1.0,-1.0,SI,-1.0,NO,GRANULAR,NO,NO,NO HAY,LA MANANA Y LA TARDE,NO HAY,NO HAY,NO,SI,15.0,PLANTAS NORMALES,NO,NO,SI,NO,REGULAR,18.0,LENTO A MUY LENTO,NINGUNO,0.0,26.67,0.0,0.0,0.0,0.0,0.0,73.33,0.0,0.0,100.0,0.0,0.0,0.0,0.0,0.0,0.0,0.0,32.305,24.67101632,28.48800816,7.633983677,15256.6439,0.05,251.0,0.225,82.375,32.54482759,24.93153632,28.73818195,7.61329127,20862.66502,0.068965517,149.4,0.103448276,82.20689655,33.34706479,25.13992193,29.24349336,8.207142857,11220.89731,0.25,112.4,0.071428571,77.25
3048,2770,Mecanizado,NO,DK7088,Maiz,NO,Mecanizada,NO,4767.44186,4.0,46.0,77.0,60000,8,0,0,0,0,0,0,0,1,0,0,0,2,0,0.0,0.0,61.0,0,0.0,15.0,0,0.0,15.0,0,0,0,2,1.0,PLANO O LLANO,PLANO,2.0,6.0,SIN ROCAS,NO,-1.0,-1.0,SI,-1.0,NO,GRANULAR,NO,NO,NO HAY,LA MANANA Y LA TARDE,NO HAY,NO HAY,NO,SI,22.0,PLANTAS NORMALES,NO,NO,SI,NO,BUENO,22.0,LENTO A MUY LENTO,NINGUNO,0.0,35.0,0.0,0.0,0.0,0.0,0.0,65.0,0.0,0.0,100.0,0.0,0.0,0.0,0.0,0.0,0.0,0.0,32.175,24.95341841,28.5642092,7.221581594,15210.99076,0.05,256.8,0.25,88.33288412,32.53793103,25.03498459,28.78645781,7.502946443,20497.21466,0.068965517,122.4,0.068965517,87.10017821,33.33726047,24.96392714,29.1505938,8.373333333,12188.24262,0.233333333,112.4,0.066666667,82.01603101
3103,2818,Manual,NO,Otro,Maiz,NO,Manual,NO,4102.325581,6.0,49.0,83.0,56000,14,0,0,0,0,0,0,0,1,0,0,0,2,0,0.0,0.0,80.5,0,0.0,0.0,0,0.0,0.0,0,0,0,2,2.0,PLANO O LLANO,PLANO,2.0,6.0,SIN ROCAS,NO,-1.0,-1.0,NO,-1.0,NO,ATERRONADA,NO,NO,NO HAY,LA MANANA Y LA TARDE,NO HAY,NO HAY,NO,SI,30.0,POCO AFECTADAS,SI,NO,SI,SI,BUENO,70.0,BUENO,NINGUNO,0.0,64.29,0.0,0.0,0.0,0.0,0.0,35.71,0.0,0.0,0.0,0.0,0.0,0.0,64.29,0.0,35.71,0.0,33.125,24.3575,28.74125,8.7675,14854.24983,0.375,164.5,0.075,82.375,32.86724138,24.42068966,28.64396552,8.446551724,21312.92072,0.25862069,255.7,0.137931034,82.32758621,34.64634146,23.86341463,29.25487805,10.78292683,18006.83154,0.780487805,2.7,0.0,74.65853659
3106,2827,Manual,NO,CORPOICA V 114,Maiz,NO,Manual,NO,2412.790698,3.0,50.0,77.0,58000,16,0,0,0,0,0,0,0,1,0,0,0,2,0,0.0,0.0,92.0,0,0.0,0.0,0,0.0,0.0,0,0,0,2,3.0,PLANO O LLANO,PLANO,2.0,5.0,SIN ROCAS,SI,12.0,20.0,NO,-1.0,NO,ATERRONADA,NO,NO,NO HAY,LA MANANA Y LA TARDE,NO HAY,NO HAY,NO,SI,36.0,MUY AFECTADAS,SI,NO,SI,SI,BUENO,36.0,BUENO,LENTO,0.0,0.0,0.0,0.0,0.0,0.0,0.0,37.7,62.3,0.0,0.0,0.0,0.0,62.3,0.0,0.0,37.7,0.0,33.3,24.3925,28.84625,8.9075,15029.29642,0.4,176.9,0.1,82.05,32.82241379,24.4,28.6112069,8.422413793,21310.68736,0.24137931,241.9,0.120689655,82.46551724,34.84545455,23.96969697,29.40757576,10.87575758,14463.3369,0.848484848,2.2,0.0,74.60606061
3122,2841,Manual,NO,PIONEER 30F35 HRR,Maiz,NO,Manual,NO,3579.069767,6.0,51.0,78.0,60000,16,0,0,0,0,0,0,0,1,0,0,0,2,0,0.0,0.0,103.5,0,0.0,0.0,0,0.0,0.0,0,0,0,2,2.0,PLANO O LLANO,PLANO,2.0,6.0,SIN ROCAS,NO,-1.0,-1.0,NO,-1.0,NO,ATERRONADA,NO,NO,NO HAY,LA MANANA Y LA TARDE,NO HAY,NO HAY,NO,SI,25.0,MUY AFECTADAS,SI,NO,SI,SI,BUENO,60.0,BUENO,NINGUNO,0.0,0.0,0.0,70.0,0.0,0.0,0.0,30.0,0.0,0.0,0.0,0.0,0.0,100.0,0.0,0.0,0.0,0.0,33.25,24.4575,28.85375,8.7925,14927.12854,0.375,176.9,0.1,82.275,32.82413793,24.36551724,28.59482759,8.45862069,21365.12463,0.25862069,241.9,0.120689655,82.37931034,34.77368421,23.83684211,29.30526316,10.93684211,16798.36557,0.815789474,2.2,0.0,73.97368421
3124,2842,Mecanizado,NO,PIONEER 30F35 HRR,Maiz,NO,Mecanizada,NO,3623.255814,5.0,47.0,79.0,62500,16,0,0,0,0,0,0,0,1,0,0,0,2,0,0.0,0.0,124.0,0,0.0,23.0,0,0.0,0.0,0,0,0,3,3.0,PLANO O LLANO,PLANO,2.0,5.5,SIN ROCAS,NO,-1.0,-1.0,NO,-1.0,NO,ATERRONADA,NO,NO,NO HAY,LA MANANA Y LA TARDE,NO HAY,NO HAY,NO,SI,27.0,MUY AFECTADAS,SI,NO,SI,SI,REGULAR,60.0,BUENO,LENTO,0.0,0.0,0.0,45.0,55.0,0.0,0.0,0.0,0.0,0.0,0.0,0.0,0.0,55.0,0.0,0.0,45.0,0.0,33.2,24.53,28.865,8.67,14749.04884,0.4,166.5,0.075,82.275,32.90862069,24.32931034,28.61896552,8.579310345,21596.29549,0.24137931,249.0,0.137931034,82.20689655,34.59117647,24.12058824,29.35588235,10.47058824,14432.6481,0.764705882,12.3,0.0,76.05882353
3125,2843,Manual,SI,DK 234 YGRR,Maiz,NO,Manual,NO,3337.209302,5.0,48.0,78.0,60000,16,0,0,0,0,0,0,0,1,0,0,0,2,0,0.0,0.0,92.0,0,0.0,0.0,0,0.0,0.0,0,0,0,2,2.0,PLANO O LLANO,PLANO,2.0,6.0,SIN ROCAS,NO,-1.0,-1.0,NO,-1.0,NO,GRANULAR,SI,NO,NO HAY,LA MANANA Y LA TARDE,NO HAY,NO HAY,SI,SI,45.0,POCO AFECTADAS,SI,NO,SI,NO,BUENO,60.0,BUENO,NINGUNO,0.0,0.0,71.67,0.0,0.0,0.0,0.0,0.0,28.33,0.0,0.0,0.0,0.0,100.0,0.0,0.0,0.0,0.0,32.995,24.33,28.6625,8.665,14733.47391,0.275,252.1,0.15,82.55,33.17586207,24.35862069,28.76724138,8.817241379,21823.24661,0.362068966,159.8,0.086206897,81.4137931,34.62941176,23.82941176,29.22941176,10.8,15188.79185,0.764705882,2.2,0.0,74.05882353
3135,2853,Manual,NO,PIONEER 30F35 HRR,Maiz,NO,Manual,NO,3813.953488,5.0,53.0,72.0,"0     NaN
1     NaN
2     NaN
3     NaN
4     NaN
       ..
993   NaN
994   NaN
995   NaN
996   NaN
997   NaN
Name: AREA, Length: 882, dtype: float64",15,0,0,0,0,0,0,0,0,0,0,0,0,0,0.0,0.0,0.0,0,0.0,0.0,0,0.0,0.0,0,0,0,0,2.0,PLANO O LLANO,PLANO,2.0,5.5,SIN ROCAS,NO,-1.0,-1.0,NO,-1.0,NO,MASIVA,NO,NO,NO HAY,LA MANANA Y LA TARDE,NO HAY,NO HAY,NO,SI,33.0,PLANTAS NORMALES,SI,NO,SI,SI,BUENO,33.0,BUENO,NINGUNO,0.0,0.0,0.0,0.0,40.0,0.0,60.0,0.0,0.0,0.0,0.0,0.0,0.0,60.0,0.0,0.0,40.0,0.0,32.995,24.2925,28.64375,8.7025,14752.46935,0.3,223.1,0.125,82.4,33.09310345,24.42413793,28.75862069,8.668965517,21634.21982,0.327586207,189.7,0.103448276,81.86206897,34.66875,23.83125,29.25,10.8375,14293.01683,0.78125,2.2,0.0,74.03125
3172,2908,Mecanizado,SI,P3966 (Pioneer),Maiz,SI,Mecanizada,NO,4709.302326,5.0,46.0,95.0,73000,5,0,0,0,0,0,0,2,1,0,0,1,2,0,0.0,0.0,80.0,0,0.0,0.0,0,0.0,0.0,0,0,0,2,4.0,PLANO O LLANO,PLANO,3.0,6.0,SIN ROCAS,SI,18.0,1.0,SI,19.0,NO,ATERRONADA,NO,NO,NO HAY,LA MANANA Y LA TARDE,NO HAY,NO HAY,NO,SI,17.0,PLANTAS NORMALES,SI,NO,NO,SI,ESPACIADO,18.0,LENTO A MUY LENTO,LENTO,0.0,0.0,0.0,0.0,0.0,0.0,0.0,100.0,0.0,0.0,0.0,74.28999999999999,25.71,0.0,0.0,0.0,0.0,0.0,32.68,24.0125,28.34625,8.6675,14512.39412,0.15,268.6,0.175,82.35,33.72758621,24.50689655,29.11724138,9.220689655,22540.06624,0.517241379,109.7,0.051724138,79.93103448,34.98367347,23.99866769,29.49117058,10.98500578,21819.31736,0.87755102,0.0,0.0,73.14285714
3173,2909,Mecanizado,SI,P3966 (Pioneer),Maiz,SI,Mecanizada,NO,5180.232558,5.0,46.0,95.0,73000,6,0,0,0,0,0,0,2,1,0,0,1,2,0,0.0,0.0,80.0,0,0.0,0.0,0,0.0,0.0,0,0,0,2,4.0,PLANO O LLANO,PLANO,3.0,6.0,SIN ROCAS,NO,-1.0,-1.0,SI,-1.0,NO,ATERRONADA,NO,NO,NO HAY,LA MANANA Y LA TARDE,NO HAY,NO HAY,NO,SI,23.0,PLANTAS NORMALES,SI,NO,SI,SI,ESPACIADO,23.0,LENTO A MUY LENTO,LENTO,0.0,0.0,0.0,0.0,0.0,0.0,0.0,100.0,0.0,0.0,50.0,50.0,0.0,0.0,0.0,0.0,0.0,0.0,32.62,23.9875,28.30375,8.6325,14410.85313,0.15,268.6,0.175,82.55,33.81034483,24.54827586,29.17931034,9.262068966,22604.94844,0.534482759,109.7,0.051724138,79.79310345,34.99183673,24.00683096,29.49933385,10.98500578,21864.94441,0.87755102,0.0,0.0,73.10204082
3174,2895,Manual,NO,PIONEER 30F35 HRR,Maiz,NO,Manual,NO,4343.023256,4.0,46.0,82.0,62000,8,0,0,0,0,0,0,1,1,0,0,0,2,0,0.0,0.0,115.0,0,0.0,0.0,0,0.0,0.0,0,0,0,2,2.0,PLANO O LLANO,PLANO,2.0,6.0,SIN ROCAS,NO,-1.0,-1.0,SI,-1.0,NO,GRANULAR,NO,NO,NO HAY,LA MANANA Y LA TARDE,NO HAY,NO HAY,NO,SI,15.0,PLANTAS NORMALES,NO,NO,SI,NO,ESPACIADO,32.0,LENTO A MUY LENTO,NINGUNO,0.0,51.67,0.0,0.0,0.0,0.0,0.0,48.33,0.0,0.0,100.0,0.0,0.0,0.0,0.0,0.0,0.0,0.0,32.07,25.005,28.5375,7.065,14708.62095,0.025,205.6,0.2,89.13619949,32.82413793,25.08670873,28.95542333,7.737429201,20785.70263,0.137931034,114.5,0.086206897,86.13466097,32.91765183,24.80336612,28.86050898,8.114285714,14095.47256,0.114285714,100.0,0.028571429,81.98516943
3175,2896,Manual,NO,ADV 9293 (Syngenta),Maiz,NO,Manual,NO,3088.372093,4.0,47.0,84.0,60000,6,0,0,0,0,0,0,1,1,0,0,0,1,2,0.0,0.0,92.0,0,0.0,0.0,0,0.0,0.0,0,0,0,2,1.0,PLANO O LLANO,PLANO,2.0,6.0,SIN ROCAS,NO,-1.0,-1.0,SI,-1.0,NO,GRANULAR,NO,NO,POCO MARCADAS,LA MANANA Y LA TARDE,NO HAY,NO HAY,NO,SI,13.0,PLANTAS NORMALES,NO,NO,SI,NO,BUENO,24.0,LENTO A MUY LENTO,NINGUNO,0.0,38.33,0.0,0.0,0.0,0.0,61.67,0.0,0.0,0.0,61.67,38.33,0.0,0.0,0.0,0.0,0.0,0.0,32.915,24.225,28.57,8.69,14606.62188,0.25,250.8,0.15,82.425,33.28965517,24.37586207,28.83275862,8.913793103,22132.60204,0.413793103,156.6,0.086206897,81.05172414,34.7,23.82631579,29.26315789,10.87368421,16932.19991,0.789473684,2.2,0.0,73.71052632
3176,2897,Manual,NO,DK 234 YGRR,Maiz,NO,Manual,NO,5469.767442,5.0,48.0,72.0,60000,5,0,0,0,0,0,0,1,1,0,0,0,2,0,0.0,0.0,92.0,0,0.0,0.0,0,0.0,0.0,0,0,0,2,1.0,PLANO O LLANO,PLANO,2.0,6.0,SIN ROCAS,NO,-1.0,-1.0,SI,-1.0,NO,GRANULAR,NO,NO,NO HAY,LA MANANA Y LA TARDE,NO HAY,POCO MARCADAS,NO,SI,13.0,PLANTAS NORMALES,NO,NO,SI,NO,REGULAR,17.0,LENTO A MUY LENTO,NINGUNO,0.0,26.67,0.0,0.0,0.0,0.0,73.33,0.0,0.0,0.0,73.33,26.67,0.0,0.0,0.0,0.0,0.0,0.0,32.105,24.87,28.4875,7.235,15185.00412,0.025,197.7,0.2,88.97592542,33.10689655,25.15222597,29.12956126,7.954670581,21418.00189,0.189655172,89.1,0.068965517,85.15190235,32.60420765,24.84706479,28.72563622,7.757142857,10881.50624,0.035714286,100.0,0.035714286,82.41003322
3177,2898,Manual,NO,DK 234 YGRR,Maiz,NO,Manual,NO,2991.860465,5.0,48.0,80.0,60000,8,0,0,0,0,0,0,1,1,0,0,0,2,0,0.0,0.0,92.0,0,0.0,0.0,0,0.0,0.0,0,0,0,2,2.0,PLANO O LLANO,PLANO,2.0,6.0,SIN ROCAS,NO,-1.0,-1.0,SI,-1.0,NO,GRANULAR,NO,NO,NO HAY,LA MANANA Y LA TARDE,POCO MARCADAS,NO HAY,NO,SI,16.0,PLANTAS NORMALES,NO,NO,SI,NO,REGULAR,19.0,LENTO A MUY LENTO,NINGUNO,0.0,30.0,0.0,0.0,0.0,0.0,70.0,0.0,0.0,0.0,100.0,0.0,0.0,0.0,0.0,0.0,0.0,0.0,31.795,24.73,28.2625,7.065,13512.0519,0.0,161.0,0.15,89.0012948,33.25375542,25.18874001,29.22124771,8.065015408,22336.61815,0.189655172,163.8,0.068965517,83.97028433,32.55,24.90555556,28.72777778,7.644444444,13749.65545,0.138888889,15.1,0.027777778,82.44444444
3178,2899,Mecanizado,NO,Otro,Maiz,NO,Manual,NO,5053.488372,5.0,48.0,79.0,60000,6,0,0,0,0,0,0,1,1,0,0,0,2,0,0.0,0.0,92.0,0,0.0,0.0,0,0.0,0.0,0,0,0,2,2.0,PLANO O LLANO,PLANO,2.0,6.0,SIN ROCAS,NO,-1.0,-1.0,SI,-1.0,NO,GRANULAR,NO,NO,NO HAY,LA MANANA Y LA TARDE,NO HAY,NO HAY,NO,SI,19.0,PLANTAS NORMALES,NO,NO,SI,NO,REGULAR,39.0,LENTO A MUY LENTO,NINGUNO,0.0,0.0,0.0,0.0,0.0,0.0,36.67,63.33,0.0,0.0,100.0,0.0,0.0,0.0,0.0,0.0,0.0,0.0,32.06605582,23.30424856,27.68515219,8.761807259,14260.26699,0.075,98.3,0.075,83.50031855,32.33334951,23.72472882,28.02903916,8.60862069,23014.42232,0.137931034,158.3,0.051724138,82.98080176,34.51939613,23.25135135,28.88537374,11.26804478,16498.69472,0.702702703,12.1,0.027027027,77.76878908
3179,2900,Manual,NO,PIONEER 30F35 HRR,Maiz,NO,Manual,NO,4862.790698,4.0,47.0,80.0,62000,9,0,0,0,0,0,0,1,1,0,0,0,2,0,0.0,0.0,92.0,0,0.0,0.0,0,0.0,0.0,0,0,0,2,1.0,PLANO O LLANO,PLANO,2.0,6.0,SIN ROCAS,NO,-1.0,-1.0,SI,-1.0,NO,GRANULAR,NO,NO,NO HAY,LA MANANA Y LA TARDE,NO HAY,NO HAY,NO,SI,16.0,PLANTAS NORMALES,NO,NO,SI,NO,REGULAR,36.0,LENTO A MUY LENTO,NINGUNO,0.0,40.0,0.0,0.0,0.0,0.0,0.0,60.0,0.0,0.0,100.0,0.0,0.0,0.0,0.0,0.0,0.0,0.0,31.96,24.83,28.395,7.13,14508.86729,0.025,161.0,0.15,88.8262948,33.22961749,25.19218828,29.21090288,8.037429201,21912.39381,0.189655172,63.8,0.051724138,84.48752571,32.3,24.93529412,28.61764706,7.364705882,12648.7884,0.029411765,115.1,0.058823529,82.26470588
3180,2901,Manual,NO,PIONEER 30F35 HRR,Maiz,NO,Manual,NO,4632.55814,4.0,46.0,78.0,60000,6,0,0,0,0,0,0,1,1,0,0,0,2,0,0.0,0.0,92.0,0,0.0,0.0,0,0.0,0.0,0,0,0,2,1.0,PLANO O LLANO,PLANO,2.0,6.0,SIN ROCAS,NO,-1.0,-1.0,SI,-1.0,NO,GRANULAR,NO,NO,NO HAY,LA MANANA Y LA TARDE,NO HAY,NO HAY,NO,SI,12.0,PLANTAS NORMALES,NO,NO,SI,NO,BUENO,25.0,LENTO A MUY LENTO,NINGUNO,0.0,40.0,0.0,0.0,0.0,0.0,0.0,60.0,0.0,0.0,60.0,40.0,0.0,0.0,0.0,0.0,0.0,0.0,32.105,24.82,28.4625,7.285,13956.84196,0.025,98.0,0.1,88.2012948,33.2709968,25.07839518,29.17469599,8.192601615,22720.53977,0.189655172,163.8,0.068965517,83.36683605,32.50850339,24.88387097,28.69618718,7.624632421,11855.03845,0.161290323,15.1,0.032258065,82.41935484
3181,2902,Manual,NO,DK 234 YGRR,Maiz,NO,Manual,NO,4825.581395,4.0,46.0,81.0,60000,5,0,0,0,0,0,0,1,1,0,0,0,2,0,0.0,0.0,92.0,0,0.0,0.0,0,0.0,0.0,0,0,0,2,1.0,PLANO O LLANO,PLANO,2.0,6.0,SIN ROCAS,NO,-1.0,-1.0,SI,-1.0,NO,GRANULAR,NO,NO,NO HAY,LA MANANA Y LA TARDE,POCO MARCADAS,NO HAY,NO,SI,20.0,PLANTAS NORMALES,NO,NO,SI,NO,ESPACIADO,24.0,LENTO A MUY LENTO,NINGUNO,0.0,38.33,0.0,0.0,0.0,0.0,61.67,0.0,0.0,0.0,61.67,38.33,0.0,0.0,0.0,0.0,0.0,0.0,31.955,24.79,28.3725,7.165,13316.26555,0.025,106.8,0.1,88.6012948,33.28134162,25.09563656,29.18848909,8.185705063,23085.60793,0.172413793,163.8,0.068965517,83.60821536,32.54598838,24.90588235,28.72593537,7.640106031,12923.25362,0.176470588,15.1,0.029411765,82.26470588
3182,2903,Mecanizado,NO,DK 234 YGRR,Maiz,NO,Manual,NO,3909.302326,5.0,45.0,85.0,62000,4,0,0,0,0,0,0,0,1,0,0,0,2,0,0.0,0.0,61.0,0,0.0,15.0,0,0.0,15.0,0,0,0,2,1.0,PLANO O LLANO,PLANO,2.0,6.0,SIN ROCAS,NO,-1.0,-1.0,SI,-1.0,NO,GRANULAR,NO,NO,NO HAY,LA MANANA Y LA TARDE,NO HAY,NO HAY,NO,SI,16.0,PLANTAS NORMALES,NO,NO,SI,NO,REGULAR,34.0,LENTO A MUY LENTO,NINGUNO,0.0,0.0,0.0,0.0,0.0,0.0,45.0,55.0,0.0,0.0,100.0,0.0,0.0,0.0,0.0,0.0,0.0,0.0,32.1,24.89,28.495,7.21,15200.03578,0.025,197.7,0.2,89.05092542,33.098583,25.13701587,29.11779944,7.961567132,21458.54681,0.189655172,89.1,0.068965517,84.98778045,32.45263158,24.96315789,28.70789474,7.489473684,14304.51098,0.026315789,115.1,0.052631579,82.39473684
3183,2904,Manual,NO,DK7088,Maiz,NO,Manual,NO,4825.581395,4.0,49.0,85.0,60000,6,0,0,0,0,0,0,1,1,0,0,0,2,0,0.0,0.0,92.0,0,0.0,0.0,0,0.0,0.0,0,0,0,2,1.0,PLANO O LLANO,PLANO,2.0,6.0,SIN ROCAS,NO,-1.0,-1.0,SI,-1.0,NO,GRANULAR,NO,NO,NO HAY,LA MANANA Y LA TARDE,NO HAY,NO HAY,NO,SI,16.0,PLANTAS NORMALES,NO,NO,SI,NO,REGULAR,24.0,LENTO A MUY LENTO,NINGUNO,0.0,38.33,0.0,0.0,0.0,0.0,61.67,0.0,0.0,0.0,61.67,38.33,0.0,0.0,0.0,0.0,0.0,0.0,31.885,24.77,28.3275,7.115,14057.87923,0.025,161.0,0.15,89.0262948,33.23306576,25.22667104,29.2298684,8.006394719,21941.39192,0.189655172,163.8,0.068965517,84.1599395,32.59423427,24.84390244,28.71906835,7.750331831,15798.90497,0.146341463,15.1,0.024390244,82.34146341
3184,2905,Manual,NO,PIONEER 30F35 HRR,Maiz,SI,Manual,NO,3474.418605,5.0,49.0,79.0,60000,5,0,0,0,0,0,0,1,1,0,0,0,2,0,0.0,0.0,92.0,0,0.0,0.0,0,0.0,0.0,0,0,0,2,1.0,PLANO O LLANO,PLANO,2.0,6.0,SIN ROCAS,NO,-1.0,-1.0,SI,-1.0,NO,GRANULAR,NO,NO,POCO MARCADAS,LA MANANA Y LA TARDE,POCO MARCADAS,NO HAY,NO,SI,17.0,PLANTAS NORMALES,NO,NO,SI,NO,BUENO,22.0,LENTO A MUY LENTO,NINGUNO,0.0,35.0,0.0,0.0,0.0,0.0,0.0,65.0,0.0,0.0,65.0,35.0,0.0,0.0,0.0,0.0,0.0,0.0,31.795,24.73,28.2625,7.065,13512.0519,0.0,161.0,0.15,89.0012948,33.25375542,25.18874001,29.22124771,8.065015408,22336.61815,0.189655172,163.8,0.068965517,83.97028433,32.55,24.90555556,28.72777778,7.644444444,13749.65545,0.138888889,15.1,0.027777778,82.44444444
3185,2910,Mecanizado,SI,P3966 (Pioneer),Maiz,SI,Mecanizada,NO,5462.790698,5.0,46.0,92.0,73000,5,0,0,0,0,0,0,0,2,0,0,0,3,0,0.0,0.0,80.0,0,0.0,30.0,0,0.0,10.0,0,0,0,3,4.0,PLANO O LLANO,PLANO,3.0,5.5,SIN ROCAS,NO,-1.0,-1.0,SI,-1.0,NO,ATERRONADA,NO,NO,NO HAY,LA MANANA Y LA TARDE,NO HAY,NO HAY,NO,SI,45.0,PLANTAS NORMALES,SI,NO,SI,NO,REGULAR,45.0,LENTO A MUY LENTO,LENTO,0.0,0.0,0.0,0.0,0.0,0.0,0.0,100.0,0.0,0.0,0.0,0.0,0.0,48.33,51.67,0.0,0.0,0.0,32.995,24.33,28.6625,8.665,14733.47391,0.275,252.1,0.15,82.55,33.17586207,24.35862069,28.76724138,8.817241379,21823.24661,0.362068966,159.8,0.086206897,81.4137931,34.71304348,23.84347826,29.27826087,10.86956522,20412.93613,0.826086957,2.2,0.0,73.7826087
3188,2912,Mecanizado,SI,PIONEER 30F35 HRR,Maiz,NO,Manual,NO,5790.697674,4.0,47.0,87.0,62000,8,0,0,0,0,0,0,1,0,0,0,0,1,0,0.0,0.0,61.0,0,0.0,15.0,0,0.0,15.0,0,0,0,2,1.0,PLANO O LLANO,PLANO,2.0,6.0,SIN ROCAS,NO,-1.0,-1.0,SI,-1.0,NO,GRANULAR,NO,NO,NO HAY,LA MANANA Y LA TARDE,NO HAY,NO HAY,NO,SI,12.0,PLANTAS NORMALES,NO,NO,SI,NO,BUENO,22.0,LENTO A MUY LENTO,NINGUNO,0.0,35.0,0.0,0.0,0.0,0.0,65.0,0.0,0.0,0.0,65.0,35.0,0.0,0.0,0.0,0.0,0.0,0.0,32.9,24.0425,28.47125,8.8575,14848.20902,0.225,270.2,0.175,81.975,33.50689655,24.48965517,28.99827586,9.017241379,22236.90457,0.465517241,128.6,0.068965517,80.67241379,34.77073171,23.79994216,29.28533693,10.97078955,18236.04983,0.829268293,0.7,0.0,73.48780488
3190,2916,Mecanizado,SI,P3966 (Pioneer),Maiz,SI,Manual,SI,5180.232558,5.0,47.0,90.0,72000,5,0,0,0,0,0,0,2,1,0,0,0,1,0,0.0,0.0,76.0,0,0.0,0.0,0,0.0,20.0,0,0,0,2,4.0,PLANO O LLANO,PLANO,3.0,5.5,SIN ROCAS,NO,-1.0,-1.0,SI,-1.0,NO,ATERRONADA,NO,NO,NO HAY,LA MANANA Y LA TARDE,NO HAY,NO HAY,NO,SI,36.0,PLANTAS NORMALES,SI,NO,SI,NO,REGULAR,36.0,LENTO A MUY LENTO,LENTO,0.0,0.0,0.0,0.0,0.0,0.0,0.0,100.0,0.0,0.0,51.67,48.33,0.0,0.0,0.0,0.0,0.0,0.0,32.915,24.045,28.48,8.87,14777.3866,0.25,279.0,0.175,82.125,33.44482759,24.47931034,28.96206897,8.965517241,22174.69514,0.448275862,127.1,0.068965517,80.84482759,34.77777778,23.87550286,29.32664032,10.90227492,19938.40048,0.822222222,2.2,0.0,73.57777778
3191,2913,Mecanizado,SI,DK7088,Maiz,SI,Manual,NO,5816.27907,5.0,48.0,84.0,62000,6,0,0,0,0,0,0,1,0,0,0,0,1,0,0.0,0.0,61.0,0,0.0,15.0,0,0.0,15.0,0,0,0,2,2.0,PLANO O LLANO,PLANO,2.0,6.0,SIN ROCAS,NO,-1.0,-1.0,SI,-1.0,NO,GRANULAR,NO,NO,NO HAY,LA MANANA Y LA TARDE,NO HAY,NO HAY,NO,SI,18.0,PLANTAS NORMALES,NO,NO,SI,NO,MUY BUENO,20.0,LENTO A MUY LENTO,NINGUNO,0.0,30.0,0.0,0.0,0.0,0.0,0.0,70.0,0.0,0.0,100.0,0.0,0.0,0.0,0.0,0.0,0.0,0.0,32.005,24.86,28.4325,7.145,14905.89335,0.025,197.7,0.2,89.01119949,33.06896552,25.12808804,29.09852678,7.940877477,21434.30538,0.172413793,89.1,0.068965517,85.23810924,32.50294535,24.92294535,28.71294535,7.58,15262.1404,0.05,115.1,0.05,82.31202326
3192,2914,Manual,NO,PIONEER 30F35 HRR,Maiz,NO,Manual,NO,5244.186047,4.0,49.0,78.0,62000,9,0,0,0,0,0,0,1,1,0,0,0,1,0,0.0,0.0,61.0,0,0.0,15.0,0,0.0,15.0,0,0,0,2,2.0,PLANO O LLANO,PLANO,2.0,6.0,SIN ROCAS,NO,-1.0,-1.0,SI,-1.0,NO,GRANULAR,NO,NO,POCO MARCADAS,LA MANANA Y LA TARDE,NO HAY,NO HAY,NO,SI,24.0,PLANTAS NORMALES,NO,NO,SI,NO,ESPACIADO,24.0,LENTO A MUY LENTO,NINGUNO,0.0,36.67,0.0,0.0,0.0,0.0,0.0,63.33,0.0,0.0,100.0,0.0,0.0,0.0,0.0,0.0,0.0,0.0,32.535,23.9575,28.24625,8.5775,14738.39683,0.125,234.0,0.175,82.575,34.23448276,24.38448276,29.30948276,9.85,23827.38287,0.672413793,31.3,0.017241379,77.60344828,35.17647059,24.08925638,29.63286348,11.08721421,15001.36257,0.911764706,0.0,0.0,72.97058824
3193,2773,Mecanizado,NO,PIONEER 30F35 HRR,Maiz,NO,Manual,NO,4958.139535,3.0,47.0,78.0,62000,6,0,0,0,0,0,0,0,2,0,0,0,1,0,0.0,0.0,61.0,0,0.0,15.0,0,0.0,15.0,0,0,0,2,1.0,PLANO O LLANO,PLANO,2.0,6.0,SIN ROCAS,NO,-1.0,-1.0,SI,-1.0,NO,GRANULAR,NO,NO,POCO MARCADAS,LA MANANA Y LA TARDE,NO HAY,NO HAY,NO,SI,20.0,PLANTAS NORMALES,NO,NO,SI,NO,ESPACIADO,20.0,LENTO A MUY LENTO,NINGUNO,0.0,0.0,0.0,31.67,0.0,0.0,68.33,0.0,0.0,0.0,100.0,0.0,0.0,0.0,0.0,0.0,0.0,0.0,32.355,24.89072766,28.62286383,7.464272342,13662.96873,0.075,121.0,0.1,87.48178021,33.06754852,24.98134162,29.02444507,8.086206897,22858.34457,0.155172414,113.8,0.034482759,83.15551824,32.61818081,24.83225806,28.72521944,7.785922744,11923.95269,0.161290323,15.1,0.032258065,82.29032258
3194,2772,Mecanizado,NO,PIONEER 30F35 HRR,Maiz,NO,Manual,NO,4958.139535,6.0,43.0,83.0,60000,7,0,0,0,0,0,0,0,2,0,0,0,1,0,0.0,0.0,92.0,0,0.0,0.0,0,0.0,0.0,0,0,0,2,1.0,PLANO O LLANO,PLANO,2.0,5.5,SIN ROCAS,NO,-1.0,-1.0,SI,-1.0,NO,GRANULAR,NO,NO,NO HAY,LA MANANA Y LA TARDE,NO HAY,NO HAY,NO,NO,-1.0,PLANTAS NORMALES,NO,NO,SI,NO,BUENO,29.0,LENTO A MUY LENTO,NINGUNO,0.0,46.67,0.0,0.0,0.0,0.0,0.0,53.33,0.0,0.0,100.0,0.0,0.0,0.0,0.0,0.0,0.0,0.0,32.64,24.94572766,28.79286383,7.694272342,13972.7159,0.075,100.7,0.1,86.9952584,32.95720369,25.00203128,28.97961749,7.955172414,22682.22791,0.155172414,113.8,0.034482759,82.83587811,32.59324586,24.73142857,28.66233722,7.861817288,13617.49433,0.142857143,35.2,0.057142857,82.25714286
3195,2771,Mecanizado,NO,PIONEER 30F35 HRR,Maiz,NO,Manual,NO,3909.302326,5.0,45.0,78.0,62000,10,0,0,0,0,0,0,0,1,0,0,0,1,0,0.0,0.0,92.0,0,0.0,0.0,0,0.0,0.0,0,0,0,2,2.0,PLANO O LLANO,PLANO,2.0,6.0,SIN ROCAS,NO,-1.0,-1.0,SI,-1.0,NO,GRANULAR,NO,NO,NO HAY,LA MANANA Y LA TARDE,NO HAY,NO HAY,NO,SI,21.0,PLANTAS NORMALES,NO,NO,SI,NO,BUENO,27.0,LENTO A MUY LENTO,NINGUNO,0.0,45.0,0.0,0.0,0.0,0.0,0.0,55.0,0.0,0.0,100.0,0.0,0.0,0.0,0.0,0.0,0.0,0.0,32.64,24.94572766,28.79286383,7.694272342,13972.7159,0.075,100.7,0.1,86.9952584,32.95720369,25.00203128,28.97961749,7.955172414,22682.22791,0.155172414,113.8,0.034482759,82.83587811,32.63753565,24.74193548,28.68973557,7.895600163,12073.06716,0.161290323,15.1,0.032258065,82.22580645
3196,2917,Mecanizado,SI,P3966 (Pioneer),Maiz,SI,Manual,SI,5462.790698,5.0,46.0,96.0,73000,5,0,0,0,0,0,0,0,1,0,0,0,4,0,0.0,0.0,122.0,0,0.0,0.0,0,0.0,20.0,0,0,0,3,4.0,PLANO O LLANO,PLANO,3.0,5.5,SIN ROCAS,NO,-1.0,-1.0,SI,-1.0,NO,ATERRONADA,NO,NO,NO HAY,LA MANANA Y LA TARDE,NO HAY,NO HAY,NO,SI,41.0,PLANTAS NORMALES,SI,NO,SI,NO,REGULAR,41.0,LENTO A MUY LENTO,LENTO,0.0,0.0,0.0,0.0,0.0,0.0,0.0,100.0,0.0,0.0,0.0,0.0,0.0,51.43,48.57,0.0,0.0,0.0,33.005,24.255,28.63,8.75,14788.74921,0.275,247.8,0.15,82.375,33.21724138,24.36551724,28.79137931,8.851724138,21950.8952,0.379310345,159.6,0.086206897,81.25862069,34.856,23.94669434,29.40134717,10.90930566,22109.47262,0.84,2.2,0.0,73.7
3197,2918,Mecanizado,SI,P3966 (Pioneer),Maiz,SI,Mecanizada,NO,5462.790698,5.0,46.0,95.0,73000,5,0,0,0,0,0,0,0,2,0,0,0,2,0,0.0,0.0,110.5,0,0.0,0.0,0,0.0,20.0,0,0,0,3,3.0,PLANO O LLANO,PLANO,3.0,5.5,SIN ROCAS,NO,-1.0,-1.0,SI,-1.0,NO,ATERRONADA,NO,NO,NO HAY,LA MANANA Y LA TARDE,NO HAY,NO HAY,NO,SI,43.0,PLANTAS NORMALES,SI,NO,SI,NO,REGULAR,43.0,LENTO A MUY LENTO,LENTO,0.0,0.0,0.0,0.0,0.0,0.0,0.0,100.0,0.0,0.0,0.0,0.0,0.0,54.41,45.59,0.0,0.0,0.0,33.005,24.255,28.63,8.75,14788.74921,0.275,247.8,0.15,82.375,33.21724138,24.36551724,28.79137931,8.851724138,21950.8952,0.379310345,159.6,0.086206897,81.25862069,34.82857143,23.91831895,29.37344519,10.91025248,21670.8693,0.836734694,2.2,0.0,73.69387755
3198,2919,Mecanizado,SI,DK 234 YGRR,Maiz,SI,Mecanizada,NO,4930.232558,5.0,46.0,96.0,72000,4,0,0,0,0,0,0,2,1,0,0,1,2,0,0.0,0.0,76.0,0,0.0,0.0,0,0.0,20.0,0,0,0,2,3.0,PLANO O LLANO,PLANO,3.0,6.0,SIN ROCAS,NO,-1.0,-1.0,SI,-1.0,NO,ATERRONADA,NO,NO,NO HAY,LA MANANA Y LA TARDE,NO HAY,NO HAY,NO,SI,32.0,PLANTAS NORMALES,SI,NO,SI,SI,REGULAR,32.0,LENTO A MUY LENTO,LENTO,0.0,0.0,0.0,0.0,0.0,0.0,0.0,100.0,0.0,0.0,0.0,0.0,0.0,51.43,48.57,0.0,0.0,0.0,32.605,23.9575,28.28125,8.6475,14397.48271,0.125,268.6,0.175,82.575,33.82413793,24.56896552,29.19655172,9.255172414,22613.7296,0.551724138,109.7,0.051724138,79.70689655,35.026,24.02269434,29.52434717,11.00330566,22319.9712,0.88,0.0,0.0,72.96
3201,2920,Manual,NO,PIONEER 30F35 HRR,Maiz,NO,Manual,NO,4922.093023,4.0,48.0,80.0,62000,4,0,0,0,0,0,0,0,1,0,0,0,2,0,0.0,0.0,92.0,0,0.0,0.0,0,0.0,0.0,0,0,0,2,1.0,PLANO O LLANO,PLANO,2.0,6.0,SIN ROCAS,NO,-1.0,-1.0,SI,-1.0,NO,GRANULAR,NO,NO,NO HAY,LA MANANA Y LA TARDE,POCO MARCADAS,NO HAY,NO,SI,20.0,PLANTAS NORMALES,NO,NO,SI,NO,REGULAR,20.0,LENTO A MUY LENTO,NINGUNO,0.0,31.67,0.0,0.0,0.0,0.0,68.33,0.0,0.0,0.0,68.33,31.67,0.0,0.0,0.0,0.0,0.0,0.0,31.885,24.77,28.3275,7.115,14057.87923,0.025,161.0,0.15,89.0262948,33.23306576,25.22667104,29.2298684,8.006394719,21941.39192,0.189655172,163.8,0.068965517,84.1599395,32.52571429,24.90285714,28.71428571,7.622857143,13378.15601,0.114285714,15.1,0.028571429,82.34285714
3202,2921,Manual,NO,Impacto (Syngenta),Maiz,NO,Manual,NO,4343.023256,4.0,46.0,92.0,62000,3,0,0,0,0,0,0,1,1,0,0,0,2,0,0.0,0.0,92.0,0,0.0,0.0,0,0.0,0.0,0,0,0,2,1.0,PLANO O LLANO,PLANO,2.0,6.0,SIN ROCAS,NO,-1.0,-1.0,SI,-1.0,NO,GRANULAR,NO,NO,POCO MARCADAS,LA MANANA Y LA TARDE,NO HAY,NO HAY,NO,SI,13.0,PLANTAS NORMALES,NO,NO,SI,NO,REGULAR,17.0,LENTO A MUY LENTO,NINGUNO,0.0,26.67,0.0,0.0,0.0,0.0,73.33,0.0,0.0,0.0,73.33,26.67,0.0,0.0,0.0,0.0,0.0,0.0,32.065,25.035,28.55,7.03,14769.98145,0.025,205.6,0.2,89.11119949,32.85862069,25.06601907,28.96231988,7.792601615,20918.17427,0.155172414,114.5,0.086206897,85.91052304,32.66928476,24.89595143,28.78261809,7.773333333,17531.72744,0.066666667,115.1,0.044444444,82.14402067
3203,2922,Mecanizado,NO,Impacto (Syngenta),Maiz,NO,Manual,NO,4343.023256,3.0,45.0,85.0,62000,4,0,0,0,0,0,0,1,0,1,0,0,1,1,0.0,0.0,92.0,0,0.0,0.0,0,0.0,0.0,0,0,0,2,2.0,PLANO O LLANO,PLANO,2.0,6.0,SIN ROCAS,SI,13.0,4.0,SI,18.0,NO,GRANULAR,NO,NO,POCO MARCADAS,LA MANANA Y LA TARDE,NO HAY,NO HAY,NO,SI,16.0,PLANTAS NORMALES,NO,NO,NO,NO,BUENO,16.0,LENTO A MUY LENTO,NINGUNO,0.0,28.33,0.0,0.0,0.0,0.0,71.67,0.0,0.0,0.0,71.67,28.33,0.0,0.0,0.0,0.0,0.0,0.0,31.955,24.8,28.3775,7.155,14550.35188,0.025,174.0,0.175,88.87592542,33.20547955,25.16805035,29.18676495,8.037429201,21873.42558,0.189655172,63.8,0.051724138,84.62571149,32.29444444,24.98333333,28.63888889,7.311111111,13349.69186,0.027777778,115.1,0.055555556,82.30555556
3204,2923,Manual,NO,PIONEER 30F35 HRR,Maiz,NO,Manual,NO,4150.0,4.0,48.0,83.0,62000,4,0,0,0,0,0,0,1,1,0,0,0,1,0,0.0,0.0,92.0,0,0.0,0.0,0,0.0,0.0,0,0,0,2,2.0,PLANO O LLANO,PLANO,2.0,5.5,SIN ROCAS,NO,-1.0,-1.0,SI,-1.0,NO,GRANULAR,NO,NO,POCO MARCADAS,LA MANANA Y LA TARDE,NO HAY,NO HAY,NO,SI,23.0,PLANTAS NORMALES,NO,NO,SI,NO,ESPACIADO,23.0,LENTO A MUY LENTO,NINGUNO,0.0,36.67,0.0,0.0,0.0,0.0,63.33,0.0,0.0,0.0,63.33,36.67,0.0,0.0,0.0,0.0,0.0,0.0,32.055,24.935,28.495,7.12,14802.13813,0.025,212.2,0.2,89.01119949,32.94482759,25.09360528,29.01921643,7.851222305,21173.18529,0.155172414,105.6,0.086206897,85.56569545,32.63467932,24.924153,28.77941616,7.710526316,14694.44041,0.078947368,115.1,0.052631579,82.27581395
3205,2924,Manual,NO,DK 234,Maiz,NO,Manual,NO,4004.651163,4.0,47.0,81.0,60000,3,0,0,0,0,0,0,1,1,0,0,0,1,0,0.0,0.0,92.0,0,0.0,0.0,0,0.0,0.0,0,0,0,2,1.0,PLANO O LLANO,PLANO,2.0,5.5,SIN ROCAS,NO,-1.0,-1.0,SI,-1.0,NO,GRANULAR,NO,NO,POCO MARCADAS,LA MANANA Y LA TARDE,NO HAY,NO HAY,NO,SI,22.0,PLANTAS NORMALES,NO,NO,SI,NO,ESPACIADO,27.0,LENTO A MUY LENTO,NINGUNO,0.0,41.67,0.0,0.0,0.0,0.0,0.0,58.33,0.0,0.0,100.0,0.0,0.0,0.0,0.0,0.0,0.0,0.0,31.96,24.805,28.3825,7.155,13459.32765,0.025,105.0,0.1,88.5012948,33.27444507,25.09218828,29.18331668,8.182256788,22923.8841,0.172413793,163.8,0.068965517,83.53924985,32.62181729,24.81714286,28.71948007,7.80467443,13504.04605,0.171428571,15.1,0.028571429,82.31428571
3206,2925,Manual,NO,DK 234 YGRR,Maiz,NO,Manual,NO,3377.906977,4.0,45.0,85.0,62000,3,0,0,0,0,0,0,1,1,0,0,0,1,0,0.0,0.0,92.0,0,0.0,0.0,0,0.0,0.0,0,0,0,2,2.0,PLANO O LLANO,PLANO,2.0,5.5,SIN ROCAS,NO,-1.0,-1.0,SI,-1.0,NO,GRANULAR,NO,NO,NO HAY,LA MANANA Y LA TARDE,NO HAY,NO HAY,NO,SI,19.0,PLANTAS NORMALES,NO,NO,SI,NO,ESPACIADO,22.0,LENTO A MUY LENTO,NINGUNO,0.0,35.0,0.0,0.0,0.0,0.0,0.0,65.0,0.0,0.0,100.0,0.0,0.0,0.0,0.0,0.0,0.0,0.0,32.695,24.99072766,28.84286383,7.704272342,14116.3105,0.1,91.8,0.1,86.4952584,32.87444507,24.99168645,28.93306576,7.882758621,22466.47943,0.137931034,128.9,0.051724138,82.83587811,32.91793527,24.53513514,28.7265352,8.382800137,14940.10893,0.243243243,24.5,0.027027027,82.16216216
3207,2926,Manual,NO,DK7088,Maiz,NO,Manual,NO,3281.395349,4.0,45.0,83.0,60000,4,0,0,0,0,0,0,1,0,0,0,0,2,0,0.0,0.0,92.0,0,0.0,0.0,0,0.0,0.0,0,0,0,2,2.0,PLANO O LLANO,PLANO,2.0,5.5,SIN ROCAS,NO,-1.0,-1.0,SI,-1.0,NO,GRANULAR,NO,NO,POCO MARCADAS,LA MANANA Y LA TARDE,NO HAY,NO HAY,NO,SI,22.0,PLANTAS NORMALES,NO,NO,SI,NO,REGULAR,22.0,LENTO A MUY LENTO,NINGUNO,0.0,26.67,0.0,0.0,0.0,0.0,0.0,73.33,0.0,0.0,100.0,0.0,0.0,0.0,0.0,0.0,0.0,0.0,32.345,24.92572766,28.63536383,7.419272342,13602.44849,0.075,112.2,0.1,87.33178021,33.04685886,24.93996231,28.99341059,8.106896552,22915.24067,0.155172414,113.8,0.034482759,83.03482859,32.57038872,24.77714286,28.67376579,7.793245859,13489.55215,0.142857143,34.1,0.057142857,82.17142857
3208,2927,Manual,NO,PIONEER 30F35 HRR,Maiz,NO,Manual,NO,4439.534884,5.0,48.0,85.0,6000,4,0,0,0,0,0,0,1,1,0,0,0,2,0,0.0,0.0,69.0,0,0.0,0.0,0,0.0,0.0,0,0,0,2,1.0,PLANO O LLANO,PLANO,2.0,6.0,SIN ROCAS,NO,-1.0,-1.0,SI,-1.0,NO,GRANULAR,NO,NO,POCO MARCADAS,LA MANANA Y LA TARDE,NO HAY,NO HAY,NO,SI,18.0,PLANTAS NORMALES,NO,NO,SI,NO,SIN COBERTURA,23.0,LENTO A MUY LENTO,NINGUNO,0.0,0.0,0.0,36.67,0.0,0.0,0.0,63.33,0.0,0.0,63.33,36.67,0.0,0.0,0.0,0.0,0.0,0.0,31.795,24.73,28.2625,7.065,13512.0519,0.0,161.0,0.15,89.0012948,33.25375542,25.18874001,29.22124771,8.065015408,22336.61815,0.189655172,163.8,0.068965517,83.97028433,32.62838061,24.7804878,28.70443421,7.847892806,15908.82204,0.146341463,15.1,0.024390244,82.34146341
3209,2928,Mecanizado,NO,DK7088,Maiz,NO,Manual,NO,4958.139535,5.0,47.0,82.0,62000,4,0,0,0,0,0,0,1,1,0,0,0,1,0,0.0,0.0,61.0,0,0.0,15.0,0,0.0,15.0,0,0,0,2,1.0,PLANO O LLANO,PLANO,2.0,6.0,SIN ROCAS,NO,-1.0,-1.0,SI,-1.0,NO,GRANULAR,NO,NO,POCO MARCADAS,LA MANANA Y LA TARDE,NO HAY,NO HAY,NO,SI,19.0,PLANTAS NORMALES,NO,NO,SI,NO,ESPACIADO,19.0,LENTO A MUY LENTO,NINGUNO,0.0,26.67,0.0,0.0,0.0,0.0,0.0,73.33,0.0,0.0,73.33,26.67,0.0,0.0,0.0,0.0,0.0,0.0,31.885,24.77,28.3275,7.115,14057.87923,0.025,161.0,0.15,89.0262948,33.23306576,25.22667104,29.2298684,8.006394719,21941.39192,0.189655172,163.8,0.068965517,84.1599395,32.57837838,24.9027027,28.74054054,7.675675676,14188.85609,0.135135135,15.1,0.027027027,82.45945946
3211,2930,Mecanizado,SI,PIONEER 30F35 HRR,Maiz,NO,Manual,NO,3860.465116,4.0,46.0,79.0,62000,3,0,0,0,0,0,0,1,1,0,0,0,1,0,0.0,0.0,61.0,0,0.0,15.0,0,0.0,15.0,0,0,0,2,1.0,PLANO O LLANO,PLANO,2.0,6.0,SIN ROCAS,NO,-1.0,-1.0,SI,-1.0,NO,GRANULAR,NO,NO,POCO MARCADAS,LA MANANA Y LA TARDE,POCO MARCADAS,NO HAY,NO,SI,16.0,PLANTAS NORMALES,NO,NO,SI,NO,BUENO,25.0,LENTO A MUY LENTO,NINGUNO,0.0,40.0,0.0,0.0,0.0,0.0,0.0,60.0,0.0,0.0,60.0,40.0,0.0,0.0,0.0,0.0,0.0,0.0,32.53,25.00572766,28.76786383,7.524272342,13866.45041,0.075,106.0,0.1,87.18178021,33.00547955,24.92616921,28.96582438,8.079310345,22776.77196,0.155172414,113.8,0.034482759,82.91413893,32.61761266,24.73125,28.67443133,7.886362658,12398.06324,0.15625,15.1,0.03125,82.28125
3212,2931,Manual,SI,PIONEER 30F35 HRR,Maiz,NO,Manual,NO,4150.0,4.0,45.0,81.0,60000,6,0,0,0,0,0,0,1,1,0,0,0,1,0,0.0,0.0,92.0,0,0.0,0.0,0,0.0,0.0,0,0,0,2,1.0,PLANO O LLANO,PLANO,2.0,6.0,SIN ROCAS,SI,13.0,4.0,SI,24.0,NO,GRANULAR,NO,NO,POCO MARCADAS,LA MANANA Y LA TARDE,NO HAY,NO HAY,NO,NO,-1.0,PLANTAS NORMALES,NO,NO,NO,NO,REGULAR,13.0,LENTO A MUY LENTO,NINGUNO,0.0,38.33,0.0,0.0,0.0,0.0,61.67,0.0,0.0,0.0,61.67,38.33,0.0,0.0,0.0,0.0,0.0,0.0,32.87,25.17572766,29.02286383,7.694272342,14206.91034,0.1,76.7,0.075,86.3452584,32.81582438,24.95375542,28.8847899,7.862068966,22489.53544,0.137931034,127.5,0.051724138,82.45656776,33.00495773,24.47878788,28.7418728,8.52616985,13451.03276,0.272727273,24.5,0.03030303,82.24242424
3213,2932,Manual,NO,DK7088,Maiz,NO,Manual,NO,4958.139535,4.0,46.0,80.0,60000,7,0,0,0,0,0,0,1,1,0,0,0,2,0,0.0,0.0,92.0,0,0.0,0.0,0,0.0,0.0,0,0,0,2,1.0,PLANO O LLANO,PLANO,2.0,5.5,SIN ROCAS,NO,-1.0,-1.0,SI,-1.0,NO,GRANULAR,NO,NO,POCO MARCADAS,LA MANANA Y LA TARDE,NO HAY,POCO MARCADAS,NO,SI,20.0,PLANTAS NORMALES,NO,NO,SI,NO,BUENO,23.0,LENTO A MUY LENTO,NINGUNO,0.0,36.67,0.0,0.0,0.0,0.0,63.33,0.0,0.0,0.0,63.33,36.67,0.0,0.0,0.0,0.0,0.0,0.0,33.015,25.24072766,29.12786383,7.774272342,14353.36762,0.125,51.4,0.05,86.16988902,32.91237611,24.97789335,28.94513473,7.934482759,22848.70159,0.189655172,127.5,0.051724138,81.99105052,32.93829106,24.33333333,28.6358122,8.604957729,13620.99248,0.181818182,24.5,0.03030303,82.0
3214,2933,Manual,NO,PIONEER 30F35 HRR,Maiz,NO,Manual,NO,5079.069767,4.0,45.0,94.0,60000,6,0,0,0,0,0,0,0,1,0,0,0,1,0,0.0,0.0,92.0,0,0.0,0.0,0,0.0,0.0,0,0,0,2,2.0,PLANO O LLANO,PLANO,2.0,5.5,SIN ROCAS,NO,-1.0,-1.0,SI,-1.0,NO,GRANULAR,NO,NO,POCO MARCADAS,LA MANANA Y LA TARDE,POCO MARCADAS,NO HAY,NO,SI,16.0,PLANTAS NORMALES,NO,NO,SI,NO,REGULAR,23.0,LENTO A MUY LENTO,NINGUNO,0.0,36.67,0.0,0.0,0.0,0.0,63.33,0.0,0.0,0.0,63.33,36.67,0.0,0.0,0.0,0.0,0.0,0.0,32.105,24.87,28.4875,7.235,15185.00412,0.025,197.7,0.2,88.97592542,33.10689655,25.15222597,29.12956126,7.954670581,21418.00189,0.189655172,89.1,0.068965517,85.15190235,32.5895177,24.9895177,28.7895177,7.6,17547.53907,0.108695652,115.1,0.043478261,82.44523761
3215,2934,Mecanizado,SI,PIONEER 30F35 HRR,Maiz,NO,Manual,NO,4862.790698,4.0,47.0,87.0,60000,6,0,0,0,0,0,0,0,2,0,0,0,1,0,0.0,0.0,61.0,0,0.0,15.0,0,0.0,15.0,0,0,0,2,1.0,PLANO O LLANO,PLANO,2.0,5.5,SIN ROCAS,NO,-1.0,-1.0,SI,-1.0,NO,GRANULAR,NO,NO,POCO MARCADAS,LA MANANA Y LA TARDE,NO HAY,NO HAY,NO,SI,24.0,PLANTAS NORMALES,NO,NO,SI,NO,ESPACIADO,24.0,LENTO A MUY LENTO,NINGUNO,0.0,38.33,0.0,0.0,0.0,0.0,0.0,61.67,0.0,0.0,61.67,38.33,0.0,0.0,0.0,0.0,0.0,0.0,31.955,24.8,28.3775,7.155,14550.35188,0.025,174.0,0.175,88.87592542,33.20547955,25.16805035,29.18676495,8.037429201,21873.42558,0.189655172,63.8,0.051724138,84.62571149,32.53170732,24.98536585,28.75853659,7.546341463,15547.32892,0.12195122,115.1,0.048780488,82.43902439
3216,2935,Manual,NO,DK 234,Maiz,NO,Manual,NO,4729.069767,4.0,46.0,84.0,60000,6,0,0,0,0,0,0,1,1,0,0,0,1,0,0.0,0.0,61.0,0,0.0,15.0,0,0.0,15.0,0,0,0,2,2.0,PLANO O LLANO,PLANO,2.0,5.5,SIN ROCAS,NO,-1.0,-1.0,SI,-1.0,NO,GRANULAR,NO,NO,NO HAY,LA MANANA Y LA TARDE,NO HAY,NO HAY,NO,SI,20.0,PLANTAS NORMALES,NO,NO,NO,NO,REGULAR,20.0,LENTO A MUY LENTO,NINGUNO,0.0,75.0,0.0,0.0,0.0,0.0,25.0,0.0,0.0,0.0,75.0,25.0,0.0,0.0,0.0,0.0,0.0,0.0,32.075,24.845,28.46,7.23,15071.31613,0.025,189.5,0.175,88.97592542,33.13996231,25.1473607,29.14366151,7.992601615,21658.74596,0.189655172,81.3,0.068965517,84.88433218,32.41621622,24.94594595,28.68108108,7.47027027,13893.85887,0.027027027,115.1,0.054054054,82.40540541
3217,2936,Manual,NO,PIONEER 30F35 HRR,Maiz,NO,Manual,NO,5018.604651,4.0,46.0,83.0,60000,8,0,0,0,0,0,0,1,1,0,0,0,2,0,0.0,0.0,92.0,0,0.0,0.0,0,0.0,0.0,0,0,0,2,2.0,PLANO O LLANO,PLANO,2.0,5.5,SIN ROCAS,NO,-1.0,-1.0,SI,-1.0,NO,GRANULAR,NO,NO,NO HAY,LA MANANA Y LA TARDE,NO HAY,NO HAY,NO,SI,20.0,PLANTAS NORMALES,NO,NO,SI,NO,BUENO,20.0,LENTO A MUY LENTO,NINGUNO,0.0,26.67,0.0,0.0,0.0,0.0,73.33,0.0,0.0,0.0,73.33,26.67,0.0,0.0,0.0,0.0,0.0,0.0,32.055,24.935,28.495,7.12,14802.13813,0.025,212.2,0.2,89.01119949,32.94482759,25.09360528,29.01921643,7.851222305,21173.18529,0.155172414,105.6,0.086206897,85.56569545,32.68105039,24.90327262,28.7921615,7.777777778,14071.68061,0.083333333,100.0,0.027777778,82.29113695
3218,2937,Manual,NO,DK7088,Maiz,NO,Manual,NO,3763.953488,4.0,48.0,83.0,60000,7,0,0,0,0,0,0,1,0,0,0,0,2,0,0.0,0.0,92.0,0,0.0,0.0,0,0.0,0.0,0,0,0,2,2.0,PLANO O LLANO,PLANO,2.0,5.5,SIN ROCAS,SI,12.0,4.0,SI,28.0,NO,GRANULAR,NO,NO,POCO MARCADAS,LA MANANA Y LA TARDE,NO HAY,NO HAY,NO,SI,16.0,PLANTAS NORMALES,NO,NO,SI,NO,BUENO,16.0,LENTO A MUY LENTO,NINGUNO,0.0,45.0,0.0,0.0,0.0,0.0,55.0,0.0,0.0,0.0,55.0,45.0,0.0,0.0,0.0,0.0,0.0,0.0,32.105,24.82,28.4625,7.285,13956.84196,0.025,98.0,0.1,88.2012948,33.2709968,25.07839518,29.17469599,8.192601615,22720.53977,0.189655172,163.8,0.068965517,83.36683605,32.55167382,24.74736842,28.64952112,7.804305396,14745.36178,0.131578947,15.1,0.026315789,82.34210526
3219,2938,Manual,NO,Impacto (Syngenta),Pastos,NO,Manual,NO,4150.0,4.0,45.0,83.0,55000,3,0,0,0,0,0,0,1,0,0,0,0,2,0,0.0,0.0,92.0,0,0.0,0.0,0,0.0,0.0,0,0,0,2,1.0,PLANO O LLANO,PLANO,2.0,6.0,SIN ROCAS,NO,-1.0,-1.0,SI,-1.0,NO,GRANULAR,NO,NO,POCO MARCADAS,LA MANANA Y LA TARDE,NO HAY,NO HAY,NO,SI,19.0,PLANTAS NORMALES,NO,NO,SI,NO,BUENO,19.0,LENTO A MUY LENTO,NINGUNO,0.0,23.33,0.0,0.0,0.0,0.0,0.0,76.67,0.0,0.0,100.0,0.0,0.0,0.0,0.0,0.0,0.0,0.0,32.355,24.89072766,28.62286383,7.464272342,13662.96873,0.075,121.0,0.1,87.48178021,33.06754852,24.98134162,29.02444507,8.086206897,22858.34457,0.155172414,113.8,0.034482759,83.15551824,32.59324586,24.77714286,28.68519436,7.816103002,13528.47739,0.142857143,15.1,0.028571429,82.25714286
3220,2939,Manual,NO,PIONEER 30F35 HRR,Maiz,NO,Manual,NO,5018.604651,4.0,48.0,80.0,60000,3,0,0,0,0,0,0,1,1,0,0,0,1,0,0.0,0.0,92.0,0,0.0,0.0,0,0.0,0.0,0,0,0,2,2.0,PLANO O LLANO,PLANO,2.0,6.0,SIN ROCAS,NO,-1.0,-1.0,SI,-1.0,NO,GRANULAR,NO,NO,NO HAY,LA MANANA Y LA TARDE,NO HAY,NO HAY,NO,SI,21.0,PLANTAS NORMALES,NO,NO,SI,NO,ESPACIADO,25.0,LENTO A MUY LENTO,NINGUNO,0.0,40.0,0.0,0.0,0.0,0.0,0.0,60.0,0.0,0.0,100.0,0.0,0.0,0.0,0.0,0.0,0.0,0.0,32.105,24.82,28.4625,7.285,13956.84196,0.025,98.0,0.1,88.2012948,33.2709968,25.07839518,29.17469599,8.192601615,22720.53977,0.189655172,163.8,0.068965517,83.36683605,32.56467443,24.77714286,28.67090864,7.787531573,13545.5217,0.142857143,15.1,0.028571429,82.51428571
3221,2940,Manual,NO,PIONEER 30F35 H,Maiz,NO,Manual,NO,4053.488372,3.0,47.0,81.0,60000,4,0,0,0,0,0,0,0,1,0,0,0,2,0,0.0,0.0,92.0,0,0.0,0.0,0,0.0,0.0,0,0,0,2,2.0,PLANO O LLANO,PLANO,2.0,6.0,SIN ROCAS,NO,-1.0,-1.0,NO,-1.0,NO,GRANULAR,NO,NO,NO HAY,LA MANANA Y LA TARDE,NO HAY,NO HAY,NO,SI,17.0,PLANTAS NORMALES,NO,NO,SI,NO,MUY BUENO,60.0,BUENO,NINGUNO,0.0,38.33,0.0,0.0,0.0,0.0,61.67,0.0,0.0,0.0,100.0,0.0,0.0,0.0,0.0,0.0,0.0,0.0,31.955,24.8,28.3775,7.155,14550.35188,0.025,174.0,0.175,88.87592542,33.20547955,25.16805035,29.18676495,8.037429201,21873.42558,0.189655172,63.8,0.051724138,84.62571149,32.35294118,24.90588235,28.62941176,7.447058824,12779.97303,0.029411765,115.1,0.058823529,82.32352941
3222,2941,Manual,NO,Impacto (Syngenta),Pastos,NO,Manual,NO,4004.651163,4.0,47.0,83.0,50000,3,0,0,0,0,0,0,1,0,0,0,0,2,0,0.0,0.0,46.0,0,0.0,0.0,0,0.0,0.0,0,0,0,1,2.0,PLANO O LLANO,PLANO,2.0,6.0,SIN ROCAS,NO,-1.0,-1.0,SI,-1.0,NO,GRANULAR,NO,NO,NO HAY,LA MANANA Y LA TARDE,NO HAY,NO HAY,NO,SI,16.0,PLANTAS NORMALES,NO,NO,SI,NO,BUENO,27.0,LENTO A MUY LENTO,NINGUNO,0.0,43.33,0.0,0.0,0.0,0.0,56.67,0.0,0.0,0.0,56.67,43.33,0.0,0.0,0.0,0.0,0.0,0.0,32.105,24.82,28.4625,7.285,13956.84196,0.025,98.0,0.1,88.2012948,33.2709968,25.07839518,29.17469599,8.192601615,22720.53977,0.189655172,163.8,0.068965517,83.36683605,32.51252987,24.79459459,28.65356223,7.717935272,14262.02776,0.135135135,15.1,0.027027027,82.48648649
3223,2942,Manual,NO,PIONEER 30F35 HRR,Pastos,NO,Manual,NO,4386.046512,4.0,47.0,80.0,60000,3,0,0,0,0,0,0,1,0,0,0,0,1,0,0.0,0.0,46.0,0,0.0,0.0,0,0.0,0.0,0,0,0,1,2.0,PLANO O LLANO,PLANO,2.0,6.0,SIN ROCAS,NO,-1.0,-1.0,SI,-1.0,NO,GRANULAR,NO,NO,NO HAY,LA MANANA Y LA TARDE,NO HAY,POCO MARCADAS,NO,SI,16.0,PLANTAS NORMALES,NO,NO,SI,NO,BUENO,22.0,LENTO A MUY LENTO,NINGUNO,0.0,35.0,0.0,0.0,0.0,0.0,65.0,0.0,0.0,0.0,65.0,35.0,0.0,0.0,0.0,0.0,0.0,0.0,31.79,24.79,28.29,7.0,13132.50077,0.0,147.8,0.125,88.8762948,33.32961749,25.13011932,29.2298684,8.199498167,22960.24572,0.189655172,163.8,0.068965517,83.67718088,32.55953839,24.95882353,28.75918096,7.600714865,12902.7528,0.176470588,15.1,0.029411765,82.47058824
3224,2943,Manual,NO,PIONEER 30F35 HRR,Maiz,NO,Manual,NO,4958.139535,5.0,47.0,84.0,60000,4,0,0,0,0,0,0,1,1,0,0,0,1,0,0.0,0.0,92.0,0,0.0,0.0,0,0.0,0.0,0,0,0,2,1.0,PLANO O LLANO,PLANO,2.0,6.0,SIN ROCAS,NO,-1.0,-1.0,SI,-1.0,NO,GRANULAR,NO,NO,POCO MARCADAS,LA MANANA Y LA TARDE,NO HAY,NO HAY,NO,SI,12.0,PLANTAS NORMALES,NO,NO,SI,NO,REGULAR,19.0,LENTO A MUY LENTO,NINGUNO,0.0,30.0,0.0,0.0,0.0,0.0,70.0,0.0,0.0,0.0,70.0,30.0,0.0,0.0,0.0,0.0,0.0,0.0,31.96,24.805,28.3825,7.155,13459.32765,0.025,105.0,0.1,88.5012948,33.27444507,25.09218828,29.18331668,8.182256788,22923.8841,0.172413793,163.8,0.068965517,83.53924985,32.56829757,24.80512821,28.68671289,7.763169361,15011.17551,0.153846154,15.1,0.025641026,82.33333333
3225,2944,Manual,NO,ADV 9339 (Syngenta),Pastos,NO,Manual,NO,4290.697674,4.0,47.0,87.0,60000,4,0,0,0,0,0,0,1,0,0,0,0,2,0,0.0,0.0,92.0,0,0.0,0.0,0,0.0,0.0,0,0,0,2,2.0,PLANO O LLANO,PLANO,2.0,6.0,SIN ROCAS,NO,-1.0,-1.0,SI,-1.0,NO,GRANULAR,NO,NO,NO HAY,LA MANANA Y LA TARDE,POCO MARCADAS,NO HAY,NO,SI,22.0,PLANTAS NORMALES,NO,NO,SI,NO,REGULAR,26.0,LENTO A MUY LENTO,NINGUNO,0.0,31.67,0.0,0.0,0.0,0.0,68.33,0.0,0.0,0.0,68.33,31.67,0.0,0.0,0.0,0.0,0.0,0.0,31.795,24.73,28.2625,7.065,13512.0519,0.0,161.0,0.15,89.0012948,33.25375542,25.18874001,29.22124771,8.065015408,22336.61815,0.189655172,163.8,0.068965517,83.97028433,32.62838061,24.7804878,28.70443421,7.847892806,15908.82204,0.146341463,15.1,0.024390244,82.34146341
3227,2946,Manual,NO,PIONEER 30F35 HRR,Pastos,NO,Manual,NO,4632.55814,4.0,49.0,87.0,60000,3,0,0,0,0,0,0,1,0,0,0,0,2,0,0.0,0.0,58.0,0,0.0,24.0,0,0.0,12.0,0,0,0,2,2.0,PLANO O LLANO,PLANO,2.0,6.0,SIN ROCAS,NO,-1.0,-1.0,SI,-1.0,NO,GRANULAR,NO,NO,POCO MARCADAS,LA MANANA Y LA TARDE,NO HAY,NO HAY,NO,SI,21.0,PLANTAS NORMALES,NO,NO,SI,NO,REGULAR,31.0,LENTO A MUY LENTO,NINGUNO,0.0,50.0,0.0,0.0,0.0,0.0,50.0,0.0,0.0,0.0,50.0,50.0,0.0,0.0,0.0,0.0,0.0,0.0,31.885,24.77,28.3275,7.115,14404.67836,0.025,268.6,0.175,82.7,33.23306576,25.22667104,29.2298684,8.006394719,22736.45634,0.189655172,109.7,0.051724138,79.5862069,32.63171175,24.78604651,28.70887913,7.845665234,19283.26344,0.139534884,0.0,0.0,72.93023256
3228,2947,Manual,NO,Sinko (Syngenta),Maiz,NO,Manual,NO,2991.860465,4.0,47.0,85.0,60000,3,0,0,0,0,0,0,2,1,0,0,0,1,0,0.0,0.0,92.0,0,0.0,0.0,0,0.0,0.0,0,0,0,2,1.0,PLANO O LLANO,PLANO,2.0,6.0,SIN ROCAS,NO,-1.0,-1.0,SI,-1.0,NO,GRANULAR,NO,NO,NO HAY,LA MANANA Y LA TARDE,POCO MARCADAS,NO HAY,NO,SI,22.0,PLANTAS NORMALES,NO,NO,SI,NO,BUENO,24.0,LENTO A MUY LENTO,NINGUNO,0.0,38.33,0.0,0.0,0.0,0.0,61.67,0.0,0.0,0.0,61.67,38.33,0.0,0.0,0.0,0.0,0.0,0.0,32.075,24.845,28.46,7.23,15071.31613,0.025,189.5,0.175,88.97592542,33.13996231,25.1473607,29.14366151,7.992601615,21658.74596,0.189655172,81.3,0.068965517,84.88433218,32.35897436,25.01538462,28.68717949,7.343589744,14463.5777,0.025641026,115.1,0.051282051,82.38461538
3229,2948,Manual,NO,PIONEER 30F35 H,Maiz,NO,Manual,NO,3667.44186,4.0,47.0,86.0,60000,3,0,0,0,0,0,0,2,1,0,0,0,2,0,0.0,0.0,92.0,0,0.0,0.0,0,0.0,0.0,0,0,0,2,2.0,PLANO O LLANO,PLANO,2.0,6.0,SIN ROCAS,NO,-1.0,-1.0,SI,-1.0,NO,GRANULAR,NO,NO,NO HAY,LA MANANA Y LA TARDE,NO HAY,NO HAY,NO,SI,20.0,PLANTAS NORMALES,NO,NO,SI,NO,REGULAR,20.0,LENTO A MUY LENTO,NINGUNO,0.0,28.33,0.0,0.0,0.0,0.0,0.0,71.67,0.0,0.0,71.67,28.33,0.0,0.0,0.0,0.0,0.0,0.0,31.96,24.83,28.395,7.13,14508.86729,0.025,161.0,0.15,88.8262948,33.22961749,25.19218828,29.21090288,8.037429201,21912.39381,0.189655172,63.8,0.051724138,84.48752571,32.535,24.94,28.7375,7.595,15195.51488,0.125,115.1,0.05,82.475
3230,2950,Manual,NO,Otro,Maiz,NO,Manual,NO,1158.139535,4.0,47.0,87.0,55000,4,0,0,0,0,0,0,2,1,0,0,0,2,0,0.0,0.0,69.0,0,0.0,0.0,0,0.0,0.0,0,0,0,2,2.0,PLANO O LLANO,PLANO,2.0,6.0,SIN ROCAS,SI,12.0,5.0,SI,24.0,NO,GRANULAR,NO,NO,POCO MARCADAS,LA MANANA Y LA TARDE,NO HAY,NO HAY,NO,SI,11.0,POCO AFECTADAS,NO,NO,SI,NO,ESPACIADO,12.0,LENTO A MUY LENTO,NINGUNO,0.0,0.0,0.0,0.0,0.0,0.0,61.67,38.33,0.0,0.0,100.0,0.0,0.0,0.0,0.0,0.0,0.0,0.0,31.955,24.8,28.3775,7.155,14550.35188,0.025,174.0,0.175,88.87592542,33.20547955,25.16805035,29.18676495,8.037429201,21873.42558,0.189655172,63.8,0.051724138,84.62571149,32.53170732,24.98536585,28.75853659,7.546341463,15547.32892,0.12195122,115.1,0.048780488,82.43902439
3231,2951,Manual,NO,Sinko (Syngenta),Maiz,NO,Manual,NO,3088.372093,4.0,47.0,85.0,60000,3,0,0,0,0,0,0,2,1,0,0,0,2,0,0.0,0.0,92.0,0,0.0,0.0,0,0.0,0.0,0,0,0,2,1.0,PLANO O LLANO,PLANO,2.0,5.5,SIN ROCAS,NO,-1.0,-1.0,SI,-1.0,NO,GRANULAR,NO,NO,POCO MARCADAS,LA MANANA Y LA TARDE,NO HAY,NO HAY,NO,SI,23.0,PLANTAS NORMALES,NO,NO,SI,NO,BUENO,23.0,LENTO A MUY LENTO,NINGUNO,0.0,26.67,0.0,0.0,0.0,0.0,0.0,73.33,0.0,0.0,73.33,26.67,0.0,0.0,0.0,0.0,0.0,0.0,31.955,24.79,28.3725,7.165,13316.26555,0.025,106.8,0.1,88.6012948,33.28134162,25.09563656,29.18848909,8.185705063,23085.60793,0.172413793,163.8,0.068965517,83.60821536,32.54778475,24.82051282,28.68414878,7.727271925,14908.28172,0.153846154,15.1,0.025641026,82.35897436
3237,2957,Mecanizado,SI,P3966 (Pioneer),Maiz,SI,Manual,SI,5488.372093,5.0,48.0,75.0,71000,7,0,0,0,0,0,0,0,1,0,0,0,3,0,0.0,0.0,76.0,0,0.0,0.0,0,0.0,20.0,0,0,0,2,4.0,PLANO O LLANO,PLANO,1.0,5.0,SIN ROCAS,NO,-1.0,-1.0,SI,-1.0,SI,GRANULAR,NO,NO,NO HAY,LA MANANA Y LA TARDE,NO HAY,NO HAY,NO,SI,20.0,PLANTAS NORMALES,SI,NO,SI,NO,REGULAR,20.0,LENTO A MUY LENTO,LENTO,0.0,0.0,0.0,0.0,0.0,0.0,0.0,100.0,0.0,0.0,0.0,0.0,0.0,0.0,100.0,0.0,0.0,0.0,32.665,23.9675,28.31625,8.6975,14575.70841,0.15,249.0,0.15,82.25,33.66206897,24.50344828,29.08275862,9.15862069,22478.02236,0.5,129.3,0.068965517,80.18965517,34.62580645,23.65806452,29.14193548,10.96774194,14000.71268,0.806451613,0.0,0.0,73.32258065
3238,2958,Mecanizado,SI,DK 234 YGRR,Maiz,SI,Manual,SI,5462.790698,5.0,47.0,88.0,70000,7,0,0,0,0,0,0,0,1,0,0,0,1,0,0.0,0.0,76.0,0,0.0,0.0,0,0.0,20.0,0,0,0,2,4.0,PLANO O LLANO,PLANO,3.0,5.0,SIN ROCAS,NO,-1.0,-1.0,SI,-1.0,SI,GRANULAR,NO,NO,NO HAY,LA MANANA Y LA TARDE,NO HAY,NO HAY,NO,SI,43.0,PLANTAS NORMALES,SI,NO,SI,NO,REGULAR,43.0,LENTO A MUY LENTO,LENTO,0.0,0.0,0.0,0.0,0.0,0.0,0.0,100.0,0.0,0.0,0.0,0.0,0.0,48.57,51.43,0.0,0.0,0.0,32.665,23.9675,28.31625,8.6975,14575.70841,0.15,249.0,0.15,82.25,33.66206897,24.50344828,29.08275862,9.15862069,22478.02236,0.5,129.3,0.068965517,80.18965517,34.85116279,23.89615621,29.3736595,10.95500658,19069.6855,0.860465116,0.0,0.0,73.3255814
3267,2976,Manual,NO,DK7088,Maiz,NO,Manual,NO,4862.790698,5.0,46.0,78.0,55000,7,1,0,0,0,0,0,0,1,0,0,0,1,0,0.0,0.0,61.0,0,0.0,15.0,0,0.0,15.0,0,0,0,2,1.0,PLANO O LLANO,PLANO,2.0,6.0,SIN ROCAS,NO,-1.0,-1.0,NO,-1.0,NO,GRANULAR,NO,NO,NO HAY,LA MANANA Y LA TARDE,NO HAY,NO HAY,NO,SI,16.0,PLANTAS NORMALES,NO,NO,SI,NO,ESPACIADO,60.0,BUENO,NINGUNO,0.0,26.67,0.0,0.0,0.0,0.0,73.33,0.0,0.0,0.0,73.33,26.67,0.0,0.0,0.0,0.0,0.0,0.0,32.285,24.92072766,28.60286383,7.364272342,13852.63066,0.075,135.2,0.125,87.79290559,33.09513473,25.02272093,29.05892783,8.072413793,22561.93041,0.155172414,113.8,0.034482759,83.30301798,32.60511266,24.83125,28.71818133,7.773862658,12372.26237,0.15625,15.1,0.03125,82.375
3268,2977,Manual,NO,PIONEER 30F35 HRR,Maiz,NO,Manual,NO,4481.395349,4.0,45.0,82.0,55000,8,0,0,0,0,0,0,0,0,0,0,0,2,0,0.0,0.0,92.0,0,0.0,0.0,0,0.0,0.0,0,0,0,2,2.0,PLANO O LLANO,PLANO,2.0,5.5,SIN ROCAS,NO,-1.0,-1.0,SI,-1.0,NO,GRANULAR,NO,NO,NO HAY,LA MANANA Y LA TARDE,POCO MARCADAS,NO HAY,NO,SI,22.0,PLANTAS NORMALES,NO,NO,SI,NO,ESPACIADO,35.0,LENTO A MUY LENTO,NINGUNO,0.0,56.67,0.0,0.0,0.0,0.0,43.33,0.0,0.0,0.0,43.33,56.67,0.0,0.0,0.0,0.0,0.0,0.0,31.775,24.74,28.2575,7.035,13398.77363,0.0,147.8,0.125,88.9762948,33.31582438,25.1749469,29.24538564,8.140877477,22587.79378,0.189655172,163.8,0.068965517,83.79787054,32.54117647,24.88823529,28.71470588,7.652941176,12952.7238,0.147058824,15.1,0.029411765,82.52941176
3270,2979,Manual,NO,PIONEER 30F35 HRR,Maiz,NO,Manual,NO,5244.186047,4.0,47.0,91.0,50000,8,0,0,0,0,0,0,0,1,0,0,0,1,0,0.0,0.0,61.0,0,0.0,15.0,0,0.0,15.0,0,0,0,2,2.0,PLANO O LLANO,PLANO,2.0,6.0,SIN ROCAS,NO,-1.0,-1.0,SI,-1.0,NO,GRANULAR,NO,NO,POCO MARCADAS,LA MANANA Y LA TARDE,POCO MARCADAS,NO HAY,NO,SI,22.0,PLANTAS NORMALES,NO,NO,SI,NO,REGULAR,22.0,LENTO A MUY LENTO,NINGUNO,0.0,25.0,0.0,0.0,0.0,0.0,0.0,75.0,0.0,0.0,75.0,25.0,0.0,0.0,0.0,0.0,0.0,0.0,31.9,24.85,28.375,7.05,14329.66687,0.025,174.0,0.175,88.8262948,33.23651404,25.17149863,29.20400633,8.065015408,22024.67558,0.189655172,63.8,0.051724138,84.59097398,32.55030233,24.89777778,28.72404006,7.652524557,17136.53194,0.133333333,115.1,0.044444444,82.35555556
3271,2980,Manual,NO,ADV 9339 (Syngenta),Maiz,NO,Manual,NO,3051.162791,4.0,46.0,84.0,60000,10,0,0,0,0,0,0,1,1,0,0,0,2,0,0.0,0.0,46.0,0,0.0,0.0,0,0.0,0.0,0,0,0,1,1.0,PLANO O LLANO,PLANO,2.0,6.0,SIN ROCAS,NO,-1.0,-1.0,SI,-1.0,NO,GRANULAR,NO,NO,POCO MARCADAS,LA MANANA Y LA TARDE,POCO MARCADAS,NO HAY,NO,SI,23.0,PLANTAS NORMALES,NO,NO,SI,NO,ESPACIADO,32.0,LENTO A MUY LENTO,NINGUNO,0.0,51.67,0.0,0.0,0.0,0.0,0.0,48.33,0.0,0.0,100.0,0.0,0.0,0.0,0.0,0.0,0.0,0.0,31.96,24.83,28.395,7.13,14508.86729,0.025,161.0,0.15,88.8262948,33.22961749,25.19218828,29.21090288,8.037429201,21912.39381,0.189655172,63.8,0.051724138,84.48752571,32.43783784,24.94054054,28.68918919,7.497297297,13962.50537,0.081081081,115.1,0.054054054,82.2972973
3273,2982,Manual,NO,Otro,Maiz,NO,Manual,NO,3051.162791,4.0,47.0,82.0,60000,5,0,0,0,0,0,0,1,1,0,0,0,2,0,0.0,0.0,92.0,0,0.0,0.0,0,0.0,0.0,0,0,0,2,1.0,PLANO O LLANO,PLANO,2.0,6.0,SIN ROCAS,NO,-1.0,-1.0,SI,-1.0,NO,GRANULAR,NO,NO,NO HAY,LA MANANA Y LA TARDE,POCO MARCADAS,NO HAY,NO,SI,19.0,PLANTAS NORMALES,NO,NO,SI,NO,BUENO,34.0,LENTO A MUY LENTO,NINGUNO,0.0,55.0,0.0,0.0,0.0,0.0,0.0,45.0,0.0,0.0,45.0,55.0,0.0,0.0,0.0,0.0,0.0,0.0,32.005,24.86,28.4325,7.145,14905.89335,0.025,197.7,0.2,89.01119949,33.06896552,25.12808804,29.09852678,7.940877477,21434.30538,0.172413793,89.1,0.068965517,85.23810924,32.53660595,24.91438373,28.72549484,7.622222222,13773.06424,0.055555556,115.1,0.055555556,82.40224806
3274,2983,Manual,NO,DK 234,Maiz,NO,Manual,NO,4825.581395,5.0,46.0,55.0,55000,7,0,0,0,0,0,0,1,0,0,0,0,1,0,0.0,0.0,92.0,0,0.0,0.0,0,0.0,0.0,0,0,0,2,1.0,PLANO O LLANO,PLANO,2.0,6.0,SIN ROCAS,NO,-1.0,-1.0,SI,-1.0,NO,GRANULAR,NO,NO,POCO MARCADAS,LA MANANA Y LA TARDE,NO HAY,NO HAY,NO,SI,16.0,PLANTAS NORMALES,NO,NO,SI,NO,REGULAR,20.0,LENTO A MUY LENTO,NINGUNO,0.0,30.0,0.0,0.0,0.0,0.0,0.0,70.0,0.0,0.0,70.0,30.0,0.0,0.0,0.0,0.0,0.0,0.0,32.53,25.00572766,28.76786383,7.524272342,14767.97377,0.075,224.5,0.175,87.18178021,33.00547955,24.92616921,28.96582438,8.079310345,24494.63599,0.155172414,14.9,0.0,82.91413893,32.02222222,25.04444444,28.53333333,6.977777778,4051.181842,0.0,0.0,0.0,82.22222222
3275,2984,Mecanizado,NO,PIONEER 30F35 HRR,Maiz,NO,Manual,NO,4536.046512,4.0,47.0,83.0,60000,10,0,0,0,0,0,0,1,1,0,0,0,1,0,0.0,0.0,92.0,0,0.0,0.0,0,0.0,0.0,0,0,0,2,2.0,PLANO O LLANO,PLANO,2.0,6.0,SIN ROCAS,NO,-1.0,-1.0,SI,-1.0,NO,GRANULAR,NO,NO,POCO MARCADAS,LA MANANA Y LA TARDE,NO HAY,NO HAY,NO,SI,12.0,PLANTAS NORMALES,NO,NO,SI,NO,ESPACIADO,26.0,LENTO A MUY LENTO,NINGUNO,0.0,43.33,0.0,0.0,0.0,0.0,0.0,56.67,0.0,0.0,56.67,43.33,0.0,0.0,0.0,0.0,0.0,0.0,32.345,24.88072766,28.61286383,7.464272342,13704.18206,0.075,121.0,0.1,87.50678021,33.06754852,24.998583,29.03306576,8.068965517,22770.26066,0.155172414,113.8,0.034482759,83.25896652,32.58280014,24.77837838,28.68058926,7.804421758,14326.53899,0.135135135,15.1,0.027027027,82.24324324
3276,2985,Manual,NO,PIONEER 30F35 HRR,Maiz,NO,Manual,NO,4576.744186,4.0,46.0,79.0,50000,9,0,0,0,0,0,0,1,1,0,0,0,1,0,0.0,0.0,15.0,0,0.0,15.0,0,0.0,15.0,0,0,0,1,2.0,PLANO O LLANO,PLANO,2.0,6.0,SIN ROCAS,NO,-1.0,-1.0,SI,-1.0,NO,GRANULAR,NO,NO,POCO MARCADAS,LA MANANA Y LA TARDE,NO HAY,NO HAY,NO,SI,12.0,PLANTAS NORMALES,NO,NO,SI,NO,ESPACIADO,26.0,LENTO A MUY LENTO,NINGUNO,0.0,43.33,0.0,0.0,0.0,0.0,0.0,56.67,0.0,0.0,56.67,43.33,0.0,0.0,0.0,0.0,0.0,0.0,32.515,25.05572766,28.78536383,7.459272342,13753.34004,0.075,100.7,0.1,87.23178021,32.98134162,24.93306576,28.95720369,8.048275862,22718.68485,0.155172414,113.8,0.034482759,82.81069066,32.63636266,24.725,28.68068133,7.911362658,12461.1633,0.15625,15.1,0.03125,82.25
3277,2997,Manual,NO,PIONEER 30F35 HRR,Maiz,NO,Manual,NO,5816.27907,4.0,45.0,80.0,55000,11,0,0,0,0,0,0,1,0,0,0,0,2,0,0.0,0.0,61.0,0,0.0,15.0,0,0.0,15.0,0,0,0,2,1.0,PLANO O LLANO,PLANO,2.0,6.0,SIN ROCAS,NO,-1.0,-1.0,SI,-1.0,NO,GRANULAR,NO,NO,POCO MARCADAS,LA MANANA Y LA TARDE,NO HAY,NO HAY,NO,SI,19.0,PLANTAS NORMALES,NO,NO,SI,NO,REGULAR,22.0,LENTO A MUY LENTO,NINGUNO,0.0,0.0,0.0,0.0,0.0,0.0,63.33,36.67,0.0,0.0,100.0,0.0,0.0,0.0,0.0,0.0,0.0,0.0,32.23,24.83393869,28.53196935,7.39606131,13995.12547,0.05,105.2,0.1,87.74383101,33.19513473,25.04119608,29.11816541,8.153938643,22831.97702,0.172413793,143.8,0.051724138,83.42370763,32.61136266,24.875,28.74318133,7.736362658,12317.85332,0.15625,15.1,0.03125,82.40625
3278,2998,Manual,NO,Impacto (Syngenta),Maiz,NO,Manual,NO,5339.534884,4.0,44.0,86.0,55000,9,0,0,0,0,0,0,1,1,0,0,0,2,0,0.0,0.0,92.0,0,0.0,0.0,0,0.0,0.0,0,0,0,2,1.0,PLANO O LLANO,PLANO,2.0,6.0,SIN ROCAS,NO,-1.0,-1.0,SI,-1.0,NO,GRANULAR,NO,NO,NO HAY,LA MANANA Y LA TARDE,NO HAY,NO HAY,NO,SI,21.0,PLANTAS NORMALES,NO,NO,SI,NO,BUENO,30.0,LENTO A MUY LENTO,NINGUNO,0.0,50.0,0.0,0.0,0.0,0.0,0.0,50.0,0.0,0.0,100.0,0.0,0.0,0.0,0.0,0.0,0.0,0.0,31.995,24.86,28.4275,7.135,14785.19673,0.025,207.0,0.2,88.92592542,33.19168645,25.1473607,29.16952357,8.044325753,21887.81449,0.189655172,63.8,0.051724138,84.79812528,32.35675676,24.98378378,28.67027027,7.372972973,13737.44073,0.027027027,115.1,0.054054054,82.37837838
3279,2999,Manual,NO,PIONEER 30F35 HRR,Maiz,NO,Manual,NO,5148.837209,4.0,47.0,87.0,55000,10,1,0,0,0,0,0,0,1,0,0,0,1,0,0.0,0.0,61.0,0,0.0,15.0,0,0.0,15.0,0,0,0,2,1.0,PLANO O LLANO,PLANO,2.0,6.0,SIN ROCAS,NO,-1.0,-1.0,SI,-1.0,NO,GRANULAR,NO,NO,NO HAY,LA MANANA Y LA TARDE,POCO MARCADAS,NO HAY,NO,SI,23.0,PLANTAS NORMALES,NO,NO,SI,NO,BUENO,25.0,LENTO A MUY LENTO,NINGUNO,0.0,41.67,0.0,0.0,0.0,0.0,58.33,0.0,0.0,0.0,58.33,41.67,0.0,0.0,0.0,0.0,0.0,0.0,31.885,24.77,28.3275,7.115,14057.87923,0.025,161.0,0.15,89.0262948,33.23306576,25.22667104,29.2298684,8.006394719,21941.39192,0.189655172,163.8,0.068965517,84.1599395,32.59423427,24.84390244,28.71906835,7.750331831,15798.90497,0.146341463,15.1,0.024390244,82.34146341
3280,3000,Manual,NO,Otro,Maiz,NO,Manual,NO,1525.581395,5.0,51.0,84.0,15000,79,0,0,0,1,0,0,0,0,0,0,0,0,0,0.0,0.0,0.0,0,0.0,0.0,0,0.0,0.0,0,0,0,0,5.0,ONDULADO Y MONTANOSO,LADERA CONVEXA,2.0,5.5,SIN ROCAS,NO,-1.0,-1.0,NO,-1.0,NO,ATERRONADA,SI,NO,NO HAY,LA MANANA Y LA TARDE,NO HAY,NO HAY,NO,SI,16.0,PLANTAS NORMALES,NO,NO,SI,NO,REGULAR,60.0,BUENO,LENTO,0.0,21.67,0.0,0.0,78.33,0.0,0.0,0.0,0.0,0.0,0.0,100.0,0.0,0.0,0.0,0.0,0.0,0.0,32.105,24.87,28.4875,7.235,15185.00412,0.025,197.7,0.2,88.97592542,33.10689655,25.15222597,29.12956126,7.954670581,21418.00189,0.189655172,89.1,0.068965517,85.15190235,32.50971661,24.99343754,28.75157707,7.51627907,16310.89384,0.069767442,115.1,0.046511628,82.31351001
3297,3016,Manual,NO,DK7088,Maiz,NO,Manual,NO,5053.488372,4.0,47.0,88.0,55000,11,0,0,0,0,0,0,1,1,0,0,0,2,0,0.0,0.0,15.0,0,0.0,15.0,0,0.0,15.0,0,0,0,1,1.0,PLANO O LLANO,PLANO,2.0,6.0,SIN ROCAS,NO,-1.0,-1.0,SI,-1.0,NO,GRANULAR,NO,NO,NO HAY,LA MANANA Y LA TARDE,POCO MARCADAS,NO HAY,NO,SI,21.0,PLANTAS NORMALES,NO,NO,SI,NO,REGULAR,21.0,LENTO A MUY LENTO,NINGUNO,0.0,31.67,0.0,0.0,0.0,0.0,68.33,0.0,0.0,0.0,68.33,31.67,0.0,0.0,0.0,0.0,0.0,0.0,31.875,24.75,28.3125,7.125,13788.32539,0.025,161.0,0.15,88.9262948,33.21582438,25.22322277,29.21952357,7.992601615,22101.05338,0.189655172,163.8,0.068965517,84.14269812,32.6467525,24.77142857,28.70909054,7.87532393,16339.83243,0.142857143,15.1,0.023809524,82.35714286
3298,3017,Mecanizado,NO,DK7088,Maiz,NO,Manual,NO,4767.44186,4.0,42.0,89.0,55000,13,0,0,0,0,0,0,1,1,0,0,0,1,0,0.0,0.0,92.0,0,0.0,0.0,0,0.0,0.0,0,0,0,2,2.0,PLANO O LLANO,PLANO,2.0,5.5,SIN ROCAS,NO,-1.0,-1.0,SI,-1.0,NO,GRANULAR,NO,NO,POCO MARCADAS,LA MANANA Y LA TARDE,NO HAY,NO HAY,NO,SI,21.0,PLANTAS NORMALES,NO,NO,SI,NO,REGULAR,21.0,LENTO A MUY LENTO,NINGUNO,0.0,26.67,0.0,0.0,0.0,0.0,0.0,73.33,0.0,0.0,0.0,100.0,0.0,0.0,0.0,0.0,0.0,0.0,32.1,24.89,28.495,7.21,15200.03578,0.025,197.7,0.2,89.05092542,33.098583,25.13701587,29.11779944,7.961567132,21458.54681,0.189655172,89.1,0.068965517,84.98778045,32.45263158,24.96315789,28.70789474,7.489473684,14304.51098,0.026315789,115.1,0.052631579,82.39473684
3299,3018,Manual,NO,PIONEER 30F35 HRR,Maiz,NO,Manual,NO,4958.139535,4.0,48.0,82.0,55000,12,1,0,0,0,0,0,0,1,0,0,0,1,0,0.0,0.0,61.0,0,0.0,15.0,0,0.0,15.0,0,0,0,2,1.0,PLANO O LLANO,PLANO,2.0,6.0,SIN ROCAS,NO,-1.0,-1.0,SI,-1.0,NO,GRANULAR,NO,NO,POCO MARCADAS,LA MANANA Y LA TARDE,NO HAY,NO HAY,NO,SI,16.0,PLANTAS NORMALES,NO,NO,SI,NO,BUENO,20.0,LENTO A MUY LENTO,NINGUNO,0.0,31.67,0.0,0.0,0.0,0.0,68.33,0.0,0.0,0.0,68.33,31.67,0.0,0.0,0.0,0.0,0.0,0.0,31.76,24.79,28.275,6.97,13314.2467,0.0,147.8,0.125,88.9512948,33.34341059,25.15425725,29.24883392,8.189153339,22727.40629,0.189655172,163.8,0.068965517,83.71166364,32.56117852,24.84324324,28.70221088,7.717935272,14174.67655,0.162162162,15.1,0.027027027,82.37837838
3300,3019,Manual,NO,Otro,Maiz,NO,Manual,NO,1716.27907,5.0,49.0,83.0,33000,48,0,0,0,1,0,0,0,0,0,0,0,0,0,0.0,0.0,23.0,0,0.0,0.0,0,0.0,0.0,0,0,0,1,2.0,ONDULADO Y MONTANOSO,LADERA CONCAVA,2.0,5.5,SIN ROCAS,NO,-1.0,-1.0,SI,-1.0,NO,ATERRONADA,NO,NO,POCO MARCADAS,LA MANANA Y LA TARDE,NO HAY,NO HAY,NO,SI,17.0,PLANTAS NORMALES,NO,NO,SI,NO,BUENO,22.0,LENTO A MUY LENTO,NINGUNO,0.0,35.0,0.0,0.0,65.0,0.0,0.0,0.0,0.0,0.0,65.0,35.0,0.0,0.0,0.0,0.0,0.0,0.0,32.345,25.1748606,28.7599303,7.170139401,15569.62426,0.05,245.3,0.225,88.56819579,32.55862069,24.99015701,28.77438885,7.568463684,20243.17356,0.086206897,122.4,0.068965517,86.97948855,33.06794535,24.87294535,28.97044535,8.195,16182.66877,0.175,112.4,0.05,81.76202326
3301,3020,Manual,NO,Otro,Maiz,NO,Manual,NO,1758.139535,5.0,47.0,84.0,30000,55,0,0,0,0,0,0,1,0,0,0,0,0,0,0.0,0.0,23.0,0,0.0,0.0,0,0.0,0.0,0,0,0,1,3.0,ONDULADO Y MONTANOSO,LADERA CONCAVA,2.0,5.5,SIN ROCAS,NO,-1.0,-1.0,NO,-1.0,NO,ATERRONADA,NO,NO,POCO MARCADAS,LA MANANA Y LA TARDE,NO HAY,NO HAY,NO,SI,11.0,PLANTAS NORMALES,NO,NO,SI,NO,REGULAR,60.0,BUENO,LENTO,0.0,26.67,0.0,0.0,0.0,0.0,73.33,0.0,0.0,0.0,0.0,100.0,0.0,0.0,0.0,0.0,0.0,0.0,32.075,24.845,28.46,7.23,15071.31613,0.025,189.5,0.175,88.97592542,33.13996231,25.1473607,29.14366151,7.992601615,21658.74596,0.189655172,81.3,0.068965517,84.88433218,32.35897436,25.01538462,28.68717949,7.343589744,14463.5777,0.025641026,115.1,0.051282051,82.38461538
3312,3031,Mecanizado,SI,DK 234 YGRR,Maiz,SI,Manual,SI,3673.255814,5.0,47.0,91.0,73000,6,0,0,0,0,0,0,0,1,0,0,0,1,0,0.0,0.0,69.0,0,0.0,0.0,0,0.0,0.0,0,0,0,2,4.0,PLANO O LLANO,PLANO,2.0,5.0,SIN ROCAS,NO,-1.0,-1.0,NO,-1.0,NO,ATERRONADA,NO,NO,NO HAY,LA MANANA Y LA TARDE,NO HAY,NO HAY,NO,SI,42.0,PLANTAS NORMALES,SI,NO,SI,NO,REGULAR,70.0,BUENO,LENTO,0.0,0.0,0.0,0.0,0.0,0.0,0.0,100.0,0.0,0.0,0.0,0.0,0.0,44.29,55.71,0.0,0.0,0.0,32.795,24.0375,28.41625,8.7575,14702.50264,0.2,270.2,0.175,82.175,33.59655172,24.48275862,29.03965517,9.113793103,22395.11415,0.482758621,128.6,0.068965517,80.4137931,34.84782609,23.95510254,29.40146431,10.89272354,20301.14637,0.847826087,0.7,0.0,73.54347826
3313,3032,Mecanizado,SI,DK 234 YGRR,Maiz,SI,Manual,SI,3673.255814,5.0,47.0,92.0,73000,5,0,0,0,0,0,0,0,1,0,0,0,0,0,0.0,0.0,69.0,0,0.0,0.0,0,0.0,0.0,0,0,0,2,4.0,PLANO O LLANO,PLANO,2.0,5.0,SIN ROCAS,NO,-1.0,-1.0,NO,-1.0,NO,ATERRONADA,NO,NO,NO HAY,LA MANANA Y LA TARDE,NO HAY,NO HAY,NO,SI,44.0,PLANTAS NORMALES,SI,NO,SI,NO,REGULAR,70.0,BUENO,LENTO,0.0,0.0,0.0,0.0,0.0,0.0,0.0,100.0,0.0,0.0,0.0,0.0,0.0,47.14,52.86,0.0,0.0,0.0,32.795,24.0375,28.41625,8.7575,14702.50264,0.2,270.2,0.175,82.175,33.59655172,24.48275862,29.03965517,9.113793103,22395.11415,0.482758621,128.6,0.068965517,80.4137931,34.83404255,23.94329185,29.3886672,10.8907507,20783.58556,0.85106383,0.7,0.0,73.53191489
3314,3033,Mecanizado,SI,Otro,Maiz,SI,Manual,SI,3767.44186,5.0,47.0,85.0,73000,4,0,0,0,0,0,0,0,1,0,0,0,3,0,0.0,0.0,46.0,0,0.0,0.0,0,0.0,0.0,0,0,0,1,4.0,PLANO O LLANO,PLANO,2.0,5.5,SIN ROCAS,NO,-1.0,-1.0,NO,-1.0,NO,ATERRONADA,NO,NO,NO HAY,LA MANANA Y LA TARDE,NO HAY,NO HAY,NO,SI,42.0,POCO AFECTADAS,SI,NO,SI,NO,REGULAR,70.0,BUENO,LENTO,0.0,0.0,0.0,0.0,0.0,0.0,0.0,100.0,0.0,0.0,0.0,0.0,0.0,45.71,54.29,0.0,0.0,0.0,32.915,24.045,28.48,8.87,14777.3866,0.25,279.0,0.175,82.125,33.44482759,24.47931034,28.96206897,8.965517241,22174.69514,0.448275862,127.1,0.068965517,80.84482759,34.65,23.785,29.2175,10.865,17865.7354,0.8,2.2,0.0,73.575
3315,3034,Mecanizado,SI,P3966 (Pioneer),Maiz,SI,Manual,SI,4050.0,5.0,47.0,84.0,73000,3,0,0,0,0,0,0,0,1,0,0,0,2,0,0.0,0.0,92.0,0,0.0,0.0,0,0.0,0.0,0,0,0,2,4.0,PLANO O LLANO,PLANO,2.0,5.5,SIN ROCAS,NO,-1.0,-1.0,NO,-1.0,NO,ATERRONADA,NO,NO,NO HAY,LA MANANA Y LA TARDE,NO HAY,NO HAY,NO,SI,38.0,PLANTAS NORMALES,SI,NO,SI,NO,REGULAR,70.0,BUENO,LENTO,0.0,0.0,48.57,0.0,0.0,0.0,0.0,51.43,0.0,0.0,0.0,0.0,0.0,48.57,51.43,0.0,0.0,0.0,32.915,24.045,28.48,8.87,14777.3866,0.25,279.0,0.175,82.125,33.44482759,24.47931034,28.96206897,8.965517241,22174.69514,0.448275862,127.1,0.068965517,80.84482759,34.63076923,23.74358974,29.18717949,10.88717949,17456.0252,0.794871795,2.2,0.0,73.58974359
3316,3035,Manual,NO,Otro,Maiz,SI,Manual,SI,3296.511628,5.0,46.0,87.0,71000,4,0,0,0,0,0,0,0,1,0,0,0,3,0,0.0,0.0,69.0,0,0.0,0.0,0,0.0,0.0,0,0,0,2,4.0,PLANO O LLANO,PLANO,2.0,5.5,SIN ROCAS,NO,-1.0,-1.0,NO,-1.0,NO,ATERRONADA,NO,NO,NO HAY,LA MANANA Y LA TARDE,NO HAY,NO HAY,NO,SI,42.0,PLANTAS NORMALES,SI,NO,SI,NO,REGULAR,70.0,BUENO,LENTO,0.0,0.0,0.0,0.0,0.0,0.0,0.0,100.0,0.0,0.0,0.0,0.0,0.0,45.71,54.29,0.0,0.0,0.0,32.9,24.0425,28.47125,8.8575,14848.20902,0.225,270.2,0.175,81.975,33.50689655,24.48965517,28.99827586,9.017241379,22236.90457,0.465517241,128.6,0.068965517,80.67241379,34.77073171,23.79994216,29.28533693,10.97078955,18236.04983,0.829268293,0.7,0.0,73.48780488
3317,3036,Manual,NO,P3966 (Pioneer),Maiz,SI,Manual,SI,3579.069767,5.0,46.0,86.0,71000,4,0,0,0,0,0,0,0,1,0,0,0,2,0,0.0,0.0,80.5,0,0.0,0.0,0,0.0,0.0,0,0,0,2,4.0,PLANO O LLANO,PLANO,2.0,5.5,SIN ROCAS,NO,-1.0,-1.0,NO,-1.0,NO,ATERRONADA,NO,NO,NO HAY,LA MANANA Y LA TARDE,NO HAY,NO HAY,NO,SI,38.0,PLANTAS NORMALES,SI,NO,SI,NO,ESPACIADO,70.0,BUENO,LENTO,0.0,0.0,0.0,0.0,0.0,0.0,0.0,100.0,0.0,0.0,0.0,0.0,0.0,48.57,51.43,0.0,0.0,0.0,32.74,23.9925,28.36625,8.7475,14713.03678,0.175,270.2,0.175,82.275,33.63103448,24.50344828,29.06724138,9.127586207,22406.50915,0.5,129.3,0.068965517,80.27586207,34.735,23.79494072,29.26497036,10.94005928,17766.46814,0.825,0.0,0.0,73.425
3318,3037,Mecanizado,SI,P3966 (Pioneer),Maiz,SI,Manual,SI,3861.627907,6.0,47.0,87.0,72000,6,0,0,0,0,0,0,0,1,0,0,0,2,0,0.0,0.0,92.0,0,0.0,0.0,0,0.0,0.0,0,0,0,2,4.0,PLANO O LLANO,PLANO,3.0,5.0,SIN ROCAS,NO,-1.0,-1.0,SI,-1.0,NO,ATERRONADA,NO,NO,NO HAY,LA MANANA Y LA TARDE,NO HAY,NO HAY,NO,SI,40.0,PLANTAS NORMALES,SI,NO,SI,NO,REGULAR,40.0,LENTO A MUY LENTO,LENTO,0.0,0.0,0.0,0.0,0.0,0.0,0.0,100.0,0.0,0.0,0.0,0.0,0.0,41.43,58.57,0.0,0.0,0.0,32.68,24.0125,28.34625,8.6675,14512.39412,0.15,268.6,0.175,82.35,33.72758621,24.50689655,29.11724138,9.220689655,22540.06624,0.517241379,109.7,0.051724138,79.93103448,34.88372093,23.86824923,29.37598508,11.0154717,19202.85703,0.88372093,0.0,0.0,73.23255814
3319,3038,Mecanizado,SI,DK 234 YGRR,Maiz,SI,Manual,SI,3861.627907,5.0,47.0,91.0,73000,5,0,0,0,0,0,0,0,1,0,0,0,1,0,0.0,0.0,74.5,0,0.0,0.0,0,0.0,0.0,0,0,0,2,4.0,PLANO O LLANO,PLANO,3.0,5.5,SIN ROCAS,NO,-1.0,-1.0,SI,-1.0,NO,ATERRONADA,NO,NO,NO HAY,LA MANANA Y LA TARDE,NO HAY,NO HAY,NO,SI,39.0,PLANTAS NORMALES,SI,NO,SI,NO,ESPACIADO,39.0,LENTO A MUY LENTO,LENTO,0.0,0.0,0.0,0.0,0.0,0.0,0.0,55.72,44.29,0.0,0.0,0.0,0.0,44.29,55.72,0.0,0.0,0.0,32.59,24.0225,28.30625,8.5675,14390.09245,0.15,249.0,0.15,82.55,33.7137931,24.49310345,29.10344828,9.220689655,22609.97177,0.5,129.3,0.068965517,79.98275862,34.94347826,23.89423298,29.41885562,11.04924528,20542.5642,0.891304348,0.0,0.0,73.19565217
3320,3039,Mecanizado,SI,DK 234 YGRR,Maiz,SI,Manual,SI,3720.930233,5.0,47.0,90.0,73000,5,0,0,0,0,0,0,0,1,0,0,0,0,0,0.0,0.0,74.5,0,0.0,0.0,0,0.0,0.0,0,0,0,2,4.0,PLANO O LLANO,PLANO,3.0,5.5,SIN ROCAS,NO,-1.0,-1.0,SI,-1.0,NO,ATERRONADA,NO,NO,NO HAY,LA MANANA Y LA TARDE,NO HAY,NO HAY,NO,SI,36.0,PLANTAS NORMALES,SI,NO,SI,NO,REGULAR,36.0,LENTO A MUY LENTO,LENTO,0.0,0.0,0.0,0.0,0.0,0.0,0.0,50.0,50.0,0.0,0.0,0.0,0.0,50.0,50.0,0.0,0.0,0.0,32.59,24.0225,28.30625,8.5675,14390.09245,0.15,249.0,0.15,82.55,33.7137931,24.49310345,29.10344828,9.220689655,22609.97177,0.5,129.3,0.068965517,79.98275862,34.92,23.88299371,29.40149686,11.03700629,20066.36681,0.888888889,0.0,0.0,73.24444444
3321,3040,Manual,NO,P3966 (Pioneer),Maiz,SI,Manual,SI,3673.255814,5.0,47.0,86.0,71000,6,0,0,0,0,0,0,0,1,0,0,0,2,0,0.0,0.0,46.0,0,0.0,0.0,0,0.0,0.0,0,0,0,1,3.0,PLANO O LLANO,PLANO,3.0,5.0,SIN ROCAS,NO,-1.0,-1.0,NO,-1.0,NO,ATERRONADA,NO,NO,NO HAY,LA MANANA Y LA TARDE,NO HAY,NO HAY,NO,SI,39.0,PLANTAS NORMALES,SI,NO,SI,NO,REGULAR,70.0,BUENO,LENTO,0.0,0.0,0.0,0.0,0.0,0.0,0.0,50.0,50.0,0.0,0.0,0.0,0.0,50.0,50.0,0.0,0.0,0.0,32.62,23.9875,28.30375,8.6325,14410.85313,0.15,268.6,0.175,82.55,33.81034483,24.54827586,29.17931034,9.262068966,22604.94844,0.534482759,109.7,0.051724138,79.79310345,34.89268293,23.86182236,29.37725265,11.03086056,18349.13384,0.87804878,0.0,0.0,73.17073171
3322,3041,Manual,NO,P3966 (Pioneer),Maiz,SI,Manual,SI,3673.255814,5.0,47.0,86.0,71000,6,0,0,0,0,0,0,0,1,0,0,0,2,0,0.0,0.0,46.0,0,0.0,0.0,0,0.0,0.0,0,0,0,1,3.0,PLANO O LLANO,PLANO,3.0,5.0,SIN ROCAS,NO,-1.0,-1.0,NO,-1.0,NO,ATERRONADA,NO,NO,NO HAY,LA MANANA Y LA TARDE,NO HAY,NO HAY,NO,SI,43.0,PLANTAS NORMALES,SI,NO,SI,NO,REGULAR,70.0,BUENO,LENTO,0.0,0.0,0.0,0.0,0.0,0.0,0.0,55.71,44.29,0.0,0.0,0.0,0.0,44.29,55.71,0.0,0.0,0.0,32.605,23.9575,28.28125,8.6475,14397.48271,0.125,268.6,0.175,82.575,33.82413793,24.56896552,29.19655172,9.255172414,22613.7296,0.551724138,109.7,0.051724138,79.70689655,34.88292683,23.84718822,29.36505752,11.03573861,18374.71611,0.87804878,0.0,0.0,73.12195122
3323,3042,Mecanizado,SI,DK 234 YGRR,Maiz,SI,Manual,SI,3767.44186,5.0,47.0,97.0,73000,4,0,0,0,0,0,0,0,1,0,0,0,1,0,0.0,0.0,86.0,0,0.0,0.0,0,0.0,0.0,0,0,0,2,3.0,PLANO O LLANO,PLANO,3.0,5.5,SIN ROCAS,NO,-1.0,-1.0,NO,-1.0,NO,GRANULAR,NO,NO,NO HAY,LA MANANA Y LA TARDE,NO HAY,NO HAY,NO,SI,41.0,PLANTAS NORMALES,SI,NO,SI,NO,REGULAR,70.0,BUENO,LENTO,0.0,0.0,0.0,0.0,0.0,0.0,0.0,55.72,44.29,0.0,0.0,0.0,0.0,44.29,55.72,0.0,0.0,0.0,32.795,24.0375,28.41625,8.7575,14702.50264,0.2,270.2,0.175,82.175,33.59655172,24.48275862,29.03965517,9.113793103,22395.11415,0.482758621,128.6,0.068965517,80.4137931,34.97307692,24.02566763,29.49937228,10.94740929,23032.90724,0.865384615,0.7,0.0,73.34615385
3324,3043,Mecanizado,SI,DK 234 YGRR,Maiz,SI,Manual,SI,3767.44186,5.0,47.0,94.0,73000,7,0,0,0,0,0,0,0,1,0,0,0,2,0,0.0,0.0,86.0,0,0.0,0.0,0,0.0,0.0,0,0,0,2,3.0,PLANO O LLANO,PLANO,3.0,5.5,SIN ROCAS,NO,-1.0,-1.0,NO,-1.0,NO,GRANULAR,NO,NO,NO HAY,LA MANANA Y LA TARDE,NO HAY,NO HAY,NO,SI,38.0,PLANTAS NORMALES,SI,NO,SI,NO,REGULAR,70.0,BUENO,LENTO,0.0,0.0,0.0,0.0,0.0,0.0,0.0,51.43,48.57,0.0,0.0,0.0,0.0,48.57,51.43,0.0,0.0,0.0,32.9,24.0425,28.47125,8.8575,14848.20902,0.225,270.2,0.175,81.975,33.50689655,24.48965517,28.99827586,9.017241379,22236.90457,0.465517241,128.6,0.068965517,80.67241379,34.88571429,23.9374432,29.41157874,10.94827108,21748.48426,0.857142857,0.7,0.0,73.48979592
3326,3045,Manual,NO,DK 234 YGRR,Maiz,SI,Manual,SI,3861.627907,5.0,46.0,90.0,72000,5,0,0,0,0,0,0,0,1,0,0,0,0,0,0.0,0.0,76.0,0,0.0,0.0,0,0.0,0.0,0,0,0,2,3.0,PLANO O LLANO,PLANO,3.0,5.0,SIN ROCAS,NO,-1.0,-1.0,NO,-1.0,NO,GRANULAR,NO,NO,NO HAY,LA MANANA Y LA TARDE,NO HAY,NO HAY,NO,SI,42.0,PLANTAS NORMALES,SI,NO,SI,NO,ESPACIADO,60.0,BUENO,LENTO,0.0,0.0,0.0,0.0,0.0,0.0,0.0,65.0,35.0,0.0,0.0,0.0,0.0,35.0,65.0,0.0,0.0,0.0,32.89,24.0375,28.46375,8.8525,14788.14784,0.225,279.0,0.175,82.075,33.45862069,24.50689655,28.98275862,8.951724138,22086.62894,0.448275862,128.1,0.068965517,80.82758621,34.79545455,23.83630974,29.31588214,10.9591448,19587.73914,0.840909091,1.2,0.0,73.45454545
3328,3046,Manual,NO,DK 234,Maiz,NO,Manual,NO,4922.093023,4.0,47.0,85.0,55000,13,0,0,0,0,0,0,0,1,0,0,0,1,0,0.0,0.0,92.0,0,0.0,0.0,0,0.0,0.0,0,0,0,2,1.0,PLANO O LLANO,PLANO,2.0,6.0,SIN ROCAS,NO,-1.0,-1.0,SI,-1.0,NO,GRANULAR,NO,NO,POCO MARCADAS,LA MANANA Y LA TARDE,NO HAY,NO HAY,NO,SI,16.0,PLANTAS NORMALES,NO,NO,SI,NO,ESPACIADO,23.0,LENTO A MUY LENTO,NINGUNO,0.0,36.67,0.0,0.0,0.0,0.0,0.0,63.33,0.0,0.0,63.33,36.67,0.0,0.0,0.0,0.0,0.0,0.0,32.9,24.0425,28.47125,8.8575,14848.20902,0.225,270.2,0.175,81.975,33.50689655,24.48965517,28.99827586,9.017241379,22236.90457,0.465517241,128.6,0.068965517,80.67241379,34.67179487,23.77435897,29.22307692,10.8974359,17366.42167,0.820512821,0.7,0.0,73.46153846
3329,3047,Manual,NO,PIONEER 30F35 HRR,Maiz,NO,Manual,NO,5720.930233,5.0,48.0,113.0,55000,12,0,0,0,0,0,0,1,1,0,0,0,2,0,0.0,0.0,69.0,0,0.0,0.0,0,0.0,0.0,0,0,0,3,1.0,PLANO O LLANO,PLANO,2.0,6.0,SIN ROCAS,NO,-1.0,-1.0,SI,-1.0,NO,GRANULAR,NO,NO,POCO MARCADAS,LA MANANA Y LA TARDE,NO HAY,NO HAY,NO,SI,16.0,PLANTAS NORMALES,NO,NO,SI,NO,REGULAR,18.0,LENTO A MUY LENTO,NINGUNO,0.0,28.33,0.0,0.0,0.0,0.0,71.67,0.0,0.0,0.0,71.67,28.33,0.0,0.0,0.0,0.0,0.0,0.0,32.155,25.155,28.655,7.0,15045.66099,0.05,260.3,0.225,88.84434532,32.68275862,25.02808804,28.85542333,7.654670581,20484.42207,0.086206897,107.4,0.068965517,86.65190235,32.87074521,24.82779441,28.84926981,8.042950798,27398.41281,0.173913043,127.5,0.043478261,81.92001348
3330,3048,Manual,NO,DK 234,Maiz,NO,Manual,NO,5148.837209,5.0,46.0,88.0,55000,12,1,0,0,0,0,0,0,1,0,0,0,1,0,0.0,0.0,92.0,0,0.0,0.0,0,0.0,0.0,0,0,0,2,1.0,PLANO O LLANO,PLANO,2.0,6.0,SIN ROCAS,SI,13.0,4.0,SI,27.0,NO,GRANULAR,NO,NO,NO HAY,LA MANANA Y LA TARDE,NO HAY,NO HAY,NO,SI,23.0,PLANTAS NORMALES,NO,NO,NO,NO,REGULAR,23.0,LENTO A MUY LENTO,NINGUNO,0.0,43.33,0.0,0.0,0.0,0.0,56.67,0.0,0.0,0.0,56.67,43.33,0.0,0.0,0.0,0.0,0.0,0.0,32.055,24.935,28.495,7.12,14802.13813,0.025,212.2,0.2,89.01119949,32.94482759,25.09360528,29.01921643,7.851222305,21173.18529,0.155172414,105.6,0.086206897,85.56569545,32.59328129,24.93137653,28.76232891,7.661904762,16183.51658,0.071428571,115.1,0.047619048,82.20192691
3331,3049,Mecanizado,NO,DK 234,Maiz,NO,Manual,NO,4922.093023,4.0,47.0,82.0,55000,10,0,0,0,0,0,0,0,1,0,0,0,1,0,0.0,0.0,61.0,0,0.0,15.0,0,0.0,15.0,0,0,0,2,1.0,PLANO O LLANO,PLANO,2.0,5.5,SIN ROCAS,NO,-1.0,-1.0,SI,-1.0,SI,GRANULAR,NO,NO,NO HAY,LA MANANA Y LA TARDE,POCO MARCADAS,NO HAY,NO,SI,25.0,PLANTAS NORMALES,NO,NO,SI,NO,ESPACIADO,25.0,LENTO A MUY LENTO,NINGUNO,0.0,0.0,0.0,0.0,0.0,0.0,61.67,38.33,0.0,0.0,100.0,0.0,0.0,0.0,0.0,0.0,0.0,0.0,31.96,24.83,28.395,7.13,14508.86729,0.025,161.0,0.15,88.8262948,33.22961749,25.19218828,29.21090288,8.037429201,21912.39381,0.189655172,63.8,0.051724138,84.48752571,32.45,24.94444444,28.69722222,7.505555556,13609.78023,0.083333333,115.1,0.055555556,82.25
3332,3050,Mecanizado,NO,Impacto (Syngenta),Maiz,NO,Manual,NO,5597.674419,4.0,48.0,84.0,55000,11,0,0,0,0,0,0,0,1,0,0,0,1,0,0.0,0.0,92.0,0,0.0,0.0,0,0.0,0.0,0,0,0,2,2.0,PLANO O LLANO,PLANO,2.0,5.5,SIN ROCAS,NO,-1.0,-1.0,SI,-1.0,NO,GRANULAR,NO,NO,POCO MARCADAS,LA MANANA Y LA TARDE,NO HAY,NO HAY,NO,SI,15.0,PLANTAS NORMALES,NO,NO,SI,NO,REGULAR,18.0,LENTO A MUY LENTO,NINGUNO,0.0,71.67,0.0,0.0,0.0,0.0,0.0,28.33,0.0,0.0,100.0,0.0,0.0,0.0,0.0,0.0,0.0,0.0,31.885,24.77,28.3275,7.115,14404.67836,0.025,268.6,0.175,82.7,33.23306576,25.22667104,29.2298684,8.006394719,22736.45634,0.189655172,109.7,0.051724138,79.5862069,32.60575142,24.92307692,28.76441417,7.682674498,17403.18504,0.153846154,0.0,0.0,73.07692308
3333,3051,Mecanizado,NO,DK7088,Maiz,NO,Manual,NO,5597.674419,4.0,48.0,85.0,65000,10,1,0,0,0,0,0,0,1,0,0,0,1,0,0.0,0.0,61.0,0,0.0,15.0,0,0.0,15.0,0,0,0,2,1.0,PLANO O LLANO,PLANO,2.0,6.0,SIN ROCAS,NO,-1.0,-1.0,SI,-1.0,NO,GRANULAR,NO,NO,NO HAY,LA MANANA Y LA TARDE,POCO MARCADAS,NO HAY,NO,SI,22.0,PLANTAS NORMALES,NO,NO,SI,NO,REGULAR,22.0,LENTO A MUY LENTO,NINGUNO,0.0,28.33,0.0,0.0,0.0,0.0,0.0,71.67,0.0,0.0,100.0,0.0,0.0,0.0,0.0,0.0,0.0,0.0,31.9,24.85,28.375,7.05,14390.09245,0.025,249.0,0.15,88.8262948,33.23651404,25.17149863,29.20400633,8.065015408,22609.97177,0.189655172,129.3,0.068965517,84.59097398,32.545,24.96,28.7525,7.585,17864.28301,0.125,0.0,0.0,82.4
3334,3052,Mecanizado,NO,PIONEER 30F35 HRR,Maiz,NO,Manual,NO,5404.651163,4.0,48.0,81.0,55000,10,1,0,0,0,0,0,1,1,0,0,0,1,0,0.0,0.0,61.0,0,0.0,15.0,0,0.0,15.0,0,0,0,2,2.0,PLANO O LLANO,PLANO,2.0,5.5,SIN ROCAS,NO,-1.0,-1.0,SI,-1.0,NO,GRANULAR,NO,NO,POCO MARCADAS,LA MANANA Y LA TARDE,NO HAY,NO HAY,NO,SI,22.0,PLANTAS NORMALES,NO,NO,SI,NO,ESPACIADO,22.0,LENTO A MUY LENTO,NINGUNO,0.0,0.0,0.0,0.0,0.0,0.0,68.33,31.67,0.0,0.0,68.33,31.67,0.0,0.0,0.0,0.0,0.0,0.0,31.96,24.83,28.395,7.13,14512.39412,0.025,268.6,0.175,88.8262948,33.22961749,25.19218828,29.21090288,8.037429201,22540.06624,0.189655172,109.7,0.051724138,84.48752571,32.45,24.94444444,28.69722222,7.505555556,16183.06664,0.083333333,0.0,0.0,82.25
3335,3053,Manual,NO,Impacto (Syngenta),Maiz,NO,Manual,NO,5053.488372,4.0,47.0,85.0,55000,11,0,0,0,0,0,0,1,1,0,0,0,2,0,0.0,0.0,61.0,0,0.0,15.0,0,0.0,15.0,0,0,0,2,1.0,PLANO O LLANO,PLANO,2.0,5.5,SIN ROCAS,NO,-1.0,-1.0,SI,-1.0,NO,GRANULAR,NO,NO,POCO MARCADAS,LA MANANA Y LA TARDE,NO HAY,NO HAY,NO,SI,18.0,PLANTAS NORMALES,NO,NO,SI,NO,REGULAR,23.0,LENTO A MUY LENTO,NINGUNO,0.0,0.0,0.0,0.0,0.0,0.0,63.33,36.67,0.0,0.0,63.33,36.67,0.0,0.0,0.0,0.0,0.0,0.0,31.885,24.77,28.3275,7.115,14404.67836,0.025,268.6,0.175,82.7,33.23306576,25.22667104,29.2298684,8.006394719,22736.45634,0.189655172,109.7,0.051724138,79.5862069,32.60575142,24.92307692,28.76441417,7.682674498,17403.18504,0.153846154,0.0,0.0,73.07692308
3336,3054,Mecanizado,NO,DK7088,Maiz,NO,Manual,NO,4922.093023,2.0,49.0,89.0,55000,8,0,0,0,0,0,0,0,2,0,0,0,1,0,0.0,0.0,22.5,0,0.0,22.5,0,0.0,22.5,0,0,0,1,2.0,PLANO O LLANO,PLANO,2.0,6.0,SIN ROCAS,NO,-1.0,-1.0,SI,-1.0,NO,GRANULAR,NO,NO,NO HAY,LA MANANA Y LA TARDE,POCO MARCADAS,NO HAY,NO,NO,-1.0,PLANTAS NORMALES,NO,NO,SI,NO,BUENO,25.0,LENTO A MUY LENTO,NINGUNO,0.0,0.0,0.0,0.0,0.0,0.0,60.0,40.0,0.0,0.0,60.0,40.0,0.0,0.0,0.0,0.0,0.0,0.0,32.05,24.945,28.4975,7.105,14606.62188,0.025,250.8,0.15,89.01119949,32.96896552,25.08670873,29.02783712,7.882256788,22132.60204,0.155172414,156.6,0.086206897,85.41052304,32.52832126,24.9980887,28.76320498,7.530232558,19027.23327,0.069767442,2.2,0.0,82.24374256
3337,3055,Manual,NO,PIONEER 30F35 HRR,Maiz,NO,Manual,NO,5115.116279,4.0,47.0,85.0,55000,8,0,0,0,0,0,0,0,1,0,0,0,2,0,0.0,0.0,22.5,0,0.0,22.5,0,0.0,22.5,0,0,0,1,1.0,PLANO O LLANO,PLANO,2.0,5.5,SIN ROCAS,NO,-1.0,-1.0,SI,-1.0,NO,GRANULAR,NO,NO,POCO MARCADAS,LA MANANA Y LA TARDE,POCO MARCADAS,NO HAY,NO,SI,16.0,PLANTAS NORMALES,NO,NO,SI,NO,REGULAR,24.0,LENTO A MUY LENTO,NINGUNO,0.0,38.33,0.0,0.0,0.0,0.0,61.67,0.0,0.0,0.0,0.0,100.0,0.0,0.0,0.0,0.0,0.0,0.0,31.955,24.8,28.3775,7.155,14550.35188,0.025,174.0,0.175,88.87592542,33.20547955,25.16805035,29.18676495,8.037429201,21873.42558,0.189655172,63.8,0.051724138,84.62571149,32.42564103,24.98461538,28.70512821,7.441025641,14663.40883,0.076923077,115.1,0.051282051,82.33333333
3339,3057,Manual,SI,PIONEER 30F35 HRR,Maiz,NO,Manual,NO,4958.139535,4.0,48.0,83.0,55000,9,0,0,0,0,0,0,0,1,0,0,0,2,0,0.0,0.0,61.0,0,0.0,15.0,0,0.0,15.0,0,0,0,2,1.0,PLANO O LLANO,PLANO,2.0,6.0,SIN ROCAS,NO,-1.0,-1.0,SI,-1.0,NO,GRANULAR,NO,NO,POCO MARCADAS,LA MANANA Y LA TARDE,NO HAY,POCO MARCADAS,NO,SI,23.0,PLANTAS NORMALES,NO,NO,SI,NO,ESPACIADO,23.0,LENTO A MUY LENTO,NINGUNO,0.0,25.0,0.0,0.0,75.0,0.0,0.0,0.0,0.0,0.0,100.0,0.0,0.0,0.0,0.0,0.0,0.0,0.0,33.11,24.4325,28.77125,8.6775,14738.29482,0.35,181.6,0.1,82.425,32.91724138,24.36896552,28.64310345,8.548275862,21433.19403,0.275862069,237.2,0.120689655,82.22413793,34.76842105,23.79473684,29.28157895,10.97368421,16964.79013,0.815789474,2.2,0.0,73.92105263
3340,3058,Manual,SI,PIONEER 30F35 H,Maiz,NO,Manual,NO,5597.674419,4.0,46.0,86.0,60000,10,0,0,0,0,0,0,0,2,0,0,0,1,0,0.0,0.0,92.0,0,0.0,0.0,0,0.0,0.0,0,0,0,2,1.0,PLANO O LLANO,PLANO,2.0,5.5,SIN ROCAS,NO,-1.0,-1.0,SI,-1.0,NO,GRANULAR,NO,NO,POCO MARCADAS,LA MANANA Y LA TARDE,NO HAY,POCO MARCADAS,NO,SI,18.0,PLANTAS NORMALES,NO,NO,SI,NO,ESPACIADO,23.0,LENTO A MUY LENTO,NINGUNO,0.0,36.67,0.0,0.0,0.0,0.0,63.33,0.0,0.0,0.0,100.0,0.0,0.0,0.0,0.0,0.0,0.0,0.0,32.085,25.045,28.565,7.04,14733.47391,0.025,252.1,0.15,82.55,32.88275862,25.05912252,28.97094057,7.823636098,21823.24661,0.155172414,159.8,0.086206897,81.4137931,32.72096959,24.87994395,28.80045677,7.841025641,17445.55381,0.076923077,2.2,0.0,73.97435897
3341,3059,Manual,SI,DK 234,Maiz,NO,Manual,NO,5308.139535,4.0,47.0,82.0,55000,10,1,0,0,0,0,0,0,1,0,0,0,1,0,0.0,0.0,69.0,0,0.0,0.0,0,0.0,0.0,0,0,0,2,1.0,PLANO O LLANO,PLANO,2.0,5.5,SIN ROCAS,NO,-1.0,-1.0,SI,-1.0,NO,GRANULAR,NO,NO,NO HAY,LA MANANA Y LA TARDE,NO HAY,NO HAY,NO,SI,19.0,PLANTAS NORMALES,NO,NO,SI,NO,ESPACIADO,25.0,LENTO A MUY LENTO,NINGUNO,0.0,40.0,0.0,0.0,0.0,0.0,0.0,60.0,0.0,0.0,0.0,100.0,0.0,0.0,0.0,0.0,0.0,0.0,31.92,24.83,28.375,7.09,14410.85313,0.025,268.6,0.175,82.55,33.25030714,25.22667104,29.23848909,8.023636098,22604.94844,0.189655172,109.7,0.051724138,79.79310345,32.45,24.91111111,28.68055556,7.538888889,16236.14963,0.083333333,0.0,0.0,73.0
3342,3060,Mecanizado,SI,DK7088,Maiz,NO,Manual,NO,5530.232558,4.0,47.0,84.0,60000,11,0,0,0,0,0,0,1,1,0,0,0,1,0,0.0,0.0,61.0,0,0.0,15.0,0,0.0,15.0,0,0,0,2,2.0,PLANO O LLANO,PLANO,2.0,6.0,SIN ROCAS,NO,-1.0,-1.0,SI,-1.0,NO,GRANULAR,NO,NO,NO HAY,LA MANANA Y LA TARDE,POCO MARCADAS,NO HAY,NO,NO,-1.0,PLANTAS NORMALES,NO,NO,SI,NO,REGULAR,16.0,LENTO A MUY LENTO,NINGUNO,0.0,25.0,0.0,0.0,75.0,0.0,0.0,0.0,0.0,0.0,100.0,0.0,0.0,0.0,0.0,0.0,0.0,0.0,31.96,24.805,28.3825,7.155,13459.32765,0.025,105.0,0.1,88.5012948,33.27444507,25.09218828,29.18331668,8.182256788,22923.8841,0.172413793,163.8,0.068965517,83.53924985,32.57272645,24.80526316,28.6889948,7.767463291,14589.2143,0.157894737,15.1,0.026315789,82.34210526
3343,3061,Mecanizado,SI,PIONEER 30F35 HRR,Maiz,NO,Manual,NO,5308.139535,4.0,47.0,83.0,55000,12,0,0,0,0,0,0,1,1,0,0,0,1,0,0.0,0.0,115.0,0,0.0,0.0,0,0.0,0.0,0,0,0,2,1.0,PLANO O LLANO,PLANO,2.0,6.0,SIN ROCAS,NO,-1.0,-1.0,SI,-1.0,NO,GRANULAR,NO,NO,POCO MARCADAS,LA MANANA Y LA TARDE,NO HAY,NO HAY,NO,SI,21.0,PLANTAS NORMALES,NO,NO,SI,NO,REGULAR,32.0,LENTO A MUY LENTO,NINGUNO,0.0,51.67,0.0,0.0,0.0,0.0,0.0,0.0,48.33,0.0,48.33,51.67,0.0,0.0,0.0,0.0,0.0,0.0,31.885,24.77,28.3275,7.115,14057.87923,0.025,161.0,0.15,89.0262948,33.23306576,25.22667104,29.2298684,8.006394719,21941.39192,0.189655172,163.8,0.068965517,84.1599395,32.57837838,24.9027027,28.74054054,7.675675676,14188.85609,0.135135135,15.1,0.027027027,82.45945946
3344,3062,Manual,SI,DK 234,Maiz,NO,Manual,NO,5434.883721,4.0,47.0,79.0,58000,10,1,0,0,0,0,0,0,1,0,0,0,1,0,0.0,0.0,61.0,0,0.0,15.0,0,0.0,15.0,0,0,0,2,1.0,PLANO O LLANO,PLANO,2.0,6.0,SIN ROCAS,NO,-1.0,-1.0,SI,-1.0,NO,GRANULAR,NO,NO,NO HAY,LA MANANA Y LA TARDE,POCO MARCADAS,NO HAY,NO,SI,17.0,PLANTAS NORMALES,NO,NO,SI,NO,BUENO,25.0,LENTO A MUY LENTO,NINGUNO,0.0,40.0,0.0,0.0,0.0,0.0,0.0,60.0,0.0,0.0,0.0,100.0,0.0,0.0,0.0,0.0,0.0,0.0,32.995,24.2925,28.64375,8.7025,14752.46935,0.3,223.1,0.125,82.4,33.09310345,24.42413793,28.75862069,8.668965517,21634.21982,0.327586207,189.7,0.103448276,81.86206897,34.6969697,23.81818182,29.25757576,10.87878788,14766.12578,0.787878788,2.2,0.0,73.90909091
3345,3063,Manual,NO,Otro,Maiz,NO,Manual,NO,2002.325581,4.0,47.0,87.0,30000,45,0,0,0,1,0,0,0,0,0,0,0,0,0,0.0,0.0,23.0,0,0.0,0.0,0,0.0,0.0,0,0,0,1,4.0,ONDULADO Y MONTANOSO,LADERA CONVEXA,2.0,6.0,SIN ROCAS,NO,-1.0,-1.0,NO,-1.0,NO,ATERRONADA,NO,NO,POCO MARCADAS,LA MANANA Y LA TARDE,NO HAY,NO HAY,NO,SI,13.0,PLANTAS NORMALES,NO,NO,SI,NO,REGULAR,60.0,BUENO,LENTO,0.0,28.33,0.0,0.0,0.0,0.0,0.0,71.67,0.0,0.0,0.0,100.0,0.0,0.0,0.0,0.0,0.0,0.0,31.79,24.79,28.29,7.0,13132.50077,0.0,147.8,0.125,88.8762948,33.32961749,25.13011932,29.2298684,8.199498167,22960.24572,0.189655172,163.8,0.068965517,83.67718088,32.55033183,24.7902439,28.67028787,7.760087928,15729.3271,0.146341463,15.1,0.024390244,82.43902439
3346,3064,Manual,NO,Otro,Maiz,NO,Manual,NO,2123.255814,5.0,44.0,93.0,32000,47,0,0,0,1,0,0,0,0,0,0,0,1,0,0.0,0.0,23.0,0,0.0,0.0,0,0.0,0.0,0,0,0,1,4.0,ONDULADO Y MONTANOSO,LADERA CONVEXA,2.0,6.0,SIN ROCAS,NO,-1.0,-1.0,SI,-1.0,NO,ATERRONADA,NO,NO,NO HAY,LA MANANA Y LA TARDE,POCO MARCADAS,NO HAY,NO,SI,17.0,PLANTAS NORMALES,NO,NO,SI,NO,BUENO,17.0,LENTO A MUY LENTO,LENTO,0.0,23.33,0.0,0.0,76.67,0.0,0.0,0.0,0.0,0.0,0.0,100.0,0.0,0.0,0.0,0.0,0.0,0.0,32.1,24.89,28.495,7.21,15200.03578,0.025,197.7,0.2,89.05092542,33.098583,25.13701587,29.11779944,7.961567132,21458.54681,0.189655172,89.1,0.068965517,84.98778045,32.6,25.02666667,28.81333333,7.573333333,17071.86687,0.111111111,115.1,0.044444444,82.48888889
3347,3065,Manual,NO,Otro,Maiz,NO,Manual,NO,2193.023256,4.0,47.0,82.0,32000,44,0,0,0,1,0,0,0,0,0,0,0,0,0,0.0,0.0,23.0,0,0.0,0.0,0,0.0,0.0,0,0,0,1,3.0,ONDULADO Y MONTANOSO,LADERA CONVEXA,2.0,6.0,SIN ROCAS,NO,-1.0,-1.0,SI,-1.0,NO,ATERRONADA,NO,NO,POCO MARCADAS,LA MANANA Y LA TARDE,NO HAY,NO HAY,NO,SI,14.0,PLANTAS NORMALES,NO,NO,SI,NO,BUENO,14.0,LENTO A MUY LENTO,LENTO,0.0,18.33,0.0,0.0,81.67,0.0,0.0,0.0,0.0,0.0,0.0,100.0,0.0,0.0,0.0,0.0,0.0,0.0,31.96,24.83,28.395,7.13,14508.86729,0.025,161.0,0.15,88.8262948,33.22961749,25.19218828,29.21090288,8.037429201,21912.39381,0.189655172,63.8,0.051724138,84.48752571,32.45,24.94444444,28.69722222,7.505555556,13609.78023,0.083333333,115.1,0.055555556,82.25
3348,3066,Manual,SI,PIONEER 30F35 HRR,Maiz,NO,Manual,NO,5339.534884,4.0,47.0,83.0,60000,9,1,0,0,0,0,0,0,1,0,0,0,1,0,0.0,0.0,61.0,0,0.0,15.0,0,0.0,15.0,0,0,0,2,1.0,PLANO O LLANO,PLANO,2.0,6.0,SIN ROCAS,NO,-1.0,-1.0,SI,-1.0,NO,GRANULAR,NO,NO,NO HAY,LA MANANA Y LA TARDE,POCO MARCADAS,NO HAY,NO,SI,23.0,PLANTAS NORMALES,NO,NO,SI,NO,ESPACIADO,23.0,LENTO A MUY LENTO,NINGUNO,0.0,28.33,0.0,0.0,0.0,0.0,71.67,0.0,0.0,0.0,71.67,28.33,0.0,0.0,0.0,0.0,0.0,0.0,31.995,24.86,28.4275,7.135,14785.19673,0.025,207.0,0.2,88.92592542,33.19168645,25.1473607,29.16952357,8.044325753,21887.81449,0.189655172,63.8,0.051724138,84.79812528,32.35675676,24.98378378,28.67027027,7.372972973,13737.44073,0.027027027,115.1,0.054054054,82.37837838
3690,3507,Mecanizado,SI,Status (Syngenta),Maiz,SI,Manual,NO,6216.27907,5.0,47.0,91.0,62000,13,1,0,0,0,0,0,0,2,0,0,0,0,0,0.0,0.0,161.0,0,0.0,0.0,0,0.0,90.0,0,0,0,5,3.0,PLANO O LLANO,PLANO,2.0,6.0,SIN ROCAS,NO,-1.0,-1.0,NO,-1.0,NO,GRANULAR,NO,NO,NO HAY,LA MANANA Y LA TARDE,NO HAY,NO HAY,NO,SI,28.0,PLANTAS NORMALES,SI,NO,SI,NO,BUENO,60.0,BUENO,LENTO,0.0,0.0,0.0,0.0,0.0,0.0,0.0,100.0,0.0,0.0,0.0,0.0,0.0,100.0,0.0,0.0,0.0,0.0,33.3113944,24.5325,28.9219472,8.778894401,15221.05988,0.45,380.8,0.225,80.2,33.13292903,23.89838482,28.51565692,9.234544208,22515.62273,0.24137931,243.1,0.155172414,79.10161833,32.51317459,22.60882677,27.56100068,9.904347826,18685.24873,0.108695652,207.3,0.152173913,79.36742152
3698,3516,Mecanizado,SI,P3966 (Pioneer),Algodón,SI,Mecanizada,NO,6404.651163,5.0,46.0,82.0,74000,14,1,0,0,0,0,0,2,1,0,0,1,1,0,0.0,15.0,92.0,0,15.0,0.0,0,15.0,30.0,0,0,1,3,4.0,PLANO O LLANO,PLANO,2.0,6.0,SIN ROCAS,NO,-1.0,-1.0,NO,-1.0,NO,ATERRONADA,NO,NO,NO HAY,LA MANANA Y LA TARDE,NO HAY,NO HAY,NO,SI,20.0,PLANTAS NORMALES,SI,NO,SI,NO,ESPACIADO,60.0,BUENO,LENTO,0.0,0.0,0.0,0.0,0.0,0.0,0.0,100.0,0.0,0.0,0.0,0.0,0.0,60.0,40.0,0.0,0.0,0.0,33.1993534,24.3625,28.7809267,8.836853402,15270.45204,0.4,394.0,0.25,80.175,33.26087351,23.71604593,28.48845972,9.544827586,23140.45692,0.25862069,246.5,0.155172414,78.79402933,32.2744913,22.47171353,27.37310242,9.802777778,14478.69566,0.055555556,151.7,0.138888889,79.57615421
3699,3517,Mecanizado,SI,DK 234 YGRR,Algodón,SI,Mecanizada,SI,6102.325581,6.0,46.0,79.0,72000,14,1,0,0,0,0,0,2,1,0,0,1,1,0,0.0,15.0,92.0,0,15.0,0.0,0,15.0,30.0,0,0,1,3,4.0,PLANO O LLANO,PLANO,2.0,6.0,SIN ROCAS,NO,-1.0,-1.0,NO,-1.0,NO,ATERRONADA,NO,NO,NO HAY,LA MANANA Y LA TARDE,NO HAY,NO HAY,NO,SI,21.0,PLANTAS NORMALES,SI,NO,SI,NO,ESPACIADO,60.0,BUENO,LENTO,0.0,0.0,0.0,0.0,0.0,0.0,0.0,100.0,0.0,0.0,0.0,0.0,0.0,58.33,41.67,0.0,0.0,0.0,33.1268534,24.1875,28.6571767,8.939353402,15355.27158,0.375,426.4,0.275,79.975,33.35760664,23.72312388,28.54036526,9.634482759,23476.86292,0.25862069,214.1,0.137931034,78.52183436,32.11202199,22.3855514,27.24878669,9.726470588,13478.718,0.058823529,151.7,0.147058824,79.8307664
3701,3518,Mecanizado,SI,P4082 (Pioneer),Algodón,NO,Mecanizada,NO,5462.790698,10.0,41.0,84.0,72000,14,1,0,0,0,0,0,2,1,0,0,1,2,0,0.0,15.0,92.0,0,15.0,0.0,0,15.0,30.0,0,0,1,3,3.0,PLANO O LLANO,PLANO,2.0,6.0,SIN ROCAS,NO,-1.0,-1.0,NO,-1.0,NO,ATERRONADA,NO,NO,NO HAY,LA MANANA Y LA TARDE,NO HAY,NO HAY,NO,SI,23.0,PLANTAS NORMALES,SI,NO,SI,NO,REGULAR,60.0,BUENO,LENTO,0.0,0.0,0.0,0.0,0.0,0.0,0.0,100.0,0.0,0.0,0.0,0.0,0.0,61.67,38.33,0.0,0.0,0.0,33.1268534,24.1875,28.6571767,8.939353402,15355.27158,0.375,426.4,0.275,79.975,33.35760664,23.72312388,28.54036526,9.634482759,23476.86292,0.25862069,214.1,0.137931034,78.52183436,31.99858968,22.41437916,27.20648442,9.584210526,14875.42141,0.052631579,260.0,0.184210526,80.09579399
3713,3540,Mecanizado,SI,DK7088,Algodón,SI,Mecanizada,NO,6076.744186,4.0,49.0,63.0,62000,8,0,0,0,0,0,0,0,1,0,0,0,1,0,0.0,0.0,92.0,0,0.0,0.0,0,0.0,30.0,0,0,0,3,1.0,PLANO O LLANO,PLANO,2.0,6.5,SIN ROCAS,NO,-1.0,-1.0,NO,-1.0,NO,GRANULAR,NO,NO,NO HAY,LA MANANA Y LA TARDE,NO HAY,NO HAY,NO,SI,22.0,PLANTAS NORMALES,NO,NO,SI,NO,REGULAR,60.0,BUENO,NINGUNO,0.0,0.0,0.0,26.67,0.0,73.33,0.0,0.0,0.0,0.0,100.0,0.0,0.0,0.0,0.0,0.0,0.0,0.0,33.36214208,24.815,29.08857104,8.547142083,15989.98743,0.425,294.9,0.225,80.275,33.15047404,23.97455052,28.56251228,9.175923519,23969.72071,0.275862069,284.0,0.172413793,79.03533641,33.32196078,22.96406605,28.14301342,10.35789474,7863.15472,0.157894737,23.9,0.0,78.37983583
3732,3559,Manual,SI,ADV 9339 (Syngenta),Maiz,NO,Manual,NO,4767.44186,4.0,47.0,78.0,62000,7,0,0,0,0,0,0,0,1,0,0,0,1,0,0.0,0.0,46.0,0,0.0,0.0,0,0.0,30.0,0,0,0,2,1.0,PLANO O LLANO,PLANO,2.0,6.5,SIN ROCAS,NO,-1.0,-1.0,SI,-1.0,NO,GRANULAR,NO,NO,POCO MARCADAS,LA MANANA Y LA TARDE,NO HAY,NO HAY,NO,SI,13.0,PLANTAS NORMALES,NO,NO,SI,SI,REGULAR,16.0,LENTO A MUY LENTO,NINGUNO,0.0,25.0,0.0,0.0,0.0,0.0,75.0,0.0,0.0,0.0,100.0,0.0,0.0,0.0,0.0,0.0,0.0,0.0,33.2318534,24.4025,28.8171767,8.829353402,15261.30464,0.4,410.8,0.275,80.175,33.29834261,23.75523917,28.52679089,9.543103448,23106.43442,0.275862069,235.7,0.137931034,78.74310332,32.50985058,22.73797558,27.62391308,9.771875,13075.4096,0.0625,159.7,0.1875,79.29701919
3739,3569,Manual,SI,Impacto (Syngenta),Maiz,SI,Manual,NO,5462.790698,5.0,46.0,84.0,62000,62,0,0,0,0,0,0,0,1,0,0,0,0,0,0.0,0.0,92.0,0,0.0,0.0,0,0.0,30.0,0,0,0,3,4.0,PLANO O LLANO,PLANO,2.0,5.0,SIN ROCAS,NO,-1.0,-1.0,NO,-1.0,NO,GRANULAR,NO,NO,NO HAY,LA MANANA Y LA TARDE,NO HAY,NO HAY,NO,SI,30.0,PLANTAS NORMALES,SI,NO,SI,SI,BUENO,60.0,BUENO,LENTO,0.0,0.0,53.33,0.0,0.0,0.0,0.0,46.67,0.0,0.0,0.0,0.0,0.0,100.0,0.0,0.0,0.0,0.0,32.49492672,23.81742672,28.15617672,8.6775,14957.98727,0.15,252.3,0.15,84.92804156,33.38713824,24.19920721,28.79317273,9.187931034,22419.07821,0.293103448,414.7,0.206896552,83.54612484,32.64537356,23.06642619,27.85589987,9.578947368,16022.36057,0.052631579,362.6,0.263157895,84.51312347
3741,3571,Manual,SI,ADV 9339 (Syngenta),Maiz,NO,Manual,NO,5244.186047,4.0,46.0,82.0,62000,10,0,0,0,0,0,0,0,1,0,0,0,2,0,0.0,0.0,92.0,0,0.0,0.0,0,0.0,0.0,0,0,0,2,1.0,PLANO O LLANO,PLANO,2.0,6.0,SIN ROCAS,NO,-1.0,-1.0,SI,-1.0,NO,GRANULAR,NO,NO,NO HAY,LA MANANA Y LA TARDE,POCO MARCADAS,NO HAY,NO,SI,12.0,PLANTAS NORMALES,NO,NO,SI,SI,REGULAR,32.0,LENTO A MUY LENTO,NINGUNO,0.0,48.33,0.0,0.0,0.0,0.0,0.0,51.67,0.0,0.0,100.0,0.0,0.0,0.0,0.0,0.0,0.0,0.0,33.2743534,24.4725,28.8734267,8.801853402,15320.62838,0.425,413.8,0.25,80.0,33.23862849,23.79724918,28.51793883,9.44137931,22778.46092,0.275862069,239.0,0.155172414,78.98394956,32.5222468,22.69081823,27.60653251,9.831428571,14393.85435,0.057142857,172.5,0.171428571,79.15815806
3744,3582,Mecanizado,NO,Impacto (Syngenta),Maiz,NO,Manual,SI,6593.023256,5.0,47.0,79.0,74000,60,0,0,0,0,0,0,0,2,0,0,0,0,0,0.0,12.0,92.0,0,40.0,0.0,0,0.0,30.0,0,0,1,3,5.0,PLANO O LLANO,PLANO,2.0,5.0,SIN ROCAS,NO,-1.0,-1.0,NO,-1.0,NO,GRANULAR,NO,NO,NO HAY,LA MANANA Y LA TARDE,NO HAY,NO HAY,NO,SI,21.0,PLANTAS NORMALES,SI,NO,SI,NO,ESPACIADO,60.0,BUENO,LENTO,0.0,0.0,0.0,0.0,0.0,0.0,0.0,100.0,0.0,0.0,0.0,0.0,0.0,100.0,0.0,0.0,0.0,0.0,33.70675815,23.55675815,28.63175815,10.15,16742.53891,0.35,206.4,0.125,81.11042516,34.72211011,23.2445239,28.983317,11.47758621,23693.47174,0.74137931,331.7,0.137931034,80.89982759,34.48296577,23.40649519,28.94473048,11.07647059,14335.56594,0.764705882,267.3,0.147058824,80.76258075
3751,3586,Mecanizado,SI,Impacto (Syngenta),Maiz,NO,Manual,SI,6511.627907,5.0,48.0,82.0,74000,60,0,0,0,0,0,0,0,2,0,0,0,2,0,0.0,12.0,92.0,0,40.0,0.0,0,0.0,30.0,0,0,1,3,5.0,PLANO O LLANO,PLANO,2.0,5.0,SIN ROCAS,NO,-1.0,-1.0,NO,-1.0,NO,GRANULAR,NO,NO,NO HAY,LA MANANA Y LA TARDE,NO HAY,NO HAY,NO,SI,20.0,PLANTAS NORMALES,SI,NO,SI,NO,ESPACIADO,60.0,BUENO,LENTO,0.0,0.0,0.0,0.0,0.0,0.0,0.0,100.0,0.0,0.0,0.0,0.0,0.0,100.0,0.0,0.0,0.0,0.0,33.9934251,23.5384251,28.7659251,10.455,16959.89466,0.45,158.9,0.1,80.81592786,34.55646622,23.24267312,28.89956967,11.3137931,23706.82096,0.689655172,302.7,0.137931034,80.85077006,34.92661548,23.43451022,29.18056285,11.49210526,16172.71511,0.868421053,339.7,0.157894737,80.63712833
3775,3631,Mecanizado,SI,DK 234,Pastos,SI,Mecanizada,NO,2637.209302,4.0,46.0,85.0,65000,5,0,0,0,0,0,0,0,1,0,0,0,1,0,0.0,0.0,69.0,0,0.0,0.0,0,0.0,0.0,0,0,0,2,1.0,PLANO O LLANO,PLANO,2.0,5.5,SIN ROCAS,NO,-1.0,-1.0,SI,-1.0,NO,GRANULAR,NO,NO,NO HAY,LA MANANA Y LA TARDE,POCO MARCADAS,NO HAY,NO,SI,27.0,PLANTAS NORMALES,NO,NO,SI,SI,ESPACIADO,27.0,LENTO A MUY LENTO,NINGUNO,0.0,38.33,0.0,0.0,0.0,0.0,61.67,0.0,0.0,0.0,100.0,0.0,0.0,0.0,0.0,0.0,0.0,0.0,32.91,23.83,28.37,9.08,16491.428,0.3,337.9,0.225,83.93490828,32.55863118,23.24483808,27.90173463,9.313793103,23779.6156,0.155172414,190.2,0.137931034,83.34156232,31.84532919,23.29269761,27.5690134,8.552631579,15403.89488,0.0,93.3,0.052631579,82.83571068
3815,3667,Mecanizado,SI,Otro,Algodón,SI,Manual,NO,5116.27907,5.0,44.0,88.0,71000,14,0,0,0,0,0,0,0,1,0,0,0,0,0,0.0,0.0,115.0,0,0.0,0.0,0,0.0,30.0,0,0,0,3,3.0,PLANO O LLANO,LADERA PLANA,2.0,6.0,SIN ROCAS,NO,-1.0,-1.0,SI,-1.0,NO,GRANULAR,NO,NO,NO HAY,LA MANANA Y LA TARDE,NO HAY,NO HAY,NO,SI,33.0,PLANTAS NORMALES,SI,NO,SI,NO,BUENO,33.0,LENTO A MUY LENTO,LENTO,0.0,0.0,0.0,0.0,0.0,0.0,0.0,47.46,52.54,0.0,0.0,0.0,0.0,100.0,0.0,0.0,0.0,0.0,33.1393534,24.2325,28.6859267,8.906853402,15322.65155,0.375,395.4,0.25,79.925,33.33371834,23.71992523,28.52682179,9.613793103,23404.9477,0.25862069,245.1,0.155172414,78.58738264,32.04829179,22.44079179,27.24454179,9.6075,15697.3517,0.05,268.2,0.175,80.1948358
3816,3668,Manual,SI,DK 234,Maiz,NO,Manual,NO,5651.162791,4.0,49.0,85.0,62000,6,0,0,0,0,0,0,1,1,0,0,0,0,0,0.0,0.0,92.0,0,0.0,0.0,0,0.0,0.0,0,0,0,2,2.0,PLANO O LLANO,PLANO,2.0,6.5,SIN ROCAS,NO,-1.0,-1.0,SI,-1.0,NO,GRANULAR,NO,NO,NO HAY,LA MANANA Y LA TARDE,NO HAY,NO HAY,NO,SI,13.0,PLANTAS NORMALES,NO,NO,SI,SI,REGULAR,32.0,LENTO A MUY LENTO,NINGUNO,0.0,0.0,0.0,0.0,0.0,0.0,48.33,51.67,0.0,0.0,100.0,0.0,0.0,0.0,0.0,0.0,0.0,0.0,33.3113944,24.5325,28.9219472,8.778894401,15221.05988,0.45,380.8,0.225,80.2,33.13292903,23.89838482,28.51565692,9.234544208,22515.62273,0.24137931,243.1,0.155172414,79.10161833,32.72470173,22.84665295,27.78567734,9.87804878,16857.47393,0.12195122,204.3,0.170731707,79.13928643
3817,3633,Manual,SI,DK7088,Maiz,NO,Manual,NO,6197.674419,4.0,46.0,83.0,62000,10,0,0,0,0,0,0,0,1,0,0,0,0,0,0.0,0.0,46.0,0,0.0,0.0,0,0.0,30.0,0,0,0,2,1.0,PLANO O LLANO,PLANO,2.0,6.0,SIN ROCAS,NO,-1.0,-1.0,SI,-1.0,NO,GRANULAR,NO,NO,POCO MARCADAS,LA MANANA Y LA TARDE,NO HAY,NO HAY,NO,SI,12.0,PLANTAS NORMALES,NO,NO,SI,SI,ESPACIADO,21.0,LENTO A MUY LENTO,NINGUNO,0.0,0.0,0.0,0.0,0.0,0.0,66.67,33.33,0.0,0.0,100.0,0.0,0.0,0.0,0.0,0.0,0.0,0.0,33.27940204,24.91,29.09470102,8.369402037,14700.19551,0.4,262.6,0.15,80.025,33.26045888,24.02694313,28.64370101,9.233515752,22426.51975,0.327586207,324.6,0.172413793,78.92045178,33.15112098,22.9483432,28.04973209,10.20277778,15487.29347,0.138888889,187.7,0.222222222,78.5557744
3818,3643,Mecanizado,SI,Otro,Algodón,SI,Manual,NO,4767.44186,5.0,46.0,84.0,65000,9,0,0,0,0,0,0,0,1,0,0,0,1,0,0.0,0.0,57.5,0,0.0,0.0,0,0.0,0.0,0,0,0,1,1.0,PLANO O LLANO,PLANO,2.0,6.5,SIN ROCAS,NO,-1.0,-1.0,SI,-1.0,NO,GRANULAR,NO,NO,NO HAY,LA MANANA Y LA TARDE,POCO MARCADAS,NO HAY,NO,SI,25.0,PLANTAS NORMALES,NO,NO,SI,SI,ESPACIADO,32.0,LENTO A MUY LENTO,NINGUNO,0.0,53.33,0.0,0.0,0.0,0.0,0.0,46.67,0.0,0.0,100.0,0.0,0.0,0.0,0.0,0.0,0.0,0.0,32.75,23.63,28.19,9.12,15355.27158,0.225,426.4,0.275,84.11256302,32.56099195,23.18857815,27.87478505,9.372413793,23476.86292,0.155172414,214.1,0.137931034,83.13876827,31.68397101,23.39449733,27.53923417,8.289473684,14875.42141,0.0,260.0,0.184210526,83.1673325
3819,3644,Mecanizado,SI,PIONEER 30F35 HRR,Maiz,NO,Manual,NO,6122.093023,4.0,45.0,84.0,65000,9,0,0,0,0,0,0,1,0,0,0,0,1,0,0.0,0.0,92.0,0,0.0,0.0,0,0.0,0.0,0,0,0,2,1.0,PLANO O LLANO,PLANO,2.0,5.5,SIN ROCAS,NO,-1.0,-1.0,SI,-1.0,NO,GRANULAR,NO,NO,POCO MARCADAS,LA MANANA Y LA TARDE,NO HAY,NO HAY,NO,SI,10.0,PLANTAS NORMALES,NO,NO,SI,SI,ESPACIADO,32.0,LENTO A MUY LENTO,NINGUNO,0.0,46.67,0.0,0.0,0.0,0.0,0.0,53.33,0.0,0.0,100.0,0.0,0.0,0.0,0.0,0.0,0.0,0.0,33.1393534,24.2325,28.6859267,8.906853402,15322.65155,0.375,395.4,0.25,79.925,33.33371834,23.71992523,28.52682179,9.613793103,23404.9477,0.25862069,245.1,0.155172414,78.58738264,32.10830591,22.41108368,27.25969479,9.697222222,14262.42911,0.055555556,151.7,0.138888889,79.92313821
3820,3632,Mecanizado,SI,P3966 (Pioneer),Pastos,NO,Mecanizada,NO,3013.953488,4.0,45.0,86.0,65000,6,0,0,0,0,0,0,1,1,0,0,0,1,0,0.0,0.0,92.0,0,0.0,0.0,0,0.0,0.0,0,0,0,2,1.0,PLANO O LLANO,PLANO,2.0,5.5,SIN ROCAS,NO,-1.0,-1.0,SI,-1.0,NO,GRANULAR,NO,NO,NO HAY,LA MANANA Y LA TARDE,POCO MARCADAS,NO HAY,NO,SI,20.0,PLANTAS NORMALES,NO,NO,SI,SI,ESPACIADO,20.0,LENTO A MUY LENTO,NINGUNO,0.0,25.0,0.0,0.0,0.0,0.0,0.0,75.0,0.0,0.0,100.0,0.0,0.0,0.0,0.0,0.0,0.0,0.0,32.85,23.8,28.325,9.05,16403.47834,0.275,315.5,0.2,84.08490828,32.65880449,23.29328725,27.97604587,9.365517241,23934.26995,0.172413793,212.6,0.155172414,83.2777772,31.75572348,23.239934,27.49782874,8.515789474,15287.48744,0.0,58.3,0.026315789,82.93704419
3821,3642,Manual,NO,Otro,Maiz,SI,Manual,NO,4290.697674,5.0,43.0,86.0,55000,7,0,0,0,0,0,0,0,1,0,0,0,2,0,0.0,0.0,69.0,0,0.0,0.0,0,0.0,0.0,0,0,0,2,1.0,PLANO O LLANO,PLANO,2.0,5.5,SIN ROCAS,NO,-1.0,-1.0,SI,-1.0,NO,GRANULAR,NO,NO,POCO MARCADAS,LA MANANA Y LA TARDE,NO HAY,NO HAY,NO,SI,23.0,PLANTAS NORMALES,NO,NO,SI,SI,ESPACIADO,24.0,LENTO A MUY LENTO,NINGUNO,0.0,38.33,0.0,0.0,0.0,0.0,0.0,61.67,0.0,0.0,100.0,0.0,0.0,0.0,0.0,0.0,0.0,0.0,33.28452789,24.845,29.06476394,8.439527888,14845.46189,0.4,262.7,0.15,80.3,33.19192639,24.01945115,28.60568877,9.172475243,22319.7905,0.293103448,330.5,0.172413793,78.95513232,33.04904352,22.85715163,27.95309757,10.19189189,15789.44482,0.135135135,188.6,0.216216216,78.79054411
3824,3671,Mecanizado,SI,ADV 9293 (Syngenta),Algodón,SI,Manual,NO,4958.139535,4.0,49.0,80.0,62000,6,0,0,0,0,0,0,0,1,0,0,0,1,1,0.0,0.0,92.0,0,0.0,0.0,0,0.0,0.0,0,0,0,2,1.0,PLANO O LLANO,PLANO,2.0,7.0,SIN ROCAS,SI,13.0,10.0,NO,-1.0,NO,ATERRONADA,NO,NO,NO HAY,LA MANANA Y LA TARDE,NO HAY,NO HAY,NO,SI,16.0,PLANTAS NORMALES,NO,NO,SI,SI,ESPACIADO,16.0,BUENO,NINGUNO,0.0,0.0,0.0,0.0,54.29,0.0,45.71,0.0,0.0,0.0,100.0,0.0,0.0,0.0,0.0,0.0,0.0,0.0,33.26871573,24.4675,28.86810786,8.801215726,15353.37098,0.425,414.8,0.25,80.025,33.24459609,23.83381148,28.53920379,9.410784604,22807.70402,0.275862069,238.7,0.155172414,78.96154613,32.53216734,22.68494512,27.60855623,9.847222222,14730.04701,0.055555556,173.0,0.166666667,79.16208142
3825,3672,Mecanizado,SI,DK 234,Maiz,SI,Manual,NO,5339.534884,5.0,53.0,72.0,"0     NaN
1     NaN
2     NaN
3     NaN
4     NaN
       ..
993   NaN
994   NaN
995   NaN
996   NaN
997   NaN
Name: AREA, Length: 882, dtype: float64",9,0,0,0,0,0,0,0,0,0,0,0,0,0,0.0,0.0,0.0,0,0.0,0.0,0,0.0,0.0,0,0,0,0,1.0,PLANO O LLANO,PLANO,2.0,6.0,SIN ROCAS,NO,-1.0,-1.0,NO,-1.0,NO,GRANULAR,NO,NO,NO HAY,LA MANANA Y LA TARDE,POCO MARCADAS,NO HAY,NO,SI,23.0,PLANTAS NORMALES,NO,NO,SI,SI,REGULAR,60.0,BUENO,NINGUNO,0.0,38.33,0.0,0.0,0.0,0.0,0.0,61.67,0.0,0.0,100.0,0.0,0.0,0.0,0.0,0.0,0.0,0.0,32.84,23.865,28.3525,8.975,16250.95807,0.25,264.9,0.2,84.35990828,32.70039513,23.37970547,28.0400503,9.320689655,23946.06506,0.206896552,288.1,0.172413793,83.39158696,31.83975984,23.21595032,27.52785508,8.623809524,16917.77681,0.0,66.2,0.023809524,82.84001875
3826,3673,Mecanizado,SI,DK 234,Maiz,NO,Manual,NO,5816.27907,2.0,48.0,81.0,65000,6,1,0,0,0,0,0,0,1,0,0,0,1,0,0.0,0.0,92.0,0,0.0,0.0,0,0.0,0.0,0,0,0,2,1.0,PLANO O LLANO,PLANO,2.0,6.5,SIN ROCAS,SI,8.0,14.0,SI,12.0,NO,ATERRONADA,NO,NO,NO HAY,LA MANANA Y LA TARDE,NO HAY,NO HAY,NO,SI,38.0,PLANTAS NORMALES,NO,NO,SI,SI,REGULAR,38.0,LENTO A MUY LENTO,NINGUNO,0.0,0.0,0.0,0.0,20.0,0.0,0.0,0.0,80.0,0.0,100.0,0.0,0.0,0.0,0.0,0.0,0.0,0.0,32.87,23.86,28.365,9.01,16263.26009,0.25,264.9,0.2,84.35990828,32.65501396,23.35501396,28.00501396,9.3,23910.96036,0.206896552,295.6,0.172413793,83.33820413,31.82150085,23.12150085,27.47150085,8.7,13701.92932,0.0,40.8,0.0,82.90857614
3828,3675,Mecanizado,SI,PIONEER 30F35 H,Maiz,SI,Manual,NO,5911.627907,4.0,45.0,86.0,65000,10,1,0,0,0,0,0,0,1,0,0,0,1,0,0.0,0.0,80.5,0,0.0,0.0,0,0.0,0.0,0,0,0,2,1.0,PLANO O LLANO,PLANO,2.0,6.0,SIN ROCAS,NO,-1.0,-1.0,SI,-1.0,NO,GRANULAR,NO,NO,NO HAY,LA MANANA Y LA TARDE,NO HAY,POCO MARCADAS,NO,SI,16.0,PLANTAS NORMALES,NO,NO,SI,SI,ESPACIADO,23.0,LENTO A MUY LENTO,NINGUNO,0.0,36.67,0.0,0.0,0.0,0.0,0.0,63.33,0.0,0.0,100.0,0.0,0.0,0.0,0.0,0.0,0.0,0.0,32.835,23.945,28.39,8.89,16226.42394,0.25,263.9,0.2,84.48490828,32.73665214,23.3711349,28.05389352,9.365517241,23985.16796,0.206896552,289.1,0.172413793,83.35035772,31.81550148,23.14181726,27.47865937,8.673684211,15269.28824,0.0,62.5,0.026315789,82.90893332
3830,3677,Mecanizado,SI,DK 1596,Maiz,SI,Mecanizada,NO,4897.674419,5.0,46.0,84.0,65000,9,0,0,0,0,0,0,0,2,0,0,0,1,0,0.0,0.0,46.0,0,0.0,0.0,0,0.0,0.0,0,0,0,1,2.0,PLANO O LLANO,PLANO,2.0,6.5,SIN ROCAS,NO,-1.0,-1.0,NO,-1.0,NO,GRANULAR,NO,NO,NO HAY,LA MANANA Y LA TARDE,NO HAY,NO HAY,NO,SI,18.0,PLANTAS NORMALES,NO,NO,SI,SI,REGULAR,60.0,BUENO,NINGUNO,0.0,40.0,0.0,0.0,0.0,0.0,0.0,60.0,0.0,0.0,100.0,0.0,0.0,0.0,0.0,0.0,0.0,0.0,32.745,23.81,28.2775,8.935,16227.13316,0.225,242.8,0.175,84.40990828,32.72487009,23.32142182,28.02314595,9.403448276,24041.32593,0.206896552,292.2,0.172413793,83.19686759,31.79079909,23.22237803,27.50658856,8.568421053,15316.81174,0.0,58.7,0.026315789,82.88353976
3849,3692,Mecanizado,NO,PIONEER 30F35 HRR,Maiz,SI,Manual,NO,5260.465116,5.0,46.0,86.0,71000,15,0,0,0,0,0,0,0,1,0,0,0,2,0,0.0,0.0,69.0,0,0.0,0.0,0,0.0,30.0,0,0,0,3,4.0,PLANO O LLANO,PLANO,2.0,6.0,SIN ROCAS,NO,-1.0,-1.0,SI,-1.0,NO,GRANULAR,NO,NO,NO HAY,LA MANANA Y LA TARDE,NO HAY,NO HAY,NO,SI,32.0,PLANTAS NORMALES,SI,NO,SI,NO,BUENO,32.0,LENTO A MUY LENTO,LENTO,0.0,0.0,0.0,0.0,0.0,0.0,0.0,100.0,0.0,0.0,0.0,0.0,0.0,100.0,0.0,0.0,0.0,0.0,33.0201737,23.9850846,28.50262915,9.035089102,15131.58793,0.325,247.2,0.175,79.36331268,33.16725508,23.21208266,28.18966887,9.955172414,24203.2369,0.155172414,273.8,0.189655172,78.56635776,31.85009753,22.84259753,27.34634753,9.0075,14797.93744,0.0,260.8,0.175,80.78111504
3851,3693,Mecanizado,NO,Otro,Algodón,SI,Manual,SI,6046.511628,5.0,46.0,85.0,71000,14,1,0,0,0,0,0,0,2,0,0,0,1,0,0.0,15.0,115.0,0,15.0,0.0,0,15.0,0.0,0,0,1,2,4.0,PLANO O LLANO,PLANO,2.0,5.5,SIN ROCAS,NO,-1.0,-1.0,NO,-1.0,NO,GRANULAR,NO,NO,NO HAY,LA MANANA Y LA TARDE,NO HAY,NO HAY,NO,SI,18.0,PLANTAS NORMALES,SI,NO,SI,NO,BUENO,60.0,BUENO,LENTO,0.0,0.0,0.0,0.0,0.0,0.0,0.0,100.0,0.0,0.0,0.0,0.0,0.0,0.0,100.0,0.0,0.0,0.0,33.1118534,24.1775,28.6446767,8.934353402,15207.064,0.375,426.4,0.275,80.0,33.34402059,23.66471024,28.50436542,9.679310345,23722.31975,0.25862069,214.1,0.137931034,78.5136013,32.02508353,22.47636558,27.25072455,9.548717949,15129.17327,0.025641026,271.6,0.179487179,80.07570928
3853,3694,Mecanizado,SI,P3966 (Pioneer),Maiz,SI,Manual,SI,6122.093023,5.0,45.0,86.0,72500,14,0,0,0,0,0,0,0,1,0,0,0,1,0,0.0,0.0,92.0,0,0.0,0.0,0,0.0,0.0,0,0,0,2,4.0,PLANO O LLANO,PLANO,2.0,6.0,SIN ROCAS,NO,-1.0,-1.0,SI,-1.0,NO,GRANULAR,NO,NO,NO HAY,LA MANANA Y LA TARDE,NO HAY,NO HAY,NO,SI,18.0,PLANTAS NORMALES,SI,NO,SI,NO,BUENO,22.0,LENTO A MUY LENTO,LENTO,0.0,0.0,0.0,0.0,0.0,0.0,0.0,100.0,0.0,0.0,0.0,0.0,0.0,60.0,40.0,0.0,0.0,0.0,32.94335507,23.91650167,28.42992837,9.026853402,15272.72375,0.325,311.0,0.225,79.81480419,33.20635299,23.45118057,28.32876678,9.755172414,23880.35135,0.206896552,271.1,0.189655172,78.589466,32.14140575,22.78243139,27.46191857,9.358974359,14867.33914,0.025641026,285.4,0.205128205,80.2159761
3856,3695,Mecanizado,SI,P3966 (Pioneer),Maiz,SI,Manual,NO,5933.72093,5.0,46.0,83.0,72000,14,1,0,0,0,0,0,0,3,0,0,0,1,0,0.0,0.0,138.0,0,0.0,0.0,0,0.0,60.0,0,0,0,5,4.0,PLANO O LLANO,PLANO,2.0,6.0,SIN ROCAS,NO,-1.0,-1.0,SI,-1.0,NO,GRANULAR,NO,NO,NO HAY,LA MANANA Y LA TARDE,NO HAY,NO HAY,NO,SI,19.0,PLANTAS NORMALES,SI,NO,SI,NO,BUENO,25.0,LENTO A MUY LENTO,LENTO,0.0,0.0,0.0,0.0,0.0,0.0,0.0,100.0,0.0,0.0,0.0,0.0,0.0,55.74,44.26,0.0,0.0,0.0,33.2743534,24.4725,28.8734267,8.801853402,15320.62838,0.425,413.8,0.25,80.0,33.23862849,23.79724918,28.51793883,9.44137931,22778.46092,0.275862069,239.0,0.155172414,78.98394956,32.45105443,22.56727064,27.50916254,9.883783784,15162.34708,0.054054054,173.0,0.162162162,79.22553005
3857,3696,Mecanizado,SI,P3966 (Pioneer),Maiz,SI,Mecanizada,NO,6310.465116,5.0,46.0,88.0,76000,14,1,0,0,0,0,0,0,2,0,0,0,6,0,0.0,15.0,106.0,0,15.0,0.0,0,15.0,30.0,0,0,1,3,3.0,PLANO O LLANO,PLANO,2.0,5.0,SIN ROCAS,NO,-1.0,-1.0,NO,-1.0,NO,GRANULAR,NO,NO,NO HAY,LA MANANA Y LA TARDE,NO HAY,NO HAY,NO,NO,-1.0,PLANTAS NORMALES,SI,NO,SI,NO,BUENO,61.0,BUENO,LENTO,0.0,0.0,0.0,0.0,0.0,0.0,0.0,100.0,0.0,0.0,57.38,42.62,0.0,0.0,0.0,0.0,0.0,0.0,33.36214208,24.815,29.08857104,8.547142083,14841.05526,0.425,268.0,0.15,80.275,33.15047404,23.97455052,28.56251228,9.175923519,22333.73798,0.275862069,341.5,0.189655172,79.03533641,32.90609815,22.90609815,27.90609815,10.0,17665.87551,0.119047619,203.8,0.19047619,78.95040046
3859,3697,Mecanizado,SI,P3966 (Pioneer),Maiz,SI,Mecanizada,NO,6046.511628,5.0,47.0,81.0,80000,12,0,1,0,0,0,0,2,2,0,0,1,3,2,0.0,15.0,92.0,0,15.0,0.0,0,15.0,30.0,0,0,1,3,4.0,PLANO O LLANO,PLANO,3.0,6.5,SIN ROCAS,NO,-1.0,-1.0,SI,-1.0,NO,GRANULAR,NO,NO,NO HAY,LA MANANA Y LA TARDE,NO HAY,NO HAY,NO,SI,32.0,PLANTAS NORMALES,SI,NO,SI,SI,BUENO,45.0,LENTO A MUY LENTO,LENTO,0.0,0.0,0.0,0.0,0.0,0.0,0.0,100.0,0.0,0.0,0.0,0.0,0.0,100.0,0.0,0.0,0.0,0.0,33.2993534,24.2925,28.7959267,9.006853402,15429.55358,0.4,395.4,0.25,79.875,33.2580664,23.69254915,28.47530777,9.565517241,23213.60652,0.25862069,245.1,0.155172414,78.7384277,32.19950227,22.43561338,27.31755783,9.763888889,14370.609,0.055555556,151.7,0.138888889,79.79676789
3860,3698,Mecanizado,SI,Otro,Maiz,SI,Mecanizada,NO,6046.511628,5.0,47.0,80.0,80000,12,0,1,0,0,0,0,0,2,0,0,0,1,2,0.0,15.0,92.0,0,15.0,0.0,0,15.0,30.0,0,0,1,3,3.0,PLANO O LLANO,PLANO,3.0,6.5,SIN ROCAS,NO,-1.0,-1.0,SI,-1.0,NO,GRANULAR,NO,NO,NO HAY,LA MANANA Y LA TARDE,NO HAY,NO HAY,NO,SI,33.0,PLANTAS NORMALES,SI,NO,SI,SI,BUENO,45.0,LENTO A MUY LENTO,LENTO,0.0,0.0,0.0,0.0,0.0,0.0,0.0,100.0,0.0,0.0,0.0,0.0,0.0,100.0,0.0,0.0,0.0,0.0,33.1993534,24.3625,28.7809267,8.836853402,15270.45204,0.4,394.0,0.25,80.175,33.26087351,23.71604593,28.48845972,9.544827586,23140.45692,0.25862069,246.5,0.155172414,78.79402933,32.3756482,22.4956482,27.4356482,9.88,14237.54555,0.057142857,151.7,0.142857143,79.35698548
3862,3699,Mecanizado,SI,P3966 (Pioneer),Maiz,SI,Mecanizada,NO,6325.581395,5.0,46.0,84.0,84000,12,0,1,0,0,0,0,0,2,0,0,0,1,2,0.0,15.0,92.0,0,15.0,0.0,0,15.0,30.0,0,0,1,3,4.0,PLANO O LLANO,PLANO,3.0,6.5,SIN ROCAS,NO,-1.0,-1.0,SI,-1.0,NO,GRANULAR,NO,NO,NO HAY,LA MANANA Y LA TARDE,NO HAY,NO HAY,NO,SI,34.0,PLANTAS NORMALES,SI,NO,SI,SI,BUENO,43.0,LENTO A MUY LENTO,LENTO,0.0,0.0,0.0,0.0,0.0,0.0,0.0,100.01,0.0,0.0,0.0,0.0,0.0,100.01,0.0,0.0,0.0,0.0,33.07371021,24.5225,28.79810511,8.551210214,15082.02682,0.4,412.1,0.25,80.775,33.23601077,23.88142566,28.55871821,9.35458511,22662.63155,0.275862069,221.8,0.137931034,78.79657692,32.68605243,22.78605243,27.73605243,9.9,15696.45436,0.078947368,194.3,0.184210526,79.12549328
3864,3700,Manual,SI,Otro,Maiz,SI,Manual,SI,5302.325581,5.0,47.0,83.0,62000,12,0,0,0,0,0,0,2,1,0,0,1,7,0,0.0,0.0,92.0,0,0.0,0.0,0,0.0,30.0,0,0,0,3,3.0,PLANO O LLANO,PLANO,2.0,6.0,SIN ROCAS,NO,-1.0,-1.0,NO,-1.0,NO,ATERRONADA,NO,NO,NO HAY,LA MANANA Y LA TARDE,NO HAY,NO HAY,NO,SI,17.0,PLANTAS NORMALES,SI,NO,SI,NO,REGULAR,65.0,BUENO,LENTO,0.0,0.0,0.0,0.0,0.0,0.0,0.0,53.85,46.15,0.0,0.0,0.0,0.0,46.15,53.85,0.0,0.0,0.0,33.08121573,24.4675,28.77435786,8.613715726,15128.72763,0.4,411.7,0.25,80.575,33.26925381,23.88260713,28.57593047,9.386646673,22776.29838,0.293103448,239.9,0.155172414,78.76491249,32.58494412,22.72704938,27.65599675,9.857894737,15560.51235,0.052631579,176.2,0.157894737,79.24314953
3865,3701,Mecanizado,SI,Otro,Algodón,SI,Manual,SI,6027.906977,5.0,46.0,80.0,70000,13,1,0,0,0,0,0,0,1,0,0,0,2,0,0.0,0.0,115.0,0,0.0,0.0,0,0.0,30.0,0,0,0,3,4.0,PLANO O LLANO,PLANO,2.0,6.0,SIN ROCAS,NO,-1.0,-1.0,NO,-1.0,NO,GRANULAR,NO,NO,NO HAY,LA MANANA Y LA TARDE,NO HAY,NO HAY,NO,SI,18.0,PLANTAS NORMALES,SI,NO,SI,NO,BUENO,60.0,BUENO,LENTO,0.0,0.0,0.0,0.0,0.0,0.0,0.0,100.0,0.0,0.0,0.0,0.0,0.0,58.33,41.67,0.0,0.0,0.0,33.3093534,24.4525,28.8809267,8.856853402,15301.82411,0.425,412.8,0.275,80.025,33.29388071,23.76801864,28.53094968,9.525862069,23027.94772,0.275862069,237.7,0.137931034,78.81800081,32.46406837,22.67877425,27.57142131,9.785294118,13875.06549,0.058823529,163.0,0.176470588,79.36333699
3866,3710,Mecanizado,SI,Otro,Algodón,SI,Manual,SI,6027.906977,5.0,46.0,85.0,70000,13,1,0,0,0,0,0,0,1,0,0,0,0,0,0.0,0.0,115.0,0,0.0,0.0,0,0.0,30.0,0,0,0,3,4.0,PLANO O LLANO,PLANO,2.0,6.0,SIN ROCAS,NO,-1.0,-1.0,NO,-1.0,NO,GRANULAR,NO,NO,NO HAY,LA MANANA Y LA TARDE,NO HAY,NO HAY,NO,SI,19.0,PLANTAS NORMALES,SI,NO,SI,NO,REGULAR,58.0,BUENO,LENTO,0.0,0.0,0.0,0.0,0.0,0.0,0.0,100.0,0.0,0.0,0.0,0.0,0.0,58.62,41.38,0.0,0.0,0.0,33.3113944,24.5325,28.9219472,8.778894401,15221.05988,0.45,380.8,0.225,80.2,33.13292903,23.89838482,28.51565692,9.234544208,22515.62273,0.24137931,243.1,0.155172414,79.10161833,32.81999087,22.90973446,27.86486267,9.91025641,16153.8465,0.128205128,199.4,0.179487179,79.03342809
3881,3715,Manual,NO,Otro,Pastos,SI,Manual,SI,4615.116279,5.0,45.0,76.0,68000,40,0,0,0,0,0,0,0,1,0,0,0,2,0,0.0,0.0,75.0,0,0.0,12.0,0,0.0,36.0,0,0,0,4,4.0,PLANO O LLANO,PLANO,2.0,6.0,SIN ROCAS,NO,-1.0,-1.0,NO,-1.0,NO,ATERRONADA,NO,NO,NO HAY,LA MANANA Y LA TARDE,NO HAY,NO HAY,NO,NO,-1.0,PLANTAS NORMALES,SI,NO,SI,NO,REGULAR,53.0,BUENO,LENTO,0.0,0.0,0.0,0.0,0.0,0.0,0.0,100.0,0.0,0.0,0.0,0.0,0.0,60.38,39.62,0.0,0.0,0.0,33.33773281,24.09273281,28.71523281,9.245,15335.62439,0.325,159.7,0.125,78.93620881,32.51457524,22.62492006,27.56974765,9.889655172,23726.82382,0.086206897,244.0,0.155172414,79.32504856,31.94981287,23.21188184,27.58084735,8.737931034,10547.12978,0.0,260.5,0.24137931,80.9949449
3882,3716,Manual,NO,PIONEER 30F35,Pastos,SI,Manual,SI,4615.116279,5.0,46.0,108.0,70000,40,0,0,0,0,0,0,0,1,0,0,0,5,0,0.0,0.0,53.5,0,0.0,7.5,0,0.0,37.5,0,0,0,4,4.0,PLANO O LLANO,PLANO,2.0,6.0,SIN ROCAS,NO,-1.0,-1.0,NO,-1.0,NO,ATERRONADA,NO,NO,NO HAY,LA MANANA Y LA TARDE,NO HAY,NO HAY,NO,SI,19.0,PLANTAS NORMALES,SI,NO,SI,NO,REGULAR,55.0,BUENO,LENTO,0.0,0.0,0.0,0.0,0.0,0.0,0.0,36.36,63.64,0.0,0.0,0.0,0.0,63.64,36.36,0.0,0.0,0.0,33.0493534,24.1375,28.5934267,8.911853402,15174.77123,0.375,422.8,0.275,80.05,33.27283493,23.59352458,28.43317975,9.679310345,23796.33502,0.224137931,239.0,0.155172414,78.63161833,31.88762983,22.70053306,27.29408145,9.187096774,23218.79054,0.016129032,390.3,0.177419355,80.56511653
3883,3717,Mecanizado,SI,P3966 (Pioneer),Algodón,SI,Mecanizada,NO,5603.488372,5.0,45.0,87.0,80500,14,0,0,0,0,0,0,0,2,0,0,0,3,0,0.0,0.0,68.8,0,0.0,9.0,0,0.0,21.0,0,0,0,5,3.0,PLANO O LLANO,PLANO,2.0,5.5,SIN ROCAS,NO,-1.0,-1.0,NO,-1.0,NO,ATERRONADA,NO,NO,NO HAY,LA MANANA Y LA TARDE,NO HAY,NO HAY,NO,SI,24.0,PLANTAS NORMALES,SI,NO,SI,NO,REGULAR,59.0,BUENO,LENTO,0.0,0.0,0.0,0.0,0.0,0.0,0.0,100.0,0.0,0.0,0.0,0.0,0.0,49.15,50.85,0.0,0.0,0.0,33.3093534,24.4525,28.8809267,8.856853402,15301.82411,0.425,412.8,0.275,80.025,33.29388071,23.76801864,28.53094968,9.525862069,23027.94772,0.275862069,237.7,0.137931034,78.81800081,32.20773987,22.43523987,27.32148987,9.7725,16034.5005,0.05,166.0,0.15,79.67142804
3885,3718,Manual,SI,PIONEER 30F35 HRR,Maiz,SI,Manual,SI,6338.372093,5.0,47.0,90.0,74000,8,1,0,0,0,0,0,0,2,0,0,0,4,0,0.0,0.0,115.0,0,0.0,0.0,0,0.0,0.0,0,0,0,3,3.0,PLANO O LLANO,PLANO,2.0,6.0,SIN ROCAS,NO,-1.0,-1.0,NO,-1.0,NO,ATERRONADA,NO,NO,NO HAY,LA MANANA Y LA TARDE,NO HAY,NO HAY,NO,SI,25.0,PLANTAS NORMALES,SI,NO,SI,NO,REGULAR,63.0,BUENO,LENTO,0.0,0.0,0.0,0.0,0.0,0.0,0.0,100.0,0.0,0.0,0.0,0.0,0.0,49.21,50.79,0.0,0.0,0.0,33.2813944,24.645,28.9631972,8.636394401,14943.57503,0.425,347.0,0.175,80.525,33.1530303,23.90814127,28.53058579,9.244889036,22447.11748,0.25862069,262.5,0.172413793,79.05160755,32.69891583,22.83669361,27.76780472,9.862222222,18566.86098,0.111111111,218.7,0.177777778,79.19565038
3888,3719,Manual,SI,Otro,Maiz,SI,Manual,NO,6613.953488,5.0,48.0,88.0,71000,8,1,0,0,0,0,0,0,2,0,0,0,5,0,0.0,0.0,115.0,0,0.0,0.0,0,0.0,0.0,0,0,0,3,3.0,PLANO O LLANO,PLANO,2.0,6.0,SIN ROCAS,NO,-1.0,-1.0,NO,-1.0,NO,ATERRONADA,NO,NO,NO HAY,LA MANANA Y LA TARDE,NO HAY,NO HAY,NO,SI,28.0,PLANTAS NORMALES,SI,NO,SI,NO,REGULAR,61.0,BUENO,LENTO,0.0,0.0,0.0,0.0,0.0,0.0,0.0,100.0,0.0,0.0,0.0,0.0,0.0,50.82,49.18,0.0,0.0,0.0,33.2938944,24.605,28.9494472,8.688894401,15050.73793,0.425,362.8,0.2,80.35,33.1537803,23.90371885,28.52874957,9.25006145,22467.56048,0.25862069,246.7,0.155172414,79.05559148,32.70244801,22.82972074,27.76608438,9.872727273,18165.22419,0.113636364,218.7,0.181818182,79.17211816
3890,3720,Manual,SI,Otro,Maiz,SI,Manual,SI,6613.953488,5.0,48.0,88.0,72000,8,1,0,0,0,0,0,0,2,0,0,0,0,0,0.0,0.0,115.0,0,0.0,0.0,0,0.0,0.0,0,0,0,3,3.0,PLANO O LLANO,LADERA PLANA,2.0,6.0,SIN ROCAS,NO,-1.0,-1.0,NO,-1.0,NO,ATERRONADA,NO,NO,NO HAY,LA MANANA Y LA TARDE,NO HAY,NO HAY,NO,SI,35.0,PLANTAS NORMALES,SI,NO,SI,NO,REGULAR,60.0,BUENO,LENTO,0.0,0.0,0.0,0.0,0.0,0.0,0.0,53.33,0.0,46.67,0.0,0.0,0.0,53.33,46.67,0.0,0.0,0.0,33.2938944,24.605,28.9494472,8.688894401,15050.73793,0.425,362.8,0.2,80.35,33.1537803,23.90371885,28.52874957,9.25006145,22467.56048,0.25862069,246.7,0.155172414,79.05559148,32.70244801,22.82972074,27.76608438,9.872727273,18165.22419,0.113636364,218.7,0.181818182,79.17211816
3910,3679,Mecanizado,SI,P3966 (Pioneer),Algodón,NO,Manual,NO,5983.72093,4.0,42.0,94.0,65000,6,0,0,0,0,0,0,0,1,0,0,0,1,0,0.0,0.0,92.0,0,0.0,0.0,0,0.0,0.0,0,0,0,2,1.0,PLANO O LLANO,PLANO,2.0,5.5,SIN ROCAS,SI,22.0,38.0,NO,-1.0,NO,GRANULAR,NO,NO,NO HAY,LA MANANA Y LA TARDE,NO HAY,NO HAY,SI,SI,22.0,PLANTAS NORMALES,NO,NO,SI,SI,REGULAR,22.0,BUENO,NINGUNO,0.0,0.0,0.0,0.0,0.0,0.0,63.33,36.67,0.0,0.0,100.0,0.0,0.0,0.0,0.0,0.0,0.0,0.0,32.76473149,24.13,28.44736574,8.634731486,15989.98743,0.225,294.9,0.225,84.675,32.78383604,23.33556017,28.0596981,9.448275862,23969.72071,0.224137931,284.0,0.172413793,83.29850481,31.82521513,23.11358722,27.46940118,8.711627907,17331.36264,0.0,69.0,0.023255814,83.0073575
3911,3686,Mecanizado,NO,ADV 9339 (Syngenta),Maiz,NO,Manual,NO,5434.883721,5.0,49.0,80.0,63000,5,1,0,0,0,0,0,0,1,0,0,0,2,0,0.0,0.0,92.0,0,0.0,0.0,0,0.0,0.0,0,0,0,2,1.0,PLANO O LLANO,PLANO,2.0,6.5,SIN ROCAS,NO,-1.0,-1.0,SI,-1.0,NO,GRANULAR,NO,NO,NO HAY,LA MANANA Y LA TARDE,NO HAY,NO HAY,NO,SI,35.0,PLANTAS NORMALES,NO,NO,SI,SI,REGULAR,35.0,LENTO A MUY LENTO,NINGUNO,0.0,0.0,0.0,0.0,0.0,0.0,60.0,40.0,0.0,0.0,100.0,0.0,0.0,0.0,0.0,0.0,0.0,0.0,32.84,23.865,28.3525,8.975,16250.95807,0.25,264.9,0.2,84.35990828,32.70039513,23.37970547,28.0400503,9.320689655,23946.06506,0.206896552,288.1,0.172413793,83.39158696,31.85113413,23.17545845,27.51329629,8.675675676,14915.33371,0.0,62.5,0.027027027,82.84184244
3912,3685,Mecanizado,SI,ADV 9293 (Syngenta),Algodón,SI,Manual,NO,5816.27907,4.0,49.0,82.0,65000,6,0,0,0,0,0,0,0,1,0,0,0,1,1,0.0,0.0,92.0,0,0.0,0.0,0,0.0,0.0,0,0,0,2,1.0,PLANO O LLANO,PLANO,2.0,6.0,SIN ROCAS,NO,-1.0,-1.0,SI,-1.0,NO,GRANULAR,NO,NO,NO HAY,LA MANANA Y LA TARDE,NO HAY,NO HAY,NO,SI,31.0,PLANTAS NORMALES,NO,NO,SI,SI,ESPACIADO,38.0,LENTO A MUY LENTO,NINGUNO,0.0,0.0,0.0,0.0,0.0,0.0,41.67,58.33,0.0,0.0,100.0,0.0,0.0,0.0,0.0,0.0,0.0,0.0,32.78,23.81,28.295,8.97,16263.99846,0.25,315.5,0.2,84.25990828,32.6975407,23.31823035,28.00788553,9.379310345,23978.66831,0.189655172,212.2,0.155172414,83.27281806,31.78379566,23.22590092,27.50484829,8.557894737,15309.43896,0.0,58.7,0.026315789,82.91553846
3913,3684,Mecanizado,SI,P3966 (Pioneer),Algodón,SI,Mecanizada,NO,5933.72093,4.0,46.0,83.0,65000,5,0,0,0,0,0,0,0,1,0,0,0,1,0,0.0,0.0,92.0,0,0.0,0.0,0,0.0,30.0,0,0,0,3,1.0,PLANO O LLANO,PLANO,2.0,6.0,SIN ROCAS,NO,-1.0,-1.0,SI,-1.0,NO,GRANULAR,NO,NO,NO HAY,LA MANANA Y LA TARDE,NO HAY,NO HAY,NO,SI,20.0,PLANTAS NORMALES,NO,NO,SI,SI,REGULAR,20.0,LENTO A MUY LENTO,NINGUNO,0.0,0.0,0.0,0.0,0.0,0.0,0.0,30.0,70.0,0.0,100.0,0.0,0.0,0.0,0.0,0.0,0.0,0.0,32.8,24.01,28.405,8.79,16158.21495,0.225,294.9,0.225,84.6,32.73942389,23.33597562,28.03769975,9.403448276,23912.6144,0.224137931,284.0,0.172413793,83.47416981,31.80100615,23.02322838,27.41211726,8.777777778,14587.29256,0.0,44.9,0.0,82.94445311
3914,3683,Mecanizado,SI,DK7088,Frijol,NO,Mecanizada,NO,5720.930233,4.0,47.0,90.0,62000,5,0,0,0,0,0,0,1,0,0,0,0,1,0,0.0,0.0,92.0,0,0.0,0.0,0,0.0,30.0,0,0,0,3,1.0,PLANO O LLANO,PLANO,2.0,6.0,SIN ROCAS,NO,-1.0,-1.0,SI,-1.0,NO,GRANULAR,NO,NO,NO HAY,LA MANANA Y LA TARDE,NO HAY,NO HAY,NO,SI,22.0,PLANTAS NORMALES,NO,NO,SI,SI,ESPACIADO,22.0,LENTO A MUY LENTO,NINGUNO,0.0,26.67,0.0,0.0,0.0,0.0,0.0,73.33,0.0,0.0,100.0,0.0,0.0,0.0,0.0,0.0,0.0,0.0,32.85,23.935,28.3925,8.915,16235.30186,0.25,263.9,0.2,84.35990828,32.7141517,23.34518619,28.02966895,9.368965517,23897.37465,0.206896552,284.0,0.172413793,83.50230886,31.8198189,23.20163709,27.51072799,8.618181818,17719.86416,0.0,71.3,0.022727273,82.88315721
3915,3682,Mecanizado,SI,ADV 9339 (Syngenta),Algodón,NO,Manual,NO,5244.186047,5.0,49.0,82.0,62000,6,0,0,0,0,0,0,0,1,0,0,0,2,0,0.0,0.0,92.0,0,0.0,0.0,0,0.0,0.0,0,0,0,2,1.0,PLANO O LLANO,PLANO,2.0,6.0,SIN ROCAS,NO,-1.0,-1.0,SI,-1.0,NO,GRANULAR,NO,NO,NO HAY,LA MANANA Y LA TARDE,NO HAY,NO HAY,NO,SI,34.0,PLANTAS NORMALES,NO,NO,SI,SI,ESPACIADO,34.0,LENTO A MUY LENTO,NINGUNO,0.0,30.0,0.0,0.0,0.0,0.0,0.0,0.0,70.0,0.0,100.0,0.0,0.0,0.0,0.0,0.0,0.0,0.0,32.75973149,24.05,28.40486574,8.709731486,16089.42787,0.225,294.9,0.225,84.6,32.78003685,23.34210582,28.06107133,9.437931034,23918.1009,0.224137931,284.0,0.172413793,83.41971988,31.79691542,23.05845388,27.42768465,8.738461538,15741.37713,0.0,53.4,0.0,82.93743607
3916,3681,Manual,SI,PIONEER 30F35,Maiz,NO,Manual,NO,5720.930233,4.0,45.0,86.0,56000,9,0,0,0,0,0,0,0,1,0,0,0,1,0,0.0,0.0,92.0,0,0.0,0.0,0,0.0,0.0,0,0,0,2,1.0,PLANO O LLANO,PLANO,2.0,6.0,SIN ROCAS,NO,-1.0,-1.0,NO,-1.0,NO,GRANULAR,NO,NO,NO HAY,LA MANANA Y LA TARDE,NO HAY,NO HAY,NO,SI,50.0,PLANTAS NORMALES,NO,NO,SI,NO,ESPACIADO,60.0,BUENO,NINGUNO,0.0,0.0,0.0,0.0,41.67,58.33,0.0,0.0,0.0,0.0,0.0,0.0,0.0,0.0,100.0,0.0,0.0,0.0,32.85,23.935,28.3925,8.915,16235.30186,0.25,263.9,0.2,84.35990828,32.7141517,23.34518619,28.02966895,9.368965517,23897.37465,0.206896552,284.0,0.172413793,83.50230886,31.79374656,23.13585182,27.46479919,8.657894737,15270.4949,0.0,53.4,0.0,82.92309666
3917,3680,Mecanizado,SI,P3966 (Pioneer),Algodón,NO,Manual,NO,5530.232558,4.0,48.0,81.0,63000,7,0,0,0,0,0,0,1,1,0,0,0,2,0,0.0,0.0,92.0,0,0.0,0.0,0,0.0,0.0,0,0,0,2,1.0,PLANO O LLANO,PLANO,2.0,5.5,SIN ROCAS,NO,-1.0,-1.0,SI,-1.0,NO,GRANULAR,NO,NO,NO HAY,LA MANANA Y LA TARDE,NO HAY,NO HAY,NO,SI,33.0,PLANTAS NORMALES,NO,NO,SI,SI,ESPACIADO,33.0,LENTO A MUY LENTO,NINGUNO,0.0,20.0,0.0,0.0,0.0,0.0,0.0,0.0,80.0,0.0,100.0,0.0,0.0,0.0,0.0,0.0,0.0,0.0,32.835,23.945,28.39,8.89,16226.42394,0.25,263.9,0.2,84.48490828,32.73665214,23.3711349,28.05389352,9.365517241,23985.16796,0.206896552,289.1,0.172413793,83.35035772,31.76655596,23.07211152,27.41933374,8.694444444,14407.8319,0.0,48.3,0.0,82.94963003
3918,3724,Mecanizado,SI,ADV 9339 (Syngenta),Algodón,NO,Manual,NO,5816.27907,4.0,49.0,77.0,65000,6,0,0,0,0,0,0,0,1,0,0,0,2,0,0.0,0.0,92.0,0,0.0,0.0,0,0.0,0.0,0,0,0,2,1.0,PLANO O LLANO,PLANO,2.0,6.0,SIN ROCAS,NO,-1.0,-1.0,SI,-1.0,NO,GRANULAR,NO,NO,NO HAY,LA MANANA Y LA TARDE,POCO MARCADAS,NO HAY,NO,SI,18.0,PLANTAS NORMALES,NO,NO,SI,SI,ESPACIADO,18.0,LENTO A MUY LENTO,NINGUNO,0.0,28.33,0.0,0.0,0.0,0.0,0.0,71.67,0.0,0.0,100.0,0.0,0.0,0.0,0.0,0.0,0.0,0.0,32.84,23.875,28.3575,8.965,16278.38991,0.25,266.6,0.2,84.38490828,32.65460306,23.32356858,27.98908582,9.331034483,23852.6188,0.206896552,293.9,0.172413793,83.32578004,31.79863216,23.11984428,27.45923822,8.678787879,13330.49983,0.0,40.8,0.0,82.89733897
3920,3733,Manual,SI,DK 234,Maiz,NO,Manual,NO,5434.883721,4.0,46.0,81.0,62000,8,0,0,0,0,0,0,0,1,0,0,0,0,0,0.0,0.0,92.0,0,0.0,0.0,0,0.0,0.0,0,0,0,2,1.0,PLANO O LLANO,PLANO,2.0,6.0,SIN ROCAS,NO,-1.0,-1.0,SI,-1.0,NO,GRANULAR,NO,NO,NO HAY,LA MANANA Y LA TARDE,NO HAY,NO HAY,NO,SI,28.0,PLANTAS NORMALES,NO,NO,SI,SI,REGULAR,30.0,LENTO A MUY LENTO,NINGUNO,0.0,0.0,0.0,0.0,0.0,0.0,0.0,46.67,53.33,0.0,100.0,0.0,0.0,0.0,0.0,0.0,0.0,0.0,32.705,23.865,28.285,8.84,16049.1058,0.225,266.6,0.2,84.55990828,32.72593098,23.29834477,28.01213788,9.427586207,24076.29156,0.206896552,293.9,0.172413793,83.20893831,31.8120848,23.19443774,27.50326127,8.617647059,13737.14029,0.0,55.0,0.029411765,82.90417035
3921,3734,Mecanizado,SI,DK 234,Algodón,NO,Manual,NO,5148.837209,5.0,49.0,84.0,65000,7,0,0,0,0,0,0,0,1,0,0,0,1,0,0.0,0.0,92.0,0,0.0,0.0,0,0.0,0.0,0,0,0,2,1.0,PLANO O LLANO,PLANO,2.0,5.5,SIN ROCAS,NO,-1.0,-1.0,SI,-1.0,NO,GRANULAR,NO,NO,NO HAY,LA MANANA Y LA TARDE,NO HAY,NO HAY,NO,SI,21.0,PLANTAS NORMALES,NO,NO,SI,SI,REGULAR,21.0,LENTO A MUY LENTO,NINGUNO,0.0,28.33,0.0,0.0,0.0,0.0,0.0,71.67,0.0,0.0,100.0,0.0,0.0,0.0,0.0,0.0,0.0,0.0,32.84,23.875,28.3575,8.965,16278.38991,0.25,266.6,0.2,84.38490828,32.65460306,23.32356858,27.98908582,9.331034483,23852.6188,0.206896552,293.9,0.172413793,83.32578004,31.85060044,23.24572239,27.54816141,8.604878049,16594.76919,0.0,58.7,0.024390244,82.87118699
3923,3735,Mecanizado,SI,DK7088,Algodón,NO,Mecanizada,NO,6176.744186,3.0,48.0,92.0,62000,9,0,0,0,0,0,0,1,1,0,0,0,1,0,0.0,0.0,92.0,0,0.0,0.0,0,0.0,30.0,0,0,0,3,1.0,PLANO O LLANO,PLANO,2.0,5.5,SIN ROCAS,NO,-1.0,-1.0,SI,-1.0,NO,GRANULAR,NO,NO,NO HAY,LA MANANA Y LA TARDE,NO HAY,NO HAY,NO,SI,32.0,PLANTAS NORMALES,NO,NO,SI,SI,ESPACIADO,32.0,LENTO A MUY LENTO,NINGUNO,0.0,0.0,0.0,0.0,0.0,0.0,60.0,40.0,0.0,0.0,100.0,0.0,0.0,0.0,0.0,0.0,0.0,0.0,32.8,24.01,28.405,8.79,16158.21495,0.225,294.9,0.225,84.6,32.73942389,23.33597562,28.03769975,9.403448276,23912.6144,0.224137931,284.0,0.172413793,83.47416981,31.85119586,23.19902195,27.52510891,8.652173913,18563.46138,0.0,71.3,0.02173913,82.85887808
3924,3736,Manual,SI,ADV 9339 (Syngenta),Algodón,NO,Manual,NO,6006.976744,4.0,45.0,85.0,60000,7,0,0,0,0,0,0,1,1,0,0,0,2,0,0.0,0.0,61.0,0,0.0,15.0,0,0.0,15.0,0,0,0,2,1.0,PLANO O LLANO,PLANO,2.0,6.0,SIN ROCAS,NO,-1.0,-1.0,SI,-1.0,NO,GRANULAR,NO,NO,NO HAY,LA MANANA Y LA TARDE,NO HAY,NO HAY,NO,SI,10.0,PLANTAS NORMALES,NO,NO,SI,SI,REGULAR,26.0,LENTO A MUY LENTO,NINGUNO,0.0,0.0,0.0,0.0,0.0,0.0,58.33,41.67,0.0,0.0,100.0,0.0,0.0,0.0,0.0,0.0,0.0,0.0,33.2743534,24.4725,28.8734267,8.801853402,15320.62838,0.425,413.8,0.25,80.0,33.23862849,23.79724918,28.51793883,9.44137931,22778.46092,0.275862069,239.0,0.155172414,78.98394956,32.45105443,22.56727064,27.50916254,9.883783784,15162.34708,0.054054054,173.0,0.162162162,79.22553005
3926,3737,Manual,NO,PIONEER 30F35 H,Algodón,NO,Manual,NO,5816.27907,4.0,46.0,75.0,62000,7,0,0,0,0,0,0,1,1,0,0,0,1,0,0.0,0.0,61.0,0,0.0,15.0,0,0.0,15.0,0,0,0,2,2.0,PLANO O LLANO,PLANO,2.0,6.0,SIN ROCAS,NO,-1.0,-1.0,NO,-1.0,NO,GRANULAR,NO,NO,NO HAY,LA MANANA Y LA TARDE,NO HAY,NO HAY,NO,SI,25.0,PLANTAS NORMALES,NO,NO,SI,SI,ESPACIADO,60.0,BUENO,NINGUNO,0.0,0.0,0.0,0.0,63.33,0.0,0.0,0.0,36.67,0.0,100.0,0.0,0.0,0.0,0.0,0.0,0.0,0.0,33.3093534,24.4525,28.8809267,8.856853402,15301.82411,0.425,412.8,0.275,80.025,33.29388071,23.76801864,28.53094968,9.525862069,23027.94772,0.275862069,237.7,0.137931034,78.81800081,32.66910611,22.81910611,27.74410611,9.85,11616.86456,0.071428571,148.1,0.214285714,79.16151015
3927,3738,Mecanizado,SI,DK 234 YGRR,Maiz,NO,Manual,SI,5911.627907,4.0,49.0,82.0,63000,7,0,0,0,0,0,0,1,1,0,0,0,1,0,0.0,0.0,92.0,0,0.0,0.0,0,0.0,0.0,0,0,0,2,1.0,PLANO O LLANO,PLANO,2.0,6.5,SIN ROCAS,SI,12.0,12.0,NO,-1.0,NO,ATERRONADA,NO,NO,NO HAY,LA MANANA Y LA TARDE,NO HAY,NO HAY,NO,SI,18.0,PLANTAS NORMALES,NO,NO,NO,SI,ESPACIADO,18.0,BUENO,NINGUNO,0.0,0.0,0.0,53.33,0.0,46.67,0.0,0.0,0.0,0.0,100.0,0.0,0.0,0.0,0.0,0.0,0.0,0.0,32.85,23.935,28.3925,8.915,16235.30186,0.25,263.9,0.2,84.35990828,32.7141517,23.34518619,28.02966895,9.368965517,23897.37465,0.206896552,284.0,0.172413793,83.50230886,31.79374656,23.13585182,27.46479919,8.657894737,15270.4949,0.0,53.4,0.0,82.92309666
3929,3739,Mecanizado,SI,P3966 (Pioneer),Maiz,NO,Manual,NO,6102.325581,4.0,47.0,82.0,62000,8,0,0,0,0,0,0,1,1,0,0,0,2,0,0.0,0.0,92.0,0,0.0,0.0,0,0.0,0.0,0,0,0,2,2.0,PLANO O LLANO,PLANO,2.0,6.5,SIN ROCAS,NO,-1.0,-1.0,NO,-1.0,NO,GRANULAR,NO,NO,NO HAY,LA MANANA Y LA TARDE,NO HAY,NO HAY,NO,SI,35.0,PLANTAS NORMALES,NO,NO,SI,SI,ESPACIADO,60.0,BUENO,NINGUNO,0.0,0.0,0.0,0.0,0.0,0.0,41.67,0.0,58.33,0.0,0.0,0.0,0.0,0.0,100.0,0.0,0.0,0.0,32.91,23.83,28.37,9.08,16491.428,0.3,337.9,0.225,83.93490828,32.55863118,23.24483808,27.90173463,9.313793103,23779.6156,0.155172414,190.2,0.137931034,83.34156232,31.83447186,23.26224964,27.54836075,8.572222222,14559.37931,0.0,58.3,0.027777778,82.85564706
3930,3740,Mecanizado,SI,ADV 9293 (Syngenta),Algodón,NO,Manual,NO,5816.27907,4.0,45.0,82.0,65000,6,0,0,0,0,0,0,0,1,0,0,0,1,0,0.0,0.0,92.0,0,0.0,0.0,0,0.0,0.0,0,0,0,2,2.0,PLANO O LLANO,PLANO,2.0,6.0,SIN ROCAS,NO,-1.0,-1.0,SI,-1.0,NO,GRANULAR,NO,NO,NO HAY,LA MANANA Y LA TARDE,POCO MARCADAS,NO HAY,NO,SI,17.0,PLANTAS NORMALES,NO,NO,SI,SI,ESPACIADO,23.0,LENTO A MUY LENTO,NINGUNO,0.0,36.67,0.0,0.0,0.0,0.0,63.33,0.0,0.0,0.0,100.0,0.0,0.0,0.0,0.0,0.0,0.0,0.0,32.705,23.865,28.285,8.84,16049.1058,0.225,266.6,0.2,84.55990828,32.72593098,23.29834477,28.01213788,9.427586207,24076.29156,0.206896552,293.9,0.172413793,83.20893831,31.8120848,23.19443774,27.50326127,8.617647059,13737.14029,0.0,55.0,0.029411765,82.90417035
3931,3741,Mecanizado,SI,PIONEER 30F35 HRR,Maiz,NO,Manual,NO,5339.534884,5.0,47.0,81.0,65000,5,0,0,0,0,0,0,0,1,0,0,0,1,0,0.0,0.0,92.0,0,0.0,0.0,0,0.0,30.0,0,0,0,3,1.0,PLANO O LLANO,PLANO,2.0,6.0,SIN ROCAS,NO,-1.0,-1.0,NO,-1.0,NO,GRANULAR,NO,NO,NO HAY,LA MANANA Y LA TARDE,NO HAY,NO HAY,NO,SI,35.0,PLANTAS NORMALES,NO,NO,SI,SI,ESPACIADO,60.0,BUENO,NINGUNO,0.0,0.0,0.0,0.0,0.0,0.0,46.67,53.33,0.0,0.0,100.0,0.0,0.0,0.0,0.0,0.0,0.0,0.0,32.835,23.945,28.39,8.89,16226.42394,0.25,263.9,0.2,84.48490828,32.73665214,23.3711349,28.05389352,9.365517241,23985.16796,0.206896552,289.1,0.172413793,83.35035772,31.76655596,23.07211152,27.41933374,8.694444444,14407.8319,0.0,48.3,0.0,82.94963003
3932,3742,Mecanizado,SI,P3966 (Pioneer),Maiz,NO,Manual,NO,5911.627907,5.0,45.0,82.0,65000,5,0,0,0,0,0,0,0,1,0,0,0,2,0,0.0,0.0,92.0,0,0.0,0.0,0,0.0,0.0,0,0,0,2,2.0,PLANO O LLANO,PLANO,2.0,6.0,SIN ROCAS,SI,11.0,7.0,SI,35.0,NO,GRANULAR,NO,NO,NO HAY,LA MANANA Y LA TARDE,NO HAY,NO HAY,NO,SI,27.0,PLANTAS NORMALES,NO,NO,SI,SI,REGULAR,27.0,LENTO A MUY LENTO,NINGUNO,0.0,45.0,0.0,0.0,0.0,0.0,0.0,55.0,0.0,0.0,100.0,0.0,0.0,0.0,0.0,0.0,0.0,0.0,33.2743534,24.4725,28.8734267,8.801853402,16491.428,0.425,337.9,0.225,80.0,33.23862849,23.79724918,28.51793883,9.44137931,23779.6156,0.275862069,190.2,0.137931034,78.98394956,32.5222468,22.69081823,27.60653251,9.831428571,14159.00938,0.057142857,58.3,0.028571429,79.15815806
3935,3745,Mecanizado,SI,DK 234,Maiz,NO,Mecanizada,NO,5434.883721,5.0,49.0,80.0,62000,6,0,0,0,0,0,0,1,1,0,0,0,1,0,0.0,0.0,92.0,0,0.0,0.0,0,0.0,0.0,0,0,0,2,1.0,PLANO O LLANO,PLANO,2.0,6.0,SIN ROCAS,NO,-1.0,-1.0,SI,-1.0,NO,GRANULAR,NO,NO,NO HAY,LA MANANA Y LA TARDE,NO HAY,NO HAY,NO,SI,16.0,PLANTAS NORMALES,NO,NO,SI,SI,ESPACIADO,18.0,LENTO A MUY LENTO,NINGUNO,0.0,0.0,0.0,0.0,0.0,0.0,71.67,28.33,0.0,0.0,100.0,0.0,0.0,0.0,0.0,0.0,0.0,0.0,32.745,23.81,28.2775,8.935,16227.13316,0.225,242.8,0.175,84.40990828,32.72487009,23.32142182,28.02314595,9.403448276,24041.32593,0.206896552,292.2,0.172413793,83.19686759,31.77995308,23.21238551,27.49616929,8.567567568,14881.21773,0.0,56.4,0.027027027,82.87562629
3936,3750,Manual,SI,ADV 9339 (Syngenta),Frijol,SI,Manual,NO,5244.186047,4.0,45.0,85.0,65000,6,0,0,0,0,0,0,0,1,0,0,0,2,0,0.0,0.0,92.0,0,0.0,0.0,0,0.0,0.0,0,0,0,2,1.0,PLANO O LLANO,PLANO,2.0,6.0,SIN ROCAS,NO,-1.0,-1.0,SI,-1.0,NO,GRANULAR,NO,NO,NO HAY,LA MANANA Y LA TARDE,NO HAY,POCO MARCADAS,NO,SI,24.0,PLANTAS NORMALES,NO,NO,SI,SI,ESPACIADO,24.0,LENTO A MUY LENTO,NINGUNO,0.0,0.0,0.0,0.0,0.0,0.0,73.33,26.67,0.0,0.0,100.0,0.0,0.0,0.0,0.0,0.0,0.0,0.0,32.835,23.945,28.39,8.89,16226.42394,0.25,263.9,0.2,84.48490828,32.73665214,23.3711349,28.05389352,9.365517241,23985.16796,0.206896552,289.1,0.172413793,83.35035772,31.77992821,23.11506335,27.44749578,8.664864865,14822.36208,0.0,48.3,0.0,82.94299566
3937,3743,Mecanizado,SI,PIONEER 30F35 HRR,Maiz,SI,Manual,NO,4767.44186,4.0,44.0,87.0,62000,9,1,0,0,0,0,0,0,1,0,0,0,1,0,0.0,0.0,92.0,0,0.0,0.0,0,0.0,0.0,0,0,0,2,1.0,PLANO O LLANO,PLANO,2.0,6.0,SIN ROCAS,NO,-1.0,-1.0,SI,-1.0,NO,GRANULAR,NO,NO,NO HAY,LA MANANA Y LA TARDE,POCO MARCADAS,NO HAY,NO,SI,16.0,PLANTAS NORMALES,NO,NO,SI,SI,REGULAR,23.0,LENTO A MUY LENTO,NINGUNO,0.0,0.0,0.0,0.0,0.0,0.0,63.33,36.67,0.0,0.0,100.0,0.0,0.0,0.0,0.0,0.0,0.0,0.0,33.3093534,24.4525,28.8809267,8.856853402,16501.16641,0.425,332.4,0.225,80.025,33.29388071,23.76801864,28.53094968,9.525862069,23862.80701,0.275862069,174.8,0.120689655,78.81800081,32.27545446,22.44124393,27.3583492,9.834210526,15114.03521,0.052631579,91.5,0.052631579,79.53555805
3939,3744,Mecanizado,SI,DK 234,Algodón,NO,Manual,NO,5053.488372,4.0,46.0,85.0,65000,7,0,0,0,0,0,0,0,1,0,0,0,1,0,0.0,0.0,92.0,0,0.0,0.0,0,0.0,0.0,0,0,0,2,1.0,PLANO O LLANO,PLANO,2.0,6.0,SIN ROCAS,NO,-1.0,-1.0,SI,-1.0,NO,ATERRONADA,NO,NO,POCO MARCADAS,LA MANANA Y LA TARDE,NO HAY,NO HAY,NO,SI,22.0,PLANTAS NORMALES,NO,NO,NO,SI,REGULAR,29.0,LENTO A MUY LENTO,NINGUNO,0.0,0.0,0.0,0.0,0.0,0.0,53.33,46.67,0.0,0.0,100.0,0.0,0.0,0.0,0.0,0.0,0.0,0.0,32.78,23.81,28.295,8.97,16263.99846,0.25,315.5,0.2,84.25990828,32.6975407,23.31823035,28.00788553,9.379310345,23978.66831,0.189655172,212.2,0.155172414,83.27281806,31.78379566,23.22590092,27.50484829,8.557894737,15309.43896,0.0,58.7,0.026315789,82.91553846
3940,3746,Mecanizado,SI,DK7088,Algodón,NO,Manual,NO,5625.581395,4.0,48.0,85.0,60000,5,0,0,0,0,0,0,0,1,0,0,0,1,0,0.0,0.0,92.0,0,0.0,0.0,0,0.0,0.0,0,0,0,2,2.0,PLANO O LLANO,PLANO,2.0,5.5,SIN ROCAS,NO,-1.0,-1.0,SI,-1.0,NO,GRANULAR,NO,NO,NO HAY,LA MANANA Y LA TARDE,NO HAY,NO HAY,NO,SI,40.0,PLANTAS NORMALES,NO,NO,SI,NO,REGULAR,40.0,LENTO A MUY LENTO,NINGUNO,0.0,0.0,0.0,0.0,38.33,0.0,0.0,0.0,61.67,0.0,100.0,0.0,0.0,0.0,0.0,0.0,0.0,0.0,32.83,23.8,28.315,9.03,16382.42257,0.275,332.4,0.225,84.03756302,32.5664643,23.21129189,27.8888781,9.355172414,23873.94282,0.155172414,174.8,0.120689655,83.33736972,31.72910893,23.37910893,27.55410893,8.35,15766.3228,0.0,132.1,0.075,83.02104856
3942,3747,Mecanizado,SI,DK 234,Algodón,NO,Manual,NO,5339.534884,5.0,50.0,76.0,62000,10,0,0,0,0,0,0,0,1,0,0,0,1,0,0.0,0.0,92.0,0,0.0,0.0,0,0.0,0.0,0,0,0,2,1.0,PLANO O LLANO,PLANO,2.0,6.5,SIN ROCAS,NO,-1.0,-1.0,SI,-1.0,NO,GRANULAR,NO,NO,NO HAY,LA MANANA Y LA TARDE,NO HAY,NO HAY,NO,SI,29.0,PLANTAS NORMALES,NO,NO,SI,SI,REGULAR,29.0,LENTO A MUY LENTO,NINGUNO,0.0,0.0,0.0,0.0,0.0,0.0,47.54,52.46,0.0,0.0,100.0,0.0,0.0,0.0,0.0,0.0,0.0,0.0,32.87,23.86,28.365,9.01,16263.26009,0.25,264.9,0.2,84.35990828,32.65501396,23.35501396,28.00501396,9.3,23910.96036,0.206896552,295.6,0.172413793,83.33820413,31.82150085,23.12150085,27.47150085,8.7,13701.92932,0.0,40.8,0.0,82.90857614
3943,3748,Mecanizado,SI,ADV 9293 (Syngenta),Maiz,NO,Manual,NO,5625.581395,5.0,49.0,80.0,63000,9,0,0,0,0,0,0,2,0,0,0,0,2,0,0.0,0.0,92.0,0,0.0,0.0,0,0.0,0.0,0,0,0,2,1.0,PLANO O LLANO,PLANO,2.0,6.5,SIN ROCAS,SI,15.0,8.0,NO,-1.0,NO,ATERRONADA,NO,NO,NO HAY,LA MANANA Y LA TARDE,NO HAY,NO HAY,NO,SI,40.0,PLANTAS NORMALES,NO,NO,NO,SI,REGULAR,40.0,BUENO,NINGUNO,0.0,0.0,0.0,0.0,50.0,50.0,0.0,0.0,0.0,0.0,0.0,0.0,0.0,0.0,100.0,0.0,0.0,0.0,33.3113944,24.5325,28.9219472,8.778894401,16263.26009,0.45,264.9,0.2,80.2,33.13292903,23.89838482,28.51565692,9.234544208,23910.96036,0.24137931,295.6,0.172413793,79.10161833,32.8673227,22.94029567,27.90380918,9.927027027,14926.18329,0.135135135,56.4,0.027027027,79.03027411
3944,3749,Mecanizado,SI,PIONEER 30F35 H,Maiz,NO,Manual,NO,6388.372093,4.0,48.0,82.0,60000,6,0,0,0,0,0,0,1,1,0,0,0,1,0,0.0,0.0,80.5,0,0.0,0.0,0,0.0,0.0,0,0,0,2,1.0,PLANO O LLANO,PLANO,2.0,5.5,SIN ROCAS,NO,-1.0,-1.0,SI,-1.0,NO,GRANULAR,NO,NO,POCO MARCADAS,LA MANANA Y LA TARDE,NO HAY,NO HAY,NO,SI,16.0,PLANTAS NORMALES,NO,NO,SI,SI,REGULAR,28.0,LENTO A MUY LENTO,NINGUNO,0.0,0.0,0.0,0.0,0.0,0.0,55.0,45.0,0.0,0.0,100.0,0.0,0.0,0.0,0.0,0.0,0.0,0.0,32.91,23.83,28.37,9.08,16491.428,0.3,337.9,0.225,83.93490828,32.55863118,23.24483808,27.90173463,9.313793103,23779.6156,0.155172414,190.2,0.137931034,83.34156232,31.84128497,23.2737174,27.55750118,8.567567568,14992.11372,0.0,58.3,0.027027027,82.83535519
3945,3751,Mecanizado,SI,P3966 (Pioneer),Maiz,NO,Manual,NO,5911.627907,4.0,49.0,85.0,65000,6,0,0,0,0,0,0,0,1,0,0,0,1,0,0.0,0.0,92.0,0,0.0,0.0,0,0.0,0.0,0,0,0,2,1.0,PLANO O LLANO,PLANO,2.0,6.0,SIN ROCAS,NO,-1.0,-1.0,SI,-1.0,NO,GRANULAR,NO,NO,NO HAY,LA MANANA Y LA TARDE,POCO MARCADAS,NO HAY,NO,SI,18.0,PLANTAS NORMALES,NO,NO,SI,SI,ESPACIADO,23.0,LENTO A MUY LENTO,NINGUNO,0.0,0.0,0.0,0.0,0.0,0.0,63.33,36.67,0.0,0.0,100.0,0.0,0.0,0.0,0.0,0.0,0.0,0.0,32.84,23.875,28.3575,8.965,16278.38991,0.25,266.6,0.2,84.38490828,32.65460306,23.32356858,27.98908582,9.331034483,23852.6188,0.206896552,293.9,0.172413793,83.32578004,31.85060044,23.24572239,27.54816141,8.604878049,16594.76919,0.0,58.7,0.024390244,82.87118699
3946,3752,Mecanizado,SI,P3966 (Pioneer),Maiz,NO,Manual,NO,6006.976744,4.0,47.0,91.0,65000,6,0,0,0,0,0,0,0,1,0,0,0,1,0,0.0,0.0,92.0,0,0.0,0.0,0,0.0,0.0,0,0,0,2,1.0,PLANO O LLANO,PLANO,2.0,5.5,SIN ROCAS,NO,-1.0,-1.0,SI,-1.0,NO,GRANULAR,NO,NO,POCO MARCADAS,LA MANANA Y LA TARDE,NO HAY,NO HAY,NO,SI,22.0,PLANTAS NORMALES,NO,NO,SI,SI,REGULAR,22.0,LENTO A MUY LENTO,NINGUNO,0.0,65.0,0.0,0.0,0.0,0.0,0.0,35.0,0.0,0.0,100.0,0.0,0.0,0.0,0.0,0.0,0.0,0.0,32.91,23.83,28.37,9.08,16491.428,0.3,337.9,0.225,83.93490828,32.55863118,23.24483808,27.90173463,9.313793103,23779.6156,0.155172414,190.2,0.137931034,83.34156232,31.73617384,23.29617384,27.51617384,8.44,17838.69445,0.0,145.2,0.066666667,83.01561709
3957,3753,Mecanizado,SI,P3966 (Pioneer),Algodón,NO,Mecanizada,NO,5983.72093,4.0,47.0,94.0,62000,6,0,0,0,0,0,0,0,1,0,0,0,2,0,0.0,0.0,34.5,0,0.0,0.0,0,0.0,0.0,0,0,0,1,1.0,PLANO O LLANO,PLANO,2.0,6.0,SIN ROCAS,NO,-1.0,-1.0,SI,-1.0,NO,GRANULAR,NO,NO,POCO MARCADAS,LA MANANA Y LA TARDE,NO HAY,NO HAY,NO,SI,12.0,PLANTAS NORMALES,NO,NO,SI,SI,REGULAR,22.0,LENTO A MUY LENTO,NINGUNO,0.0,0.0,0.0,0.0,0.0,0.0,35.0,65.0,0.0,0.0,100.0,0.0,0.0,0.0,0.0,0.0,0.0,0.0,32.855,23.725,28.29,9.13,16504.56336,0.25,329.9,0.225,84.06256302,32.5247899,23.14203128,27.83341059,9.382758621,23873.69006,0.155172414,175.6,0.120689655,83.21181423,31.74544779,23.58711446,27.66628112,8.158333333,18767.92455,0.0,170.0,0.083333333,83.22620147
3958,3754,Mecanizado,SI,P3966 (Pioneer),Algodón,NO,Mecanizada,NO,5434.883721,4.0,47.0,91.0,62000,4,0,0,0,0,0,0,1,1,0,0,1,1,0,0.0,0.0,46.0,0,0.0,0.0,0,0.0,0.0,0,0,0,1,1.0,PLANO O LLANO,PLANO,2.0,6.0,SIN ROCAS,NO,-1.0,-1.0,SI,-1.0,NO,GRANULAR,NO,NO,POCO MARCADAS,LA MANANA Y LA TARDE,NO HAY,POCO MARCADAS,NO,SI,26.0,PLANTAS NORMALES,NO,NO,SI,SI,REGULAR,27.0,LENTO A MUY LENTO,NINGUNO,0.0,43.33,0.0,0.0,0.0,0.0,0.0,56.67,0.0,0.0,100.0,0.0,0.0,0.0,0.0,0.0,0.0,0.0,32.755,23.635,28.195,9.12,16424.62762,0.225,330.8,0.225,84.16256302,32.55581953,23.17306091,27.86444022,9.382758621,23957.28708,0.155172414,174.9,0.120689655,83.15453752,31.74682426,23.53793537,27.64237982,8.208888889,17628.46282,0.0,163.4,0.088888889,83.22810906
3960,3755,Mecanizado,SI,DK 234,Algodón,NO,Mecanizada,NO,5720.930233,4.0,46.0,98.0,60000,5,0,0,0,0,0,0,1,1,0,0,0,2,0,0.0,0.0,34.5,0,0.0,0.0,0,0.0,0.0,0,0,0,1,2.0,PLANO O LLANO,PLANO,2.0,6.5,SIN ROCAS,SI,13.0,11.0,NO,-1.0,NO,GRANULAR,NO,NO,NO HAY,LA MANANA Y LA TARDE,NO HAY,NO HAY,NO,SI,32.0,PLANTAS NORMALES,NO,NO,NO,SI,ESPACIADO,32.0,BUENO,NINGUNO,0.0,0.0,0.0,0.0,78.33,21.67,0.0,0.0,0.0,0.0,100.0,0.0,0.0,0.0,0.0,0.0,0.0,0.0,32.91,23.845,28.3775,9.065,16501.16641,0.3,332.4,0.225,83.88756302,32.5719329,23.20641566,27.88917428,9.365517241,23862.80701,0.155172414,174.8,0.120689655,83.35392839,31.75386667,23.53425883,27.64406275,8.219607843,20013.40809,0.0,172.5,0.078431373,83.12970685
3961,3756,Mecanizado,NO,Otro,Algodón,SI,Manual,NO,4576.744186,4.0,47.0,84.0,62000,13,0,0,0,0,0,0,1,0,0,0,0,2,0,0.0,0.0,92.0,0,0.0,0.0,0,0.0,0.0,0,0,0,2,2.0,PLANO O LLANO,PLANO,2.0,6.0,SIN ROCAS,NO,-1.0,-1.0,SI,-1.0,NO,GRANULAR,NO,NO,NO HAY,LA MANANA Y LA TARDE,NO HAY,NO HAY,NO,SI,15.0,PLANTAS NORMALES,NO,NO,SI,NO,REGULAR,18.0,LENTO A MUY LENTO,NINGUNO,70.0,30.0,0.0,0.0,0.0,0.0,0.0,0.0,0.0,0.0,100.0,0.0,0.0,0.0,0.0,0.0,0.0,0.0,32.78,23.81,28.295,8.97,16263.99846,0.25,315.5,0.2,84.25990828,32.6975407,23.31823035,28.00788553,9.379310345,23978.66831,0.189655172,212.2,0.155172414,83.27281806,31.78379566,23.22590092,27.50484829,8.557894737,15309.43896,0.0,58.7,0.026315789,82.91553846
3963,3757,Mecanizado,SI,PIONEER 30F35 HRR,Maiz,SI,Manual,NO,5911.627907,4.0,48.0,78.0,62000,6,1,0,0,0,0,0,0,1,0,0,0,1,0,0.0,0.0,92.0,0,0.0,0.0,0,0.0,0.0,0,0,0,2,1.0,PLANO O LLANO,PLANO,2.0,7.0,SIN ROCAS,NO,-1.0,-1.0,SI,-1.0,NO,GRANULAR,NO,NO,NO HAY,LA MANANA Y LA TARDE,NO HAY,NO HAY,NO,SI,36.0,PLANTAS NORMALES,NO,NO,SI,SI,ESPACIADO,36.0,LENTO A MUY LENTO,NINGUNO,0.0,0.0,0.0,0.0,0.0,0.0,31.67,68.33,0.0,0.0,100.0,0.0,0.0,0.0,0.0,0.0,0.0,0.0,33.07371021,24.5225,28.79810511,8.551210214,15082.02682,0.4,412.1,0.25,80.775,33.23601077,23.88142566,28.55871821,9.35458511,22662.63155,0.275862069,221.8,0.137931034,78.79657692,32.81405424,22.82314515,27.8185997,9.990909091,13759.58383,0.090909091,149.8,0.181818182,79.08681329
3981,3828,Mecanizado,SI,Otro,Maiz,SI,Mecanizada,SI,5953.488372,5.0,46.0,83.0,74000,8,2,0,0,0,0,0,2,2,0,0,1,2,0,0.0,6.0,115.0,0,20.0,0.0,0,30.0,30.0,0,0,2,3,4.0,PLANO O LLANO,PLANO,2.0,6.0,SIN ROCAS,NO,-1.0,-1.0,NO,-1.0,NO,ATERRONADA,NO,NO,NO HAY,LA MANANA Y LA TARDE,NO HAY,NO HAY,NO,SI,23.0,PLANTAS NORMALES,SI,NO,SI,NO,BUENO,60.0,BUENO,LENTO,0.0,0.0,0.0,0.0,0.0,0.0,0.0,100.0,0.0,0.0,0.0,0.0,0.0,53.33,46.67,0.0,0.0,0.0,33.08121573,24.4675,28.77435786,8.613715726,15128.72763,0.4,411.7,0.25,80.575,33.26925381,23.88260713,28.57593047,9.386646673,22776.29838,0.293103448,239.9,0.155172414,78.76491249,32.64868829,22.75139099,27.70003964,9.897297297,15245.73459,0.054054054,176.2,0.162162162,79.15149408
3983,3830,Mecanizado,SI,Otro,Algodón,SI,Mecanizada,NO,5556.976744,5.0,46.0,88.0,74000,8,2,0,0,0,0,0,2,2,0,0,1,0,0,0.0,1.5,103.5,0,2.5,0.0,0,30.0,30.0,0,0,2,3,4.0,PLANO O LLANO,PLANO,2.0,6.0,SIN ROCAS,NO,-1.0,-1.0,NO,-1.0,NO,ATERRONADA,NO,NO,NO HAY,LA MANANA Y LA TARDE,NO HAY,NO HAY,NO,SI,24.0,PLANTAS NORMALES,SI,NO,SI,NO,BUENO,60.0,BUENO,LENTO,0.0,0.0,0.0,0.0,0.0,0.0,0.0,100.0,0.0,0.0,0.0,0.0,0.0,51.67,48.33,0.0,0.0,0.0,33.3113944,24.5325,28.9219472,8.778894401,15221.05988,0.45,380.8,0.225,80.2,33.13292903,23.89838482,28.51565692,9.234544208,22515.62273,0.24137931,243.1,0.155172414,79.10161833,32.68850206,22.81707349,27.75278777,9.871428571,17226.78135,0.119047619,204.3,0.166666667,79.21199147
3984,3831,Mecanizado,SI,Otro,Algodón,SI,Mecanizada,NO,5651.162791,5.0,47.0,86.0,73000,9,1,0,0,0,0,0,2,0,0,0,1,4,0,0.0,1.5,103.5,0,2.5,0.0,0,30.0,30.0,0,0,2,3,4.0,PLANO O LLANO,PLANO,2.0,6.0,SIN ROCAS,NO,-1.0,-1.0,NO,-1.0,NO,ATERRONADA,NO,NO,NO HAY,LA MANANA Y LA TARDE,NO HAY,NO HAY,NO,SI,24.0,PLANTAS NORMALES,SI,NO,SI,NO,BUENO,61.0,BUENO,LENTO,0.0,0.0,0.0,0.0,0.0,0.0,0.0,100.0,0.0,0.0,0.0,0.0,0.0,54.1,45.9,0.0,0.0,0.0,33.3113944,24.5325,28.9219472,8.778894401,15221.05988,0.45,380.8,0.225,80.2,33.13292903,23.89838482,28.51565692,9.234544208,22515.62273,0.24137931,243.1,0.155172414,79.10161833,32.72470173,22.84665295,27.78567734,9.87804878,16857.47393,0.12195122,204.3,0.170731707,79.13928643
4153,3922,Mecanizado,SI,DK 234,Algodón,NO,Manual,NO,6102.325581,4.0,47.0,78.0,65000,6,1,0,0,0,0,0,0,3,0,0,0,1,0,0.0,0.0,92.0,0,0.0,0.0,0,0.0,0.0,0,0,0,2,1.0,PLANO O LLANO,PLANO,2.0,5.5,SIN ROCAS,NO,-1.0,-1.0,SI,-1.0,NO,GRANULAR,NO,NO,NO HAY,LA MANANA Y LA TARDE,NO HAY,POCO MARCADAS,NO,SI,34.0,PLANTAS NORMALES,NO,NO,SI,SI,ESPACIADO,35.0,LENTO A MUY LENTO,NINGUNO,0.0,0.0,0.0,0.0,100.0,0.0,0.0,0.0,0.0,0.0,100.0,0.0,0.0,0.0,0.0,0.0,0.0,0.0,32.745,23.81,28.2775,8.935,16227.13316,0.225,242.8,0.175,84.40990828,32.72487009,23.32142182,28.02314595,9.403448276,24041.32593,0.206896552,292.2,0.172413793,83.19686759,31.75439696,23.14814696,27.45127196,8.60625,12867.44249,0.0,40.8,0.0,82.93103959
4155,3923,Mecanizado,SI,P3966 (Pioneer),Algodón,NO,Manual,NO,6466.27907,4.0,48.0,92.0,70000,8,1,0,0,0,0,0,0,2,0,0,0,2,0,0.0,0.0,61.0,0,0.0,15.0,0,0.0,15.0,0,0,0,2,1.0,PLANO O LLANO,PLANO,2.0,6.0,SIN ROCAS,NO,-1.0,-1.0,SI,-1.0,NO,GRANULAR,NO,NO,NO HAY,LA MANANA Y LA TARDE,NO HAY,POCO MARCADAS,NO,SI,22.0,PLANTAS NORMALES,NO,NO,SI,NO,ESPACIADO,29.0,LENTO A MUY LENTO,NINGUNO,0.0,0.0,0.0,0.0,0.0,0.0,56.67,43.33,0.0,0.0,100.0,0.0,0.0,0.0,0.0,0.0,0.0,0.0,33.08121573,24.4675,28.77435786,8.613715726,15128.72763,0.4,411.7,0.25,80.575,33.26925381,23.88260713,28.57593047,9.386646673,22776.29838,0.293103448,239.9,0.155172414,78.76491249,32.23689118,22.48157204,27.35923161,9.755319149,18738.60748,0.042553191,287.5,0.170212766,79.75118375
4156,3924,Mecanizado,SI,DK 234,Maiz,NO,Manual,NO,5086.046512,4.0,48.0,78.0,65000,10,0,0,0,0,0,0,0,2,0,0,0,1,0,0.0,0.0,96.6,0,0.0,0.0,0,0.0,0.0,0,0,0,2,2.0,PLANO O LLANO,PLANO,2.0,5.5,SIN ROCAS,NO,-1.0,-1.0,NO,-1.0,NO,GRANULAR,NO,NO,NO HAY,LA MANANA Y LA TARDE,NO HAY,NO HAY,NO,SI,24.0,PLANTAS NORMALES,NO,NO,SI,SI,REGULAR,60.0,BUENO,NINGUNO,0.0,43.33,0.0,0.0,0.0,0.0,0.0,56.67,0.0,0.0,100.0,0.0,0.0,0.0,0.0,0.0,0.0,0.0,33.07371021,24.5225,28.79810511,8.551210214,15082.02682,0.4,412.1,0.25,80.775,33.23601077,23.88142566,28.55871821,9.35458511,22662.63155,0.275862069,221.8,0.137931034,78.79657692,32.81405424,22.82314515,27.8185997,9.990909091,13759.58383,0.090909091,149.8,0.181818182,79.08681329
4157,3925,Mecanizado,SI,DK 234,Algodón,NO,Manual,NO,5053.488372,5.0,48.0,79.0,65000,8,1,0,0,0,0,0,1,1,0,0,0,1,0,0.0,0.0,92.0,0,0.0,0.0,0,0.0,0.0,0,0,0,2,1.0,PLANO O LLANO,PLANO,2.0,6.0,SIN ROCAS,NO,-1.0,-1.0,SI,-1.0,NO,GRANULAR,NO,NO,NO HAY,LA MANANA Y LA TARDE,NO HAY,NO HAY,NO,NO,-1.0,PLANTAS NORMALES,NO,NO,SI,SI,ESPACIADO,10.0,LENTO A MUY LENTO,NINGUNO,0.0,41.67,0.0,0.0,0.0,0.0,58.33,0.0,0.0,0.0,100.0,0.0,0.0,0.0,0.0,0.0,0.0,0.0,32.84,23.875,28.3575,8.965,16278.38991,0.25,266.6,0.2,84.38490828,32.65460306,23.32356858,27.98908582,9.331034483,23852.6188,0.206896552,293.9,0.172413793,83.32578004,31.84994007,23.19279722,27.52136865,8.657142857,14191.95616,0.0,55.0,0.028571429,82.85614203
4158,3926,Mecanizado,SI,PIONEER 30F35 HRR,Algodón,NO,Manual,NO,5530.232558,4.0,48.0,79.0,70000,6,0,0,0,0,0,0,1,1,0,0,0,1,0,0.0,0.0,92.0,0,0.0,0.0,0,0.0,0.0,0,0,0,2,1.0,PLANO O LLANO,PLANO,2.0,6.0,SIN ROCAS,NO,-1.0,-1.0,SI,-1.0,NO,GRANULAR,NO,NO,NO HAY,LA MANANA Y LA TARDE,NO HAY,POCO MARCADAS,NO,SI,27.0,PLANTAS NORMALES,NO,NO,SI,SI,ESPACIADO,27.0,LENTO A MUY LENTO,NINGUNO,0.0,0.0,0.0,0.0,0.0,0.0,58.33,41.67,0.0,0.0,100.0,0.0,0.0,0.0,0.0,0.0,0.0,0.0,33.3113944,24.5325,28.9219472,8.778894401,15221.05988,0.45,380.8,0.225,80.2,33.13292903,23.89838482,28.51565692,9.234544208,22515.62273,0.24137931,243.1,0.155172414,79.10161833,32.95748214,22.88983508,27.92365861,10.06764706,14249.00905,0.147058824,159.8,0.176470588,78.92312378
4159,3927,Manual,SI,P3966 (Pioneer),Algodón,NO,Manual,NO,6388.372093,5.0,53.0,72.0,"0     NaN
1     NaN
2     NaN
3     NaN
4     NaN
       ..
993   NaN
994   NaN
995   NaN
996   NaN
997   NaN
Name: AREA, Length: 882, dtype: float64",8,0,0,0,0,0,0,0,0,0,0,0,0,0,0.0,0.0,0.0,0,0.0,0.0,0,0.0,0.0,0,0,0,0,1.0,PLANO O LLANO,PLANO,2.0,6.5,SIN ROCAS,NO,-1.0,-1.0,SI,-1.0,NO,GRANULAR,NO,NO,NO HAY,LA MANANA Y LA TARDE,NO HAY,POCO MARCADAS,NO,SI,11.0,PLANTAS NORMALES,NO,NO,SI,SI,ESPACIADO,17.0,LENTO A MUY LENTO,NINGUNO,0.0,0.0,0.0,0.0,0.0,0.0,75.86,24.14,0.0,0.0,100.0,0.0,0.0,0.0,0.0,0.0,0.0,0.0,33.3113944,24.5325,28.9219472,8.778894401,15221.05988,0.45,380.8,0.225,80.2,33.13292903,23.89838482,28.51565692,9.234544208,22515.62273,0.24137931,243.1,0.155172414,79.10161833,32.88538147,22.94927036,27.91732591,9.936111111,14968.58043,0.138888889,189.4,0.194444444,79.02979078
4161,3928,Mecanizado,SI,ADV 9339 (Syngenta),Algodón,NO,Manual,NO,5148.837209,4.0,47.0,85.0,70000,6,0,0,0,0,0,0,1,1,0,0,0,2,0,0.0,0.0,92.0,0,0.0,0.0,0,0.0,0.0,0,0,0,2,1.0,PLANO O LLANO,PLANO,2.0,6.0,SIN ROCAS,NO,-1.0,-1.0,SI,-1.0,NO,GRANULAR,NO,NO,NO HAY,LA MANANA Y LA TARDE,NO HAY,NO HAY,NO,SI,23.0,PLANTAS NORMALES,NO,NO,SI,SI,REGULAR,23.0,LENTO A MUY LENTO,NINGUNO,0.0,33.33,0.0,0.0,0.0,0.0,0.0,66.67,0.0,0.0,100.0,0.0,0.0,0.0,0.0,0.0,0.0,0.0,32.705,23.865,28.285,8.84,16049.1058,0.225,266.6,0.2,84.55990828,32.72593098,23.29834477,28.01213788,9.427586207,24076.29156,0.206896552,293.9,0.172413793,83.20893831,31.80484189,23.23561112,27.52022651,8.569230769,15739.58338,0.0,58.7,0.025641026,82.89421562
4162,3929,Mecanizado,SI,DK 234,Algodón,NO,Manual,NO,4862.790698,5.0,47.0,81.0,62000,6,0,0,0,0,0,0,0,2,0,0,0,1,0,0.0,0.0,80.5,0,0.0,0.0,0,0.0,0.0,0,0,0,2,1.0,PLANO O LLANO,PLANO,2.0,6.0,SIN ROCAS,NO,-1.0,-1.0,SI,-1.0,NO,GRANULAR,NO,NO,NO HAY,LA MANANA Y LA TARDE,POCO MARCADAS,NO HAY,NO,SI,15.0,PLANTAS NORMALES,NO,NO,SI,SI,REGULAR,26.0,LENTO A MUY LENTO,NINGUNO,0.0,41.67,0.0,0.0,0.0,0.0,0.0,58.33,0.0,0.0,100.0,0.0,0.0,0.0,0.0,0.0,0.0,0.0,32.91,23.83,28.37,9.08,16491.428,0.3,337.9,0.225,83.93490828,32.55863118,23.24483808,27.90173463,9.313793103,23779.6156,0.155172414,190.2,0.137931034,83.34156232,31.83447186,23.26224964,27.54836075,8.572222222,14559.37931,0.0,58.3,0.027777778,82.85564706
4163,3930,Manual,NO,Otro,Maiz,NO,Manual,NO,4862.790698,4.0,52.0,73.0,60000,8,0,0,0,0,0,0,1,1,0,0,0,2,0,0.0,0.0,69.0,0,0.0,0.0,0,0.0,0.0,0,0,0,2,1.0,PLANO O LLANO,PLANO,2.0,6.0,SIN ROCAS,NO,-1.0,-1.0,SI,-1.0,NO,GRANULAR,NO,NO,POCO MARCADAS,LA MANANA Y LA TARDE,NO HAY,NO HAY,NO,SI,26.0,PLANTAS NORMALES,NO,NO,SI,SI,REGULAR,26.0,LENTO A MUY LENTO,NINGUNO,0.0,0.0,0.0,0.0,0.0,0.0,63.33,36.67,0.0,0.0,100.0,0.0,0.0,0.0,0.0,0.0,0.0,0.0,33.08121573,24.4675,28.77435786,8.613715726,15128.72763,0.4,411.7,0.25,80.575,33.26925381,23.88260713,28.57593047,9.386646673,22776.29838,0.293103448,239.9,0.155172414,78.76491249,32.77485201,22.78422701,27.77953951,9.990625,13308.86406,0.0625,131.7,0.15625,79.11566797
4164,3931,Mecanizado,SI,DK 234,Algodón,NO,Manual,NO,5053.488372,4.0,47.0,80.0,65000,6,1,0,0,0,0,0,1,1,0,0,0,1,0,0.0,0.0,69.0,0,0.0,0.0,0,0.0,0.0,0,0,0,2,1.0,PLANO O LLANO,PLANO,2.0,6.0,SIN ROCAS,NO,-1.0,-1.0,SI,-1.0,NO,GRANULAR,NO,NO,NO HAY,LA MANANA Y LA TARDE,NO HAY,NO HAY,NO,SI,26.0,PLANTAS NORMALES,NO,NO,SI,SI,ESPACIADO,32.0,LENTO A MUY LENTO,NINGUNO,0.0,50.0,0.0,0.0,0.0,0.0,0.0,0.0,50.0,0.0,100.0,0.0,0.0,0.0,0.0,0.0,0.0,0.0,32.84,23.875,28.3575,8.965,16278.38991,0.25,266.6,0.2,84.38490828,32.65460306,23.32356858,27.98908582,9.331034483,23852.6188,0.206896552,293.9,0.172413793,83.32578004,31.81224089,23.16518207,27.48871148,8.647058824,13745.03001,0.0,40.8,0.0,82.89165719
4165,3932,Mecanizado,SI,DK 234,Algodón,NO,Manual,NO,4958.139535,4.0,47.0,76.0,68000,6,0,0,0,0,0,0,0,2,0,0,0,1,0,0.0,0.0,92.0,0,0.0,0.0,0,0.0,0.0,0,0,0,2,1.0,PLANO O LLANO,PLANO,2.0,5.5,SIN ROCAS,NO,-1.0,-1.0,SI,-1.0,NO,GRANULAR,NO,NO,NO HAY,LA MANANA Y LA TARDE,NO HAY,NO HAY,NO,SI,42.0,PLANTAS NORMALES,NO,NO,SI,SI,REGULAR,42.0,LENTO A MUY LENTO,NINGUNO,0.0,0.0,0.0,0.0,23.33,0.0,0.0,0.0,76.67,0.0,100.0,0.0,0.0,0.0,0.0,0.0,0.0,0.0,32.705,23.865,28.285,8.84,16049.1058,0.225,266.6,0.2,84.55990828,32.72593098,23.29834477,28.01213788,9.427586207,24076.29156,0.206896552,293.9,0.172413793,83.20893831,31.74729368,23.05396035,27.40062701,8.693333333,12163.78449,0.0,32.3,0.0,83.03291358
4166,3934,Manual,SI,P3966 (Pioneer),Algodón,NO,Manual,NO,5816.27907,4.0,48.0,80.0,63000,4,0,0,0,0,0,0,1,1,0,0,0,2,0,0.0,0.0,61.0,0,0.0,15.0,0,0.0,15.0,0,0,0,2,1.0,PLANO O LLANO,PLANO,2.0,6.0,SIN ROCAS,NO,-1.0,-1.0,SI,-1.0,NO,GRANULAR,NO,NO,NO HAY,LA MANANA Y LA TARDE,NO HAY,POCO MARCADAS,NO,SI,18.0,PLANTAS NORMALES,NO,NO,SI,SI,REGULAR,19.0,LENTO A MUY LENTO,NINGUNO,0.0,70.0,0.0,0.0,0.0,0.0,0.0,30.0,0.0,0.0,100.0,0.0,0.0,0.0,0.0,0.0,0.0,0.0,33.2738944,24.55,28.9119472,8.723894401,15147.76289,0.425,363.0,0.2,80.225,33.16832825,23.91309439,28.54071132,9.255233863,22528.93901,0.25862069,247.9,0.155172414,79.04195691,32.94289251,22.88860679,27.91574965,10.05428571,14710.83462,0.142857143,172.8,0.2,78.90990203
4167,3933,Mecanizado,SI,P3966 (Pioneer),Maiz,NO,Manual,NO,5530.232558,4.0,46.0,85.0,65000,14,0,0,0,0,0,0,1,1,0,0,0,2,0,0.0,0.0,80.5,0,0.0,0.0,0,0.0,0.0,0,0,0,2,1.0,PLANO O LLANO,PLANO,2.0,6.0,SIN ROCAS,NO,-1.0,-1.0,SI,-1.0,NO,GRANULAR,NO,NO,NO HAY,LA MANANA Y LA TARDE,NO HAY,POCO MARCADAS,NO,SI,19.0,PLANTAS NORMALES,NO,NO,NO,SI,ESPACIADO,22.0,LENTO A MUY LENTO,NINGUNO,0.0,31.67,0.0,0.0,0.0,0.0,0.0,68.33,0.0,0.0,100.0,0.0,0.0,0.0,0.0,0.0,0.0,0.0,32.91,23.83,28.37,9.08,16491.428,0.3,337.9,0.225,83.93490828,32.55863118,23.24483808,27.90173463,9.313793103,23779.6156,0.155172414,190.2,0.137931034,83.34156232,31.84532919,23.29269761,27.5690134,8.552631579,15403.89488,0.0,93.3,0.052631579,82.83571068
4230,3935,Mecanizado,SI,DK 234,Algodón,NO,Manual,NO,5244.186047,4.0,47.0,79.0,65000,9,0,0,0,0,0,0,1,1,0,0,0,1,0,0.0,0.0,92.0,0,0.0,0.0,0,0.0,0.0,0,0,0,2,2.0,PLANO O LLANO,PLANO,2.0,6.0,SIN ROCAS,SI,14.0,9.0,SI,23.0,NO,GRANULAR,NO,NO,NO HAY,LA MANANA Y LA TARDE,NO HAY,NO HAY,NO,SI,12.0,PLANTAS NORMALES,NO,NO,NO,SI,REGULAR,14.0,LENTO A MUY LENTO,NINGUNO,0.0,46.0,0.0,0.0,0.0,0.0,0.0,54.0,0.0,0.0,100.0,0.0,0.0,0.0,0.0,0.0,0.0,0.0,32.84,23.875,28.3575,8.965,16278.38991,0.25,266.6,0.2,84.38490828,32.65460306,23.32356858,27.98908582,9.331034483,23852.6188,0.206896552,293.9,0.172413793,83.32578004,31.79863216,23.11984428,27.45923822,8.678787879,13330.49983,0.0,40.8,0.0,82.89733897
4236,3936,Mecanizado,SI,ADV 9339 (Syngenta),Algodón,NO,Manual,NO,5339.534884,5.0,47.0,86.0,65000,5,0,0,0,0,0,0,1,1,0,0,0,2,0,0.0,0.0,92.0,0,0.0,0.0,0,0.0,0.0,0,0,0,2,1.0,PLANO O LLANO,PLANO,2.0,5.5,SIN ROCAS,NO,-1.0,-1.0,SI,-1.0,NO,GRANULAR,NO,NO,NO HAY,LA MANANA Y LA TARDE,NO HAY,NO HAY,NO,SI,17.0,PLANTAS NORMALES,NO,NO,SI,SI,REGULAR,27.0,LENTO A MUY LENTO,NINGUNO,0.0,36.67,0.0,0.0,0.0,0.0,0.0,63.33,0.0,0.0,100.0,0.0,0.0,0.0,0.0,0.0,0.0,0.0,32.91,23.845,28.3775,9.065,16501.16641,0.3,332.4,0.225,83.88756302,32.5719329,23.20641566,27.88917428,9.365517241,23862.80701,0.155172414,174.8,0.120689655,83.35392839,31.72310193,23.37188241,27.54749217,8.351219512,16152.33199,0.0,132.1,0.073170732,83.02150095
4237,3937,Mecanizado,SI,DK 234,Algodón,NO,Manual,NO,5434.883721,5.0,47.0,90.0,65000,6,0,0,0,0,0,0,1,1,0,0,0,1,0,0.0,0.0,92.0,0,0.0,0.0,0,0.0,0.0,0,0,0,2,2.0,PLANO O LLANO,PLANO,2.0,6.0,SIN ROCAS,SI,13.0,8.0,SI,31.0,NO,GRANULAR,NO,NO,NO HAY,LA MANANA Y LA TARDE,NO HAY,NO HAY,NO,SI,27.0,PLANTAS NORMALES,NO,NO,NO,SI,REGULAR,27.0,LENTO A MUY LENTO,NINGUNO,0.0,48.33,51.67,0.0,0.0,0.0,0.0,0.0,0.0,0.0,100.0,0.0,0.0,0.0,0.0,0.0,0.0,0.0,32.855,23.725,28.29,9.13,16504.56336,0.25,329.9,0.225,84.06256302,32.5247899,23.14203128,27.83341059,9.382758621,23873.69006,0.155172414,175.6,0.120689655,83.21181423,31.76904023,23.52015134,27.64459579,8.248888889,17745.0613,0.0,163.6,0.088888889,83.16872752
4238,3938,Mecanizado,SI,DK 234,Algodón,NO,Manual,NO,4958.139535,5.0,47.0,86.0,65000,7,1,0,0,0,0,0,1,1,0,0,0,1,0,0.0,0.0,61.0,0,0.0,15.0,0,0.0,15.0,0,0,0,2,1.0,PLANO O LLANO,PLANO,2.0,6.0,SIN ROCAS,NO,-1.0,-1.0,SI,-1.0,NO,GRANULAR,NO,NO,NO HAY,LA MANANA Y LA TARDE,NO HAY,NO HAY,NO,SI,27.0,PLANTAS NORMALES,NO,NO,SI,SI,REGULAR,27.0,LENTO A MUY LENTO,NINGUNO,0.0,15.0,0.0,0.0,0.0,0.0,85.0,0.0,0.0,0.0,100.0,0.0,0.0,0.0,0.0,0.0,0.0,0.0,32.91,23.845,28.3775,9.065,16501.16641,0.3,332.4,0.225,83.88756302,32.5719329,23.20641566,27.88917428,9.365517241,23862.80701,0.155172414,174.8,0.120689655,83.35392839,31.72310193,23.37188241,27.54749217,8.351219512,16152.33199,0.0,132.1,0.073170732,83.02150095
4243,3939,Mecanizado,SI,ADV 9339 (Syngenta),Algodón,NO,Mecanizada,NO,5625.581395,4.0,48.0,84.0,65000,5,0,0,0,0,0,0,1,1,0,0,0,2,0,0.0,0.0,92.0,0,0.0,0.0,0,0.0,0.0,0,0,0,2,2.0,PLANO O LLANO,PLANO,2.0,6.0,SIN ROCAS,NO,-1.0,-1.0,SI,-1.0,NO,GRANULAR,NO,NO,NO HAY,LA MANANA Y LA TARDE,NO HAY,NO HAY,NO,SI,35.0,PLANTAS NORMALES,NO,NO,SI,SI,REGULAR,35.0,LENTO A MUY LENTO,NINGUNO,0.0,53.33,0.0,0.0,0.0,0.0,46.67,0.0,0.0,0.0,100.0,0.0,0.0,0.0,0.0,0.0,0.0,0.0,32.705,23.865,28.285,8.84,16049.1058,0.225,266.6,0.2,84.55990828,32.72593098,23.29834477,28.01213788,9.427586207,24076.29156,0.206896552,293.9,0.172413793,83.20893831,31.80484189,23.23561112,27.52022651,8.569230769,15739.58338,0.0,58.7,0.025641026,82.89421562
4249,4028,Mecanizado,SI,Otro,Algodón,NO,Manual,SI,6076.744186,5.0,45.0,85.0,72000,15,0,0,0,0,0,0,2,2,0,0,1,2,0,0.0,0.0,115.0,0,0.0,0.0,0,0.0,30.0,0,0,0,3,4.0,PLANO O LLANO,PLANO,2.0,6.0,SIN ROCAS,NO,-1.0,-1.0,NO,-1.0,NO,GRANULAR,NO,NO,NO HAY,LA MANANA Y LA TARDE,NO HAY,NO HAY,NO,SI,27.0,PLANTAS NORMALES,SI,NO,SI,NO,BUENO,58.0,BUENO,LENTO,0.0,0.0,0.0,0.0,0.0,0.0,0.0,100.0,0.0,0.0,0.0,0.0,0.0,100.0,0.0,0.0,0.0,0.0,33.2743534,24.4725,28.8734267,8.801853402,15320.62838,0.425,413.8,0.25,80.0,33.23862849,23.79724918,28.51793883,9.44137931,22778.46092,0.275862069,239.0,0.155172414,78.98394956,32.44643858,22.55170174,27.49907016,9.894736842,15607.87644,0.052631579,175.5,0.157894737,79.20495686
4250,4029,Mecanizado,SI,Otro,Algodón,SI,Manual,NO,5970.930233,5.0,46.0,84.0,72000,15,2,0,0,0,0,0,2,3,0,0,0,3,0,0.0,0.0,115.0,0,0.0,0.0,0,0.0,30.0,0,0,0,3,4.0,PLANO O LLANO,PLANO,2.0,6.0,SIN ROCAS,NO,-1.0,-1.0,NO,-1.0,NO,GRANULAR,NO,NO,NO HAY,LA MANANA Y LA TARDE,NO HAY,NO HAY,NO,SI,26.0,PLANTAS NORMALES,SI,NO,SI,NO,BUENO,61.0,BUENO,LENTO,0.0,0.0,0.0,0.0,0.0,0.0,0.0,100.0,0.0,0.0,0.0,0.0,0.0,100.0,0.0,0.0,0.0,0.0,33.2743534,24.4725,28.8734267,8.801853402,15320.62838,0.425,413.8,0.25,80.0,33.23862849,23.79724918,28.51793883,9.44137931,22778.46092,0.275862069,239.0,0.155172414,78.98394956,32.44643858,22.55170174,27.49907016,9.894736842,15607.87644,0.052631579,175.5,0.157894737,79.20495686
4251,4030,Mecanizado,SI,Otro,Algodón,SI,Manual,NO,5970.930233,5.0,46.0,87.0,72000,15,2,0,0,0,0,0,2,2,0,0,1,5,0,0.0,0.0,115.0,0,0.0,0.0,0,0.0,30.0,0,0,0,3,4.0,PLANO O LLANO,PLANO,2.0,6.0,SIN ROCAS,NO,-1.0,-1.0,NO,-1.0,NO,GRANULAR,NO,NO,NO HAY,LA MANANA Y LA TARDE,NO HAY,NO HAY,NO,SI,28.0,PLANTAS NORMALES,SI,NO,SI,NO,BUENO,61.0,BUENO,LENTO,0.0,0.0,0.0,0.0,0.0,0.0,0.0,100.0,0.0,0.0,0.0,0.0,0.0,100.0,0.0,0.0,0.0,0.0,33.26871573,24.4675,28.86810786,8.801215726,15353.37098,0.425,414.8,0.25,80.025,33.24459609,23.83381148,28.53920379,9.410784604,22807.70402,0.275862069,238.7,0.155172414,78.96154613,32.31832402,22.43783621,27.37808011,9.880487805,16557.82182,0.048780488,176.0,0.146341463,79.41525799
4252,4031,Mecanizado,SI,ADV 9339 (Syngenta),Maiz,SI,Mecanizada,NO,6246.511628,5.0,46.0,84.0,75000,8,1,0,0,0,0,0,2,2,0,0,1,4,0,0.0,1.5,115.0,0,2.5,0.0,0,30.0,30.0,0,0,2,3,3.0,PLANO O LLANO,PLANO,2.0,5.5,SIN ROCAS,NO,-1.0,-1.0,NO,-1.0,NO,ATERRONADA,NO,NO,NO HAY,LA MANANA Y LA TARDE,NO HAY,NO HAY,NO,SI,40.0,PLANTAS NORMALES,SI,NO,SI,NO,BUENO,68.0,BUENO,LENTO,0.0,0.0,0.0,0.0,0.0,0.0,0.0,100.0,0.0,0.0,0.0,0.0,0.0,48.53,51.47,0.0,0.0,0.0,33.2993534,24.2925,28.7959267,9.006853402,15429.55358,0.4,395.4,0.25,79.875,33.2580664,23.69254915,28.47530777,9.565517241,23213.60652,0.25862069,245.1,0.155172414,78.7384277,32.10980072,22.45453756,27.28216914,9.655263158,15034.95758,0.052631579,164.0,0.157894737,79.94458463
4276,3947,Mecanizado,SI,DK 234,Algodón,NO,Manual,NO,6674.418605,4.0,49.0,90.0,60000,7,1,0,0,0,0,0,0,1,0,0,0,2,0,0.0,0.0,92.0,0,0.0,0.0,0,0.0,0.0,0,0,0,2,1.0,PLANO O LLANO,PLANO,2.0,6.5,SIN ROCAS,NO,-1.0,-1.0,NO,-1.0,NO,ATERRONADA,NO,NO,NO HAY,LA MANANA Y LA TARDE,NO HAY,NO HAY,NO,SI,38.0,PLANTAS NORMALES,NO,NO,SI,SI,REGULAR,60.0,BUENO,NINGUNO,0.0,0.0,0.0,0.0,0.0,0.0,61.67,0.0,38.33,0.0,100.0,0.0,0.0,0.0,0.0,0.0,0.0,0.0,32.705,23.865,28.285,8.84,16049.1058,0.225,266.6,0.2,84.55990828,32.72593098,23.29834477,28.01213788,9.427586207,24076.29156,0.206896552,293.9,0.172413793,83.20893831,31.73133534,23.30090055,27.51611795,8.430434783,18252.86224,0.0,101.6,0.043478261,83.05522124
4277,3942,Mecanizado,SI,DK 234 YGRR,Algodón,SI,Manual,NO,5244.186047,4.0,48.0,80.0,65000,6,0,0,0,0,0,0,0,1,0,0,0,1,0,0.0,0.0,61.0,0,0.0,15.0,0,0.0,15.0,0,0,0,2,1.0,PLANO O LLANO,PLANO,2.0,6.0,SIN ROCAS,NO,-1.0,-1.0,NO,-1.0,NO,GRANULAR,NO,NO,NO HAY,LA MANANA Y LA TARDE,NO HAY,NO HAY,NO,SI,25.0,PLANTAS NORMALES,NO,NO,SI,SI,ESPACIADO,60.0,BUENO,NINGUNO,0.0,0.0,0.0,0.0,0.0,0.0,30.0,0.0,70.0,0.0,100.0,0.0,0.0,0.0,0.0,0.0,0.0,0.0,32.75,23.63,28.19,9.12,16404.94614,0.225,316.1,0.225,84.11256302,32.56099195,23.18857815,27.87478505,9.372413793,23981.99764,0.155172414,168.5,0.103448276,83.13876827,31.68022541,23.42879684,27.55451113,8.251428571,13621.13224,0.0,90.3,0.057142857,83.18582428
4291,3946,Mecanizado,SI,P3966 (Pioneer),Algodón,NO,Manual,NO,6310.465116,3.0,47.0,86.0,65000,6,0,0,0,0,0,0,1,1,0,0,0,2,0,0.0,0.0,92.0,0,0.0,0.0,0,0.0,0.0,0,0,0,2,1.0,PLANO O LLANO,PLANO,2.0,5.5,SIN ROCAS,NO,-1.0,-1.0,SI,-1.0,NO,GRANULAR,NO,NO,NO HAY,LA MANANA Y LA TARDE,NO HAY,NO HAY,NO,SI,14.0,PLANTAS NORMALES,NO,NO,SI,SI,REGULAR,14.0,LENTO A MUY LENTO,NINGUNO,0.0,0.0,0.0,0.0,16.67,0.0,83.33,0.0,0.0,0.0,100.0,0.0,0.0,0.0,0.0,0.0,0.0,0.0,32.755,23.635,28.195,9.12,16424.62762,0.225,330.8,0.225,84.16256302,32.55581953,23.17306091,27.86444022,9.382758621,23957.28708,0.155172414,174.9,0.120689655,83.15453752,31.69976663,23.39720252,27.54848457,8.302564103,15239.45261,0.0,138.4,0.076923077,83.16523124
4300,3944,Manual,SI,PIONEER 30F35 H,Maiz,SI,Manual,NO,5720.930233,4.0,47.0,86.0,65000,7,0,0,0,0,0,0,1,1,0,0,0,2,0,0.0,0.0,38.0,0,0.0,15.0,0,0.0,15.0,0,0,0,2,1.0,PLANO O LLANO,PLANO,2.0,6.0,SIN ROCAS,NO,-1.0,-1.0,SI,-1.0,NO,GRANULAR,NO,NO,POCO MARCADAS,LA MANANA Y LA TARDE,NO HAY,NO HAY,NO,SI,21.0,PLANTAS NORMALES,NO,NO,SI,SI,REGULAR,26.0,LENTO A MUY LENTO,NINGUNO,0.0,41.67,58.33,0.0,0.0,0.0,0.0,0.0,0.0,0.0,100.0,0.0,0.0,0.0,0.0,0.0,0.0,0.0,33.16276952,24.5375,28.85013476,8.625269522,15197.95813,0.425,412.1,0.25,80.325,33.18559167,23.88208194,28.53383681,9.303509726,22550.01236,0.25862069,216.1,0.137931034,79.0383629,32.69145844,22.80645844,27.74895844,9.885,16439.1584,0.1,200.0,0.175,79.15948896
4301,3943,Mecanizado,SI,DK 234,Maiz,NO,Manual,NO,5767.44186,3.0,48.0,79.0,63000,6,1,0,0,0,0,0,0,2,0,0,0,1,0,0.0,0.0,92.0,0,0.0,0.0,0,0.0,0.0,0,0,0,2,1.0,PLANO O LLANO,PLANO,2.0,6.0,SIN ROCAS,NO,-1.0,-1.0,NO,-1.0,NO,GRANULAR,NO,NO,NO HAY,LA MANANA Y LA TARDE,NO HAY,NO HAY,NO,SI,38.0,PLANTAS NORMALES,NO,NO,SI,SI,REGULAR,60.0,BUENO,NINGUNO,0.0,38.33,0.0,0.0,0.0,0.0,0.0,61.67,0.0,0.0,100.0,0.0,0.0,0.0,0.0,0.0,0.0,0.0,32.91,23.845,28.3775,9.065,16501.16641,0.3,332.4,0.225,83.88756302,32.5719329,23.20641566,27.88917428,9.365517241,23862.80701,0.155172414,174.8,0.120689655,83.35392839,31.81577947,23.30668856,27.56123402,8.509090909,13267.58196,0.0,54.2,0.03030303,82.82905439
4302,3941,Mecanizado,SI,P3966 (Pioneer),Maiz,SI,Manual,NO,5720.930233,4.0,46.0,83.0,68000,6,0,0,0,0,0,0,1,1,0,0,0,1,0,0.0,0.0,61.0,0,0.0,15.0,0,0.0,15.0,0,0,0,2,2.0,PLANO O LLANO,PLANO,2.0,5.0,SIN ROCAS,SI,15.0,10.0,NO,-1.0,NO,GRANULAR,NO,NO,NO HAY,LA MANANA Y LA TARDE,NO HAY,NO HAY,NO,SI,10.0,PLANTAS NORMALES,NO,NO,SI,SI,REGULAR,15.0,BUENO,NINGUNO,0.0,30.0,0.0,0.0,0.0,0.0,0.0,70.0,0.0,0.0,100.0,0.0,0.0,0.0,0.0,0.0,0.0,0.0,32.755,23.635,28.195,9.12,16424.62762,0.225,330.8,0.225,84.16256302,32.55581953,23.17306091,27.86444022,9.382758621,23957.28708,0.155172414,174.9,0.120689655,83.15453752,31.69744137,23.43077471,27.56410804,8.266666667,14073.0464,0.0,94.4,0.055555556,83.18303426
4303,3940,Mecanizado,SI,P3966 (Pioneer),Algodón,SI,Manual,SI,6122.093023,4.0,45.0,77.0,65000,4,0,0,0,0,0,0,1,1,0,0,0,2,0,0.0,0.0,80.5,0,0.0,0.0,0,0.0,0.0,0,0,0,2,1.0,PLANO O LLANO,PLANO,2.0,5.5,SIN ROCAS,NO,-1.0,-1.0,SI,-1.0,NO,GRANULAR,NO,NO,NO HAY,LA MANANA Y LA TARDE,POCO MARCADAS,NO HAY,NO,SI,17.0,PLANTAS NORMALES,NO,NO,SI,SI,REGULAR,24.0,LENTO A MUY LENTO,NINGUNO,0.0,0.0,0.0,0.0,0.0,0.0,61.67,38.33,0.0,0.0,100.0,0.0,0.0,0.0,0.0,0.0,0.0,0.0,32.755,23.635,28.195,9.12,16424.62762,0.225,330.8,0.225,84.16256302,32.55581953,23.17306091,27.86444022,9.382758621,23957.28708,0.155172414,174.9,0.120689655,83.15453752,31.78811371,23.37432061,27.58121716,8.413793103,11559.76755,0.0,51.5,0.034482759,82.99736088
4316,4083,Mecanizado,SI,P3966 (Pioneer),Algodón,SI,Manual,NO,6102.325581,4.0,48.0,91.0,65000,13,0,0,0,0,0,0,1,1,0,0,0,1,0,0.0,0.0,61.0,0,0.0,15.0,0,0.0,15.0,0,0,0,2,1.0,PLANO O LLANO,PLANO,2.0,6.0,SIN ROCAS,NO,-1.0,-1.0,SI,-1.0,NO,GRANULAR,NO,NO,NO HAY,LA MANANA Y LA TARDE,NO HAY,NO HAY,NO,SI,19.0,PLANTAS NORMALES,NO,NO,SI,NO,REGULAR,20.0,LENTO A MUY LENTO,NINGUNO,0.0,68.33,0.0,0.0,0.0,0.0,0.0,31.67,0.0,0.0,100.0,0.0,0.0,0.0,0.0,0.0,0.0,0.0,33.2993534,24.2925,28.7959267,9.006853402,15429.55358,0.4,395.4,0.25,79.875,33.2580664,23.69254915,28.47530777,9.565517241,23213.60652,0.25862069,245.1,0.155172414,78.7384277,32.23405142,22.63405142,27.43405142,9.6,18113.02722,0.043478261,283.3,0.173913043,79.95001568
4323,4087,Mecanizado,SI,P3966 (Pioneer),Algodón,NO,Manual,NO,6197.674419,4.0,48.0,85.0,65000,8,0,0,0,0,0,0,1,1,0,0,0,1,0,0.0,0.0,92.0,0,0.0,0.0,0,0.0,0.0,0,0,0,2,1.0,PLANO O LLANO,PLANO,2.0,6.0,MUY ROCOSO,NO,-1.0,-1.0,SI,-1.0,NO,GRANULAR,NO,NO,NO HAY,LA MANANA Y LA TARDE,NO HAY,POCO MARCADAS,NO,SI,17.0,PLANTAS NORMALES,NO,NO,SI,SI,REGULAR,18.0,LENTO A MUY LENTO,NINGUNO,0.0,71.67,0.0,0.0,0.0,0.0,0.0,28.33,0.0,0.0,100.0,0.0,0.0,0.0,0.0,0.0,0.0,0.0,32.81,23.66,28.235,9.15,16512.35073,0.225,348.3,0.25,83.78916666,32.33545691,23.02856036,27.68200864,9.306896552,23801.56245,0.103448276,139.0,0.086206897,83.14061067,31.73231091,23.62731091,27.67981091,8.105,15396.95723,0.0,154.8,0.1,83.28178373
4324,4084,Mecanizado,SI,DK 234,Algodón,NO,Manual,NO,5816.27907,4.0,46.0,88.0,62000,7,0,0,0,0,0,0,0,1,0,0,0,1,0,0.0,0.0,92.0,0,0.0,0.0,0,0.0,0.0,0,0,0,2,1.0,PLANO O LLANO,PLANO,2.0,6.0,SIN ROCAS,NO,-1.0,-1.0,SI,-1.0,NO,GRANULAR,NO,NO,NO HAY,LA MANANA Y LA TARDE,NO HAY,NO HAY,NO,SI,13.0,PLANTAS NORMALES,NO,NO,SI,SI,REGULAR,37.0,LENTO A MUY LENTO,NINGUNO,0.0,0.0,0.0,0.0,0.0,0.0,38.33,61.67,0.0,0.0,100.0,0.0,0.0,0.0,0.0,0.0,0.0,0.0,32.73,23.43,28.08,9.3,16597.03254,0.2,334.7,0.225,83.66416666,32.27232798,23.03094867,27.65163833,9.24137931,23628.04026,0.103448276,127.8,0.068965517,83.16983325,31.77758205,23.80685034,27.79221619,7.970731707,15752.39156,0.0,157.1,0.097560976,83.20540094
4325,4085,Mecanizado,NO,P3966 (Pioneer),Algodón,NO,Manual,NO,6006.976744,4.0,47.0,89.0,62000,7,0,0,0,0,0,0,1,1,0,0,0,0,0,0.0,0.0,46.0,0,0.0,0.0,0,0.0,0.0,0,0,0,1,1.0,PLANO O LLANO,PLANO,2.0,6.0,SIN ROCAS,NO,-1.0,-1.0,SI,-1.0,NO,GRANULAR,NO,NO,NO HAY,LA MANANA Y LA TARDE,POCO MARCADAS,NO HAY,NO,SI,19.0,PLANTAS NORMALES,NO,NO,SI,SI,ESPACIADO,24.0,LENTO A MUY LENTO,NINGUNO,0.0,0.0,0.0,0.0,0.0,0.0,61.67,38.33,0.0,0.0,100.0,0.0,0.0,0.0,0.0,0.0,0.0,0.0,32.7,23.485,28.0925,9.215,16468.35355,0.2,337.8,0.225,83.78916666,32.29817733,23.02576354,27.66197044,9.272413793,23670.08118,0.103448276,143.1,0.086206897,83.19798817,31.72162575,23.83790482,27.77976529,7.88372093,16402.90209,0.0,157.1,0.093023256,83.21060747
4326,4088,Mecanizado,SI,DK 234,Algodón,NO,Manual,NO,5053.488372,4.0,47.0,87.0,63000,6,0,0,0,0,0,0,0,1,0,0,0,0,1,0.0,0.0,69.0,0,0.0,0.0,0,0.0,0.0,0,0,0,1,1.0,PLANO O LLANO,PLANO,2.0,6.5,SIN ROCAS,NO,-1.0,-1.0,SI,-1.0,NO,GRANULAR,NO,NO,NO HAY,LA MANANA Y LA TARDE,POCO MARCADAS,NO HAY,NO,SI,16.0,PLANTAS NORMALES,NO,NO,SI,SI,REGULAR,17.0,LENTO A MUY LENTO,NINGUNO,0.0,0.0,0.0,0.0,0.0,0.0,73.33,26.67,0.0,0.0,100.0,0.0,0.0,0.0,0.0,0.0,0.0,0.0,33.0493534,24.1825,28.6159267,8.866853402,16427.74513,0.35,316.1,0.225,80.05,33.37952114,23.71227976,28.54590045,9.667241379,23961.04344,0.275862069,168.5,0.103448276,78.4771731,32.04968134,22.50333988,27.27651061,9.546341463,16000.33341,0.024390244,159.3,0.097560976,80.05494975
4327,4086,Mecanizado,SI,DK 234,Algodón,NO,Manual,NO,5839.534884,4.0,44.0,87.0,65000,10,0,0,0,0,0,0,2,0,0,0,0,1,0,0.0,0.0,92.0,0,0.0,0.0,0,0.0,0.0,0,0,0,2,1.0,PLANO O LLANO,PLANO,2.0,5.0,SIN ROCAS,NO,-1.0,-1.0,SI,-1.0,NO,GRANULAR,NO,NO,NO HAY,LA MANANA Y LA TARDE,POCO MARCADAS,NO HAY,NO,SI,20.0,PLANTAS NORMALES,NO,NO,SI,SI,ESPACIADO,33.0,LENTO A MUY LENTO,NINGUNO,0.0,0.0,0.0,0.0,0.0,0.0,0.0,53.33,46.67,0.0,100.0,0.0,0.0,0.0,0.0,0.0,0.0,0.0,33.1268534,24.1875,28.6571767,8.939353402,15355.27158,0.375,426.4,0.275,79.975,33.35760664,23.72312388,28.54036526,9.634482759,23476.86292,0.25862069,214.1,0.137931034,78.52183436,31.99858968,22.41437916,27.20648442,9.584210526,14875.42141,0.052631579,260.0,0.184210526,80.09579399
4328,4092,Mecanizado,SI,ADV 9293 (Syngenta),Maiz,NO,Manual,NO,4767.44186,4.0,48.0,78.0,65000,8,0,0,0,0,0,0,1,1,0,0,0,2,0,0.0,0.0,92.0,0,0.0,0.0,0,0.0,0.0,0,0,0,2,1.0,PLANO O LLANO,PLANO,2.0,6.5,SIN ROCAS,NO,-1.0,-1.0,SI,-1.0,NO,GRANULAR,NO,NO,NO HAY,LA MANANA Y LA TARDE,POCO MARCADAS,NO HAY,NO,NO,-1.0,PLANTAS NORMALES,NO,NO,SI,NO,ESPACIADO,20.0,LENTO A MUY LENTO,NINGUNO,0.0,0.0,0.0,0.0,0.0,0.0,68.33,0.0,31.67,0.0,100.0,0.0,0.0,0.0,0.0,0.0,0.0,0.0,33.3093534,24.4525,28.8809267,8.856853402,15301.82411,0.425,412.8,0.275,80.025,33.29388071,23.76801864,28.53094968,9.525862069,23027.94772,0.275862069,237.7,0.137931034,78.81800081,32.5022427,22.7113336,27.60678815,9.790909091,13505.75806,0.060606061,163.0,0.181818182,79.27759271
4330,4089,Manual,SI,DK 234,Algodón,NO,Manual,NO,5180.232558,4.0,47.0,85.0,65000,5,0,0,0,0,0,0,0,1,0,0,0,1,0,0.0,0.0,92.0,0,0.0,0.0,0,0.0,0.0,0,0,0,2,1.0,PLANO O LLANO,PLANO,2.0,6.0,SIN ROCAS,NO,-1.0,-1.0,SI,-1.0,NO,GRANULAR,NO,NO,NO HAY,LA MANANA Y LA TARDE,POCO MARCADAS,NO HAY,NO,SI,18.0,PLANTAS NORMALES,NO,NO,SI,SI,REGULAR,29.0,LENTO A MUY LENTO,NINGUNO,0.0,46.67,0.0,0.0,0.0,0.0,0.0,53.33,0.0,0.0,100.0,0.0,0.0,0.0,0.0,0.0,0.0,0.0,32.755,23.635,28.195,9.12,16424.62762,0.225,330.8,0.225,84.16256302,32.55581953,23.17306091,27.86444022,9.382758621,23957.28708,0.155172414,174.9,0.120689655,83.15453752,31.69976663,23.39720252,27.54848457,8.302564103,15239.45261,0.0,138.4,0.076923077,83.16523124
4331,4094,Mecanizado,SI,DK 234,Algodón,NO,Manual,NO,5434.883721,5.0,47.0,90.0,60000,10,0,0,0,0,0,0,0,2,0,0,0,1,0,0.0,0.0,92.0,0,0.0,0.0,0,0.0,0.0,0,0,0,2,1.0,PLANO O LLANO,PLANO,2.0,6.5,SIN ROCAS,NO,-1.0,-1.0,SI,-1.0,NO,GRANULAR,NO,NO,NO HAY,LA MANANA Y LA TARDE,NO HAY,POCO MARCADAS,NO,SI,23.0,PLANTAS NORMALES,NO,NO,SI,SI,REGULAR,25.0,LENTO A MUY LENTO,NINGUNO,0.0,0.0,0.0,0.0,0.0,0.0,60.0,40.0,0.0,0.0,100.0,0.0,0.0,0.0,0.0,0.0,0.0,0.0,32.75,23.63,28.19,9.12,16404.94614,0.225,316.1,0.225,84.11256302,32.56099195,23.18857815,27.87478505,9.372413793,23981.99764,0.155172414,168.5,0.103448276,83.13876827,31.72914232,23.57803121,27.65358677,8.151111111,17483.02016,0.0,159.3,0.088888889,83.20983009
4332,4093,Mecanizado,SI,DK 234,Frijol,NO,Manual,NO,5148.837209,4.0,46.0,84.0,65000,4,0,0,0,0,0,0,0,1,0,0,0,1,0,0.0,0.0,92.0,0,0.0,0.0,0,0.0,0.0,0,0,0,2,1.0,PLANO O LLANO,PLANO,2.0,6.0,SIN ROCAS,NO,-1.0,-1.0,SI,-1.0,NO,GRANULAR,NO,NO,NO HAY,LA MANANA Y LA TARDE,NO HAY,POCO MARCADAS,NO,SI,18.0,PLANTAS NORMALES,NO,NO,SI,SI,REGULAR,27.0,LENTO A MUY LENTO,NINGUNO,0.0,0.0,0.0,0.0,0.0,0.0,56.67,43.33,0.0,0.0,100.0,0.0,0.0,0.0,0.0,0.0,0.0,0.0,32.81,23.66,28.235,9.15,16512.35073,0.225,348.3,0.25,83.78916666,32.33545691,23.02856036,27.68200864,9.306896552,23801.56245,0.103448276,139.0,0.086206897,83.14061067,31.75525462,23.55525462,27.65525462,8.2,14366.17659,0.0,154.8,0.108108108,83.28826626
4333,4090,Mecanizado,SI,DK 234,Algodón,NO,Manual,NO,5720.930233,4.0,48.0,81.0,65000,6,0,0,0,0,0,0,0,1,0,0,0,1,0,0.0,0.0,92.0,0,0.0,0.0,0,0.0,0.0,0,0,0,2,1.0,PLANO O LLANO,PLANO,2.0,6.0,SIN ROCAS,NO,-1.0,-1.0,SI,-1.0,NO,GRANULAR,NO,NO,NO HAY,LA MANANA Y LA TARDE,NO HAY,NO HAY,NO,NO,-1.0,PLANTAS NORMALES,NO,NO,SI,SI,REGULAR,13.0,LENTO A MUY LENTO,NINGUNO,0.0,0.0,0.0,0.0,0.0,0.0,80.0,20.0,0.0,0.0,100.0,0.0,0.0,0.0,0.0,0.0,0.0,0.0,32.85,23.8,28.325,9.05,16403.47834,0.275,315.5,0.2,84.08490828,32.65880449,23.29328725,27.97604587,9.365517241,23934.26995,0.172413793,212.6,0.155172414,83.2777772,31.73006029,23.21339362,27.47172695,8.516666667,14454.38311,0.0,58.3,0.027777778,82.94115982
4335,4082,Mecanizado,SI,P3966 (Pioneer),Algodón,NO,Manual,SI,6006.976744,4.0,47.0,81.0,65000,7,0,0,0,0,0,0,1,1,0,0,0,1,0,0.0,0.0,92.0,0,0.0,0.0,0,0.0,0.0,0,0,0,2,1.0,PLANO O LLANO,PLANO,2.0,6.0,SIN ROCAS,NO,-1.0,-1.0,SI,-1.0,NO,GRANULAR,NO,NO,POCO MARCADAS,LA MANANA Y LA TARDE,NO HAY,POCO MARCADAS,NO,SI,20.0,PLANTAS NORMALES,NO,NO,SI,SI,ESPACIADO,23.0,LENTO A MUY LENTO,NINGUNO,0.0,36.67,0.0,0.0,0.0,0.0,0.0,63.33,0.0,0.0,100.0,0.0,0.0,0.0,0.0,0.0,0.0,0.0,32.91,23.83,28.37,9.08,16491.428,0.3,337.9,0.225,83.93490828,32.55863118,23.24483808,27.90173463,9.313793103,23779.6156,0.155172414,190.2,0.137931034,83.34156232,31.81977777,23.2483492,27.53406349,8.571428571,14159.00938,0.0,58.3,0.028571429,82.83377761
4336,4091,Mecanizado,SI,DK 234,Algodón,NO,Manual,NO,5148.837209,4.0,47.0,82.0,65000,5,0,0,0,0,0,0,0,2,0,0,0,0,0,0.0,0.0,92.0,0,0.0,0.0,0,0.0,0.0,0,0,0,2,1.0,PLANO O LLANO,PLANO,2.0,6.0,SIN ROCAS,NO,-1.0,-1.0,SI,-1.0,NO,GRANULAR,NO,NO,POCO MARCADAS,LA MANANA Y LA TARDE,NO HAY,NO HAY,NO,SI,13.0,PLANTAS NORMALES,NO,NO,SI,SI,ESPACIADO,18.0,LENTO A MUY LENTO,NINGUNO,0.0,28.33,0.0,0.0,0.0,0.0,0.0,71.67,0.0,0.0,100.0,0.0,0.0,0.0,0.0,0.0,0.0,0.0,32.91,23.83,28.37,9.08,16491.428,0.3,337.9,0.225,83.93490828,32.55863118,23.24483808,27.90173463,9.313793103,23779.6156,0.155172414,190.2,0.137931034,83.34156232,31.83447186,23.26224964,27.54836075,8.572222222,14559.37931,0.0,58.3,0.027777778,82.85564706
4337,4112,Mecanizado,SI,P3966 (Pioneer),Maiz,SI,Manual,SI,5787.209302,5.0,46.0,82.0,72500,61,0,0,0,0,0,0,0,1,0,0,0,3,0,0.0,12.0,92.0,0,40.0,0.0,0,0.0,30.0,0,0,1,3,5.0,PLANO O LLANO,PLANO,2.0,5.5,SIN ROCAS,NO,-1.0,-1.0,NO,-1.0,NO,GRANULAR,NO,NO,NO HAY,LA MANANA Y LA TARDE,NO HAY,NO HAY,NO,SI,21.0,PLANTAS NORMALES,SI,NO,SI,NO,ESPACIADO,60.0,BUENO,LENTO,0.0,0.0,0.0,0.0,0.0,0.0,0.0,100.0,0.0,0.0,0.0,0.0,0.0,100.0,0.0,0.0,0.0,0.0,33.80645759,23.48645759,28.64645759,10.32,16693.86706,0.4,233.6,0.15,81.03040059,34.74687738,23.26239462,29.004636,11.48448276,23944.43519,0.75862069,309.0,0.120689655,80.89455886,34.33612655,23.30834877,28.82223766,11.02777778,14840.00375,0.722222222,261.8,0.138888889,80.78721091
4341,4127,Mecanizado,SI,Otro,Pastos,SI,Mecanizada,NO,6593.023256,5.0,47.0,86.0,74000,10,2,0,0,0,0,0,0,2,0,0,0,1,0,0.0,1.5,103.5,0,2.5,0.0,0,30.0,30.0,0,0,2,3,3.0,PLANO O LLANO,PLANO,2.0,6.0,SIN ROCAS,NO,-1.0,-1.0,NO,-1.0,NO,ATERRONADA,NO,NO,NO HAY,LA MANANA Y LA TARDE,NO HAY,NO HAY,NO,SI,21.0,PLANTAS NORMALES,SI,NO,SI,NO,REGULAR,61.0,BUENO,LENTO,0.0,0.0,0.0,0.0,0.0,0.0,0.0,100.0,0.0,0.0,0.0,0.0,0.0,50.82,49.18,0.0,0.0,0.0,33.29964208,24.75,29.02482104,8.549642083,14874.73422,0.425,347.0,0.175,80.325,33.18314234,23.96411538,28.57362886,9.219026967,22423.28682,0.275862069,262.5,0.172413793,79.05510734,32.89417953,22.91369172,27.90393562,9.980487805,17211.10762,0.12195122,203.8,0.195121951,78.92122208
4343,4129,Mecanizado,SI,Otro,Maiz,SI,Mecanizada,NO,6246.511628,5.0,46.0,85.0,77000,7,1,0,0,0,0,0,2,1,0,0,1,0,0,0.0,1.5,115.0,0,2.5,0.0,0,30.0,30.0,0,0,2,3,3.0,PLANO O LLANO,PLANO,2.0,5.5,SIN ROCAS,NO,-1.0,-1.0,NO,-1.0,NO,ATERRONADA,NO,NO,NO HAY,LA MANANA Y LA TARDE,NO HAY,NO HAY,NO,SI,42.0,PLANTAS NORMALES,SI,NO,SI,NO,BUENO,71.0,BUENO,LENTO,0.0,0.0,0.0,0.0,0.0,0.0,0.0,100.0,0.0,0.0,0.0,0.0,0.0,50.7,49.3,0.0,0.0,0.0,33.2993534,24.2925,28.7959267,9.006853402,15429.55358,0.4,395.4,0.25,79.875,33.2580664,23.69254915,28.47530777,9.565517241,23213.60652,0.25862069,245.1,0.155172414,78.7384277,32.07839099,22.45787817,27.26813458,9.620512821,15350.20067,0.051282051,260.0,0.179487179,80.04722447
4352,4135,Mecanizado,SI,Otro,Algodón,SI,Mecanizada,NO,6232.55814,5.0,46.0,84.0,75000,7,2,0,0,0,0,0,2,2,0,0,1,0,0,0.0,1.5,115.0,0,2.5,0.0,0,30.0,30.0,0,0,2,3,3.0,PLANO O LLANO,PLANO,2.0,5.5,SIN ROCAS,NO,-1.0,-1.0,NO,-1.0,NO,ATERRONADA,NO,NO,NO HAY,LA MANANA Y LA TARDE,NO HAY,NO HAY,NO,SI,40.0,PLANTAS NORMALES,SI,NO,SI,NO,BUENO,69.0,BUENO,LENTO,0.0,0.0,0.0,0.0,0.0,0.0,0.0,100.0,0.0,0.0,0.0,0.0,0.0,47.83,52.17,0.0,0.0,0.0,33.3493534,24.4675,28.9084267,8.881853402,15416.87624,0.425,411.4,0.25,79.825,33.27545658,23.79614624,28.53580141,9.479310345,22871.44259,0.275862069,248.5,0.155172414,78.92337313,32.37636498,22.44478603,27.4105755,9.931578947,15557.37489,0.052631579,166.0,0.157894737,79.28927767
4354,4136,Manual,SI,ICA V 156,Maiz,SI,Manual,SI,3767.44186,5.0,48.0,85.0,62000,61,0,0,0,0,0,0,0,1,0,0,0,3,0,0.0,0.0,92.0,0,0.0,0.0,0,0.0,30.0,0,0,0,3,4.0,PLANO O LLANO,PLANO,2.0,5.0,SIN ROCAS,NO,-1.0,-1.0,NO,-1.0,NO,GRANULAR,NO,NO,NO HAY,LA MANANA Y LA TARDE,NO HAY,NO HAY,NO,SI,28.0,PLANTAS NORMALES,SI,NO,SI,SI,BUENO,59.0,BUENO,LENTO,0.0,0.0,0.0,0.0,0.0,0.0,0.0,49.15,50.85,0.0,0.0,0.0,0.0,100.0,0.0,0.0,0.0,0.0,33.74612442,23.52612442,28.63612442,10.22,16849.98028,0.375,204.3,0.125,81.06435537,34.6633232,23.25470251,28.95901285,11.40862069,23662.79025,0.724137931,334.2,0.137931034,80.91677494,34.47732759,23.33586418,28.90659589,11.14146341,17244.34877,0.756097561,267.3,0.12195122,80.77611791
4355,4137,Mecanizado,SI,Otro,Maiz,SI,Manual,SI,5327.906977,5.0,46.0,78.0,73000,14,1,0,0,0,0,0,0,1,0,0,0,4,0,0.0,15.0,80.5,0,15.0,0.0,0,15.0,30.0,0,0,1,3,4.0,PLANO O LLANO,PLANO,2.0,6.0,SIN ROCAS,NO,-1.0,-1.0,NO,-1.0,NO,ATERRONADA,NO,NO,NO HAY,LA MANANA Y LA TARDE,NO HAY,NO HAY,NO,SI,23.0,PLANTAS NORMALES,SI,NO,SI,NO,ESPACIADO,60.0,BUENO,LENTO,0.0,0.0,0.0,0.0,0.0,0.0,0.0,100.0,0.0,0.0,0.0,0.0,0.0,63.33,36.67,0.0,0.0,0.0,33.22858883,24.07795115,28.65326999,9.150637676,15080.60874,0.325,170.0,0.15,79.07459664,32.67862594,22.71655698,27.69759146,9.962068966,24043.76699,0.086206897,244.7,0.155172414,79.06145392,31.78502808,23.10690308,27.44596558,8.678125,11489.24753,0.0,260.5,0.21875,81.2689493
4359,4141,Mecanizado,SI,Otro,Algodón,SI,Mecanizada,NO,6046.511628,5.0,46.0,88.0,74000,11,2,0,0,0,0,0,0,4,0,0,0,6,0,0.0,7.5,115.0,0,7.5,0.0,0,37.5,30.0,0,0,2,3,4.0,PLANO O LLANO,PLANO,3.0,6.5,SIN ROCAS,NO,-1.0,-1.0,SI,-1.0,NO,GRANULAR,NO,NO,NO HAY,LA MANANA Y LA TARDE,NO HAY,NO HAY,NO,SI,30.0,PLANTAS NORMALES,SI,NO,SI,SI,BUENO,40.0,LENTO A MUY LENTO,LENTO,0.0,0.0,0.0,0.0,0.0,0.0,0.0,100.01,0.0,0.0,0.0,0.0,0.0,100.01,0.0,0.0,0.0,0.0,33.07371021,24.5225,28.79810511,8.551210214,15082.02682,0.4,412.1,0.25,80.775,33.23601077,23.88142566,28.55871821,9.35458511,22662.63155,0.275862069,221.8,0.137931034,78.79657692,32.54720072,22.63053405,27.58886739,9.916666667,17225.25422,0.071428571,197.3,0.166666667,79.25371367
4362,4144,Mecanizado,SI,Otro,Maiz,SI,Mecanizada,NO,6232.55814,5.0,46.0,86.0,75000,15,2,0,0,0,0,0,0,2,0,0,0,5,0,0.0,7.5,103.5,0,7.5,0.0,0,37.5,30.0,0,0,2,3,3.0,PLANO O LLANO,PLANO,2.0,5.0,SIN ROCAS,NO,-1.0,-1.0,NO,-1.0,NO,GRANULAR,NO,NO,NO HAY,LA MANANA Y LA TARDE,NO HAY,NO HAY,NO,SI,24.0,PLANTAS NORMALES,SI,NO,SI,NO,BUENO,59.0,BUENO,LENTO,0.0,0.0,0.0,0.0,0.0,0.0,0.0,100.0,0.0,0.0,55.93,44.07,0.0,0.0,0.0,0.0,0.0,0.0,33.3113944,24.5325,28.9219472,8.778894401,15221.05988,0.45,380.8,0.225,80.2,33.13292903,23.89838482,28.51565692,9.234544208,22515.62273,0.24137931,243.1,0.155172414,79.10161833,32.78715902,22.87215902,27.82965902,9.915,16542.69617,0.125,204.3,0.175,79.05190857
4366,4148,Mecanizado,SI,Otro,Algodón,SI,Mecanizada,NO,6046.511628,5.0,46.0,87.0,74000,11,2,0,0,0,0,0,0,2,0,0,0,6,0,0.0,7.5,82.8,0,7.5,0.0,0,37.5,60.0,0,0,2,4,3.0,PLANO O LLANO,PLANO,2.0,6.0,SIN ROCAS,NO,-1.0,-1.0,SI,-1.0,NO,GRANULAR,NO,NO,NO HAY,LA MANANA Y LA TARDE,NO HAY,NO HAY,NO,SI,35.0,PLANTAS NORMALES,SI,NO,SI,NO,BUENO,45.0,LENTO A MUY LENTO,LENTO,0.0,0.0,0.0,0.0,0.0,0.0,0.0,100.0,0.0,0.0,0.0,0.0,0.0,100.0,0.0,0.0,0.0,0.0,33.2743534,24.4725,28.8734267,8.801853402,15320.62838,0.425,413.8,0.25,80.0,33.23862849,23.79724918,28.51793883,9.44137931,22778.46092,0.275862069,239.0,0.155172414,78.98394956,32.27584099,22.41486538,27.34535318,9.86097561,16592.3578,0.048780488,175.5,0.146341463,79.47422868
4369,4174,Mecanizado,SI,P3966 (Pioneer),Algodón,NO,Mecanizada,NO,6232.55814,5.0,46.0,88.0,74000,11,2,0,0,0,0,0,0,2,0,0,0,8,0,0.0,7.5,92.0,0,7.5,0.0,0,37.5,60.0,0,0,2,4,4.0,PLANO O LLANO,PLANO,2.0,6.0,SIN ROCAS,NO,-1.0,-1.0,SI,-1.0,NO,GRANULAR,NO,NO,NO HAY,LA MANANA Y LA TARDE,NO HAY,NO HAY,NO,SI,33.0,PLANTAS NORMALES,SI,NO,SI,NO,BUENO,42.0,LENTO A MUY LENTO,LENTO,0.0,0.0,0.0,0.0,0.0,0.0,0.0,100.0,0.0,0.0,0.0,0.0,0.0,100.0,0.0,0.0,0.0,0.0,33.08121573,24.4675,28.77435786,8.613715726,15128.72763,0.4,411.7,0.25,80.575,33.26925381,23.88260713,28.57593047,9.386646673,22776.29838,0.293103448,239.9,0.155172414,78.76491249,32.4615985,22.5068366,27.48421755,9.954761905,17147.13705,0.047619048,179.2,0.142857143,79.29007783
4370,4183,Mecanizado,SI,Otro,Algodón,SI,Mecanizada,NO,6046.511628,5.0,46.0,79.0,75000,11,2,0,0,0,0,0,0,1,0,0,0,5,0,115.0,9.0,0.0,0,23.0,0.0,30,30.0,0.0,0,3,2,0,3.0,PLANO O LLANO,PLANO,3.0,5.5,SIN ROCAS,NO,-1.0,-1.0,NO,-1.0,NO,ATERRONADA,NO,NO,NO HAY,LA MANANA Y LA TARDE,NO HAY,NO HAY,NO,SI,14.0,PLANTAS NORMALES,SI,NO,SI,NO,REGULAR,62.0,BUENO,LENTO,0.0,0.0,0.0,0.0,0.0,0.0,0.0,100.0,0.0,0.0,0.0,0.0,0.0,46.77,53.23,0.0,0.0,0.0,33.0493534,24.1375,28.5934267,8.911853402,15174.77123,0.375,422.8,0.275,80.05,33.27283493,23.59352458,28.43317975,9.679310345,23796.33502,0.224137931,239.0,0.155172414,78.63161833,31.83941435,22.33941435,27.08941435,9.5,12680.66964,0.03030303,235.1,0.181818182,80.21323327
4375,4186,Mecanizado,SI,Otro,Maiz,NO,Mecanizada,NO,6122.093023,4.0,47.0,87.0,74000,14,1,0,0,0,0,0,0,2,0,0,0,6,0,0.0,15.0,115.0,0,15.0,0.0,0,15.0,30.0,0,0,1,3,3.0,PLANO O LLANO,PLANO,3.0,5.5,SIN ROCAS,NO,-1.0,-1.0,SI,-1.0,NO,GRANULAR,NO,NO,NO HAY,LA MANANA Y LA TARDE,NO HAY,NO HAY,NO,SI,31.0,PLANTAS NORMALES,SI,NO,SI,NO,BUENO,37.0,LENTO A MUY LENTO,LENTO,0.0,0.0,0.0,0.0,0.0,0.0,0.0,100.0,0.0,0.0,70.49000000000001,29.51,0.0,0.0,0.0,0.0,0.0,0.0,33.2813944,24.72,29.0006972,8.561394401,14957.98727,0.425,347.0,0.175,80.4,33.14134064,23.92403781,28.53268923,9.217302829,22419.07821,0.25862069,262.5,0.172413793,79.10406635,32.88544064,22.93666015,27.9110504,9.948780488,17137.74336,0.12195122,208.3,0.195121951,78.95068676
4376,4187,Mecanizado,SI,Otro,Maiz,SI,Mecanizada,NO,5180.232558,5.0,46.0,90.0,73000,7,0,0,0,0,0,0,2,2,0,0,0,0,0,0.0,0.0,120.5,0,0.0,0.0,0,0.0,20.0,0,0,0,3,3.0,PLANO O LLANO,PLANO,3.0,5.5,SIN ROCAS,NO,-1.0,-1.0,NO,-1.0,NO,GRANULAR,NO,NO,NO HAY,LA MANANA Y LA TARDE,NO HAY,NO HAY,NO,SI,35.0,PLANTAS NORMALES,SI,NO,SI,NO,BUENO,60.0,BUENO,LENTO,0.0,0.0,0.0,0.0,0.0,0.0,0.0,100.0,0.0,0.0,0.0,0.0,0.0,31.67,68.33,0.0,0.0,0.0,33.2743534,24.4725,28.8734267,8.801853402,15320.62838,0.425,413.8,0.25,80.0,33.23862849,23.79724918,28.51793883,9.44137931,22778.46092,0.275862069,239.0,0.155172414,78.98394956,32.16328744,22.43601471,27.29965107,9.727272727,17571.94948,0.045454545,283.8,0.181818182,79.71821559
4377,4188,Mecanizado,SI,Otro,Maiz,SI,Mecanizada,NO,5839.534884,5.0,46.0,98.0,74000,5,0,0,0,0,0,0,0,2,0,0,0,0,0,0.0,0.0,120.5,0,0.0,0.0,0,0.0,20.0,0,0,0,3,3.0,PLANO O LLANO,PLANO,3.0,6.0,SIN ROCAS,NO,-1.0,-1.0,SI,-1.0,NO,ATERRONADA,NO,NO,NO HAY,LA MANANA Y LA TARDE,NO HAY,NO HAY,NO,SI,32.0,PLANTAS NORMALES,SI,NO,SI,NO,BUENO,32.0,LENTO A MUY LENTO,LENTO,0.0,0.0,0.0,0.0,0.0,0.0,0.0,100.0,0.0,0.0,0.0,0.0,0.0,50.7,49.3,0.0,0.0,0.0,33.2813944,24.645,28.9631972,8.636394401,14943.57503,0.425,347.0,0.175,80.525,33.1530303,23.90814127,28.53058579,9.244889036,22447.11748,0.25862069,262.5,0.172413793,79.05160755,32.4282324,22.62438625,27.52630932,9.803846154,21060.40559,0.096153846,234.0,0.173076923,79.51403431
4378,4189,Mecanizado,SI,Otro,Maiz,NO,Mecanizada,NO,5839.534884,5.0,47.0,97.0,72000,5,0,0,0,0,0,0,0,2,0,0,0,3,0,0.0,0.0,109.0,0,0.0,0.0,0,0.0,20.0,0,0,0,3,3.0,PLANO O LLANO,PLANO,3.0,6.0,SIN ROCAS,NO,-1.0,-1.0,SI,-1.0,NO,ATERRONADA,NO,NO,NO HAY,LA MANANA Y LA TARDE,NO HAY,NO HAY,NO,SI,19.0,PLANTAS NORMALES,SI,NO,SI,SI,REGULAR,20.0,LENTO A MUY LENTO,LENTO,0.0,0.0,0.0,0.0,0.0,0.0,0.0,99.99,0.0,0.0,0.0,0.0,0.0,45.45,54.54,0.0,0.0,0.0,33.28452789,24.845,29.06476394,8.439527888,14845.46189,0.4,262.7,0.15,80.3,33.19192639,24.01945115,28.60568877,9.172475243,22319.7905,0.293103448,330.5,0.172413793,78.95513232,32.64711893,22.62019586,27.63365739,10.02692308,21579.56053,0.096153846,238.0,0.173076923,79.09904844
4379,4190,Mecanizado,SI,Otro,Maiz,NO,Mecanizada,NO,6027.906977,5.0,47.0,100.0,73000,6,0,0,0,0,0,0,0,2,0,0,0,1,0,0.0,0.0,109.0,0,0.0,0.0,0,0.0,20.0,0,0,0,3,3.0,PLANO O LLANO,PLANO,3.0,6.0,SIN ROCAS,NO,-1.0,-1.0,SI,-1.0,NO,ATERRONADA,NO,NO,NO HAY,LA MANANA Y LA TARDE,NO HAY,NO HAY,NO,SI,21.0,PLANTAS NORMALES,SI,NO,SI,SI,REGULAR,21.0,LENTO A MUY LENTO,LENTO,0.0,0.0,0.0,0.0,0.0,0.0,0.0,100.0,0.0,0.0,0.0,0.0,0.0,44.12,55.88,0.0,0.0,0.0,33.27940204,24.91,29.09470102,8.369402037,14700.19551,0.4,262.6,0.15,80.025,33.26045888,24.02694313,28.64370101,9.233515752,22426.51975,0.327586207,324.6,0.172413793,78.92045178,32.57726635,22.6227209,27.59999362,9.954545455,22647.77349,0.090909091,244.0,0.163636364,79.18925545
4380,4191,Mecanizado,SI,Otro,Maiz,NO,Mecanizada,NO,6046.511628,5.0,46.0,97.0,72000,6,0,0,0,0,0,0,2,1,0,0,0,1,0,0.0,0.0,120.5,0,0.0,0.0,0,0.0,20.0,0,0,0,3,3.0,PLANO O LLANO,PLANO,3.0,5.5,SIN ROCAS,NO,-1.0,-1.0,SI,-1.0,NO,ATERRONADA,NO,NO,NO HAY,LA MANANA Y LA TARDE,NO HAY,NO HAY,NO,SI,35.0,PLANTAS NORMALES,SI,NO,SI,NO,REGULAR,35.0,LENTO A MUY LENTO,LENTO,0.0,0.0,0.0,0.0,0.0,0.0,0.0,99.99,0.0,0.0,0.0,0.0,0.0,45.45,54.54,0.0,0.0,0.0,33.07371021,24.5225,28.79810511,8.551210214,15082.02682,0.4,412.1,0.25,80.775,33.23601077,23.88142566,28.55871821,9.35458511,22662.63155,0.275862069,221.8,0.137931034,78.79657692,32.30760136,22.55466018,27.43113077,9.752941176,20340.71894,0.058823529,313.8,0.176470588,79.7712827
4381,4192,Mecanizado,SI,Otro,Maiz,NO,Mecanizada,NO,5745.348837,5.0,46.0,101.0,73000,6,0,0,0,0,0,0,0,2,0,0,0,2,0,0.0,0.0,120.5,0,0.0,0.0,0,0.0,20.0,0,0,0,3,3.0,PLANO O LLANO,PLANO,3.0,6.0,SIN ROCAS,NO,-1.0,-1.0,SI,-1.0,NO,ATERRONADA,NO,NO,NO HAY,LA MANANA Y LA TARDE,NO HAY,NO HAY,NO,SI,22.0,PLANTAS NORMALES,SI,NO,SI,SI,REGULAR,22.0,LENTO A MUY LENTO,LENTO,0.0,0.0,0.0,0.0,0.0,0.0,0.0,100.0,0.0,0.0,0.0,0.0,0.0,43.75,56.25,0.0,0.0,0.0,33.24190204,24.96,29.10095102,8.281902037,14653.70052,0.4,262.4,0.15,80.09075746,33.22160734,24.02774677,28.62467706,9.193860579,22321.43865,0.327586207,325.1,0.172413793,78.97324745,32.64125525,22.65398252,27.64761888,9.987272727,22784.70608,0.090909091,244.0,0.163636364,79.07454256
4382,4193,Mecanizado,SI,Otro,Algodón,SI,Mecanizada,NO,5860.465116,5.0,46.0,98.0,73000,6,0,0,0,0,0,0,2,1,0,0,0,2,0,0.0,0.0,132.0,0,0.0,0.0,0,0.0,0.0,0,0,0,3,3.0,PLANO O LLANO,PLANO,3.0,5.5,SIN ROCAS,NO,-1.0,-1.0,SI,-1.0,NO,ATERRONADA,NO,NO,NO HAY,LA MANANA Y LA TARDE,NO HAY,NO HAY,NO,SI,40.0,PLANTAS NORMALES,SI,NO,SI,NO,BUENO,40.0,LENTO A MUY LENTO,LENTO,0.0,0.0,0.0,0.0,0.0,0.0,0.0,100.0,0.0,0.0,0.0,0.0,0.0,50.0,50.0,0.0,0.0,0.0,33.08121573,24.4675,28.77435786,8.613715726,15128.72763,0.4,411.7,0.25,80.575,33.26925381,23.88260713,28.57593047,9.386646673,22776.29838,0.293103448,239.9,0.155172414,78.76491249,32.30111437,22.56842206,27.43476822,9.732692308,20678.77653,0.038461538,300.6,0.153846154,79.72238566
4383,4194,Mecanizado,SI,Otro,Maiz,SI,Mecanizada,NO,5767.44186,5.0,47.0,98.0,72500,5,0,0,0,0,0,0,2,1,0,0,0,1,0,0.0,0.0,132.0,0,0.0,0.0,0,0.0,20.0,0,0,0,3,3.0,PLANO O LLANO,PLANO,3.0,5.5,SIN ROCAS,NO,-1.0,-1.0,SI,-1.0,NO,ATERRONADA,NO,NO,NO HAY,LA MANANA Y LA TARDE,NO HAY,NO HAY,NO,SI,38.0,PLANTAS NORMALES,SI,NO,SI,NO,BUENO,41.0,LENTO A MUY LENTO,LENTO,0.0,0.0,0.0,0.0,0.0,0.0,0.0,100.0,0.0,0.0,0.0,0.0,0.0,51.43,48.57,0.0,0.0,0.0,33.08121573,24.4675,28.77435786,8.613715726,15128.72763,0.4,411.7,0.25,80.575,33.26925381,23.88260713,28.57593047,9.386646673,22776.29838,0.293103448,239.9,0.155172414,78.76491249,32.31826384,22.59939592,27.45882988,9.718867925,21081.97397,0.037735849,300.6,0.150943396,79.72722907
4384,4195,Mecanizado,SI,Otro,Maiz,SI,Mecanizada,NO,5462.790698,5.0,46.0,90.0,73000,6,0,0,0,0,0,0,0,2,0,0,0,0,0,0.0,40.0,69.0,0,0.0,0.0,0,20.0,30.0,0,0,1,3,3.0,PLANO O LLANO,PLANO,3.0,5.5,SIN ROCAS,NO,-1.0,-1.0,NO,-1.0,NO,GRANULAR,NO,NO,NO HAY,LA MANANA Y LA TARDE,NO HAY,NO HAY,NO,SI,37.0,PLANTAS NORMALES,SI,NO,SI,NO,BUENO,69.0,BUENO,LENTO,0.0,0.0,0.0,0.0,0.0,0.0,0.0,100.01,0.0,0.0,0.0,0.0,0.0,43.48,56.53,0.0,0.0,0.0,33.2743534,24.4725,28.8734267,8.801853402,15320.62838,0.425,413.8,0.25,80.0,33.23862849,23.79724918,28.51793883,9.44137931,22778.46092,0.275862069,239.0,0.155172414,78.98394956,32.16328744,22.43601471,27.29965107,9.727272727,17571.94948,0.045454545,283.8,0.181818182,79.71821559
4386,4197,Mecanizado,SI,Otro,Maiz,NO,Mecanizada,NO,5180.232558,5.0,47.0,82.0,72000,6,0,0,0,0,0,0,0,2,0,0,0,0,0,0.0,0.0,120.5,0,0.0,0.0,0,0.0,50.0,0,0,0,4,4.0,PLANO O LLANO,PLANO,3.0,5.0,SIN ROCAS,NO,-1.0,-1.0,SI,-1.0,NO,GRANULAR,NO,NO,NO HAY,LA MANANA Y LA TARDE,NO HAY,NO HAY,NO,SI,43.0,PLANTAS NORMALES,SI,NO,SI,NO,BUENO,43.0,LENTO A MUY LENTO,LENTO,0.0,0.0,0.0,0.0,0.0,0.0,0.0,100.0,0.0,0.0,0.0,0.0,0.0,40.0,60.0,0.0,0.0,0.0,33.26871573,24.4675,28.86810786,8.801215726,15353.37098,0.425,414.8,0.25,80.025,33.24459609,23.83381148,28.53920379,9.410784604,22807.70402,0.275862069,238.7,0.155172414,78.96154613,32.49627945,22.65573891,27.57600918,9.840540541,15099.35444,0.054054054,173.0,0.162162162,79.24399539
4387,4198,Mecanizado,SI,Otro,Maiz,NO,Mecanizada,NO,4897.674419,5.0,47.0,52.0,73000,4,0,0,0,0,0,0,0,2,0,0,0,2,0,0.0,0.0,120.5,0,0.0,0.0,0,0.0,50.0,0,0,0,4,4.0,PLANO O LLANO,PLANO,3.0,5.0,SIN ROCAS,NO,-1.0,-1.0,SI,-1.0,NO,GRANULAR,NO,NO,NO HAY,LA MANANA Y LA TARDE,NO HAY,NO HAY,NO,SI,40.0,PLANTAS NORMALES,SI,NO,SI,NO,BUENO,40.0,LENTO A MUY LENTO,LENTO,0.0,0.0,0.0,0.0,0.0,0.0,0.0,100.01,0.0,0.0,0.0,0.0,0.0,46.38,53.63,0.0,0.0,0.0,33.26871573,24.4675,28.86810786,8.801215726,15353.37098,0.425,414.8,0.25,80.025,33.24459609,23.83381148,28.53920379,9.410784604,22807.70402,0.275862069,238.7,0.155172414,78.96154613,32.9992282,22.54208534,27.77065677,10.45714286,2996.360343,0.0,24.3,0.142857143,77.61407395
4388,4199,Mecanizado,SI,Otro,Maiz,NO,Mecanizada,NO,5953.488372,5.0,46.0,102.0,73000,5,0,0,0,0,0,0,0,2,0,0,0,2,0,0.0,0.0,120.5,0,0.0,0.0,0,0.0,20.0,0,0,0,3,3.0,PLANO O LLANO,PLANO,3.0,6.0,SIN ROCAS,NO,-1.0,-1.0,SI,-1.0,NO,ATERRONADA,NO,NO,NO HAY,LA MANANA Y LA TARDE,NO HAY,NO HAY,NO,SI,30.0,PLANTAS NORMALES,SI,NO,SI,SI,REGULAR,30.0,LENTO A MUY LENTO,LENTO,0.0,0.0,0.0,0.0,0.0,0.0,0.0,100.0,0.0,0.0,0.0,0.0,0.0,47.06,52.94,0.0,0.0,0.0,33.29964208,24.75,29.02482104,8.549642083,14874.73422,0.425,347.0,0.175,80.325,33.18314234,23.96411538,28.57362886,9.219026967,22423.28682,0.275862069,262.5,0.172413793,79.05510734,32.42265895,22.59765895,27.51015895,9.825,22695.20799,0.089285714,330.0,0.178571429,79.51268461
4389,4200,Mecanizado,SI,Otro,Algodón,SI,Mecanizada,NO,5651.162791,5.0,47.0,99.0,74000,7,0,0,0,0,0,0,2,2,0,0,0,1,0,57.5,0.0,63.0,0,0.0,0.0,0,0.0,50.0,0,1,0,3,3.0,PLANO O LLANO,PLANO,3.0,5.5,SIN ROCAS,NO,-1.0,-1.0,NO,-1.0,NO,GRANULAR,NO,NO,NO HAY,LA MANANA Y LA TARDE,NO HAY,NO HAY,NO,SI,40.0,PLANTAS NORMALES,SI,NO,SI,NO,BUENO,70.0,BUENO,LENTO,0.0,0.0,0.0,0.0,0.0,0.0,0.0,100.01,0.0,0.0,0.0,0.0,0.0,44.29,55.72,0.0,0.0,0.0,33.3113944,24.5325,28.9219472,8.778894401,15221.05988,0.45,380.8,0.225,80.2,33.13292903,23.89838482,28.51565692,9.234544208,22515.62273,0.24137931,243.1,0.155172414,79.10161833,32.42639134,22.64861356,27.53750245,9.777777778,21638.9829,0.092592593,327.2,0.166666667,79.58977174
4390,4201,Mecanizado,SI,Otro,Maiz,SI,Mecanizada,NO,6122.093023,5.0,46.0,81.0,73000,5,0,0,0,0,0,0,2,2,0,0,0,0,0,0.0,0.0,109.0,0,0.0,0.0,0,0.0,20.0,0,0,0,3,4.0,PLANO O LLANO,PLANO,3.0,5.0,SIN ROCAS,NO,-1.0,-1.0,SI,-1.0,NO,ATERRONADA,NO,NO,NO HAY,LA MANANA Y LA TARDE,NO HAY,NO HAY,NO,SI,38.0,PLANTAS NORMALES,SI,NO,SI,NO,BUENO,38.0,LENTO A MUY LENTO,LENTO,0.0,0.0,0.0,0.0,0.0,0.0,0.0,100.0,0.0,0.0,0.0,0.0,0.0,50.0,50.0,0.0,0.0,0.0,33.3093534,24.4525,28.8809267,8.856853402,15301.82411,0.425,412.8,0.275,80.025,33.29388071,23.76801864,28.53094968,9.525862069,23027.94772,0.275862069,237.7,0.137931034,78.81800081,32.42812528,22.57955385,27.50383957,9.848571429,14274.25079,0.057142857,163.5,0.171428571,79.34198969
4391,4202,Mecanizado,SI,Otro,Maiz,SI,Mecanizada,NO,6122.093023,5.0,46.0,87.0,73000,5,0,0,0,0,0,0,2,1,0,0,1,2,0,0.0,0.0,120.5,0,0.0,0.0,0,0.0,50.0,0,0,0,4,3.0,PLANO O LLANO,PLANO,3.0,5.0,SIN ROCAS,NO,-1.0,-1.0,SI,-1.0,NO,ATERRONADA,NO,NO,NO HAY,LA MANANA Y LA TARDE,NO HAY,NO HAY,NO,SI,37.0,PLANTAS NORMALES,SI,NO,SI,NO,BUENO,37.0,LENTO A MUY LENTO,LENTO,0.0,0.0,0.0,0.0,0.0,0.0,0.0,100.0,0.0,0.0,0.0,0.0,0.0,47.27,52.73,0.0,0.0,0.0,33.07371021,24.5225,28.79810511,8.551210214,15082.02682,0.4,412.1,0.25,80.775,33.23601077,23.88142566,28.55871821,9.35458511,22662.63155,0.275862069,221.8,0.137931034,78.79657692,32.55382386,22.64650678,27.60016532,9.907317073,16779.72485,0.073170732,194.8,0.170731707,79.27346891
4392,4203,Mecanizado,SI,Otro,Maiz,SI,Mecanizada,NO,5933.72093,5.0,47.0,79.0,73000,5,0,0,0,0,0,0,2,1,0,0,1,2,0,0.0,0.0,109.0,0,0.0,0.0,0,0.0,20.0,0,0,0,3,3.0,PLANO O LLANO,PLANO,3.0,5.0,SIN ROCAS,NO,-1.0,-1.0,SI,-1.0,NO,ATERRONADA,NO,NO,NO HAY,LA MANANA Y LA TARDE,NO HAY,NO HAY,NO,SI,42.0,PLANTAS NORMALES,SI,NO,SI,NO,BUENO,42.0,LENTO A MUY LENTO,LENTO,0.0,0.0,0.0,0.0,0.0,0.0,0.0,100.01,0.0,0.0,0.0,0.0,0.0,41.18,58.83,0.0,0.0,0.0,33.3093534,24.4525,28.8809267,8.856853402,15301.82411,0.425,412.8,0.275,80.025,33.29388071,23.76801864,28.53094968,9.525862069,23027.94772,0.275862069,237.7,0.137931034,78.81800081,32.46406837,22.67877425,27.57142131,9.785294118,13875.06549,0.058823529,163.0,0.176470588,79.36333699
4414,4247,Mecanizado,SI,Otro,Maiz,SI,Manual,NO,5462.790698,5.0,46.0,82.0,73000,5,0,0,0,0,0,0,0,2,0,0,0,1,0,0.0,0.0,92.0,0,0.0,0.0,0,0.0,30.0,0,0,0,3,4.0,PLANO O LLANO,PLANO,3.0,5.5,SIN ROCAS,NO,-1.0,-1.0,SI,-1.0,NO,ATERRONADA,NO,NO,NO HAY,LA MANANA Y LA TARDE,NO HAY,NO HAY,NO,SI,35.0,PLANTAS NORMALES,SI,NO,SI,NO,REGULAR,35.0,LENTO A MUY LENTO,LENTO,0.0,0.0,0.0,0.0,0.0,0.0,0.0,67.8,32.2,0.0,0.0,0.0,0.0,32.2,67.8,0.0,0.0,0.0,33.3093534,24.4525,28.8809267,8.856853402,15301.82411,0.425,412.8,0.275,80.025,33.29388071,23.76801864,28.53094968,9.525862069,23027.94772,0.275862069,237.7,0.137931034,78.81800081,32.42388992,22.5627788,27.49333436,9.861111111,14719.78016,0.055555556,166.0,0.166666667,79.31703856
4417,4248,Mecanizado,NO,Otro,Maiz,SI,Manual,NO,5148.837209,5.0,53.0,72.0,"0     NaN
1     NaN
2     NaN
3     NaN
4     NaN
       ..
993   NaN
994   NaN
995   NaN
996   NaN
997   NaN
Name: AREA, Length: 882, dtype: float64",5,0,0,0,0,0,0,0,0,0,0,0,0,0,0.0,0.0,0.0,0,0.0,0.0,0,0.0,0.0,0,0,0,0,4.0,PLANO O LLANO,PLANO,3.0,5.5,SIN ROCAS,NO,-1.0,-1.0,SI,-1.0,NO,ATERRONADA,NO,NO,NO HAY,LA MANANA Y LA TARDE,NO HAY,NO HAY,NO,SI,35.0,PLANTAS NORMALES,SI,NO,SI,NO,REGULAR,35.0,LENTO A MUY LENTO,LENTO,0.0,0.0,0.0,0.0,0.0,0.0,0.0,100.01,0.0,0.0,0.0,0.0,0.0,31.15,68.86,0.0,0.0,0.0,33.3093534,24.4525,28.8809267,8.856853402,15301.82411,0.425,412.8,0.275,80.025,33.29388071,23.76801864,28.53094968,9.525862069,23027.94772,0.275862069,237.7,0.137931034,78.81800081,32.46406837,22.67877425,27.57142131,9.785294118,13875.06549,0.058823529,163.0,0.176470588,79.36333699
4419,4249,Mecanizado,SI,Otro,Maiz,SI,Manual,SI,5302.325581,5.0,46.0,84.0,73000,6,0,0,0,0,0,0,0,1,0,0,0,2,0,0.0,0.0,69.0,0,0.0,0.0,0,0.0,60.0,0,0,0,4,3.0,PLANO O LLANO,PLANO,2.0,5.5,SIN ROCAS,NO,-1.0,-1.0,NO,-1.0,NO,ATERRONADA,NO,NO,NO HAY,LA MANANA Y LA TARDE,NO HAY,NO HAY,NO,SI,41.0,PLANTAS NORMALES,SI,NO,SI,NO,REGULAR,69.0,BUENO,LENTO,0.0,0.0,0.0,0.0,0.0,0.0,0.0,100.0,0.0,0.0,0.0,0.0,0.0,49.28,50.72,0.0,0.0,0.0,33.10621573,24.4675,28.78685786,8.638715726,15224.7496,0.4,414.8,0.25,80.5,33.25931701,23.85715309,28.55823505,9.402163915,22784.94984,0.293103448,235.5,0.155172414,78.88295035,32.52654017,22.68180333,27.60417175,9.844736842,15479.60758,0.052631579,176.2,0.157894737,79.27858906
4421,4250,Mecanizado,SI,Otro,Maiz,SI,Manual,NO,5581.395349,5.0,42.0,86.0,73000,5,0,0,0,0,0,0,0,2,0,0,0,0,0,0.0,0.0,69.0,0,0.0,0.0,0,0.0,60.0,0,0,0,4,3.0,PLANO O LLANO,PLANO,2.0,5.5,SIN ROCAS,NO,-1.0,-1.0,NO,-1.0,NO,ATERRONADA,NO,NO,NO HAY,LA MANANA Y LA TARDE,NO HAY,NO HAY,NO,SI,40.0,PLANTAS NORMALES,SI,NO,SI,NO,REGULAR,68.0,BUENO,LENTO,0.0,0.0,0.0,0.0,0.0,0.0,0.0,100.0,0.0,0.0,0.0,0.0,0.0,51.47,48.53,0.0,0.0,0.0,33.10621573,24.4675,28.78685786,8.638715726,15224.7496,0.4,414.8,0.25,80.5,33.25931701,23.85715309,28.55823505,9.402163915,22784.94984,0.293103448,235.5,0.155172414,78.88295035,32.62716114,22.73549447,27.68132781,9.891666667,14795.5224,0.055555556,176.2,0.166666667,79.10441904
4431,4261,Manual,NO,ADV 9339 (Syngenta),Maiz,SI,Manual,SI,6232.55814,4.0,46.0,81.0,72000,6,0,0,0,0,0,0,0,1,0,0,1,1,0,0.0,0.0,92.0,0,0.0,0.0,0,0.0,0.0,0,0,0,2,3.0,PLANO O LLANO,PLANO,3.0,5.0,SIN ROCAS,NO,-1.0,-1.0,NO,-1.0,NO,ATERRONADA,NO,NO,NO HAY,LA MANANA Y LA TARDE,NO HAY,NO HAY,NO,SI,40.0,PLANTAS NORMALES,SI,NO,SI,NO,BUENO,70.0,BUENO,LENTO,0.0,0.0,0.0,0.0,0.0,0.0,0.0,57.14,42.86,0.0,0.0,0.0,0.0,42.86,57.14,0.0,0.0,0.0,33.3093534,24.4525,28.8809267,8.856853402,15301.82411,0.425,412.8,0.275,80.025,33.29388071,23.76801864,28.53094968,9.525862069,23027.94772,0.275862069,237.7,0.137931034,78.81800081,32.46406837,22.67877425,27.57142131,9.785294118,13875.06549,0.058823529,163.0,0.176470588,79.36333699
4432,4265,Mecanizado,SI,Otro,Maiz,SI,Manual,SI,6122.093023,5.0,46.0,81.0,74000,5,0,0,0,0,0,0,0,2,0,0,0,1,0,0.0,0.0,92.0,0,0.0,0.0,0,0.0,0.0,0,0,0,2,4.0,PLANO O LLANO,PLANO,2.0,5.5,SIN ROCAS,NO,-1.0,-1.0,NO,-1.0,NO,ATERRONADA,NO,NO,NO HAY,LA MANANA Y LA TARDE,NO HAY,NO HAY,NO,SI,37.0,PLANTAS NORMALES,SI,NO,SI,NO,BUENO,70.0,BUENO,LENTO,0.0,0.0,0.0,0.0,0.0,0.0,0.0,100.0,0.0,0.0,0.0,0.0,0.0,45.71,54.29,0.0,0.0,0.0,33.07371021,24.5225,28.79810511,8.551210214,15082.02682,0.4,412.1,0.25,80.775,33.23601077,23.88142566,28.55871821,9.35458511,22662.63155,0.275862069,221.8,0.137931034,78.79657692,32.76213061,22.85070204,27.80641632,9.911428571,14518.15004,0.085714286,183.9,0.2,79.10892983
4433,4270,Mecanizado,SI,Otro,Maiz,SI,Manual,NO,5745.348837,5.0,46.0,79.0,73000,5,0,0,0,0,0,0,0,1,0,0,0,1,0,0.0,0.0,92.0,0,0.0,0.0,0,0.0,0.0,0,0,0,2,3.0,PLANO O LLANO,PLANO,2.0,5.0,SIN ROCAS,NO,-1.0,-1.0,NO,-1.0,NO,ATERRONADA,NO,NO,NO HAY,LA MANANA Y LA TARDE,POCO MARCADAS,NO HAY,NO,SI,38.0,PLANTAS NORMALES,SI,NO,SI,NO,REGULAR,70.0,BUENO,LENTO,0.0,0.0,0.0,0.0,0.0,0.0,0.0,100.0,0.0,0.0,0.0,0.0,0.0,47.14,52.86,0.0,0.0,0.0,33.16276952,24.5375,28.85013476,8.625269522,15197.95813,0.425,412.1,0.25,80.325,33.18559167,23.88208194,28.53383681,9.303509726,22550.01236,0.25862069,216.1,0.137931034,79.0383629,32.9242412,22.84242301,27.88333211,10.08181818,13830.69353,0.121212121,155.5,0.181818182,78.94106132
4434,4275,Mecanizado,SI,P4082 (Pioneer),Maiz,SI,Manual,SI,5556.976744,5.0,46.0,79.0,72000,8,0,0,0,0,0,0,0,1,0,0,0,3,0,0.0,0.0,92.0,0,0.0,0.0,0,0.0,0.0,0,0,0,2,3.0,PLANO O LLANO,PLANO,2.0,5.0,SIN ROCAS,NO,-1.0,-1.0,NO,-1.0,NO,ATERRONADA,NO,NO,NO HAY,LA MANANA Y LA TARDE,NO HAY,NO HAY,NO,SI,36.0,PLANTAS NORMALES,SI,NO,SI,NO,ESPACIADO,60.0,BUENO,LENTO,0.0,0.0,0.0,0.0,0.0,0.0,0.0,100.0,0.0,0.0,0.0,0.0,0.0,40.0,60.0,0.0,0.0,0.0,33.16276952,24.5375,28.85013476,8.625269522,15197.95813,0.425,412.1,0.25,80.325,33.18559167,23.88208194,28.53383681,9.303509726,22550.01236,0.25862069,216.1,0.137931034,79.0383629,32.9242412,22.84242301,27.88333211,10.08181818,13830.69353,0.121212121,155.5,0.181818182,78.94106132
4435,4279,Manual,NO,Otro,Maiz,SI,Manual,SI,5368.604651,5.0,47.0,85.0,70000,7,0,0,0,0,0,0,0,2,0,0,0,2,0,0.0,0.0,69.0,0,0.0,0.0,0,0.0,30.0,0,0,0,3,4.0,PLANO O LLANO,PLANO,3.0,5.0,SIN ROCAS,NO,-1.0,-1.0,SI,-1.0,NO,ATERRONADA,NO,NO,NO HAY,LA MANANA Y LA TARDE,NO HAY,NO HAY,NO,SI,35.0,PLANTAS NORMALES,SI,NO,SI,NO,REGULAR,35.0,LENTO A MUY LENTO,LENTO,0.0,0.0,0.0,0.0,0.0,0.0,0.0,64.52,35.48,0.0,0.0,0.0,0.0,35.48,64.52,0.0,0.0,0.0,33.3113944,24.5325,28.9219472,8.778894401,15221.05988,0.45,380.8,0.225,80.2,33.13292903,23.89838482,28.51565692,9.234544208,22515.62273,0.24137931,243.1,0.155172414,79.10161833,32.78715902,22.87215902,27.82965902,9.915,16542.69617,0.125,204.3,0.175,79.05190857
4436,4280,Mecanizado,SI,Otro,Maiz,NO,Manual,NO,5603.488372,5.0,46.0,86.0,72000,8,0,0,0,0,0,0,0,1,0,0,0,1,0,0.0,0.0,80.5,0,0.0,0.0,0,0.0,30.0,0,0,0,3,3.0,PLANO O LLANO,PLANO,3.0,5.5,SIN ROCAS,NO,-1.0,-1.0,SI,-1.0,NO,ATERRONADA,NO,NO,NO HAY,LA MANANA Y LA TARDE,NO HAY,NO HAY,NO,SI,39.0,PLANTAS NORMALES,SI,NO,SI,NO,REGULAR,39.0,LENTO A MUY LENTO,LENTO,0.0,0.0,0.0,0.0,0.0,0.0,0.0,100.0,0.0,0.0,0.0,0.0,0.0,35.0,65.0,0.0,0.0,0.0,33.1393534,24.2325,28.6859267,8.906853402,15322.65155,0.375,395.4,0.25,79.925,33.33371834,23.71992523,28.52682179,9.613793103,23404.9477,0.25862069,245.1,0.155172414,78.58738264,32.04829179,22.44079179,27.24454179,9.6075,15697.3517,0.05,268.2,0.175,80.1948358
4437,4281,Mecanizado,SI,P4082 (Pioneer),Maiz,SI,Manual,NO,5236.046512,5.0,46.0,86.0,72000,6,0,0,0,0,0,0,0,1,0,0,0,4,0,0.0,0.0,92.0,0,0.0,0.0,0,0.0,0.0,0,0,0,2,3.0,PLANO O LLANO,PLANO,3.0,5.0,SIN ROCAS,NO,-1.0,-1.0,SI,-1.0,NO,ATERRONADA,NO,NO,NO HAY,LA MANANA Y LA TARDE,NO HAY,NO HAY,NO,SI,38.0,PLANTAS NORMALES,SI,NO,SI,NO,BUENO,38.0,LENTO A MUY LENTO,LENTO,0.0,0.0,0.0,0.0,0.0,0.0,0.0,65.22,34.78,0.0,0.0,0.0,0.0,34.78,65.22,0.0,0.0,0.0,33.07371021,24.5225,28.79810511,8.551210214,15082.02682,0.4,412.1,0.25,80.775,33.23601077,23.88142566,28.55871821,9.35458511,22662.63155,0.275862069,221.8,0.137931034,78.79657692,32.58751795,22.73251795,27.66001795,9.855,16380.53954,0.075,194.3,0.175,79.28990109
4438,4282,Mecanizado,SI,P4082 (Pioneer),Maiz,NO,Manual,SI,5274.418605,5.0,45.0,87.0,72000,5,0,0,0,0,0,0,0,1,0,0,0,2,0,0.0,0.0,80.5,0,0.0,0.0,0,0.0,30.0,0,0,0,3,3.0,PLANO O LLANO,PLANO,3.0,5.5,SIN ROCAS,NO,-1.0,-1.0,NO,-1.0,NO,ATERRONADA,NO,NO,NO HAY,LA MANANA Y LA TARDE,NO HAY,NO HAY,NO,SI,37.0,PLANTAS NORMALES,SI,NO,SI,NO,REGULAR,67.0,BUENO,LENTO,0.0,0.0,0.0,0.0,0.0,0.0,0.0,100.0,0.0,0.0,0.0,0.0,0.0,32.84,67.16,0.0,0.0,0.0,33.1268534,24.1875,28.6571767,8.939353402,15355.27158,0.375,426.4,0.275,79.975,33.35760664,23.72312388,28.54036526,9.634482759,23476.86292,0.25862069,214.1,0.137931034,78.52183436,32.05422931,22.47172931,27.26297931,9.5825,15609.70137,0.05,268.2,0.175,80.13176215
4439,4283,Mecanizado,SI,Otro,Maiz,NO,Manual,SI,5511.627907,5.0,46.0,85.0,73000,5,0,0,0,0,0,0,0,1,0,0,0,2,0,0.0,0.0,92.0,0,0.0,0.0,0,0.0,0.0,0,0,0,2,3.0,PLANO O LLANO,PLANO,3.0,5.0,SIN ROCAS,NO,-1.0,-1.0,SI,-1.0,NO,ATERRONADA,NO,NO,NO HAY,LA MANANA Y LA TARDE,NO HAY,NO HAY,NO,SI,40.0,PLANTAS NORMALES,SI,NO,SI,NO,REGULAR,40.0,LENTO A MUY LENTO,LENTO,0.0,0.0,0.0,0.0,0.0,0.0,0.0,63.38,36.62,0.0,0.0,0.0,0.0,36.62,63.38,0.0,0.0,0.0,33.16276952,24.5375,28.85013476,8.625269522,15197.95813,0.425,412.1,0.25,80.325,33.18559167,23.88208194,28.53383681,9.303509726,22550.01236,0.25862069,216.1,0.137931034,79.0383629,32.75466481,22.83158789,27.79312635,9.923076923,16124.38064,0.102564103,200.0,0.179487179,79.07038866
4440,4284,Mecanizado,SI,Otro,Maiz,NO,Manual,SI,5462.790698,5.0,46.0,80.0,73000,5,0,0,0,0,0,0,0,1,0,0,0,2,0,0.0,0.0,92.0,0,0.0,0.0,0,0.0,0.0,0,0,0,2,3.0,PLANO O LLANO,PLANO,3.0,5.5,SIN ROCAS,NO,-1.0,-1.0,SI,-1.0,NO,ATERRONADA,NO,NO,NO HAY,LA MANANA Y LA TARDE,NO HAY,NO HAY,NO,SI,40.0,PLANTAS NORMALES,NO,SI,NO,SI,BUENO,40.0,LENTO A MUY LENTO,LENTO,0.0,0.0,0.0,0.0,0.0,0.0,0.0,58.33,41.67,0.0,0.0,0.0,0.0,41.67,58.33,0.0,0.0,0.0,33.07371021,24.5225,28.79810511,8.551210214,15082.02682,0.4,412.1,0.25,80.775,33.23601077,23.88142566,28.55871821,9.35458511,22662.63155,0.275862069,221.8,0.137931034,78.79657692,32.77815777,22.85756954,27.81786365,9.920588235,14122.33862,0.088235294,179.4,0.205882353,79.11073148
4441,4286,Manual,NO,P4082 (Pioneer),Maiz,NO,Manual,SI,5395.348837,4.0,46.0,85.0,65000,4,0,0,0,0,0,0,0,1,0,0,0,4,0,0.0,0.0,80.5,0,0.0,0.0,0,0.0,0.0,0,0,0,2,3.0,PLANO O LLANO,PLANO,2.0,5.5,SIN ROCAS,NO,-1.0,-1.0,NO,-1.0,NO,ATERRONADA,NO,NO,NO HAY,LA MANANA Y LA TARDE,NO HAY,NO HAY,NO,SI,40.0,PLANTAS NORMALES,SI,NO,SI,NO,BUENO,72.0,BUENO,LENTO,0.0,0.0,0.0,0.0,0.0,0.0,0.0,100.0,0.0,0.0,0.0,0.0,0.0,51.39,48.61,0.0,0.0,0.0,33.3113944,24.5325,28.9219472,8.778894401,15221.05988,0.45,380.8,0.225,80.2,33.13292903,23.89838482,28.51565692,9.234544208,22515.62273,0.24137931,243.1,0.155172414,79.10161833,32.86130642,22.9270959,27.89420116,9.934210526,15800.24485,0.131578947,193.9,0.184210526,78.9979402
4443,4287,Mecanizado,SI,Otro,Maiz,NO,Manual,SI,6046.511628,5.0,46.0,84.0,72000,5,0,0,0,0,0,0,0,1,0,0,0,0,0,0.0,0.0,92.0,0,0.0,0.0,0,0.0,0.0,0,0,0,2,3.0,PLANO O LLANO,PLANO,3.0,5.5,SIN ROCAS,NO,-1.0,-1.0,SI,-1.0,NO,ATERRONADA,NO,NO,NO HAY,LA MANANA Y LA TARDE,NO HAY,NO HAY,NO,SI,35.0,PLANTAS NORMALES,SI,NO,SI,NO,BUENO,35.0,LENTO A MUY LENTO,LENTO,0.0,0.0,0.0,0.0,0.0,0.0,0.0,53.43000000000001,46.58,0.0,0.0,0.0,0.0,46.58,53.43000000000001,0.0,0.0,0.0,33.16276952,24.5375,28.85013476,8.625269522,15197.95813,0.425,412.1,0.25,80.325,33.18559167,23.88208194,28.53383681,9.303509726,22550.01236,0.25862069,216.1,0.137931034,79.0383629,32.78750555,22.86908449,27.82829502,9.918421053,15735.53097,0.105263158,195.1,0.184210526,79.05190817
4444,4288,Manual,NO,Otro,Maiz,NO,Manual,NO,5787.209302,4.0,45.0,86.0,65000,4,0,0,0,0,0,0,0,1,0,0,0,2,0,0.0,0.0,80.5,0,0.0,0.0,0,0.0,0.0,0,0,0,2,3.0,PLANO O LLANO,PLANO,2.0,5.5,SIN ROCAS,NO,-1.0,-1.0,NO,-1.0,NO,ATERRONADA,NO,NO,NO HAY,LA MANANA Y LA TARDE,NO HAY,NO HAY,NO,SI,35.0,PLANTAS NORMALES,SI,NO,SI,NO,BUENO,69.0,BUENO,LENTO,0.0,0.0,0.0,0.0,0.0,0.0,0.0,100.0,0.0,0.0,0.0,0.0,0.0,50.72,49.28,0.0,0.0,0.0,33.2938944,24.605,28.9494472,8.688894401,15050.73793,0.425,362.8,0.2,80.35,33.1537803,23.90371885,28.52874957,9.25006145,22467.56048,0.25862069,246.7,0.155172414,79.05559148,32.89116734,22.95695682,27.92406208,9.934210526,15907.02326,0.131578947,203.8,0.210526316,78.9932112
4445,4289,Mecanizado,SI,P4082 (Pioneer),Maiz,NO,Manual,SI,5488.372093,9.0,41.0,87.0,72000,6,0,0,0,0,0,0,0,1,0,0,0,2,0,0.0,0.0,92.0,0,0.0,0.0,0,0.0,30.0,0,0,0,3,3.0,PLANO O LLANO,PLANO,2.0,5.0,SIN ROCAS,NO,-1.0,-1.0,NO,-1.0,NO,ATERRONADA,NO,NO,NO HAY,LA MANANA Y LA TARDE,NO HAY,NO HAY,NO,SI,40.0,PLANTAS NORMALES,SI,NO,SI,NO,BUENO,71.0,BUENO,LENTO,0.0,0.0,0.0,0.0,0.0,0.0,0.0,100.0,0.0,0.0,0.0,0.0,0.0,47.89,52.11,0.0,0.0,0.0,33.10621573,24.4675,28.78685786,8.638715726,15224.7496,0.4,414.8,0.25,80.5,33.25931701,23.85715309,28.55823505,9.402163915,22784.94984,0.293103448,235.5,0.155172414,78.88295035,32.48725597,22.57725597,27.53225597,9.91,16324.32226,0.05,179.2,0.15,79.24115787
4500,4328,Mecanizado,NO,DK 234 YGRR,Maiz,NO,Mecanizada,NO,7487.790698,6.0,45.0,83.0,70000,17,0,0,0,0,0,0,1,1,0,0,0,1,0,0.0,0.0,138.0,0,0.0,0.0,0,0.0,30.0,0,0,0,4,2.0,PLANO O LLANO,PLANO,2.0,6.0,SIN ROCAS,NO,-1.0,-1.0,NO,-1.0,NO,ATERRONADA,NO,NO,NO HAY,LA MANANA Y LA TARDE,NO HAY,NO HAY,NO,SI,31.0,PLANTAS NORMALES,NO,NO,SI,NO,BUENO,60.0,BUENO,NINGUNO,0.0,0.0,0.0,0.0,0.0,0.0,0.0,100.0,0.0,0.0,0.0,0.0,0.0,63.33,36.67,0.0,0.0,0.0,33.08121573,24.4675,28.77435786,8.613715726,15128.72763,0.4,411.7,0.25,80.575,33.26925381,23.88260713,28.57593047,9.386646673,22776.29838,0.293103448,239.9,0.155172414,78.76491249,32.64868829,22.75139099,27.70003964,9.897297297,15245.73459,0.054054054,176.2,0.162162162,79.15149408
4501,4327,Mecanizado,NO,P3966 (Pioneer),Maiz,SI,Mecanizada,NO,7913.953488,6.0,49.0,79.0,75000,17,0,0,0,0,0,0,2,1,0,0,0,2,0,0.0,15.0,92.0,0,15.0,0.0,0,15.0,30.0,0,0,1,3,3.0,PLANO O LLANO,PLANO,2.0,6.0,SIN ROCAS,NO,-1.0,-1.0,NO,-1.0,NO,ATERRONADA,NO,NO,NO HAY,LA MANANA Y LA TARDE,NO HAY,NO HAY,NO,SI,24.0,PLANTAS NORMALES,NO,NO,SI,NO,REGULAR,60.0,BUENO,LENTO,0.0,0.0,0.0,0.0,0.0,0.0,0.0,100.0,0.0,0.0,0.0,0.0,0.0,53.33,46.67,0.0,0.0,0.0,33.1118534,24.1775,28.6446767,8.934353402,15207.064,0.375,426.4,0.275,80.0,33.34402059,23.66471024,28.50436542,9.679310345,23722.31975,0.25862069,214.1,0.137931034,78.5136013,31.93065246,22.40632814,27.1684903,9.524324324,14311.32933,0.027027027,268.2,0.189189189,80.29926351
4502,4368,Mecanizado,NO,P3966 (Pioneer),Maiz,NO,Mecanizada,NO,5826.348837,6.0,49.0,87.0,60000,17,0,0,0,0,0,0,2,1,0,0,0,2,0,0.0,0.0,48.0,0,0.0,5.0,0,0.0,20.0,0,0,0,2,2.0,PLANO O LLANO,PLANO,3.0,5.5,SIN ROCAS,NO,-1.0,-1.0,NO,-1.0,NO,MASIVA,NO,NO,NO HAY,LA MANANA Y LA TARDE,NO HAY,NO HAY,NO,SI,32.0,PLANTAS NORMALES,SI,NO,SI,NO,BUENO,32.0,BUENO,NINGUNO,0.0,66.15,0.0,0.0,0.0,0.0,0.0,33.85,0.0,0.0,0.0,0.0,0.0,33.85,66.15,0.0,0.0,0.0,33.0493534,24.1825,28.6159267,8.866853402,15241.3287,0.35,426.4,0.275,80.05,33.37952114,23.71227976,28.54590045,9.667241379,23601.26368,0.275862069,214.1,0.137931034,78.4771731,32.16799516,22.66799516,27.41799516,9.5,17490.80043,0.022222222,296.2,0.2,80.0331148
4503,4376,Mecanizado,NO,Otro,Maiz,NO,Mecanizada,NO,7913.953488,6.0,47.0,81.0,72000,16,0,0,0,0,0,0,1,1,0,0,0,1,0,0.0,0.0,138.0,0,0.0,0.0,0,0.0,30.0,0,0,0,4,3.0,PLANO O LLANO,PLANO,2.0,6.0,SIN ROCAS,NO,-1.0,-1.0,NO,-1.0,NO,ATERRONADA,NO,NO,NO HAY,LA MANANA Y LA TARDE,NO HAY,NO HAY,NO,SI,18.0,PLANTAS NORMALES,SI,NO,SI,NO,REGULAR,60.0,BUENO,LENTO,0.0,41.67,0.0,0.0,0.0,0.0,0.0,58.33,0.0,0.0,0.0,0.0,0.0,58.33,41.67,0.0,0.0,0.0,33.08121573,24.4675,28.77435786,8.613715726,15128.72763,0.4,411.7,0.25,80.575,33.26925381,23.88260713,28.57593047,9.386646673,22776.29838,0.293103448,239.9,0.155172414,78.76491249,32.64868829,22.75139099,27.70003964,9.897297297,15245.73459,0.054054054,176.2,0.162162162,79.15149408
4504,4371,Mecanizado,NO,P3966 (Pioneer),Maiz,NO,Mecanizada,NO,5987.906977,6.0,41.0,82.0,60000,17,0,1,0,0,0,0,0,0,1,0,0,2,1,0.0,0.0,92.0,0,0.0,0.0,0,0.0,0.0,0,0,0,2,3.0,PLANO O LLANO,PLANO,2.0,6.0,SIN ROCAS,NO,-1.0,-1.0,NO,-1.0,NO,MASIVA,NO,NO,NO HAY,LA MANANA Y LA TARDE,NO HAY,NO HAY,NO,SI,31.0,PLANTAS NORMALES,NO,NO,SI,NO,REGULAR,31.0,BUENO,LENTO,0.0,100.0,0.0,0.0,0.0,0.0,0.0,0.0,0.0,0.0,0.0,0.0,0.0,0.0,100.0,0.0,0.0,0.0,33.1268534,24.1875,28.6571767,8.939353402,15355.27158,0.375,426.4,0.275,79.975,33.35760664,23.72312388,28.54036526,9.634482759,23476.86292,0.25862069,214.1,0.137931034,78.52183436,32.24803643,22.43553643,27.34178643,9.8125,12866.83924,0.0625,151.7,0.15625,79.54005627
4505,4377,Mecanizado,NO,Otro,Maiz,NO,Mecanizada,NO,7063.953488,6.0,50.0,81.0,70000,13,0,0,0,0,0,0,0,1,0,0,0,2,0,0.0,0.0,109.0,0,0.0,0.0,0,0.0,20.0,0,0,0,3,7.0,ONDULADO,PLANO,2.0,5.5,SIN ROCAS,NO,-1.0,-1.0,NO,-1.0,NO,ATERRONADA,NO,NO,NO HAY,LA MANANA Y LA TARDE,NO HAY,NO HAY,NO,SI,18.0,POCO AFECTADAS,NO,NO,NO,NO,BUENO,60.0,BUENO,LENTO,0.0,100.0,0.0,0.0,0.0,0.0,0.0,0.0,0.0,0.0,0.0,0.0,0.0,0.0,100.0,0.0,0.0,0.0,32.81,23.635,28.2225,9.175,16632.03131,0.25,350.1,0.25,83.86256302,32.47126336,23.12643577,27.79884956,9.344827586,23941.85212,0.120689655,138.6,0.086206897,83.08208436,31.67778375,23.54278375,27.61028375,8.135,15438.34629,0.0,155.2,0.1,83.32792677
4506,4369,Mecanizado,NO,Otro,Maiz,SI,Mecanizada,NO,5411.046512,7.0,48.0,76.0,60000,18,0,0,0,0,0,0,0,1,0,0,0,2,0,0.0,0.0,92.0,0,0.0,0.0,0,0.0,30.0,0,0,0,3,2.0,PLANO O LLANO,PLANO,2.0,5.5,SIN ROCAS,NO,-1.0,-1.0,NO,-1.0,NO,MASIVA,NO,NO,NO HAY,LA MANANA Y LA TARDE,NO HAY,NO HAY,NO,SI,28.0,PLANTAS NORMALES,NO,NO,SI,SI,BUENO,28.0,BUENO,NINGUNO,0.0,0.0,0.0,46.15,53.85,0.0,0.0,0.0,0.0,0.0,0.0,0.0,0.0,53.85,46.15,0.0,0.0,0.0,33.1393534,24.2325,28.6859267,8.906853402,15322.65155,0.375,395.4,0.25,79.925,33.33371834,23.71992523,28.52682179,9.613793103,23404.9477,0.25862069,245.1,0.155172414,78.58738264,32.17813786,22.41637315,27.29725551,9.761764706,13561.46147,0.058823529,151.7,0.147058824,79.78609
4507,4372,Mecanizado,NO,P4082 (Pioneer),Maiz,SI,Mecanizada,NO,6122.093023,8.0,41.0,87.0,60000,17,1,0,0,0,0,0,2,1,0,0,1,1,0,0.0,0.0,92.0,0,0.0,0.0,0,0.0,30.0,0,0,0,3,3.0,PLANO O LLANO,PLANO,2.0,6.0,SIN ROCAS,NO,-1.0,-1.0,NO,-1.0,NO,ATERRONADA,NO,NO,NO HAY,LA MANANA Y LA TARDE,NO HAY,NO HAY,NO,SI,24.0,PLANTAS NORMALES,NO,NO,SI,NO,REGULAR,60.0,BUENO,LENTO,0.0,53.33,0.0,0.0,0.0,0.0,0.0,46.67,0.0,0.0,0.0,0.0,0.0,46.67,53.33,0.0,0.0,0.0,33.1268534,24.1875,28.6571767,8.939353402,15355.27158,0.375,426.4,0.275,79.975,33.35760664,23.72312388,28.54036526,9.634482759,23476.86292,0.25862069,214.1,0.137931034,78.52183436,32.01400385,22.43708077,27.22554231,9.576923077,15243.87958,0.051282051,268.2,0.179487179,80.19474955
4508,4378,Mecanizado,SI,Otro,Maiz,NO,Mecanizada,NO,6418.604651,7.0,47.0,84.0,70000,18,0,0,0,0,0,0,0,0,0,0,0,3,0,0.0,0.0,138.0,0,0.0,0.0,0,0.0,30.0,0,0,0,4,4.0,PLANO O LLANO,PLANO,2.0,6.0,SIN ROCAS,NO,-1.0,-1.0,NO,-1.0,NO,GRANULAR,NO,NO,NO HAY,LA MANANA Y LA TARDE,NO HAY,NO HAY,NO,SI,38.0,PLANTAS NORMALES,NO,NO,SI,NO,REGULAR,60.0,BUENO,LENTO,0.0,0.0,0.0,0.0,0.0,0.0,45.0,0.0,0.0,55.0,0.0,0.0,0.0,100.0,0.0,0.0,0.0,0.0,33.16276952,24.5375,28.85013476,8.625269522,15197.95813,0.425,412.1,0.25,80.325,33.18559167,23.88208194,28.53383681,9.303509726,22550.01236,0.25862069,216.1,0.137931034,79.0383629,32.65518666,22.77713788,27.71616227,9.87804878,16808.46583,0.097560976,200.0,0.170731707,79.23347455
4509,4379,Manual,NO,Otro,Maiz,NO,Manual,NO,5581.395349,5.0,47.0,81.0,62000,16,0,0,0,0,0,0,0,0,0,0,0,3,0,0.0,0.0,99.0,0,0.0,10.0,0,0.0,20.0,0,0,0,3,3.0,PLANO O LLANO,PLANO,3.0,6.0,SIN ROCAS,NO,-1.0,-1.0,NO,-1.0,NO,ATERRONADA,NO,NO,NO HAY,LA MANANA Y LA TARDE,NO HAY,NO HAY,NO,SI,20.0,PLANTAS NORMALES,NO,NO,SI,NO,BUENO,60.0,BUENO,LENTO,0.0,36.67,0.0,0.0,0.0,0.0,0.0,63.33,0.0,0.0,0.0,0.0,0.0,63.33,36.67,0.0,0.0,0.0,32.73,23.43,28.08,9.3,16597.03254,0.2,334.7,0.225,83.66416666,32.27232798,23.03094867,27.65163833,9.24137931,23628.04026,0.103448276,127.8,0.068965517,83.16983325,31.84582227,23.64026672,27.74304449,8.205555556,14105.22027,0.0,150.7,0.111111111,83.14760027
4510,4370,Mecanizado,NO,DK 234 YGRR,Maiz,SI,Mecanizada,NO,5925.813953,6.0,48.0,85.0,60000,15,0,0,0,0,0,0,0,1,0,0,0,2,0,0.0,0.0,92.0,0,0.0,0.0,0,0.0,30.0,0,0,0,3,2.0,PLANO O LLANO,PLANO,2.0,6.0,SIN ROCAS,NO,-1.0,-1.0,SI,-1.0,NO,MASIVA,NO,NO,NO HAY,LA MANANA Y LA TARDE,NO HAY,NO HAY,NO,NO,-1.0,PLANTAS NORMALES,NO,NO,SI,NO,BUENO,0.0,LENTO A MUY LENTO,NINGUNO,0.0,100.0,0.0,0.0,0.0,0.0,0.0,0.0,0.0,0.0,0.0,0.0,0.0,0.0,100.0,0.0,0.0,0.0,33.1393534,24.2325,28.6859267,8.906853402,15322.65155,0.375,395.4,0.25,79.925,33.33371834,23.71992523,28.52682179,9.613793103,23404.9477,0.25862069,245.1,0.155172414,78.58738264,32.13037591,22.50418543,27.31728067,9.626190476,16515.19564,0.047619048,271.6,0.166666667,79.99222247
4511,4380,Manual,NO,Otro,Maiz,SI,Manual,NO,5106.976744,6.0,49.0,79.0,61000,17,0,0,0,0,0,0,2,0,0,0,0,2,0,0.0,0.0,120.5,0,0.0,10.0,0,0.0,40.0,0,0,0,4,4.0,PLANO O LLANO,PLANO,2.0,5.5,SIN ROCAS,NO,-1.0,-1.0,NO,-1.0,NO,ATERRONADA,NO,NO,NO HAY,LA MANANA Y LA TARDE,NO HAY,NO HAY,NO,SI,27.0,POCO AFECTADAS,NO,NO,SI,NO,REGULAR,60.0,BUENO,LENTO,0.0,58.33,0.0,0.0,0.0,0.0,0.0,41.67,0.0,0.0,0.0,0.0,0.0,41.67,58.33,0.0,0.0,0.0,33.0368534,24.1325,28.5846767,8.904353402,15154.32495,0.375,416.1,0.275,80.175,33.20951358,23.55089289,28.38020324,9.65862069,23775.15116,0.206896552,239.0,0.155172414,78.67060047,31.98371279,22.48641549,27.23506414,9.497297297,14215.08853,0.027027027,248.2,0.162162162,80.10903113
4512,4360,Mecanizado,NO,Otro,Maiz,SI,Mecanizada,NO,5050.255814,4.0,49.0,95.0,60000,17,0,0,0,0,0,0,0,2,0,0,0,1,1,0.0,0.0,120.5,0,0.0,0.0,0,0.0,50.0,0,0,0,4,4.0,PLANO O LLANO,PLANO,2.0,6.0,SIN ROCAS,NO,-1.0,-1.0,NO,-1.0,NO,ATERRONADA,NO,NO,NO HAY,LA MANANA Y LA TARDE,NO HAY,NO HAY,NO,SI,25.0,PLANTAS NORMALES,NO,NO,SI,NO,REGULAR,60.0,BUENO,LENTO,0.0,0.0,0.0,0.0,0.0,0.0,0.0,100.0,0.0,0.0,0.0,0.0,0.0,45.0,55.0,0.0,0.0,0.0,32.93745279,24.08559939,28.51152609,8.851853402,15010.43899,0.35,409.4,0.275,80.36181635,33.2271233,23.5271233,28.3771233,9.7,23864.02633,0.206896552,249.3,0.172413793,78.58628039,32.16151155,22.77915861,27.47033508,9.382352941,19578.07944,0.019607843,329.8,0.176470588,80.17362829
4514,4382,Manual,SI,Otro,Maiz,NO,Manual,NO,5764.186047,7.0,48.0,95.0,65000,17,0,0,0,0,0,0,0,1,0,0,0,2,0,0.0,0.0,115.0,0,0.0,0.0,0,0.0,0.0,0,0,0,3,2.0,PLANO O LLANO,PLANO,2.0,5.5,SIN ROCAS,NO,-1.0,-1.0,NO,-1.0,NO,ATERRONADA,NO,NO,NO HAY,LA MANANA Y LA TARDE,NO HAY,NO HAY,NO,SI,31.0,POCO AFECTADAS,NO,NO,SI,NO,REGULAR,60.0,BUENO,NINGUNO,0.0,100.0,0.0,0.0,0.0,0.0,0.0,0.0,0.0,0.0,0.0,0.0,0.0,0.0,100.0,0.0,0.0,0.0,33.0493534,24.1375,28.5934267,8.911853402,15174.77123,0.375,422.8,0.275,80.05,33.27283493,23.59352458,28.43317975,9.679310345,23796.33502,0.224137931,239.0,0.155172414,78.63161833,32.14358094,22.76244887,27.45301491,9.381132075,20359.51822,0.018867925,340.1,0.188679245,80.18298296
4515,4296,Manual,SI,Otro,Maiz,NO,Mecanizada,NO,5441.860465,6.0,48.0,83.0,60000,17,0,0,0,0,0,0,0,1,0,0,0,2,0,0.0,0.0,115.0,0,0.0,0.0,0,0.0,0.0,0,0,0,2,2.0,PLANO O LLANO,PLANO,2.0,6.0,SIN ROCAS,NO,-1.0,-1.0,NO,-1.0,NO,GRANULAR,NO,NO,NO HAY,LA MANANA Y LA TARDE,NO HAY,NO HAY,NO,SI,24.0,PLANTAS NORMALES,SI,NO,SI,SI,REGULAR,60.0,BUENO,NINGUNO,0.0,100.0,0.0,0.0,0.0,0.0,0.0,0.0,0.0,0.0,0.0,0.0,0.0,0.0,100.0,0.0,0.0,0.0,33.2993534,24.2925,28.7959267,9.006853402,15429.55358,0.4,395.4,0.25,79.875,33.2580664,23.69254915,28.47530777,9.565517241,23213.60652,0.25862069,245.1,0.155172414,78.7384277,32.08299355,22.45799355,27.27049355,9.625,15767.31241,0.05,260.0,0.175,80.05194394
4517,4293,Manual,NO,ADV 9293 (Syngenta),Maiz,SI,Mecanizada,NO,5180.232558,4.0,36.0,90.0,62000,16,0,0,0,0,0,0,0,1,0,0,0,2,0,0.0,0.0,92.0,0,0.0,0.0,0,0.0,30.0,0,0,0,3,2.0,PLANO O LLANO,PLANO,3.0,5.5,SIN ROCAS,NO,-1.0,-1.0,NO,-1.0,NO,ATERRONADA,NO,NO,NO HAY,LA MANANA Y LA TARDE,NO HAY,NO HAY,NO,SI,30.0,POCO AFECTADAS,NO,NO,SI,NO,REGULAR,65.0,BUENO,NINGUNO,0.0,30.77,0.0,0.0,0.0,0.0,0.0,69.23,0.0,0.0,0.0,0.0,0.0,40.0,60.0,0.0,0.0,0.0,32.93745279,24.08559939,28.51152609,8.851853402,15010.43899,0.35,409.4,0.275,80.36181635,33.2271233,23.5271233,28.3771233,9.7,23864.02633,0.206896552,249.3,0.172413793,78.58628039,31.88455177,22.37243056,27.12849116,9.512121212,12684.80077,0.03030303,233.0,0.151515152,80.31468814
4526,4223,Mecanizado,NO,Cerato (Syngenta),Algodón,SI,Mecanizada,NO,7103.488372,6.0,50.0,82.0,61000,17,0,0,0,0,0,0,0,2,0,0,0,3,0,0.0,0.0,92.0,0,0.0,0.0,0,0.0,0.0,0,0,0,2,2.0,PLANO O LLANO,PLANO,3.0,5.5,SIN ROCAS,NO,-1.0,-1.0,NO,-1.0,NO,ATERRONADA,NO,NO,NO HAY,LA MANANA Y LA TARDE,NO HAY,NO HAY,NO,SI,26.0,PLANTAS NORMALES,SI,NO,SI,NO,BUENO,60.0,BUENO,NINGUNO,0.0,0.0,0.0,0.0,0.0,0.0,0.0,100.0,0.0,0.0,0.0,0.0,0.0,33.33,66.67,0.0,0.0,0.0,33.10621573,24.4675,28.78685786,8.638715726,15224.7496,0.4,414.8,0.25,80.5,33.25931701,23.85715309,28.55823505,9.402163915,22784.94984,0.293103448,235.5,0.155172414,78.88295035,32.43813345,22.48691394,27.4625237,9.951219512,16696.92485,0.048780488,179.2,0.146341463,79.25212373
4530,4207,Manual,NO,PIONEER 30F35 H,Maiz,SI,Manual,NO,4672.093023,6.0,48.0,82.0,65000,16,0,0,0,0,0,0,0,2,0,0,0,2,0,0.0,0.0,69.0,0,0.0,0.0,0,0.0,60.0,0,0,0,4,2.0,PLANO O LLANO,PLANO,2.0,6.0,SIN ROCAS,NO,-1.0,-1.0,NO,-1.0,NO,ATERRONADA,NO,NO,NO HAY,LA MANANA Y LA TARDE,NO HAY,NO HAY,NO,SI,17.0,POCO AFECTADAS,NO,NO,NO,NO,REGULAR,65.0,BUENO,NINGUNO,0.0,100.0,0.0,0.0,0.0,0.0,0.0,0.0,0.0,0.0,0.0,0.0,0.0,0.0,100.0,0.0,0.0,0.0,33.3093534,24.4525,28.8809267,8.856853402,15301.82411,0.425,412.8,0.275,80.025,33.29388071,23.76801864,28.53094968,9.525862069,23027.94772,0.275862069,237.7,0.137931034,78.81800081,32.24627824,22.41807311,27.33217568,9.828205128,15704.26152,0.051282051,166.0,0.153846154,79.59149752
4538,4366,Manual,NO,Otro,Maiz,SI,Manual,NO,4539.767442,6.0,50.0,75.0,60000,17,0,0,0,0,0,0,0,1,0,0,0,2,0,0.0,0.0,69.0,0,0.0,0.0,0,0.0,0.0,0,0,0,2,2.0,PLANO O LLANO,PLANO,2.0,6.0,SIN ROCAS,NO,-1.0,-1.0,NO,-1.0,NO,ATERRONADA,NO,NO,NO HAY,LA MANANA Y LA TARDE,NO HAY,NO HAY,NO,SI,24.0,PLANTAS NORMALES,NO,NO,SI,NO,REGULAR,60.0,BUENO,NINGUNO,0.0,46.67,0.0,0.0,0.0,0.0,0.0,53.33,0.0,0.0,0.0,0.0,0.0,53.33,46.67,0.0,0.0,0.0,33.0743534,24.1925,28.6334267,8.881853402,15123.25457,0.375,426.4,0.275,79.975,33.31804976,23.61804976,28.46804976,9.7,23832.89625,0.24137931,220.9,0.137931034,78.59769541,31.85524156,22.35230039,27.10377098,9.502941176,13090.77437,0.029411765,253.2,0.205882353,80.17659491
4541,4367,Mecanizado,NO,Otro,Maiz,NO,Mecanizada,NO,5963.860465,5.0,48.0,88.0,60000,17,0,0,0,0,0,0,2,0,0,0,0,1,0,0.0,0.0,106.0,0,0.0,0.0,0,0.0,30.0,0,0,0,2,4.0,PLANO O LLANO,PLANO,2.0,6.0,SIN ROCAS,NO,-1.0,-1.0,NO,-1.0,NO,GRANULAR,NO,NO,NO HAY,LA MANANA Y LA TARDE,NO HAY,POCO MARCADAS,NO,SI,28.0,PLANTAS NORMALES,NO,NO,SI,NO,BUENO,65.0,BUENO,LENTO,0.0,100.0,0.0,0.0,0.0,0.0,0.0,0.0,0.0,0.0,0.0,0.0,0.0,0.0,100.0,0.0,0.0,0.0,33.0493534,24.1825,28.6159267,8.866853402,15241.3287,0.35,426.4,0.275,80.05,33.37952114,23.71227976,28.54590045,9.667241379,23601.26368,0.275862069,214.1,0.137931034,78.4771731,32.14153837,22.63699291,27.38926564,9.504545455,17078.79262,0.022727273,283.3,0.181818182,80.03730179
4543,4324,Mecanizado,NO,Otro,Algodón,SI,Mecanizada,NO,6674.418605,5.0,52.0,80.0,70000,18,0,0,0,0,0,0,0,0,0,0,0,2,0,0.0,0.0,80.5,0,0.0,0.0,0,0.0,0.0,0,0,0,2,3.0,PLANO O LLANO,PLANO,2.0,6.0,SIN ROCAS,NO,-1.0,-1.0,SI,-1.0,NO,ATERRONADA,NO,NO,NO HAY,LA MANANA Y LA TARDE,NO HAY,NO HAY,NO,SI,33.0,PLANTAS NORMALES,NO,NO,SI,NO,BUENO,37.0,LENTO A MUY LENTO,LENTO,0.0,38.33,0.0,0.0,0.0,0.0,0.0,61.67,0.0,0.0,0.0,0.0,0.0,61.67,38.33,0.0,0.0,0.0,33.2993534,24.2925,28.7959267,9.006853402,15429.55358,0.4,395.4,0.25,79.875,33.2580664,23.69254915,28.47530777,9.565517241,23213.60652,0.25862069,245.1,0.155172414,78.7384277,32.08299355,22.45799355,27.27049355,9.625,15767.31241,0.05,260.0,0.175,80.05194394
4544,4354,Mecanizado,NO,P3966 (Pioneer),Maiz,SI,Mecanizada,NO,6781.395349,6.0,47.0,82.0,60000,18,0,0,0,0,0,0,0,0,0,0,0,2,0,0.0,0.0,132.0,0,0.0,0.0,0,0.0,20.0,0,0,0,3,2.0,PLANO O LLANO,PLANO,2.0,6.0,SIN ROCAS,NO,-1.0,-1.0,NO,-1.0,NO,ATERRONADA,NO,NO,NO HAY,LA MANANA Y LA TARDE,NO HAY,NO HAY,NO,SI,37.0,PLANTAS NORMALES,SI,NO,SI,NO,BUENO,60.0,BUENO,NINGUNO,0.0,43.33,0.0,0.0,0.0,0.0,0.0,56.67,0.0,0.0,0.0,0.0,0.0,0.0,100.0,0.0,0.0,0.0,33.0368534,24.1325,28.5846767,8.904353402,15154.32495,0.375,416.1,0.275,80.175,33.20951358,23.55089289,28.38020324,9.65862069,23775.15116,0.206896552,239.0,0.155172414,78.67060047,32.01598446,22.53177394,27.2738792,9.484210526,14618.28597,0.026315789,248.2,0.157894737,80.10561152
4546,4355,Mecanizado,NO,P3966 (Pioneer),Maiz,SI,Mecanizada,NO,6436.046512,5.0,52.0,80.0,70000,17,0,0,0,0,0,0,0,1,0,0,0,1,0,0.0,0.0,120.5,0,0.0,0.0,0,0.0,20.0,0,0,0,3,3.0,PLANO O LLANO,PLANO,2.0,5.5,SIN ROCAS,NO,-1.0,-1.0,NO,-1.0,NO,ATERRONADA,NO,NO,NO HAY,LA MANANA Y LA TARDE,NO HAY,NO HAY,NO,SI,29.0,PLANTAS NORMALES,SI,NO,SI,NO,BUENO,60.0,BUENO,LENTO,0.0,100.0,0.0,0.0,0.0,0.0,0.0,0.0,0.0,0.0,0.0,0.0,0.0,0.0,100.0,0.0,0.0,0.0,33.1118534,24.1775,28.6446767,8.934353402,15207.064,0.375,426.4,0.275,80.0,33.34402059,23.66471024,28.50436542,9.679310345,23722.31975,0.25862069,214.1,0.137931034,78.5136013,32.02739918,22.50489918,27.26614918,9.5225,15465.92848,0.025,273.1,0.175,80.1035026
4547,4325,Manual,NO,Otro,Algodón,SI,Mecanizada,NO,7723.255814,6.0,49.0,86.0,75000,16,0,0,0,0,0,0,0,2,0,0,0,1,0,0.0,0.0,92.0,0,0.0,0.0,0,0.0,30.0,0,0,0,3,2.0,PLANO O LLANO,PLANO,2.0,5.5,SIN ROCAS,NO,-1.0,-1.0,NO,-1.0,NO,ATERRONADA,NO,NO,NO HAY,LA MANANA Y LA TARDE,NO HAY,NO HAY,NO,SI,27.0,PLANTAS NORMALES,SI,NO,SI,NO,BUENO,60.0,BUENO,NINGUNO,0.0,100.0,0.0,0.0,0.0,0.0,0.0,0.0,0.0,0.0,0.0,0.0,0.0,0.0,100.0,0.0,0.0,0.0,33.07371021,24.5225,28.79810511,8.551210214,15082.02682,0.4,412.1,0.25,80.775,33.23601077,23.88142566,28.55871821,9.35458511,22662.63155,0.275862069,221.8,0.137931034,78.79657692,32.41340143,22.52249233,27.46794688,9.890909091,17839.00692,0.068181818,197.3,0.159090909,79.44531345
4548,4326,Mecanizado,NO,Otro,Algodón,SI,Mecanizada,NO,7817.44186,6.0,48.0,85.0,76000,16,0,0,0,0,0,0,0,1,0,0,0,2,0,0.0,0.0,92.0,0,0.0,0.0,0,0.0,30.0,0,0,0,3,4.0,PLANO O LLANO,PLANO,2.0,6.0,SIN ROCAS,NO,-1.0,-1.0,NO,-1.0,NO,ATERRONADA,NO,NO,NO HAY,LA MANANA Y LA TARDE,NO HAY,NO HAY,NO,SI,19.0,PLANTAS NORMALES,NO,NO,SI,NO,BUENO,60.0,BUENO,LENTO,0.0,60.0,0.0,0.0,0.0,0.0,0.0,40.0,0.0,0.0,0.0,0.0,0.0,40.0,60.0,0.0,0.0,0.0,33.1118534,24.1775,28.6446767,8.934353402,15207.064,0.375,426.4,0.275,80.0,33.34402059,23.66471024,28.50436542,9.679310345,23722.31975,0.25862069,214.1,0.137931034,78.5136013,32.1019291,22.58526244,27.34359577,9.516666667,16288.58598,0.023809524,283.3,0.19047619,80.06525363
4551,4295,Mecanizado,NO,Otro,Maiz,SI,Mecanizada,NO,5911.627907,7.0,50.0,74.0,62500,17,0,0,0,0,0,0,0,1,0,0,0,2,0,0.0,0.0,92.0,0,0.0,0.0,0,0.0,0.0,0,0,0,2,2.0,PLANO O LLANO,PLANO,2.0,5.5,SIN ROCAS,NO,-1.0,-1.0,NO,-1.0,NO,ATERRONADA,NO,NO,NO HAY,LA MANANA Y LA TARDE,NO HAY,NO HAY,NO,SI,34.0,PLANTAS NORMALES,NO,NO,SI,NO,BUENO,70.0,BUENO,NINGUNO,0.0,100.0,0.0,0.0,0.0,0.0,0.0,0.0,0.0,0.0,0.0,0.0,0.0,0.0,100.0,0.0,0.0,0.0,33.2993534,24.2925,28.7959267,9.006853402,15429.55358,0.4,395.4,0.25,79.875,33.2580664,23.69254915,28.47530777,9.565517241,23213.60652,0.25862069,245.1,0.155172414,78.7384277,32.33266176,22.48560294,27.40913235,9.847058824,13758.73024,0.058823529,151.7,0.147058824,79.52115844
4554,4285,Manual,NO,Otro,Maiz,NO,Manual,NO,5651.162791,7.0,47.0,81.0,70000,16,0,0,0,0,0,0,0,1,0,0,0,1,1,0.0,0.0,92.0,0,0.0,0.0,0,0.0,0.0,0,0,0,2,3.0,PLANO O LLANO,PLANO,3.0,6.0,SIN ROCAS,NO,-1.0,-1.0,SI,-1.0,NO,MASIVA,NO,NO,NO HAY,LA MANANA Y LA TARDE,NO HAY,NO HAY,NO,SI,28.0,PLANTAS NORMALES,NO,NO,SI,NO,BUENO,28.0,LENTO A MUY LENTO,LENTO,0.0,61.54,0.0,0.0,0.0,0.0,0.0,38.46,0.0,0.0,0.0,0.0,0.0,38.46,61.54,0.0,0.0,0.0,32.99652471,23.8996713,28.448098,9.096853402,15308.90386,0.325,247.9,0.2,79.75384327,33.19493368,23.45355437,28.32424402,9.74137931,23880.28571,0.206896552,271.1,0.189655172,78.58282457,32.13816733,22.78553575,27.46185154,9.352631579,14484.52787,0.026315789,285.4,0.210526316,80.24333442
4556,4222,Mecanizado,NO,Otro,Algodón,SI,Mecanizada,NO,7303.72093,6.0,48.0,79.0,70000,17,0,0,0,0,0,0,1,0,0,0,1,1,0,0.0,0.0,92.0,0,0.0,0.0,0,0.0,0.0,0,0,0,2,3.0,PLANO O LLANO,PLANO,2.0,6.0,SIN ROCAS,NO,-1.0,-1.0,NO,-1.0,NO,ATERRONADA,NO,NO,NO HAY,LA MANANA Y LA TARDE,NO HAY,NO HAY,NO,SI,29.0,POCO AFECTADAS,NO,NO,SI,NO,REGULAR,60.0,BUENO,LENTO,0.0,58.33,0.0,0.0,0.0,0.0,0.0,41.67,0.0,0.0,0.0,0.0,0.0,41.67,58.33,0.0,0.0,0.0,33.2743534,24.4725,28.8734267,8.801853402,15320.62838,0.425,413.8,0.25,80.0,33.23862849,23.79724918,28.51793883,9.44137931,22778.46092,0.275862069,239.0,0.155172414,78.98394956,32.4856376,22.6606376,27.5731376,9.825,14763.16177,0.055555556,172.5,0.166666667,79.2424564
4557,4173,Mecanizado,NO,DK7088,Maiz,SI,Mecanizada,NO,7618.372093,7.0,51.0,83.0,60000,16,0,0,0,0,0,0,0,1,0,0,0,2,0,0.0,0.0,69.0,0,0.0,0.0,0,0.0,60.0,0,0,0,4,2.0,PLANO O LLANO,PLANO,2.0,5.5,SIN ROCAS,NO,-1.0,-1.0,NO,-1.0,NO,MASIVA,NO,NO,NO HAY,LA MANANA Y LA TARDE,NO HAY,NO HAY,NO,SI,28.0,PLANTAS NORMALES,NO,NO,SI,NO,BUENO,28.0,BUENO,NINGUNO,0.0,0.0,0.0,0.0,0.0,0.0,0.0,100.0,0.0,0.0,0.0,0.0,0.0,100.0,0.0,0.0,0.0,0.0,33.2743534,24.4725,28.8734267,8.801853402,15320.62838,0.425,413.8,0.25,80.0,33.23862849,23.79724918,28.51793883,9.44137931,22778.46092,0.275862069,239.0,0.155172414,78.98394956,32.16328744,22.43601471,27.29965107,9.727272727,17571.94948,0.045454545,283.8,0.181818182,79.71821559
4558,4432,Mecanizado,NO,DK 234 YGRR,Algodón,SI,Manual,NO,7341.860465,4.0,49.0,83.0,60000,19,0,0,0,0,0,0,0,2,0,0,0,3,1,0.0,0.0,92.0,0,0.0,0.0,0,0.0,30.0,0,0,0,3,3.0,PLANO O LLANO,PLANO,2.0,5.5,SIN ROCAS,SI,20.0,10.0,NO,-1.0,NO,ATERRONADA,NO,NO,NO HAY,LA MANANA Y LA TARDE,NO HAY,NO HAY,NO,SI,22.0,POCO AFECTADAS,NO,NO,SI,NO,REGULAR,22.0,BUENO,LENTO,0.0,55.0,0.0,0.0,0.0,0.0,0.0,45.0,0.0,0.0,0.0,0.0,0.0,0.0,100.0,0.0,0.0,0.0,33.26871573,24.4675,28.86810786,8.801215726,15353.37098,0.425,414.8,0.25,80.025,33.24459609,23.83381148,28.53920379,9.410784604,22807.70402,0.275862069,238.7,0.155172414,78.96154613,32.4575398,22.54984749,27.50369365,9.907692308,15944.06911,0.051282051,176.0,0.153846154,79.20737846
4559,4170,Manual,NO,Otro,Maiz,SI,Manual,NO,6562.790698,6.0,49.0,83.0,60000,36,0,0,0,0,0,0,1,0,0,0,0,2,0,0.0,0.0,69.0,0,0.0,0.0,0,0.0,0.0,0,0,0,2,2.0,PLANO O LLANO,PLANO,2.0,5.5,SIN ROCAS,NO,-1.0,-1.0,NO,-1.0,NO,ATERRONADA,NO,NO,NO HAY,LA MANANA Y LA TARDE,NO HAY,NO HAY,NO,SI,20.0,PLANTAS NORMALES,NO,NO,SI,NO,BUENO,60.0,BUENO,NINGUNO,0.0,100.0,0.0,0.0,0.0,0.0,0.0,0.0,0.0,0.0,0.0,0.0,0.0,0.0,100.0,0.0,0.0,0.0,33.26871573,24.4675,28.86810786,8.801215726,15353.37098,0.425,414.8,0.25,80.025,33.24459609,23.83381148,28.53920379,9.410784604,22807.70402,0.275862069,238.7,0.155172414,78.96154613,32.31832402,22.43783621,27.37808011,9.880487805,16557.82182,0.048780488,176.0,0.146341463,79.41525799
4560,4172,Mecanizado,NO,PIONEER 30F35 HRR,Maiz,SI,Manual,NO,7246.511628,6.0,58.0,77.0,60000,17,0,0,0,0,0,0,1,1,0,0,0,1,0,0.0,0.0,115.0,0,0.0,0.0,0,0.0,0.0,0,0,0,2,3.0,PLANO O LLANO,PLANO,2.0,6.0,SIN ROCAS,NO,-1.0,-1.0,SI,-1.0,NO,ATERRONADA,NO,NO,NO HAY,LA MANANA Y LA TARDE,NO HAY,NO HAY,NO,SI,26.0,PLANTAS NORMALES,NO,NO,SI,NO,BUENO,33.0,LENTO A MUY LENTO,LENTO,0.0,63.33,36.67,0.0,0.0,0.0,0.0,0.0,0.0,0.0,0.0,0.0,0.0,36.67,63.33,0.0,0.0,0.0,33.2743534,24.4725,28.8734267,8.801853402,15320.62838,0.425,413.8,0.25,80.0,33.23862849,23.79724918,28.51793883,9.44137931,22778.46092,0.275862069,239.0,0.155172414,78.98394956,32.16328744,22.43601471,27.29965107,9.727272727,17571.94948,0.045454545,283.8,0.181818182,79.71821559
4561,4171,Manual,NO,Otro,Algodón,SI,Manual,NO,5501.162791,6.0,48.0,86.0,65000,18,0,0,0,0,0,0,0,1,0,0,0,2,0,0.0,0.0,80.5,0,0.0,0.0,0,0.0,0.0,0,0,0,2,2.0,PLANO O LLANO,PLANO,2.0,6.0,SIN ROCAS,NO,-1.0,-1.0,NO,-1.0,NO,ATERRONADA,NO,NO,NO HAY,LA MANANA Y LA TARDE,NO HAY,NO HAY,NO,SI,23.0,PLANTAS NORMALES,NO,NO,SI,NO,BUENO,60.0,BUENO,NINGUNO,0.0,100.0,0.0,0.0,0.0,0.0,0.0,0.0,0.0,0.0,0.0,0.0,0.0,0.0,100.0,0.0,0.0,0.0,33.2743534,24.4725,28.8734267,8.801853402,15320.62838,0.425,413.8,0.25,80.0,33.23862849,23.79724918,28.51793883,9.44137931,22778.46092,0.275862069,239.0,0.155172414,78.98394956,32.19301921,22.43255409,27.31278665,9.760465116,17256.70639,0.046511628,187.8,0.162790698,79.61985925
4562,4253,Mecanizado,NO,P3966 (Pioneer),Algodón,SI,Mecanizada,NO,7532.55814,6.0,48.0,84.0,60000,16,0,0,0,0,0,0,0,2,0,0,0,2,0,0.0,0.0,92.0,0,0.0,0.0,0,0.0,30.0,0,0,0,3,3.0,PLANO O LLANO,PLANO,2.0,6.0,SIN ROCAS,NO,-1.0,-1.0,NO,-1.0,NO,ATERRONADA,NO,NO,NO HAY,LA MANANA Y LA TARDE,NO HAY,NO HAY,NO,SI,20.0,PLANTAS NORMALES,NO,NO,SI,NO,BUENO,60.0,BUENO,LENTO,0.0,68.33,0.0,31.67,0.0,0.0,0.0,0.0,0.0,0.0,0.0,0.0,0.0,31.67,68.33,0.0,0.0,0.0,33.1268534,24.1875,28.6571767,8.939353402,15355.27158,0.375,426.4,0.275,79.975,33.35760664,23.72312388,28.54036526,9.634482759,23476.86292,0.25862069,214.1,0.137931034,78.52183436,32.0997626,22.50220162,27.30098211,9.597560976,16061.72351,0.048780488,271.6,0.170731707,79.98719864
4563,4208,Mecanizado,NO,P3966 (Pioneer),Maiz,SI,Mecanizada,NO,7421.860465,7.0,51.0,81.0,70000,16,0,0,0,0,0,0,0,0,0,0,0,3,0,0.0,0.0,109.0,0,0.0,0.0,0,0.0,20.0,0,0,0,3,2.0,PLANO O LLANO,PLANO,2.0,5.5,SIN ROCAS,SI,20.0,18.0,NO,-1.0,NO,ATERRONADA,NO,NO,NO HAY,LA MANANA Y LA TARDE,NO HAY,NO HAY,NO,SI,20.0,PLANTAS NORMALES,SI,NO,SI,NO,REGULAR,20.0,BUENO,NINGUNO,0.0,100.0,0.0,0.0,0.0,0.0,0.0,0.0,0.0,0.0,0.0,0.0,0.0,0.0,100.0,0.0,0.0,0.0,33.3093534,24.4525,28.8809267,8.856853402,15301.82411,0.425,412.8,0.275,80.025,33.29388071,23.76801864,28.53094968,9.525862069,23027.94772,0.275862069,237.7,0.137931034,78.81800081,32.13047662,22.44000043,27.28523853,9.69047619,16683.85319,0.047619048,274.3,0.19047619,79.83872651
4564,4215,Mecanizado,NO,Otro,Maiz,NO,Mecanizada,NO,7256.976744,6.0,49.0,84.0,63000,17,0,0,0,0,0,0,0,1,0,0,0,1,0,0.0,0.0,92.0,0,0.0,0.0,0,0.0,0.0,0,0,0,2,2.0,PLANO O LLANO,PLANO,2.0,6.0,SIN ROCAS,NO,-1.0,-1.0,NO,-1.0,NO,ATERRONADA,NO,NO,NO HAY,LA MANANA Y LA TARDE,NO HAY,NO HAY,NO,SI,28.0,PLANTAS NORMALES,NO,NO,SI,NO,BUENO,60.0,BUENO,NINGUNO,0.0,46.67,0.0,0.0,0.0,0.0,0.0,53.33,0.0,0.0,0.0,0.0,0.0,53.33,46.67,0.0,0.0,0.0,33.3093534,24.4525,28.8809267,8.856853402,15301.82411,0.425,412.8,0.275,80.025,33.29388071,23.76801864,28.53094968,9.525862069,23027.94772,0.275862069,237.7,0.137931034,78.81800081,32.13047662,22.44000043,27.28523853,9.69047619,16683.85319,0.047619048,274.3,0.19047619,79.83872651
4565,4205,Mecanizado,NO,DK 234 YGRR,Maiz,SI,Mecanizada,NO,7063.953488,5.0,48.0,92.0,60000,19,0,0,0,0,0,0,0,2,0,0,0,1,0,0.0,0.0,69.0,0,0.0,0.0,0,0.0,30.0,0,0,0,3,2.0,PLANO O LLANO,PLANO,2.0,6.0,SIN ROCAS,NO,-1.0,-1.0,NO,-1.0,NO,ATERRONADA,NO,NO,NO HAY,LA MANANA Y LA TARDE,NO HAY,NO HAY,NO,SI,25.0,PLANTAS NORMALES,NO,NO,SI,NO,BUENO,60.0,BUENO,NINGUNO,0.0,100.0,0.0,0.0,0.0,0.0,0.0,0.0,0.0,0.0,0.0,0.0,0.0,0.0,100.0,0.0,0.0,0.0,33.0743534,24.1925,28.6334267,8.881853402,15123.25457,0.375,426.4,0.275,79.975,33.31804976,23.61804976,28.46804976,9.7,23832.89625,0.24137931,220.9,0.137931034,78.59769541,32.15348828,22.79098828,27.47223828,9.3625,18427.7493,0.020833333,357.2,0.229166667,80.11210476
4566,4216,Mecanizado,NO,Otro,Maiz,SI,Mecanizada,NO,7198.837209,6.0,48.0,81.0,70000,17,0,0,0,0,0,0,0,1,0,0,0,2,1,0.0,0.0,92.0,0,0.0,0.0,0,0.0,0.0,0,0,0,2,3.0,PLANO O LLANO,PLANO,2.0,6.0,SIN ROCAS,NO,-1.0,-1.0,NO,-1.0,NO,ATERRONADA,NO,NO,NO HAY,LA MANANA Y LA TARDE,NO HAY,NO HAY,NO,SI,26.0,PLANTAS NORMALES,NO,NO,SI,NO,REGULAR,60.0,BUENO,LENTO,0.0,100.0,0.0,0.0,0.0,0.0,0.0,0.0,0.0,0.0,0.0,0.0,0.0,0.0,100.0,0.0,0.0,0.0,33.3093534,24.4525,28.8809267,8.856853402,15301.82411,0.425,412.8,0.275,80.025,33.29388071,23.76801864,28.53094968,9.525862069,23027.94772,0.275862069,237.7,0.137931034,78.81800081,32.27545446,22.44124393,27.3583492,9.834210526,15333.53286,0.052631579,166.0,0.157894737,79.53555805
4567,4217,Mecanizado,NO,ADV 9339 (Syngenta),Maiz,SI,Mecanizada,NO,7532.55814,7.0,51.0,81.0,63000,17,0,0,0,0,0,0,0,1,0,0,0,2,0,0.0,0.0,69.0,0,0.0,0.0,0,0.0,30.0,0,0,0,3,3.0,PLANO O LLANO,PLANO,2.0,6.0,SIN ROCAS,NO,-1.0,-1.0,NO,-1.0,NO,ATERRONADA,NO,NO,NO HAY,LA MANANA Y LA TARDE,NO HAY,NO HAY,NO,SI,25.0,PLANTAS NORMALES,NO,NO,SI,NO,BUENO,60.0,BUENO,LENTO,0.0,48.33,0.0,0.0,0.0,0.0,0.0,51.67,0.0,0.0,0.0,0.0,0.0,51.67,48.33,0.0,0.0,0.0,33.1993534,24.3625,28.7809267,8.836853402,15270.45204,0.4,394.0,0.25,80.175,33.26087351,23.71604593,28.48845972,9.544827586,23140.45692,0.25862069,246.5,0.155172414,78.79402933,32.1370636,22.4870636,27.3120636,9.65,16614.58589,0.047619048,268.2,0.166666667,79.99542676
4568,4218,Mecanizado,NO,Otro,Maiz,SI,Mecanizada,NO,6674.418605,6.0,48.0,86.0,63000,15,0,0,0,0,0,0,0,2,0,0,0,1,0,0.0,0.0,80.5,0,0.0,0.0,0,0.0,30.0,0,0,0,3,4.0,PLANO O LLANO,PLANO,2.0,5.5,SIN ROCAS,NO,-1.0,-1.0,SI,-1.0,NO,MASIVA,NO,NO,NO HAY,LA MANANA Y LA TARDE,NO HAY,NO HAY,NO,SI,28.0,PLANTAS NORMALES,NO,NO,SI,NO,BUENO,28.0,LENTO A MUY LENTO,LENTO,0.0,100.0,0.0,0.0,0.0,0.0,0.0,0.0,0.0,0.0,0.0,0.0,0.0,0.0,100.0,0.0,0.0,0.0,33.16276952,24.5375,28.85013476,8.625269522,15197.95813,0.425,412.1,0.25,80.325,33.18559167,23.88208194,28.53383681,9.303509726,22550.01236,0.25862069,216.1,0.137931034,79.0383629,32.61265966,22.67545036,27.64405501,9.937209302,17653.1805,0.093023256,203.0,0.162790698,79.20075319
4569,4206,Mecanizado,NO,P3966 (Pioneer),Maiz,SI,Mecanizada,NO,7627.906977,7.0,49.0,89.0,60000,19,0,0,0,0,0,0,0,1,0,0,0,1,0,0.0,0.0,109.0,0,0.0,0.0,0,0.0,20.0,0,0,0,3,3.0,PLANO O LLANO,PLANO,2.0,6.0,SIN ROCAS,NO,-1.0,-1.0,NO,-1.0,NO,ATERRONADA,NO,NO,NO HAY,LA MANANA Y LA TARDE,NO HAY,NO HAY,NO,SI,29.0,PLANTAS NORMALES,NO,NO,SI,NO,BUENO,60.0,BUENO,LENTO,0.0,100.0,0.0,0.0,0.0,0.0,0.0,0.0,0.0,0.0,0.0,0.0,0.0,0.0,100.0,0.0,0.0,0.0,33.0743534,24.1925,28.6334267,8.881853402,15123.25457,0.375,426.4,0.275,79.975,33.31804976,23.61804976,28.46804976,9.7,23832.89625,0.24137931,220.9,0.137931034,78.59769541,32.15348828,22.79098828,27.47223828,9.3625,18427.7493,0.020833333,357.2,0.229166667,80.11210476
4570,4182,Mecanizado,NO,P3966 (Pioneer),Algodón,SI,Mecanizada,NO,7720.930233,6.0,48.0,93.0,68000,14,0,0,0,0,0,0,0,1,0,0,0,1,0,0.0,0.0,120.5,0,0.0,0.0,0,0.0,20.0,0,0,0,3,3.0,PLANO O LLANO,PLANO,2.0,6.0,SIN ROCAS,NO,-1.0,-1.0,NO,-1.0,NO,ATERRONADA,NO,NO,NO HAY,LA MANANA Y LA TARDE,NO HAY,NO HAY,NO,SI,21.0,PLANTAS NORMALES,SI,NO,SI,NO,BUENO,60.0,BUENO,LENTO,0.0,0.0,0.0,0.0,0.0,0.0,0.0,0.0,100.0,0.0,0.0,0.0,0.0,100.0,0.0,0.0,0.0,0.0,33.2993534,24.2925,28.7959267,9.006853402,15429.55358,0.4,395.4,0.25,79.875,33.2580664,23.69254915,28.47530777,9.565517241,23213.60652,0.25862069,245.1,0.155172414,78.7384277,32.33009654,22.76809654,27.54909654,9.562,19692.64363,0.04,343.4,0.2,79.9314144
4571,4219,Mecanizado,NO,Otro,Maiz,SI,Mecanizada,NO,7008.139535,6.0,51.0,76.0,63000,16,0,0,0,0,0,0,1,1,0,0,1,2,0,0.0,0.0,80.5,0,0.0,0.0,0,0.0,30.0,0,0,0,3,3.0,PLANO O LLANO,PLANO,2.0,5.5,SIN ROCAS,NO,-1.0,-1.0,NO,-1.0,NO,MASIVA,NO,NO,NO HAY,LA MANANA Y LA TARDE,NO HAY,NO HAY,NO,SI,28.0,PLANTAS NORMALES,NO,NO,SI,NO,BUENO,28.0,BUENO,LENTO,0.0,55.38,0.0,0.0,44.62,0.0,0.0,0.0,0.0,0.0,0.0,0.0,0.0,0.0,100.0,0.0,0.0,0.0,33.3113944,24.5325,28.9219472,8.778894401,15221.05988,0.45,380.8,0.225,80.2,33.13292903,23.89838482,28.51565692,9.234544208,22515.62273,0.24137931,243.1,0.155172414,79.10161833,32.88538147,22.94927036,27.91732591,9.936111111,14968.58043,0.138888889,189.4,0.194444444,79.02979078
4574,4221,Mecanizado,NO,Sinko (Syngenta),Maiz,SI,Mecanizada,NO,6769.767442,7.0,42.0,90.0,66000,16,0,0,0,0,0,0,0,1,0,0,0,1,1,0.0,0.0,92.0,0,0.0,0.0,0,0.0,0.0,0,0,0,2,2.0,PLANO O LLANO,PLANO,2.0,6.0,SIN ROCAS,NO,-1.0,-1.0,NO,-1.0,NO,ATERRONADA,NO,NO,NO HAY,LA MANANA Y LA TARDE,NO HAY,NO HAY,NO,SI,24.0,PLANTAS NORMALES,NO,NO,SI,NO,BUENO,60.0,BUENO,NINGUNO,0.0,0.0,0.0,0.0,0.0,0.0,0.0,100.0,0.0,0.0,0.0,0.0,0.0,45.0,55.0,0.0,0.0,0.0,33.1118534,24.1775,28.6446767,8.934353402,15207.064,0.375,426.4,0.275,80.0,33.34402059,23.66471024,28.50436542,9.679310345,23722.31975,0.25862069,214.1,0.137931034,78.5136013,32.1019291,22.58526244,27.34359577,9.516666667,16288.58598,0.023809524,283.3,0.19047619,80.06525363
4575,4180,Mecanizado,NO,DK 234 YGRR,Algodón,SI,Mecanizada,NO,7063.953488,5.0,47.0,95.0,70000,14,0,0,0,0,0,0,0,1,0,0,0,2,0,0.0,0.0,61.0,0,0.0,15.0,0,0.0,45.0,0,0,0,3,4.0,PLANO O LLANO,PLANO CON ONDULACIONES,2.0,6.0,SIN ROCAS,NO,-1.0,-1.0,NO,-1.0,NO,ATERRONADA,NO,NO,NO HAY,LA MANANA Y LA TARDE,NO HAY,NO HAY,NO,SI,21.0,PLANTAS NORMALES,SI,NO,SI,NO,BUENO,60.0,BUENO,LENTO,0.0,0.0,0.0,0.0,0.0,0.0,100.0,0.0,0.0,0.0,0.0,0.0,0.0,100.0,0.0,0.0,0.0,0.0,33.2993534,24.2925,28.7959267,9.006853402,15429.55358,0.4,395.4,0.25,79.875,33.2580664,23.69254915,28.47530777,9.565517241,23213.60652,0.25862069,245.1,0.155172414,78.7384277,32.33009654,22.76809654,27.54909654,9.562,19692.64363,0.04,343.4,0.2,79.9314144
4576,4212,Mecanizado,NO,DK7088,Algodón,SI,Mecanizada,NO,7534.883721,6.0,49.0,81.0,62000,17,0,0,0,0,0,0,0,2,0,0,0,2,0,0.0,0.0,92.0,0,0.0,0.0,0,0.0,0.0,0,0,0,2,3.0,PLANO O LLANO,PLANO,2.0,6.0,SIN ROCAS,NO,-1.0,-1.0,NO,-1.0,NO,ATERRONADA,NO,NO,NO HAY,LA MANANA Y LA TARDE,NO HAY,NO HAY,NO,SI,29.0,PLANTAS NORMALES,NO,NO,SI,NO,REGULAR,60.0,BUENO,LENTO,0.0,60.0,0.0,0.0,0.0,0.0,0.0,40.0,0.0,0.0,0.0,0.0,0.0,40.0,60.0,0.0,0.0,0.0,33.08121573,24.4675,28.77435786,8.613715726,15128.72763,0.4,411.7,0.25,80.575,33.26925381,23.88260713,28.57593047,9.386646673,22776.29838,0.293103448,239.9,0.155172414,78.76491249,32.54954339,22.69826134,27.62390236,9.851282051,15929.81978,0.051282051,176.2,0.153846154,79.31878411
4577,4181,Mecanizado,NO,P4082 (Pioneer),Algodón,SI,Mecanizada,NO,7063.953488,4.0,49.0,90.0,68000,13,0,0,0,0,0,0,0,1,0,0,0,2,0,0.0,0.0,61.0,0,0.0,15.0,0,0.0,45.0,0,0,0,3,4.0,PLANO O LLANO,PLANO CON ONDULACIONES,2.0,5.5,SIN ROCAS,NO,-1.0,-1.0,NO,-1.0,NO,SUELTA O POLVOSA,NO,NO,NO HAY,LA MANANA Y LA TARDE,NO HAY,NO HAY,NO,SI,15.0,POCO AFECTADAS,NO,NO,SI,NO,REGULAR,60.0,EXCESIVO,LENTO,0.0,0.0,0.0,0.0,0.0,0.0,61.67,0.0,0.0,38.33,0.0,0.0,0.0,100.0,0.0,0.0,0.0,0.0,33.0743534,24.1925,28.6334267,8.881853402,15123.25457,0.375,426.4,0.275,79.975,33.31804976,23.61804976,28.46804976,9.7,23832.89625,0.24137931,220.9,0.137931034,78.59769541,32.20427126,22.76948865,27.48687995,9.434782609,17759.32297,0.02173913,347.0,0.239130435,80.03343325
4596,4163,Mecanizado,NO,P3966 (Pioneer),Algodón,SI,Mecanizada,NO,5768.604651,7.0,48.0,84.0,60000,16,0,0,0,0,0,0,0,2,0,0,0,2,0,0.0,0.0,92.0,0,0.0,0.0,0,0.0,30.0,0,0,0,4,3.0,PLANO O LLANO,PLANO,2.0,6.0,SIN ROCAS,NO,-1.0,-1.0,NO,-1.0,NO,ATERRONADA,NO,NO,NO HAY,LA MANANA Y LA TARDE,NO HAY,NO HAY,NO,SI,32.0,PLANTAS NORMALES,SI,NO,SI,NO,BUENO,60.0,BUENO,LENTO,0.0,100.0,0.0,0.0,0.0,0.0,0.0,0.0,0.0,0.0,0.0,0.0,0.0,0.0,100.0,0.0,0.0,0.0,33.26871573,24.4675,28.86810786,8.801215726,15353.37098,0.425,414.8,0.25,80.025,33.24459609,23.83381148,28.53920379,9.410784604,22807.70402,0.275862069,238.7,0.155172414,78.96154613,32.29021111,22.41640158,27.35330635,9.873809524,16928.55047,0.047619048,176.0,0.142857143,79.47006607
4597,4211,Mecanizado,NO,Otro,Algodón,NO,Mecanizada,NO,6593.023256,7.0,49.0,77.0,65000,17,0,0,0,0,0,0,0,2,0,0,0,1,0,0.0,0.0,92.0,0,0.0,0.0,0,0.0,0.0,0,0,0,2,2.0,PLANO O LLANO,PLANO,2.0,6.0,SIN ROCAS,NO,-1.0,-1.0,NO,-1.0,NO,ATERRONADA,NO,NO,NO HAY,LA MANANA Y LA TARDE,NO HAY,NO HAY,NO,SI,21.0,PLANTAS NORMALES,NO,NO,SI,NO,BUENO,70.0,BUENO,NINGUNO,0.0,0.0,0.0,0.0,0.0,0.0,0.0,100.0,0.0,0.0,0.0,0.0,0.0,50.0,50.0,0.0,0.0,0.0,33.16276952,24.5375,28.85013476,8.625269522,15197.95813,0.425,412.1,0.25,80.325,33.18559167,23.88208194,28.53383681,9.303509726,22550.01236,0.25862069,216.1,0.137931034,79.0383629,32.8343474,22.89823629,27.86629185,9.936111111,14946.07632,0.111111111,189.6,0.194444444,79.04969325
4598,4162,Mecanizado,NO,Otro,Algodón,SI,Mecanizada,NO,5911.627907,6.0,50.0,83.0,61000,16,0,0,0,0,0,0,0,2,0,0,0,2,0,0.0,0.0,115.0,0,0.0,0.0,0,0.0,0.0,0,0,0,3,2.0,PLANO O LLANO,PLANO,2.0,6.5,SIN ROCAS,NO,-1.0,-1.0,NO,-1.0,NO,ATERRONADA,NO,NO,NO HAY,LA MANANA Y LA TARDE,NO HAY,NO HAY,NO,SI,28.0,PLANTAS NORMALES,SI,NO,SI,NO,BUENO,60.0,BUENO,NINGUNO,0.0,100.0,0.0,0.0,0.0,0.0,0.0,0.0,0.0,0.0,0.0,0.0,0.0,0.0,100.0,0.0,0.0,0.0,33.26871573,24.4675,28.86810786,8.801215726,15353.37098,0.425,414.8,0.25,80.025,33.24459609,23.83381148,28.53920379,9.410784604,22807.70402,0.275862069,238.7,0.155172414,78.96154613,32.29021111,22.41640158,27.35330635,9.873809524,16928.55047,0.047619048,176.0,0.142857143,79.47006607
4599,4210,Mecanizado,NO,PIONEER 30F35 HRR,Algodón,NO,Mecanizada,NO,6697.674419,6.0,50.0,74.0,65000,17,0,0,0,0,0,0,0,1,0,0,0,2,0,0.0,0.0,92.0,0,0.0,0.0,0,0.0,30.0,0,0,0,3,3.0,PLANO O LLANO,PLANO,2.0,5.5,SIN ROCAS,NO,-1.0,-1.0,SI,-1.0,NO,ATERRONADA,NO,NO,NO HAY,LA MANANA Y LA TARDE,NO HAY,NO HAY,NO,SI,26.0,PLANTAS NORMALES,NO,NO,SI,NO,BUENO,32.0,LENTO A MUY LENTO,LENTO,0.0,53.85,0.0,0.0,0.0,0.0,0.0,46.15,0.0,0.0,0.0,0.0,0.0,46.15,53.85,0.0,0.0,0.0,33.2738944,24.55,28.9119472,8.723894401,15147.76289,0.425,363.0,0.2,80.225,33.16832825,23.91309439,28.54071132,9.255233863,22528.93901,0.25862069,247.9,0.155172414,79.04195691,32.99179309,22.89179309,27.94179309,10.1,13908.2216,0.151515152,170.9,0.212121212,78.89672858
4600,4228,Mecanizado,NO,PIONEER 30F35,Algodón,NO,Mecanizada,NO,5813.953488,6.0,52.0,74.0,62000,18,0,0,0,0,0,0,0,1,0,0,0,2,0,0.0,0.0,92.0,0,0.0,0.0,0,0.0,30.0,0,0,0,4,2.0,PLANO O LLANO,PLANO,2.0,5.0,SIN ROCAS,NO,-1.0,-1.0,NO,-1.0,NO,MASIVA,NO,NO,NO HAY,LA MANANA Y LA TARDE,NO HAY,NO HAY,NO,SI,20.0,PLANTAS NORMALES,NO,NO,SI,NO,BUENO,20.0,BUENO,NINGUNO,0.0,100.0,0.0,0.0,0.0,0.0,0.0,0.0,0.0,0.0,0.0,0.0,0.0,0.0,100.0,0.0,0.0,0.0,33.2743534,24.4725,28.8734267,8.801853402,15320.62838,0.425,413.8,0.25,80.0,33.23862849,23.79724918,28.51793883,9.44137931,22778.46092,0.275862069,239.0,0.155172414,78.98394956,32.5222468,22.69081823,27.60653251,9.831428571,14393.85435,0.057142857,172.5,0.171428571,79.15815806
4601,4166,Mecanizado,NO,Otro,Maiz,SI,Manual,NO,7440.697674,5.0,49.0,93.0,58000,16,0,0,0,0,0,0,0,1,0,0,0,2,1,46.0,0.0,23.0,0,0.0,0.0,0,0.0,0.0,0,1,0,1,2.0,PLANO O LLANO,PLANO,2.0,6.0,SIN ROCAS,NO,-1.0,-1.0,NO,-1.0,NO,ATERRONADA,NO,NO,NO HAY,LA MANANA Y LA TARDE,NO HAY,NO HAY,NO,SI,23.0,PLANTAS NORMALES,SI,NO,SI,NO,BUENO,60.0,BUENO,NINGUNO,0.0,0.0,0.0,0.0,0.0,0.0,100.0,0.0,0.0,0.0,0.0,0.0,0.0,46.67,53.33,0.0,0.0,0.0,33.1393534,24.2325,28.6859267,8.906853402,15322.65155,0.375,395.4,0.25,79.925,33.33371834,23.71992523,28.52682179,9.613793103,23404.9477,0.25862069,245.1,0.155172414,78.58738264,32.30775401,22.78575401,27.54675401,9.522,19580.3304,0.04,353.8,0.22,79.98272141
4602,4230,Mecanizado,NO,DK7088,Maiz,NO,Mecanizada,NO,6216.744186,6.0,47.0,83.0,61000,17,0,0,0,0,0,0,0,1,0,0,0,2,0,0.0,0.0,103.5,0,0.0,0.0,0,0.0,30.0,0,0,0,4,3.0,PLANO O LLANO,PLANO,2.0,6.0,SIN ROCAS,NO,-1.0,-1.0,NO,-1.0,NO,ATERRONADA,NO,NO,NO HAY,LA MANANA Y LA TARDE,NO HAY,NO HAY,NO,SI,27.0,PLANTAS NORMALES,SI,NO,SI,NO,BUENO,60.0,BUENO,LENTO,0.0,0.0,0.0,0.0,0.0,0.0,0.0,100.0,0.0,0.0,0.0,0.0,0.0,100.0,0.0,0.0,0.0,0.0,33.2993534,24.2925,28.7959267,9.006853402,15429.55358,0.4,395.4,0.25,79.875,33.2580664,23.69254915,28.47530777,9.565517241,23213.60652,0.25862069,245.1,0.155172414,78.7384277,32.07839099,22.45787817,27.26813458,9.620512821,15350.20067,0.051282051,260.0,0.179487179,80.04722447
4605,4151,Manual,NO,P3966 (Pioneer),Maiz,SI,Mecanizada,NO,6197.674419,4.0,50.0,75.0,68750,16,0,0,0,0,0,0,0,2,0,0,0,1,1,0.0,0.0,115.0,0,0.0,0.0,0,0.0,0.0,0,0,0,2,3.0,PLANO O LLANO,PLANO,2.0,5.5,SIN ROCAS,NO,-1.0,-1.0,NO,-1.0,NO,ATERRONADA,NO,NO,NO HAY,LA MANANA Y LA TARDE,NO HAY,NO HAY,NO,SI,23.0,PLANTAS NORMALES,SI,NO,SI,NO,BUENO,60.0,BUENO,LENTO,0.0,0.0,0.0,0.0,0.0,0.0,41.67,58.33,0.0,0.0,0.0,0.0,0.0,41.67,58.33,0.0,0.0,0.0,33.16276952,24.5375,28.85013476,8.625269522,15197.95813,0.425,412.1,0.25,80.325,33.18559167,23.88208194,28.53383681,9.303509726,22550.01236,0.25862069,216.1,0.137931034,79.0383629,32.95448205,22.82010705,27.88729455,10.134375,13461.2569,0.125,155.5,0.1875,78.87988154
4606,4149,Mecanizado,NO,P3966 (Pioneer),Maiz,SI,Mecanizada,NO,5839.534884,3.0,47.0,86.0,62500,17,0,0,0,0,0,0,0,1,1,0,0,1,0,0.0,0.0,92.0,0,0.0,0.0,0,0.0,0.0,0,0,0,2,3.0,PLANO O LLANO,PLANO,2.0,6.0,SIN ROCAS,NO,-1.0,-1.0,SI,-1.0,NO,ATERRONADA,NO,NO,NO HAY,LA MANANA Y LA TARDE,NO HAY,NO HAY,NO,SI,32.0,PLANTAS NORMALES,NO,NO,SI,NO,BUENO,32.0,LENTO A MUY LENTO,LENTO,0.0,100.0,0.0,0.0,0.0,0.0,0.0,0.0,0.0,0.0,0.0,0.0,0.0,0.0,100.0,0.0,0.0,0.0,33.08121573,24.4675,28.77435786,8.613715726,15128.72763,0.4,411.7,0.25,80.575,33.26925381,23.88260713,28.57593047,9.386646673,22776.29838,0.293103448,239.9,0.155172414,78.76491249,32.54954339,22.69826134,27.62390236,9.851282051,15929.81978,0.051282051,176.2,0.153846154,79.31878411
4607,4150,Mecanizado,NO,Otro,Maiz,SI,Mecanizada,NO,5528.72093,5.0,46.0,86.0,60500,15,0,0,0,0,0,0,0,2,0,0,0,2,0,0.0,0.0,92.0,0,0.0,0.0,0,0.0,0.0,0,0,0,2,3.0,PLANO O LLANO,PLANO,2.0,6.0,SIN ROCAS,NO,-1.0,-1.0,NO,-1.0,NO,ATERRONADA,NO,NO,NO HAY,LA MANANA Y LA TARDE,NO HAY,NO HAY,NO,SI,29.0,PLANTAS NORMALES,NO,NO,SI,NO,BUENO,60.0,BUENO,LENTO,0.0,100.0,0.0,0.0,0.0,0.0,0.0,0.0,0.0,0.0,0.0,0.0,0.0,0.0,100.0,0.0,0.0,0.0,33.08121573,24.4675,28.77435786,8.613715726,15128.72763,0.4,411.7,0.25,80.575,33.26925381,23.88260713,28.57593047,9.386646673,22776.29838,0.293103448,239.9,0.155172414,78.76491249,32.51595631,22.61095631,27.56345631,9.905,16329.00508,0.05,176.7,0.15,79.30121904
4608,4179,Mecanizado,NO,Cerato (Syngenta),Algodón,SI,Mecanizada,NO,7440.697674,6.0,49.0,68.0,58000,17,0,0,0,0,0,0,0,2,0,0,0,1,0,0.0,0.0,107.0,0,0.0,15.0,0,0.0,45.0,0,0,0,4,2.0,PLANO O LLANO,PLANO,2.0,5.5,SIN ROCAS,NO,-1.0,-1.0,NO,-1.0,NO,ATERRONADA,NO,NO,NO HAY,LA MANANA Y LA TARDE,NO HAY,NO HAY,NO,SI,25.0,PLANTAS NORMALES,SI,NO,SI,NO,BUENO,60.0,BUENO,NINGUNO,0.0,100.0,0.0,0.0,0.0,0.0,0.0,0.0,0.0,0.0,0.0,0.0,0.0,0.0,100.0,0.0,0.0,0.0,33.09740144,24.05731234,28.57735689,9.040089102,15045.21302,0.325,182.4,0.175,79.44715912,32.99318561,23.14663389,28.06990975,9.846551724,24106.37594,0.120689655,288.4,0.189655172,78.76082139,31.9877526,22.76082953,27.37429106,9.226923077,9692.44541,0.0,218.2,0.230769231,80.60564245
4609,4177,Mecanizado,NO,P4082 (Pioneer),Algodón,SI,Mecanizada,NO,7627.906977,1.0,48.0,87.0,60000,18,0,0,0,0,0,0,0,2,0,0,0,3,0,0.0,0.0,92.0,0,0.0,0.0,0,0.0,30.0,0,0,0,3,2.0,PLANO O LLANO,PLANO,2.0,5.5,SIN ROCAS,NO,-1.0,-1.0,NO,-1.0,NO,ATERRONADA,NO,NO,NO HAY,LA MANANA Y LA TARDE,NO HAY,NO HAY,NO,SI,26.0,PLANTAS NORMALES,NO,NO,SI,NO,BUENO,60.0,BUENO,NINGUNO,0.0,100.0,0.0,0.0,0.0,0.0,0.0,0.0,0.0,0.0,0.0,0.0,0.0,0.0,100.0,0.0,0.0,0.0,32.94008401,23.9757306,28.4579073,8.964353402,15084.91558,0.35,351.1,0.25,80.32444892,33.21097662,23.478218,28.34459731,9.732758621,23913.34119,0.206896552,246.4,0.172413793,78.55430828,32.1489163,22.71045476,27.42968553,9.438461538,14979.05559,0.025641026,257.7,0.179487179,80.12931778
4610,4178,Mecanizado,NO,Otro,Maiz,SI,Mecanizada,NO,7627.906977,6.0,49.0,80.0,60000,18,0,0,0,0,0,0,0,1,0,0,0,2,0,0.0,0.0,107.0,0,0.0,15.0,0,0.0,45.0,0,0,0,4,3.0,PLANO O LLANO,PLANO,2.0,6.0,SIN ROCAS,NO,-1.0,-1.0,NO,-1.0,NO,MASIVA,NO,NO,NO HAY,LA MANANA Y LA TARDE,NO HAY,NO HAY,NO,SI,27.0,PLANTAS NORMALES,SI,NO,SI,NO,BUENO,27.0,BUENO,LENTO,0.0,50.0,0.0,50.0,0.0,0.0,0.0,0.0,0.0,0.0,0.0,0.0,0.0,50.0,50.0,0.0,0.0,0.0,33.10621573,24.4675,28.78685786,8.638715726,15224.7496,0.4,414.8,0.25,80.5,33.25931701,23.85715309,28.55823505,9.402163915,22784.94984,0.293103448,235.5,0.155172414,78.88295035,32.52654017,22.68180333,27.60417175,9.844736842,15479.60758,0.052631579,176.2,0.157894737,79.27858906
4611,4175,Mecanizado,NO,P3966 (Pioneer),Maiz,SI,Mecanizada,NO,7151.162791,7.0,49.0,82.0,61000,16,0,0,0,0,0,0,0,1,0,0,0,2,0,0.0,0.0,109.0,0,0.0,0.0,0,0.0,20.0,0,0,0,3,2.0,PLANO O LLANO,PLANO,2.0,6.0,SIN ROCAS,NO,-1.0,-1.0,NO,-1.0,NO,ATERRONADA,NO,NO,NO HAY,LA MANANA Y LA TARDE,NO HAY,NO HAY,NO,SI,29.0,PLANTAS NORMALES,SI,NO,SI,NO,BUENO,60.0,BUENO,NINGUNO,0.0,100.0,0.0,0.0,0.0,0.0,0.0,0.0,0.0,0.0,0.0,0.0,0.0,0.0,100.0,0.0,0.0,0.0,33.10621573,24.4675,28.78685786,8.638715726,15224.7496,0.4,414.8,0.25,80.5,33.25931701,23.85715309,28.55823505,9.402163915,22784.94984,0.293103448,235.5,0.155172414,78.88295035,32.43813345,22.48691394,27.4625237,9.951219512,16696.92485,0.048780488,179.2,0.146341463,79.25212373
4612,4176,Mecanizado,NO,DK 234 YGRR,Algodón,SI,Mecanizada,NO,7151.162791,6.0,49.0,85.0,60000,19,0,0,0,0,0,0,0,3,0,0,0,1,0,0.0,0.0,92.0,0,0.0,0.0,0,0.0,30.0,0,0,0,3,3.0,PLANO O LLANO,PLANO,2.0,6.0,SIN ROCAS,NO,-1.0,-1.0,NO,-1.0,NO,ATERRONADA,NO,NO,NO HAY,LA MANANA Y LA TARDE,NO HAY,NO HAY,NO,SI,28.0,PLANTAS NORMALES,NO,NO,SI,NO,BUENO,60.0,BUENO,LENTO,0.0,100.0,0.0,0.0,0.0,0.0,0.0,0.0,0.0,0.0,0.0,0.0,0.0,0.0,100.0,0.0,0.0,0.0,33.10621573,24.4675,28.78685786,8.638715726,15224.7496,0.4,414.8,0.25,80.5,33.25931701,23.85715309,28.55823505,9.402163915,22784.94984,0.293103448,235.5,0.155172414,78.88295035,32.32174543,22.44500124,27.38337333,9.876744186,17308.80362,0.046511628,179.2,0.139534884,79.49537977
4613,4214,Mecanizado,NO,Otro,Algodón,SI,Mecanizada,NO,7534.883721,5.0,50.0,78.0,66000,16,0,0,0,0,0,0,0,2,0,0,0,2,0,0.0,0.0,92.0,0,0.0,0.0,0,0.0,0.0,0,0,0,2,3.0,PLANO O LLANO,PLANO,2.0,5.5,SIN ROCAS,SI,22.0,9.0,NO,-1.0,NO,MASIVA,NO,NO,NO HAY,LA MANANA Y LA TARDE,NO HAY,NO HAY,NO,SI,20.0,POCO AFECTADAS,NO,NO,NO,NO,REGULAR,20.0,BUENO,LENTO,0.0,48.33,0.0,51.67,0.0,0.0,0.0,0.0,0.0,0.0,0.0,0.0,0.0,0.0,100.0,0.0,0.0,0.0,33.2938944,24.605,28.9494472,8.688894401,15050.73793,0.425,362.8,0.2,80.35,33.1537803,23.90371885,28.52874957,9.25006145,22467.56048,0.25862069,246.7,0.155172414,79.05559148,32.95958386,22.90125053,27.93041719,10.05833333,15187.45189,0.138888889,174.2,0.194444444,78.89043794
4614,4157,Manual,NO,Otro,Maiz,SI,Manual,NO,7627.906977,6.0,50.0,81.0,72000,17,0,0,0,0,0,0,0,1,0,0,0,3,0,0.0,0.0,61.0,0,0.0,15.0,0,0.0,15.0,0,0,0,3,3.0,PLANO O LLANO,PLANO,2.0,5.5,SIN ROCAS,SI,26.0,4.0,NO,-1.0,NO,MASIVA,NO,NO,NO HAY,LA MANANA Y LA TARDE,NO HAY,NO HAY,NO,SI,22.0,POCO AFECTADAS,NO,NO,SI,NO,REGULAR,22.0,BUENO,LENTO,0.0,100.0,0.0,0.0,0.0,0.0,0.0,0.0,0.0,0.0,0.0,0.0,0.0,0.0,100.0,0.0,0.0,0.0,32.92012975,24.02077635,28.47045305,8.899353402,15055.49964,0.35,408.0,0.275,80.31189991,33.20570179,23.4970811,28.35139144,9.70862069,23870.97315,0.206896552,252.6,0.172413793,78.56124041,32.17279616,22.72029616,27.44654616,9.4525,15399.83325,0.025,257.7,0.175,80.12858226
4615,4167,Mecanizado,NO,Otro,Algodón,SI,Mecanizada,NO,7440.697674,6.0,50.0,83.0,70000,16,0,0,0,0,0,0,0,1,2,0,0,1,1,0.0,0.0,69.0,0,0.0,0.0,0,0.0,30.0,0,0,0,3,2.0,PLANO O LLANO,PLANO,2.0,6.0,SIN ROCAS,NO,-1.0,-1.0,NO,-1.0,NO,MASIVA,NO,NO,NO HAY,LA MANANA Y LA TARDE,NO HAY,NO HAY,NO,SI,19.0,POCO AFECTADAS,NO,NO,SI,NO,REGULAR,19.0,BUENO,NINGUNO,0.0,100.0,0.0,0.0,0.0,0.0,0.0,0.0,0.0,0.0,0.0,0.0,0.0,0.0,100.0,0.0,0.0,0.0,33.26871573,24.4675,28.86810786,8.801215726,15353.37098,0.425,414.8,0.25,80.025,33.24459609,23.83381148,28.53920379,9.410784604,22807.70402,0.275862069,238.7,0.155172414,78.96154613,32.29021111,22.41640158,27.35330635,9.873809524,16928.55047,0.047619048,176.0,0.142857143,79.47006607
4616,4269,Mecanizado,NO,DK 234 YGRR,Algodón,SI,Mecanizada,NO,6674.418605,5.0,51.0,81.0,65000,18,0,0,0,0,0,0,0,1,0,0,0,2,0,46.0,0.0,23.0,0,0.0,0.0,0,0.0,0.0,0,1,0,1,3.0,PLANO O LLANO,PLANO,2.0,6.0,SIN ROCAS,NO,-1.0,-1.0,NO,-1.0,NO,ATERRONADA,NO,NO,NO HAY,LA MANANA Y LA TARDE,NO HAY,NO HAY,NO,SI,26.0,PLANTAS NORMALES,NO,NO,SI,NO,BUENO,65.0,BUENO,LENTO,0.0,50.77,0.0,0.0,0.0,0.0,0.0,49.23,0.0,0.0,0.0,0.0,0.0,49.23,50.77,0.0,0.0,0.0,33.3093534,24.4525,28.8809267,8.856853402,15301.82411,0.425,412.8,0.275,80.025,33.29388071,23.76801864,28.53094968,9.525862069,23027.94772,0.275862069,237.7,0.137931034,78.81800081,32.20773987,22.43523987,27.32148987,9.7725,16034.5005,0.05,166.0,0.15,79.67142804
4618,4277,Mecanizado,NO,Otro,Algodón,SI,Mecanizada,NO,6466.27907,4.0,50.0,83.0,69000,17,0,0,0,0,0,0,0,1,0,0,0,2,0,0.0,0.0,61.0,0,0.0,15.0,0,0.0,45.0,0,0,0,4,2.0,PLANO O LLANO,PLANO,2.0,6.0,SIN ROCAS,NO,-1.0,-1.0,NO,-1.0,NO,ATERRONADA,NO,NO,NO HAY,LA MANANA Y LA TARDE,NO HAY,NO HAY,NO,SI,28.0,PLANTAS NORMALES,SI,NO,SI,NO,BUENO,60.0,BUENO,NINGUNO,0.0,100.0,0.0,0.0,0.0,0.0,0.0,0.0,0.0,0.0,0.0,0.0,0.0,0.0,100.0,0.0,0.0,0.0,33.3093534,24.4525,28.8809267,8.856853402,15301.82411,0.425,412.8,0.275,80.025,33.29388071,23.76801864,28.53094968,9.525862069,23027.94772,0.275862069,237.7,0.137931034,78.81800081,32.20773987,22.43523987,27.32148987,9.7725,16034.5005,0.05,166.0,0.15,79.67142804
4620,4276,Mecanizado,NO,Otro,Algodón,SI,Mecanizada,NO,5720.930233,4.0,57.0,80.0,69500,17,0,0,0,0,0,0,0,1,0,0,0,1,0,0.0,0.0,92.0,0,0.0,0.0,0,0.0,30.0,0,0,0,4,3.0,PLANO O LLANO,PLANO,2.0,5.5,SIN ROCAS,SI,18.0,7.0,NO,-1.0,NO,MASIVA,NO,NO,NO HAY,LA MANANA Y LA TARDE,NO HAY,NO HAY,NO,SI,15.0,POCO AFECTADAS,NO,NO,NO,NO,REGULAR,15.0,BUENO,LENTO,0.0,100.0,0.0,0.0,0.0,0.0,0.0,0.0,0.0,0.0,0.0,0.0,0.0,0.0,100.0,0.0,0.0,0.0,33.3093534,24.4525,28.8809267,8.856853402,15301.82411,0.425,412.8,0.275,80.025,33.29388071,23.76801864,28.53094968,9.525862069,23027.94772,0.275862069,237.7,0.137931034,78.81800081,32.20773987,22.43523987,27.32148987,9.7725,16034.5005,0.05,166.0,0.15,79.67142804
4621,4274,Mecanizado,NO,Otro,Algodón,NO,Mecanizada,NO,5720.930233,5.0,49.0,80.0,68000,18,0,0,0,0,0,0,0,1,0,0,0,2,0,0.0,0.0,101.2,0,0.0,0.0,0,0.0,30.0,0,0,0,3,2.0,PLANO O LLANO,PLANO,2.0,6.0,SIN ROCAS,NO,-1.0,-1.0,NO,-1.0,NO,MASIVA,NO,NO,NO HAY,LA MANANA Y LA TARDE,NO HAY,NO HAY,NO,SI,23.0,PLANTAS NORMALES,NO,NO,SI,NO,BUENO,23.0,BUENO,NINGUNO,0.0,100.0,0.0,0.0,0.0,0.0,0.0,0.0,0.0,0.0,0.0,0.0,0.0,0.0,100.0,0.0,0.0,0.0,33.3493534,24.4675,28.9084267,8.881853402,15416.87624,0.425,411.4,0.25,79.825,33.27545658,23.79614624,28.53580141,9.479310345,22871.44259,0.275862069,248.5,0.155172414,78.92337313,32.42780099,22.5413145,27.48455775,9.886486486,15184.77229,0.054054054,166.0,0.162162162,79.27842686
4623,4278,Mecanizado,NO,PIONEER 30F35 HRR,Algodón,SI,Mecanizada,NO,5887.209302,6.0,52.0,76.0,70000,18,0,0,0,0,0,0,0,1,0,0,0,2,0,0.0,0.0,115.0,0,0.0,0.0,0,0.0,30.0,0,0,0,4,2.0,PLANO O LLANO,PLANO,2.0,6.0,SIN ROCAS,NO,-1.0,-1.0,NO,-1.0,NO,MASIVA,NO,NO,NO HAY,LA MANANA Y LA TARDE,NO HAY,NO HAY,NO,SI,28.0,PLANTAS NORMALES,NO,NO,SI,NO,BUENO,28.0,BUENO,NINGUNO,0.0,100.0,0.0,0.0,0.0,0.0,0.0,0.0,0.0,0.0,0.0,0.0,0.0,0.0,100.0,0.0,0.0,0.0,33.3493534,24.4675,28.9084267,8.881853402,15416.87624,0.425,411.4,0.25,79.825,33.27545658,23.79614624,28.53580141,9.479310345,22871.44259,0.275862069,248.5,0.155172414,78.92337313,32.42780099,22.5413145,27.48455775,9.886486486,15184.77229,0.054054054,166.0,0.162162162,79.27842686
4625,4271,Mecanizado,NO,P3966 (Pioneer),Maiz,SI,Mecanizada,NO,6436.046512,5.0,48.0,81.0,66700,17,0,0,0,0,0,0,0,1,1,0,0,1,0,0.0,0.0,69.0,0,0.0,0.0,0,0.0,60.0,0,0,0,4,2.0,PLANO O LLANO,PLANO,2.0,6.0,SIN ROCAS,NO,-1.0,-1.0,NO,-1.0,NO,MASIVA,NO,NO,NO HAY,LA MANANA Y LA TARDE,NO HAY,NO HAY,NO,SI,20.0,PLANTAS NORMALES,SI,NO,NO,NO,BUENO,20.0,BUENO,NINGUNO,0.0,100.0,0.0,0.0,0.0,0.0,0.0,0.0,0.0,0.0,0.0,0.0,0.0,0.0,100.0,0.0,0.0,0.0,33.3493534,24.4675,28.9084267,8.881853402,15416.87624,0.425,411.4,0.25,79.825,33.27545658,23.79614624,28.53580141,9.479310345,22871.44259,0.275862069,248.5,0.155172414,78.92337313,32.42780099,22.5413145,27.48455775,9.886486486,15184.77229,0.054054054,166.0,0.162162162,79.27842686
4627,4272,Mecanizado,NO,P4082 (Pioneer),Maiz,SI,Mecanizada,NO,5745.348837,5.0,50.0,81.0,66800,16,0,0,0,0,0,0,0,1,0,0,0,2,0,0.0,0.0,61.0,0,0.0,15.0,0,0.0,15.0,0,0,0,3,3.0,PLANO O LLANO,PLANO,3.0,6.0,SIN ROCAS,NO,-1.0,-1.0,NO,-1.0,NO,ATERRONADA,NO,NO,NO HAY,LA MANANA Y LA TARDE,NO HAY,NO HAY,NO,SI,25.0,PLANTAS NORMALES,SI,NO,SI,NO,BUENO,60.0,BUENO,LENTO,0.0,100.0,0.0,0.0,0.0,0.0,0.0,0.0,0.0,0.0,0.0,0.0,0.0,0.0,100.0,0.0,0.0,0.0,33.3493534,24.4675,28.9084267,8.881853402,15416.87624,0.425,411.4,0.25,79.825,33.27545658,23.79614624,28.53580141,9.479310345,22871.44259,0.275862069,248.5,0.155172414,78.92337313,32.282971,22.42399664,27.35348382,9.858974359,15798.525,0.051282051,166.0,0.153846154,79.49332337
4628,4273,Mecanizado,NO,DK7088,Algodón,SI,Mecanizada,NO,6310.465116,6.0,49.0,84.0,65750,17,0,0,0,0,0,0,0,1,0,0,0,2,0,0.0,0.0,84.0,0,0.0,15.0,0,0.0,45.0,0,0,0,4,2.0,PLANO O LLANO,PLANO,2.0,6.0,SIN ROCAS,NO,-1.0,-1.0,NO,-1.0,NO,MASIVA,NO,NO,NO HAY,LA MANANA Y LA TARDE,NO HAY,NO HAY,NO,SI,18.0,POCO AFECTADAS,NO,NO,NO,NO,REGULAR,18.0,BUENO,NINGUNO,0.0,100.0,0.0,0.0,0.0,0.0,0.0,0.0,0.0,0.0,0.0,0.0,0.0,0.0,100.0,0.0,0.0,0.0,33.2993534,24.2925,28.7959267,9.006853402,15429.55358,0.4,395.4,0.25,79.875,33.2580664,23.69254915,28.47530777,9.565517241,23213.60652,0.25862069,245.1,0.155172414,78.7384277,32.13196444,22.51053587,27.32125015,9.621428571,16501.59237,0.047619048,268.2,0.166666667,80.08828743
4629,4169,Manual,NO,DK 234 YGRR,Algodón,SI,Mecanizada,NO,6404.651163,5.0,47.0,79.0,65000,15,0,0,0,0,0,0,0,1,0,0,0,2,0,0.0,0.0,41.0,0,0.0,36.0,0,0.0,18.0,0,0,0,3,4.0,PLANO O LLANO,PLANO,2.0,6.0,SIN ROCAS,NO,-1.0,-1.0,NO,-1.0,NO,MASIVA,NO,NO,NO HAY,LA MANANA Y LA TARDE,NO HAY,NO HAY,NO,SI,27.0,PLANTAS NORMALES,NO,NO,SI,NO,BUENO,27.0,BUENO,LENTO,0.0,100.0,0.0,0.0,0.0,0.0,0.0,0.0,0.0,0.0,0.0,0.0,0.0,0.0,100.0,0.0,0.0,0.0,32.94008401,23.9757306,28.4579073,8.964353402,15084.91558,0.35,351.1,0.25,80.32444892,33.21097662,23.478218,28.34459731,9.732758621,23913.34119,0.206896552,246.4,0.172413793,78.55430828,31.96127332,22.47892038,27.22009685,9.482352941,12991.1694,0.029411765,234.6,0.147058824,80.17062183
4630,4168,Mecanizado,NO,P4082 (Pioneer),Algodón,SI,Mecanizada,NO,6593.023256,6.0,48.0,74.0,60000,15,0,0,0,0,0,0,0,1,0,0,0,3,0,0.0,0.0,69.0,0,0.0,0.0,0,0.0,0.0,0,0,0,2,2.0,PLANO O LLANO,PLANO,2.0,6.0,SIN ROCAS,NO,-1.0,-1.0,NO,-1.0,NO,ATERRONADA,NO,NO,NO HAY,LA MANANA Y LA TARDE,NO HAY,NO HAY,NO,SI,18.0,PLANTAS NORMALES,NO,NO,SI,NO,BUENO,65.0,BUENO,NINGUNO,0.0,50.77,0.0,0.0,0.0,0.0,0.0,49.23,0.0,0.0,0.0,0.0,0.0,49.23,50.77,0.0,0.0,0.0,32.94008401,23.9757306,28.4579073,8.964353402,15084.91558,0.35,351.1,0.25,80.32444892,33.21097662,23.478218,28.34459731,9.732758621,23913.34119,0.206896552,246.4,0.172413793,78.55430828,31.83940216,22.358757,27.09907958,9.480645161,11836.57025,0.032258065,229.7,0.161290323,80.41076736
4631,4224,Manual,NO,P4082 (Pioneer),Maiz,SI,Manual,NO,6498.837209,5.0,49.0,80.0,63000,17,0,0,0,0,0,0,0,1,0,0,0,2,0,0.0,0.0,92.0,0,0.0,0.0,0,0.0,30.0,0,0,0,4,3.0,PLANO O LLANO,PLANO,2.0,5.5,SIN ROCAS,NO,-1.0,-1.0,NO,-1.0,NO,ATERRONADA,NO,NO,NO HAY,LA MANANA Y LA TARDE,NO HAY,NO HAY,NO,SI,22.0,PLANTAS NORMALES,NO,NO,SI,NO,BUENO,60.0,BUENO,LENTO,0.0,100.0,0.0,0.0,0.0,0.0,0.0,0.0,0.0,0.0,0.0,0.0,0.0,0.0,100.0,0.0,0.0,0.0,33.29964208,24.75,29.02482104,8.549642083,14874.73422,0.425,347.0,0.175,80.325,33.18314234,23.96411538,28.57362886,9.219026967,22423.28682,0.275862069,262.5,0.172413793,79.05510734,33.00189067,22.86135013,27.9316204,10.14054054,15688.92323,0.135135135,172.3,0.189189189,78.80619778
4632,4267,Mecanizado,NO,Otro,Algodón,SI,Mecanizada,NO,6027.906977,5.0,48.0,66.0,58600,18,0,0,0,0,0,0,0,1,0,0,0,2,0,46.0,0.0,46.0,0,0.0,0.0,0,0.0,0.0,0,1,0,1,2.0,PLANO O LLANO,PLANO,2.0,6.0,SIN ROCAS,NO,-1.0,-1.0,NO,-1.0,NO,MASIVA,NO,NO,NO HAY,LA MANANA Y LA TARDE,NO HAY,NO HAY,NO,SI,20.0,PLANTAS NORMALES,NO,NO,SI,NO,BUENO,20.0,BUENO,NINGUNO,0.0,0.0,0.0,0.0,0.0,0.0,45.0,55.0,0.0,0.0,0.0,0.0,0.0,45.0,55.0,0.0,0.0,0.0,33.1393534,24.2325,28.6859267,8.906853402,15322.65155,0.375,395.4,0.25,79.925,33.33371834,23.71992523,28.52682179,9.613793103,23404.9477,0.25862069,245.1,0.155172414,78.58738264,32.68204767,22.74568403,27.71386585,9.936363636,9125.221796,0.090909091,104.2,0.181818182,79.32781266
4633,4266,Mecanizado,NO,Otro,Algodón,SI,Mecanizada,NO,5838.953488,5.0,49.0,83.0,60000,17,0,0,0,0,0,0,0,1,0,0,0,2,0,0.0,0.0,92.0,0,0.0,0.0,0,0.0,30.0,0,0,0,4,2.0,PLANO O LLANO,PLANO,2.0,6.0,SIN ROCAS,NO,-1.0,-1.0,NO,-1.0,NO,MASIVA,NO,NO,NO HAY,LA MANANA Y LA TARDE,NO HAY,NO HAY,NO,SI,25.0,PLANTAS NORMALES,SI,NO,SI,NO,BUENO,25.0,BUENO,NINGUNO,0.0,56.67,0.0,43.33,0.0,0.0,0.0,0.0,0.0,0.0,0.0,0.0,0.0,43.33,56.67,0.0,0.0,0.0,33.0368534,24.1325,28.5846767,8.904353402,15154.32495,0.375,416.1,0.275,80.175,33.20951358,23.55089289,28.38020324,9.65862069,23775.15116,0.206896552,239.0,0.155172414,78.67060047,32.08970316,22.63470316,27.36220316,9.455,15369.67193,0.025,258.4,0.175,80.08556227
4634,4294,Mecanizado,NO,Otro,Maiz,SI,Mecanizada,NO,6128.488372,6.0,49.0,83.0,61000,16,0,0,0,0,0,0,0,1,0,0,0,1,0,46.0,0.0,46.0,0,0.0,0.0,0,0.0,30.0,0,1,0,3,3.0,PLANO O LLANO,PLANO,2.0,6.0,SIN ROCAS,NO,-1.0,-1.0,NO,-1.0,NO,ATERRONADA,NO,NO,NO HAY,LA MANANA Y LA TARDE,NO HAY,NO HAY,NO,SI,22.0,PLANTAS NORMALES,NO,NO,SI,NO,BUENO,60.0,BUENO,LENTO,0.0,100.0,0.0,0.0,0.0,0.0,0.0,0.0,0.0,0.0,0.0,0.0,0.0,0.0,100.0,0.0,0.0,0.0,33.2993534,24.2925,28.7959267,9.006853402,15429.55358,0.4,395.4,0.25,79.875,33.2580664,23.69254915,28.47530777,9.565517241,23213.60652,0.25862069,245.1,0.155172414,78.7384277,32.09559718,22.47852401,27.28706059,9.617073171,16135.77057,0.048780488,268.2,0.170731707,80.14714192
4635,4309,Mecanizado,NO,PIONEER 30F35 HRR,Maiz,SI,Mecanizada,NO,6245.348837,6.0,49.0,83.0,60000,16,0,0,0,0,0,0,0,1,0,0,0,2,0,0.0,0.0,92.0,0,0.0,0.0,0,0.0,0.0,0,0,0,2,2.0,PLANO O LLANO,PLANO,2.0,5.5,SIN ROCAS,NO,-1.0,-1.0,NO,-1.0,NO,ATERRONADA,NO,NO,NO HAY,LA MANANA Y LA TARDE,NO HAY,NO HAY,NO,SI,28.0,PLANTAS NORMALES,SI,NO,SI,NO,BUENO,60.0,BUENO,NINGUNO,0.0,100.0,0.0,0.0,0.0,0.0,0.0,0.0,0.0,0.0,0.0,0.0,0.0,0.0,100.0,0.0,0.0,0.0,33.3493534,24.4675,28.9084267,8.881853402,15416.87624,0.425,411.4,0.25,79.825,33.27545658,23.79614624,28.53580141,9.479310345,22871.44259,0.275862069,248.5,0.155172414,78.92337313,32.21654133,22.41898035,27.31776084,9.797560976,16499.49264,0.048780488,166.0,0.146341463,79.62793969
4636,4229,Mecanizado,NO,Otro,Maiz,NO,Mecanizada,NO,5860.465116,6.0,48.0,71.0,60000,17,0,0,0,0,0,0,0,2,0,0,0,2,0,0.0,0.0,69.0,0,0.0,0.0,0,0.0,30.0,0,0,0,3,2.0,PLANO O LLANO,PLANO,2.0,5.5,SIN ROCAS,NO,-1.0,-1.0,NO,-1.0,NO,ATERRONADA,NO,NO,NO HAY,LA MANANA Y LA TARDE,NO HAY,NO HAY,NO,SI,18.0,PLANTAS NORMALES,SI,NO,SI,NO,BUENO,60.0,BUENO,NINGUNO,0.0,60.0,0.0,0.0,0.0,0.0,0.0,40.0,0.0,0.0,0.0,0.0,0.0,40.0,60.0,0.0,0.0,0.0,33.08121573,24.4675,28.77435786,8.613715726,15128.72763,0.4,411.7,0.25,80.575,33.26925381,23.88260713,28.57593047,9.386646673,22776.29838,0.293103448,239.9,0.155172414,78.76491249,32.88133998,22.74919713,27.81526855,10.13214286,11737.72918,0.071428571,129.8,0.178571429,78.97977245
4637,4226,Mecanizado,NO,Otro,Algodón,NO,Mecanizada,NO,5860.465116,6.0,49.0,55.0,60000,17,0,0,0,0,0,0,0,1,0,0,0,3,0,0.0,0.0,80.5,0,0.0,0.0,0,0.0,30.0,0,0,0,3,3.0,PLANO O LLANO,PLANO,2.0,6.0,SIN ROCAS,NO,-1.0,-1.0,NO,-1.0,NO,MASIVA,NO,NO,NO HAY,LA MANANA Y LA TARDE,NO HAY,NO HAY,NO,SI,22.0,PLANTAS NORMALES,SI,NO,SI,NO,BUENO,22.0,BUENO,LENTO,0.0,100.0,0.0,0.0,0.0,0.0,0.0,0.0,0.0,0.0,0.0,0.0,0.0,0.0,100.0,0.0,0.0,0.0,33.0493534,24.1825,28.6159267,8.866853402,15241.3287,0.35,426.4,0.275,80.05,33.37952114,23.71227976,28.54590045,9.667241379,23601.26368,0.275862069,214.1,0.137931034,78.4771731,32.93775619,22.91467927,27.92621773,10.02307692,5473.239819,0.076923077,95.4,0.307692308,78.97831093
4638,4227,Mecanizado,NO,Otro,Algodón,NO,Mecanizada,NO,5651.162791,7.0,50.0,83.0,62000,17,0,0,0,0,0,0,0,2,0,0,0,2,0,0.0,0.0,115.0,0,0.0,0.0,0,0.0,30.0,0,0,0,4,3.0,PLANO O LLANO,PLANO,2.0,6.0,SIN ROCAS,NO,-1.0,-1.0,NO,-1.0,NO,MASIVA,NO,NO,NO HAY,LA MANANA Y LA TARDE,NO HAY,NO HAY,NO,SI,26.0,PLANTAS NORMALES,NO,NO,SI,NO,BUENO,26.0,BUENO,LENTO,0.0,100.0,0.0,0.0,0.0,0.0,0.0,0.0,0.0,0.0,0.0,0.0,0.0,0.0,100.0,0.0,0.0,0.0,33.0493534,24.1825,28.6159267,8.866853402,15241.3287,0.35,426.4,0.275,80.05,33.37952114,23.71227976,28.54590045,9.667241379,23601.26368,0.275862069,214.1,0.137931034,78.4771731,32.12144163,22.58190675,27.35167419,9.539534884,16746.86671,0.023255814,283.3,0.186046512,80.01984856
4639,4158,Mecanizado,NO,Otro,Algodón,SI,Mecanizada,NO,6197.674419,5.0,52.0,82.0,61000,16,0,0,0,0,0,0,0,2,0,0,0,2,0,0.0,0.0,92.0,0,0.0,0.0,0,0.0,30.0,0,0,0,3,2.0,PLANO O LLANO,PLANO,3.0,6.0,SIN ROCAS,NO,-1.0,-1.0,NO,-1.0,NO,ATERRONADA,NO,NO,NO HAY,LA MANANA Y LA TARDE,NO HAY,NO HAY,NO,SI,24.0,PLANTAS NORMALES,NO,NO,SI,NO,BUENO,60.0,BUENO,NINGUNO,0.0,0.0,0.0,0.0,28.33,0.0,0.0,71.67,0.0,0.0,0.0,0.0,0.0,28.33,71.67,0.0,0.0,0.0,33.26871573,24.4675,28.86810786,8.801215726,15353.37098,0.425,414.8,0.25,80.025,33.24459609,23.83381148,28.53920379,9.410784604,22807.70402,0.275862069,238.7,0.155172414,78.96154613,32.29021111,22.41640158,27.35330635,9.873809524,16928.55047,0.047619048,176.0,0.142857143,79.47006607
4640,4312,Mecanizado,NO,Otro,Algodón,SI,Mecanizada,NO,6664.883721,1.0,49.0,84.0,60000,17,0,0,0,0,0,0,0,2,0,0,0,1,0,0.0,0.0,92.0,0,0.0,0.0,0,0.0,30.0,0,0,0,4,3.0,PLANO O LLANO,PLANO,2.0,6.0,SIN ROCAS,NO,-1.0,-1.0,NO,-1.0,NO,ATERRONADA,NO,NO,NO HAY,LA MANANA Y LA TARDE,NO HAY,NO HAY,NO,SI,23.0,PLANTAS NORMALES,NO,NO,SI,NO,BUENO,60.0,BUENO,LENTO,0.0,0.0,0.0,0.0,43.33,0.0,56.67,0.0,0.0,0.0,0.0,0.0,0.0,43.33,56.67,0.0,0.0,0.0,32.765,23.605,28.185,9.16,16499.6405,0.225,316.1,0.225,83.93756302,32.51101182,23.15928768,27.83514975,9.351724138,23989.17935,0.137931034,172.6,0.103448276,83.0613587,31.67445517,23.4041849,27.53932003,8.27027027,14265.30019,0.0,131.9,0.081081081,83.22601349
4641,4159,Mecanizado,NO,Otro,Algodón,SI,Mecanizada,NO,6498.837209,6.0,49.0,83.0,59000,17,0,0,0,0,0,0,0,1,0,0,0,2,1,0.0,0.0,138.0,0,0.0,0.0,0,0.0,30.0,0,0,0,4,3.0,PLANO O LLANO,PLANO,2.0,6.5,SIN ROCAS,NO,-1.0,-1.0,NO,-1.0,NO,MASIVA,NO,NO,NO HAY,LA MANANA Y LA TARDE,NO HAY,NO HAY,NO,SI,22.0,PLANTAS NORMALES,SI,NO,SI,NO,BUENO,22.0,BUENO,LENTO,0.0,100.0,0.0,0.0,0.0,0.0,0.0,0.0,0.0,0.0,0.0,0.0,0.0,0.0,100.0,0.0,0.0,0.0,33.26871573,24.4675,28.86810786,8.801215726,15353.37098,0.425,414.8,0.25,80.025,33.24459609,23.83381148,28.53920379,9.410784604,22807.70402,0.275862069,238.7,0.155172414,78.96154613,32.31832402,22.43783621,27.37808011,9.880487805,16557.82182,0.048780488,176.0,0.146341463,79.41525799
4642,4311,Mecanizado,NO,Otro,Algodón,SI,Mecanizada,NO,6157.44186,7.0,51.0,76.0,61500,17,0,0,0,0,0,0,0,2,0,0,0,1,0,0.0,0.0,69.0,0,0.0,0.0,0,0.0,30.0,0,0,0,3,3.0,PLANO O LLANO,PLANO,2.0,5.5,SIN ROCAS,NO,-1.0,-1.0,NO,-1.0,NO,MASIVA,NO,NO,NO HAY,LA MANANA Y LA TARDE,NO HAY,NO HAY,NO,SI,24.0,PLANTAS NORMALES,SI,NO,SI,NO,BUENO,24.0,BUENO,LENTO,0.0,61.67,0.0,38.33,0.0,0.0,0.0,0.0,0.0,0.0,0.0,0.0,0.0,38.33,61.67,0.0,0.0,0.0,32.765,23.605,28.185,9.16,16499.6405,0.225,316.1,0.225,83.93756302,32.51101182,23.15928768,27.83514975,9.351724138,23989.17935,0.137931034,172.6,0.103448276,83.0613587,31.67445517,23.4041849,27.53932003,8.27027027,14265.30019,0.0,131.9,0.081081081,83.22601349
4643,4310,Mecanizado,NO,Otro,Algodón,SI,Mecanizada,NO,6436.046512,7.0,53.0,74.0,59800,17,0,0,0,0,0,0,0,1,0,0,0,2,0,0.0,0.0,69.0,0,0.0,0.0,0,0.0,30.0,0,0,0,3,2.0,PLANO O LLANO,PLANO,2.0,6.0,SIN ROCAS,NO,-1.0,-1.0,NO,-1.0,NO,MASIVA,NO,NO,NO HAY,LA MANANA Y LA TARDE,NO HAY,NO HAY,NO,SI,19.0,PLANTAS NORMALES,NO,NO,SI,NO,BUENO,19.0,BUENO,NINGUNO,0.0,0.0,0.0,48.33,0.0,0.0,51.67,0.0,0.0,0.0,0.0,0.0,0.0,48.33,51.67,0.0,0.0,0.0,32.765,23.605,28.185,9.16,16499.6405,0.225,316.1,0.225,83.93756302,32.51101182,23.15928768,27.83514975,9.351724138,23989.17935,0.137931034,172.6,0.103448276,83.0613587,31.67445517,23.4041849,27.53932003,8.27027027,14265.30019,0.0,131.9,0.081081081,83.22601349
4644,4255,Mecanizado,NO,P3966 (Pioneer),Algodón,SI,Mecanizada,NO,5838.953488,4.0,51.0,80.0,60000,18,0,0,0,0,0,0,0,2,0,0,0,1,0,0.0,0.0,84.0,0,0.0,15.0,0,0.0,15.0,0,0,0,3,3.0,PLANO O LLANO,PLANO,2.0,6.0,SIN ROCAS,NO,-1.0,-1.0,NO,-1.0,NO,MASIVA,NO,NO,NO HAY,LA MANANA Y LA TARDE,NO HAY,NO HAY,NO,SI,22.0,PLANTAS NORMALES,SI,NO,SI,NO,BUENO,22.0,BUENO,LENTO,0.0,100.0,0.0,0.0,0.0,0.0,0.0,0.0,0.0,0.0,0.0,0.0,0.0,0.0,100.0,0.0,0.0,0.0,33.1393534,24.2325,28.6859267,8.906853402,15322.65155,0.375,395.4,0.25,79.925,33.33371834,23.71992523,28.52682179,9.613793103,23404.9477,0.25862069,245.1,0.155172414,78.58738264,32.02814305,22.41761674,27.22287989,9.610526316,14911.7818,0.052631579,260.0,0.184210526,80.09479915
4645,4254,Mecanizado,NO,DK 234 YGRR,Algodón,SI,Mecanizada,NO,6169.186047,5.0,49.0,81.0,59700,18,0,0,0,0,0,0,0,1,0,0,0,2,0,0.0,0.0,84.0,0,0.0,15.0,0,0.0,15.0,0,0,0,3,2.0,PLANO O LLANO,PLANO,2.0,6.0,SIN ROCAS,NO,-1.0,-1.0,NO,-1.0,NO,MASIVA,NO,NO,NO HAY,LA MANANA Y LA TARDE,NO HAY,NO HAY,NO,SI,16.0,POCO AFECTADAS,NO,NO,NO,NO,REGULAR,16.0,BUENO,NINGUNO,0.0,100.0,0.0,0.0,0.0,0.0,0.0,0.0,0.0,0.0,0.0,0.0,0.0,0.0,100.0,0.0,0.0,0.0,33.1393534,24.2325,28.6859267,8.906853402,15322.65155,0.375,395.4,0.25,79.925,33.33371834,23.71992523,28.52682179,9.613793103,23404.9477,0.25862069,245.1,0.155172414,78.58738264,32.02814305,22.41761674,27.22287989,9.610526316,14911.7818,0.052631579,260.0,0.184210526,80.09479915
4647,4314,Mecanizado,NO,Otro,Maiz,SI,Mecanizada,NO,6562.790698,5.0,48.0,85.0,60800,17,0,0,0,0,0,0,0,1,0,0,0,2,0,0.0,0.0,69.0,0,0.0,0.0,0,0.0,60.0,0,0,0,4,2.0,PLANO O LLANO,PLANO,2.0,5.5,SIN ROCAS,NO,-1.0,-1.0,SI,-1.0,NO,MASIVA,NO,NO,NO HAY,LA MANANA Y LA TARDE,NO HAY,NO HAY,NO,SI,27.0,PLANTAS NORMALES,SI,NO,SI,NO,BUENO,27.0,LENTO A MUY LENTO,NINGUNO,0.0,100.0,0.0,0.0,0.0,0.0,0.0,0.0,0.0,0.0,0.0,0.0,0.0,0.0,100.0,0.0,0.0,0.0,33.0743534,24.1925,28.6334267,8.881853402,15123.25457,0.375,426.4,0.275,79.975,33.31804976,23.61804976,28.46804976,9.7,23832.89625,0.24137931,220.9,0.137931034,78.59769541,32.06798366,22.56798366,27.31798366,9.5,15853.60092,0.024390244,276.5,0.195121951,80.04544375
4650,4154,Mecanizado,SI,Otro,Algodón,SI,Mecanizada,NO,7440.697674,6.0,50.0,82.0,70000,17,0,0,0,0,0,0,0,1,0,0,0,2,0,0.0,0.0,92.0,0,0.0,0.0,0,0.0,0.0,0,0,0,2,2.0,PLANO O LLANO,PLANO,2.0,6.0,SIN ROCAS,NO,-1.0,-1.0,NO,-1.0,NO,MASIVA,NO,NO,NO HAY,LA MANANA Y LA TARDE,NO HAY,NO HAY,NO,SI,21.0,PLANTAS NORMALES,SI,NO,SI,NO,BUENO,21.0,BUENO,NINGUNO,0.0,100.0,0.0,0.0,0.0,0.0,0.0,0.0,0.0,0.0,0.0,0.0,0.0,0.0,100.0,0.0,0.0,0.0,33.2993534,24.2925,28.7959267,9.006853402,15429.55358,0.4,395.4,0.25,79.875,33.2580664,23.69254915,28.47530777,9.565517241,23213.60652,0.25862069,245.1,0.155172414,78.7384277,32.09559718,22.47852401,27.28706059,9.617073171,16135.77057,0.048780488,268.2,0.170731707,80.14714192
4651,4315,Mecanizado,NO,Otro,Maiz,SI,Mecanizada,NO,6948.837209,6.0,49.0,83.0,61000,17,0,0,0,0,0,0,0,1,0,0,0,2,0,0.0,0.0,84.0,0,0.0,15.0,0,0.0,15.0,0,0,0,3,3.0,PLANO O LLANO,PLANO,2.0,6.0,SIN ROCAS,NO,-1.0,-1.0,NO,-1.0,NO,MASIVA,NO,NO,NO HAY,LA MANANA Y LA TARDE,NO HAY,NO HAY,NO,SI,29.0,PLANTAS NORMALES,NO,NO,SI,NO,BUENO,29.0,BUENO,LENTO,0.0,100.0,0.0,0.0,0.0,0.0,0.0,0.0,0.0,0.0,0.0,0.0,0.0,0.0,100.0,0.0,0.0,0.0,33.0743534,24.1925,28.6334267,8.881853402,15123.25457,0.375,426.4,0.275,79.975,33.31804976,23.61804976,28.46804976,9.7,23832.89625,0.24137931,220.9,0.137931034,78.59769541,32.06798366,22.56798366,27.31798366,9.5,15853.60092,0.024390244,276.5,0.195121951,80.04544375
4652,4156,Manual,SI,Otro,Maiz,SI,Manual,NO,7723.255814,7.0,48.0,86.0,58000,16,0,0,0,0,0,0,0,1,0,0,0,2,0,0.0,0.0,115.0,0,0.0,0.0,0,0.0,0.0,0,0,0,3,3.0,PLANO O LLANO,PLANO,2.0,5.5,SIN ROCAS,NO,-1.0,-1.0,NO,-1.0,NO,MASIVA,NO,NO,NO HAY,LA MANANA Y LA TARDE,NO HAY,NO HAY,NO,SI,20.0,PLANTAS NORMALES,SI,NO,NO,NO,BUENO,20.0,BUENO,LENTO,0.0,60.0,0.0,40.0,0.0,0.0,0.0,0.0,0.0,0.0,0.0,0.0,0.0,0.0,100.0,0.0,0.0,0.0,32.92012975,24.02077635,28.47045305,8.899353402,15055.49964,0.35,408.0,0.275,80.31189991,33.20570179,23.4970811,28.35139144,9.70862069,23870.97315,0.206896552,252.6,0.172413793,78.56124041,32.17164923,22.82846741,27.50005832,9.343181818,16808.75293,0.022727273,325.5,0.204545455,80.18225959
4653,4318,Mecanizado,NO,Otro,Algodón,SI,Mecanizada,NO,5816.27907,6.0,51.0,78.0,60000,17,0,0,0,0,0,0,0,1,0,0,0,1,0,0.0,0.0,61.0,0,0.0,15.0,0,0.0,45.0,0,0,0,4,3.0,PLANO O LLANO,PLANO,2.0,6.0,SIN ROCAS,NO,-1.0,-1.0,NO,-1.0,NO,MASIVA,NO,NO,NO HAY,LA MANANA Y LA TARDE,NO HAY,NO HAY,NO,SI,16.0,POCO AFECTADAS,NO,NO,SI,NO,REGULAR,16.0,BUENO,LENTO,0.0,100.0,0.0,0.0,0.0,0.0,0.0,0.0,0.0,0.0,0.0,0.0,0.0,0.0,100.0,0.0,0.0,0.0,33.26871573,24.4675,28.86810786,8.801215726,15353.37098,0.425,414.8,0.25,80.025,33.24459609,23.83381148,28.53920379,9.410784604,22807.70402,0.275862069,238.7,0.155172414,78.96154613,32.46232632,22.5649579,27.51364211,9.897368421,15498.53974,0.052631579,173.5,0.157894737,79.22747397
4654,4316,Mecanizado,NO,Otro,Algodón,SI,Mecanizada,NO,6440.813953,5.0,49.0,81.0,61000,16,0,0,0,0,0,0,0,1,0,0,0,2,0,0.0,0.0,92.0,0,0.0,0.0,0,0.0,30.0,0,0,0,4,3.0,PLANO O LLANO,PLANO,2.0,6.0,SIN ROCAS,NO,-1.0,-1.0,NO,-1.0,NO,ATERRONADA,NO,NO,NO HAY,LA MANANA Y LA TARDE,NO HAY,NO HAY,NO,SI,26.0,PLANTAS NORMALES,SI,NO,SI,NO,BUENO,60.0,BUENO,LENTO,0.0,100.0,0.0,0.0,0.0,0.0,0.0,0.0,0.0,0.0,0.0,0.0,0.0,0.0,100.0,0.0,0.0,0.0,33.26871573,24.4675,28.86810786,8.801215726,15353.37098,0.425,414.8,0.25,80.025,33.24459609,23.83381148,28.53920379,9.410784604,22807.70402,0.275862069,238.7,0.155172414,78.96154613,32.46232632,22.5649579,27.51364211,9.897368421,15498.53974,0.052631579,173.5,0.157894737,79.22747397
4655,4317,Mecanizado,NO,Otro,Algodón,SI,Mecanizada,NO,6755.813953,6.0,50.0,79.0,60000,16,0,0,0,0,0,0,0,2,0,0,0,1,0,0.0,0.0,92.0,0,0.0,0.0,0,0.0,30.0,0,0,0,4,3.0,PLANO O LLANO,PLANO,2.0,6.0,SIN ROCAS,NO,-1.0,-1.0,NO,-1.0,NO,ATERRONADA,NO,NO,NO HAY,LA MANANA Y LA TARDE,NO HAY,NO HAY,NO,SI,23.0,PLANTAS NORMALES,NO,NO,SI,NO,BUENO,60.0,BUENO,LENTO,0.0,100.0,0.0,0.0,0.0,0.0,0.0,0.0,0.0,0.0,0.0,0.0,0.0,0.0,100.0,0.0,0.0,0.0,33.26871573,24.4675,28.86810786,8.801215726,15353.37098,0.425,414.8,0.25,80.025,33.24459609,23.83381148,28.53920379,9.410784604,22807.70402,0.275862069,238.7,0.155172414,78.96154613,32.46232632,22.5649579,27.51364211,9.897368421,15498.53974,0.052631579,173.5,0.157894737,79.22747397
4656,4264,Mecanizado,NO,PIONEER 30F35 HRR,Algodón,SI,Mecanizada,NO,6027.906977,6.0,50.0,84.0,69800,17,0,0,0,0,0,0,0,1,0,0,0,2,0,0.0,0.0,69.0,0,0.0,0.0,0,0.0,30.0,0,0,0,3,2.0,PLANO O LLANO,PLANO,2.0,6.0,SIN ROCAS,NO,-1.0,-1.0,NO,-1.0,NO,ATERRONADA,NO,NO,NO HAY,LA MANANA Y LA TARDE,NO HAY,NO HAY,NO,SI,22.0,PLANTAS NORMALES,NO,NO,SI,NO,BUENO,65.0,BUENO,NINGUNO,0.0,100.0,0.0,0.0,0.0,0.0,0.0,0.0,0.0,0.0,0.0,0.0,0.0,0.0,100.0,0.0,0.0,0.0,33.26871573,24.4675,28.86810786,8.801215726,15353.37098,0.425,414.8,0.25,80.025,33.24459609,23.83381148,28.53920379,9.410784604,22807.70402,0.275862069,238.7,0.155172414,78.96154613,32.25333977,22.43240954,27.34287465,9.820930233,17258.78945,0.046511628,176.0,0.139534884,79.54724403
4657,4260,Mecanizado,NO,P3966 (Pioneer),Maiz,SI,Mecanizada,NO,6388.372093,6.0,41.0,93.0,68500,15,0,0,0,0,0,0,0,1,0,0,0,2,0,0.0,0.0,69.0,0,0.0,0.0,0,0.0,0.0,0,0,0,2,3.0,PLANO O LLANO,PLANO,2.0,6.0,SIN ROCAS,NO,-1.0,-1.0,NO,-1.0,NO,ATERRONADA,NO,NO,NO HAY,LA MANANA Y LA TARDE,NO HAY,NO HAY,NO,SI,27.0,PLANTAS NORMALES,NO,NO,SI,NO,BUENO,60.0,BUENO,LENTO,0.0,100.0,0.0,0.0,0.0,0.0,0.0,0.0,0.0,0.0,0.0,0.0,0.0,0.0,100.0,0.0,0.0,0.0,33.0368534,24.1325,28.5846767,8.904353402,15154.32495,0.375,416.1,0.275,80.175,33.20951358,23.55089289,28.38020324,9.65862069,23775.15116,0.206896552,239.0,0.155172414,78.67060047,32.19350907,22.73536954,27.46443931,9.458139535,16617.36243,0.023255814,318.5,0.209302326,80.034993
4658,4262,Mecanizado,NO,DK 234 YGRR,Algodón,SI,Mecanizada,NO,6404.651163,6.0,49.0,84.0,70000,16,0,0,0,0,0,0,0,1,0,0,0,0,2,0.0,0.0,61.0,0,0.0,15.0,0,0.0,15.0,0,0,0,3,3.0,PLANO O LLANO,PLANO,2.0,6.0,SIN ROCAS,NO,-1.0,-1.0,NO,-1.0,NO,ATERRONADA,NO,NO,NO HAY,LA MANANA Y LA TARDE,NO HAY,NO HAY,NO,SI,21.0,NO HAY CULTIVO,SI,NO,SI,NO,BUENO,60.0,BUENO,LENTO,0.0,100.0,0.0,0.0,0.0,0.0,0.0,0.0,0.0,0.0,0.0,0.0,0.0,0.0,100.0,0.0,0.0,0.0,33.3113944,24.5325,28.9219472,8.778894401,15221.05988,0.45,380.8,0.225,80.2,33.13292903,23.89838482,28.51565692,9.234544208,22515.62273,0.24137931,243.1,0.155172414,79.10161833,32.68850206,22.81707349,27.75278777,9.871428571,17226.78135,0.119047619,204.3,0.166666667,79.21199147
4659,4263,Mecanizado,NO,P4082 (Pioneer),Algodón,SI,Mecanizada,NO,6225.0,6.0,50.0,83.0,68000,16,0,0,0,0,0,0,0,1,0,0,0,2,0,0.0,0.0,92.0,0,0.0,0.0,0,0.0,30.0,0,0,0,4,3.0,PLANO O LLANO,PLANO,2.0,6.0,SIN ROCAS,NO,-1.0,-1.0,NO,-1.0,NO,ATERRONADA,NO,NO,NO HAY,LA MANANA Y LA TARDE,NO HAY,NO HAY,NO,SI,18.0,PLANTAS NORMALES,SI,NO,SI,NO,BUENO,60.0,BUENO,LENTO,0.0,100.0,0.0,0.0,0.0,0.0,0.0,0.0,0.0,0.0,0.0,0.0,0.0,0.0,100.0,0.0,0.0,0.0,33.3113944,24.5325,28.9219472,8.778894401,15221.05988,0.45,380.8,0.225,80.2,33.13292903,23.89838482,28.51565692,9.234544208,22515.62273,0.24137931,243.1,0.155172414,79.10161833,32.68850206,22.81707349,27.75278777,9.871428571,17226.78135,0.119047619,204.3,0.166666667,79.21199147
4660,4313,Mecanizado,NO,Otro,Algodón,SI,Mecanizada,NO,6722.093023,6.0,50.0,81.0,59800,16,0,0,0,0,0,0,0,1,0,0,0,2,0,0.0,0.0,84.0,0,0.0,15.0,0,0.0,15.0,0,0,0,3,2.0,PLANO O LLANO,PLANO,2.0,5.5,SIN ROCAS,NO,-1.0,-1.0,NO,-1.0,NO,MASIVA,NO,NO,NO HAY,LA MANANA Y LA TARDE,NO HAY,NO HAY,NO,SI,16.0,POCO AFECTADAS,NO,NO,NO,NO,REGULAR,16.0,BUENO,NINGUNO,0.0,100.0,0.0,0.0,0.0,0.0,0.0,0.0,0.0,0.0,0.0,0.0,0.0,0.0,100.0,0.0,0.0,0.0,32.705,23.625,28.165,9.08,16427.74513,0.2,316.1,0.225,83.96256302,32.55410533,23.18169154,27.86789843,9.372413793,23961.04344,0.155172414,168.5,0.103448276,83.15757955,31.70922386,23.47422386,27.59172386,8.235,15540.15362,0.0,154.0,0.1,83.21352014
4661,4225,Mecanizado,NO,P3966 (Pioneer),Algodón,SI,Mecanizada,NO,6147.790698,6.0,49.0,85.0,72000,16,0,0,0,0,0,0,0,1,0,0,0,2,0,0.0,0.0,92.0,0,0.0,0.0,0,0.0,30.0,0,0,0,4,3.0,PLANO O LLANO,PLANO,2.0,6.0,SIN ROCAS,NO,-1.0,-1.0,NO,-1.0,NO,ATERRONADA,NO,NO,NO HAY,LA MANANA Y LA TARDE,NO HAY,NO HAY,NO,SI,22.0,PLANTAS NORMALES,SI,NO,SI,NO,BUENO,60.0,BUENO,LENTO,0.0,100.0,0.0,0.0,0.0,0.0,0.0,0.0,0.0,0.0,0.0,0.0,0.0,0.0,100.0,0.0,0.0,0.0,33.0743534,24.1925,28.6334267,8.881853402,15123.25457,0.375,426.4,0.275,79.975,33.31804976,23.61804976,28.46804976,9.7,23832.89625,0.24137931,220.9,0.137931034,78.59769541,32.11918889,22.65872377,27.38895633,9.460465116,16597.53463,0.023255814,289.4,0.209302326,80.05813655
4662,4155,Mecanizado,SI,Otro,Algodón,SI,Mecanizada,NO,7532.55814,5.0,49.0,84.0,69000,18,0,0,0,0,0,0,0,1,0,0,0,2,0,0.0,0.0,109.0,0,0.0,0.0,0,0.0,20.0,0,0,0,3,2.0,PLANO O LLANO,PLANO,2.0,6.0,SIN ROCAS,NO,-1.0,-1.0,NO,-1.0,NO,MASIVA,NO,NO,NO HAY,LA MANANA Y LA TARDE,NO HAY,NO HAY,NO,SI,26.0,PLANTAS NORMALES,SI,NO,SI,NO,BUENO,26.0,BUENO,NINGUNO,0.0,100.0,0.0,0.0,0.0,0.0,0.0,0.0,0.0,0.0,0.0,0.0,0.0,0.0,100.0,0.0,0.0,0.0,33.2738944,24.55,28.9119472,8.723894401,15147.76289,0.425,363.0,0.2,80.225,33.16832825,23.91309439,28.54071132,9.255233863,22528.93901,0.25862069,247.9,0.155172414,79.04195691,32.77885868,22.87154161,27.82520014,9.907317073,17004.52174,0.12195122,217.3,0.195121951,79.03748062
4663,4231,Manual,NO,P3966 (Pioneer),Maiz,SI,Mecanizada,NO,6817.44186,6.0,49.0,84.0,63000,19,0,0,0,0,0,0,0,1,0,0,0,2,0,0.0,0.0,69.0,0,0.0,0.0,0,0.0,0.0,0,0,0,2,3.0,PLANO O LLANO,PLANO,2.0,6.0,SIN ROCAS,NO,-1.0,-1.0,NO,-1.0,NO,MASIVA,NO,NO,NO HAY,LA MANANA Y LA TARDE,NO HAY,NO HAY,NO,SI,16.0,POCO AFECTADAS,NO,NO,NO,NO,REGULAR,16.0,BUENO,LENTO,0.0,100.0,0.0,0.0,0.0,0.0,0.0,0.0,0.0,0.0,0.0,0.0,0.0,0.0,100.0,0.0,0.0,0.0,33.3093534,24.4525,28.8809267,8.856853402,15301.82411,0.425,412.8,0.275,80.025,33.29388071,23.76801864,28.53094968,9.525862069,23027.94772,0.275862069,237.7,0.137931034,78.81800081,32.13047662,22.44000043,27.28523853,9.69047619,16683.85319,0.047619048,274.3,0.19047619,79.83872651
4664,4164,Mecanizado,NO,Otro,Algodón,SI,Mecanizada,NO,5745.348837,6.0,50.0,82.0,60000,15,0,0,0,0,0,0,3,1,0,0,0,2,0,0.0,0.0,92.0,0,0.0,0.0,0,0.0,0.0,0,0,0,2,3.0,PLANO O LLANO,PLANO,2.0,6.0,SIN ROCAS,NO,-1.0,-1.0,NO,-1.0,NO,ATERRONADA,NO,NO,NO HAY,LA MANANA Y LA TARDE,NO HAY,NO HAY,NO,SI,27.0,PLANTAS NORMALES,NO,NO,SI,NO,BUENO,65.0,BUENO,LENTO,0.0,55.38,0.0,0.0,0.0,0.0,0.0,44.62,0.0,0.0,0.0,0.0,0.0,44.62,55.38,0.0,0.0,0.0,33.0743534,24.1925,28.6334267,8.881853402,15123.25457,0.375,426.4,0.275,79.975,33.31804976,23.61804976,28.46804976,9.7,23832.89625,0.24137931,220.9,0.137931034,78.59769541,32.06798366,22.56798366,27.31798366,9.5,15853.60092,0.024390244,276.5,0.195121951,80.04544375
4665,4259,Manual,NO,DK7088,Maiz,SI,Manual,NO,5730.465116,6.0,51.0,81.0,60500,16,0,0,0,0,0,0,0,2,0,0,0,1,0,0.0,0.0,92.0,0,0.0,0.0,0,0.0,30.0,0,0,0,4,4.0,PLANO O LLANO,PLANO,2.0,6.0,SIN ROCAS,NO,-1.0,-1.0,NO,-1.0,NO,ATERRONADA,NO,NO,NO HAY,LA MANANA Y LA TARDE,NO HAY,NO HAY,NO,SI,22.0,PLANTAS NORMALES,SI,NO,SI,NO,BUENO,60.0,BUENO,LENTO,0.0,100.0,0.0,0.0,0.0,0.0,0.0,0.0,0.0,0.0,0.0,0.0,0.0,0.0,100.0,0.0,0.0,0.0,33.26871573,24.4675,28.86810786,8.801215726,15353.37098,0.425,414.8,0.25,80.025,33.24459609,23.83381148,28.53920379,9.410784604,22807.70402,0.275862069,238.7,0.155172414,78.96154613,32.31832402,22.43783621,27.37808011,9.880487805,16557.82182,0.048780488,176.0,0.146341463,79.41525799
4666,4165,Mecanizado,NO,Otro,Algodón,SI,Mecanizada,NO,5873.488372,5.0,52.0,81.0,59000,15,0,0,0,0,0,0,0,1,0,0,0,2,0,0.0,0.0,115.0,0,0.0,0.0,0,0.0,0.0,0,0,0,3,3.0,PLANO O LLANO,PLANO,2.0,6.0,SIN ROCAS,NO,-1.0,-1.0,NO,-1.0,NO,MASIVA,NO,NO,NO HAY,LA MANANA Y LA TARDE,NO HAY,NO HAY,NO,SI,20.0,PLANTAS NORMALES,SI,NO,NO,NO,BUENO,20.0,BUENO,LENTO,0.0,100.0,0.0,0.0,0.0,0.0,0.0,0.0,0.0,0.0,0.0,0.0,0.0,0.0,100.0,0.0,0.0,0.0,32.76,23.575,28.1675,9.185,16473.01246,0.2,348.3,0.25,83.81416666,32.3117759,23.025569,27.66867245,9.286206897,23730.63718,0.103448276,143.1,0.086206897,83.17314381,31.73641947,23.73641947,27.73641947,8.0,15705.5983,0.0,157.1,0.097560976,83.28757008
4667,4161,Mecanizado,NO,ADV 9293 (Syngenta),Algodón,SI,Manual,NO,6674.418605,6.0,51.0,82.0,67000,18,0,0,0,0,0,0,0,1,0,0,0,2,0,0.0,0.0,115.0,0,0.0,0.0,0,0.0,30.0,0,0,0,4,3.0,PLANO O LLANO,PLANO,2.0,6.0,SIN ROCAS,SI,22.0,8.0,NO,-1.0,NO,MASIVA,NO,NO,NO HAY,LA MANANA Y LA TARDE,NO HAY,NO HAY,NO,SI,21.0,POCO AFECTADAS,NO,NO,NO,NO,REGULAR,21.0,BUENO,LENTO,0.0,100.0,0.0,0.0,0.0,0.0,0.0,0.0,0.0,0.0,0.0,0.0,0.0,0.0,100.0,0.0,0.0,0.0,33.10621573,24.4675,28.78685786,8.638715726,15224.7496,0.4,414.8,0.25,80.5,33.25931701,23.85715309,28.55823505,9.402163915,22784.94984,0.293103448,235.5,0.155172414,78.88295035,32.3499398,22.46660646,27.40827313,9.883333333,16938.07496,0.047619048,179.2,0.142857143,79.44247935
4668,4160,Mecanizado,NO,Otro,Algodón,SI,Mecanizada,NO,6674.418605,5.0,50.0,86.0,70000,17,0,0,0,0,0,0,0,1,0,0,0,2,0,0.0,0.0,115.0,0,0.0,0.0,0,0.0,30.0,0,0,0,4,2.0,PLANO O LLANO,PLANO,2.0,5.5,SIN ROCAS,NO,-1.0,-1.0,NO,-1.0,NO,ATERRONADA,NO,NO,NO HAY,LA MANANA Y LA TARDE,NO HAY,NO HAY,NO,SI,27.0,PLANTAS NORMALES,NO,NO,SI,NO,BUENO,65.0,BUENO,NINGUNO,0.0,60.0,0.0,0.0,0.0,0.0,0.0,40.0,0.0,0.0,0.0,0.0,0.0,40.0,60.0,0.0,0.0,0.0,33.10621573,24.4675,28.78685786,8.638715726,15224.7496,0.4,414.8,0.25,80.5,33.25931701,23.85715309,28.55823505,9.402163915,22784.94984,0.293103448,235.5,0.155172414,78.88295035,32.28499538,22.45999538,27.37249538,9.825,17639.0426,0.045454545,179.2,0.136363636,79.57022837
4669,4256,Mecanizado,NO,Otro,Algodón,SI,Mecanizada,NO,6197.674419,5.0,50.0,85.0,60000,17,0,0,0,0,0,0,0,1,0,0,0,2,0,0.0,0.0,76.0,0,0.0,30.0,0,0.0,30.0,0,0,0,2,2.0,PLANO O LLANO,PLANO,2.0,6.0,SIN ROCAS,NO,-1.0,-1.0,NO,-1.0,NO,MASIVA,NO,NO,NO HAY,LA MANANA Y LA TARDE,NO HAY,NO HAY,NO,SI,20.0,PLANTAS NORMALES,NO,NO,SI,NO,BUENO,20.0,BUENO,NINGUNO,0.0,65.0,0.0,35.0,0.0,0.0,0.0,0.0,0.0,0.0,0.0,0.0,0.0,35.0,65.0,0.0,0.0,0.0,32.93745279,24.08559939,28.51152609,8.851853402,15010.43899,0.35,409.4,0.275,80.36181635,33.2271233,23.5271233,28.3771233,9.7,23864.02633,0.206896552,249.3,0.172413793,78.58628039,32.2243311,22.78944738,27.50688924,9.434883721,16567.77947,0.023255814,318.6,0.209302326,80.04017086
4670,4268,Manual,NO,Otro,Maiz,SI,Manual,NO,6736.511628,6.0,49.0,79.0,61000,17,0,0,0,0,0,0,0,1,0,0,0,2,0,0.0,0.0,92.0,0,0.0,0.0,0,0.0,30.0,0,0,0,4,3.0,PLANO O LLANO,PLANO,2.0,5.5,SIN ROCAS,NO,-1.0,-1.0,NO,-1.0,NO,MASIVA,NO,NO,NO HAY,LA MANANA Y LA TARDE,NO HAY,NO HAY,NO,SI,18.0,PLANTAS NORMALES,SI,NO,NO,NO,BUENO,18.0,BUENO,LENTO,0.0,100.0,0.0,0.0,0.0,0.0,0.0,0.0,0.0,0.0,0.0,0.0,0.0,0.0,100.0,0.0,0.0,0.0,33.3493534,24.4675,28.9084267,8.881853402,15416.87624,0.425,411.4,0.25,79.825,33.27545658,23.79614624,28.53580141,9.479310345,22871.44259,0.275862069,248.5,0.155172414,78.92337313,32.42780099,22.5413145,27.48455775,9.886486486,15184.77229,0.054054054,166.0,0.162162162,79.27842686
4671,4323,Manual,NO,Otro,Maiz,SI,Manual,NO,6900.581395,4.0,49.0,83.0,64200,18,0,0,0,0,0,0,0,1,0,0,0,2,0,0.0,0.0,69.0,0,0.0,0.0,0,0.0,30.0,0,0,0,3,2.0,PLANO O LLANO,PLANO,2.0,6.0,SIN ROCAS,NO,-1.0,-1.0,NO,-1.0,NO,ATERRONADA,NO,NO,NO HAY,LA MANANA Y LA TARDE,NO HAY,NO HAY,NO,SI,27.0,PLANTAS NORMALES,SI,NO,SI,NO,BUENO,60.0,BUENO,NINGUNO,0.0,100.0,0.0,0.0,0.0,0.0,0.0,0.0,0.0,0.0,0.0,0.0,0.0,0.0,100.0,0.0,0.0,0.0,33.0493534,24.1375,28.5934267,8.911853402,15174.77123,0.375,422.8,0.275,80.05,33.27283493,23.59352458,28.43317975,9.679310345,23796.33502,0.224137931,239.0,0.155172414,78.63161833,32.01114799,22.5214044,27.26627619,9.48974359,15024.03614,0.025641026,248.2,0.153846154,80.10959493
4672,4322,Mecanizado,NO,Otro,Maiz,SI,Mecanizada,NO,5983.72093,6.0,49.0,84.0,60000,16,0,0,0,0,0,0,0,1,0,0,0,2,0,0.0,0.0,61.0,0,0.0,15.0,0,0.0,45.0,0,0,0,4,3.0,PLANO O LLANO,PLANO,2.0,6.0,SIN ROCAS,SI,17.0,5.0,NO,-1.0,NO,MASIVA,NO,NO,NO HAY,LA MANANA Y LA TARDE,NO HAY,NO HAY,NO,SI,15.0,POCO AFECTADAS,NO,NO,NO,NO,REGULAR,15.0,BUENO,LENTO,0.0,100.0,0.0,0.0,0.0,0.0,0.0,0.0,0.0,0.0,0.0,0.0,0.0,0.0,100.0,0.0,0.0,0.0,33.1993534,24.3625,28.7809267,8.836853402,15270.45204,0.4,394.0,0.25,80.175,33.26087351,23.71604593,28.48845972,9.544827586,23140.45692,0.25862069,246.5,0.155172414,78.79402933,32.1370636,22.4870636,27.3120636,9.65,16614.58589,0.047619048,268.2,0.166666667,79.99542676
4673,4321,Mecanizado,NO,Otro,Algodón,NO,Mecanizada,NO,6105.325581,5.0,51.0,83.0,59800,16,0,0,0,0,0,0,0,1,0,0,0,2,0,0.0,0.0,92.0,0,0.0,0.0,0,0.0,30.0,0,0,0,4,2.0,PLANO O LLANO,PLANO,2.0,5.5,SIN ROCAS,NO,-1.0,-1.0,NO,-1.0,NO,ATERRONADA,NO,NO,NO HAY,LA MANANA Y LA TARDE,NO HAY,NO HAY,NO,SI,24.0,PLANTAS NORMALES,SI,NO,SI,NO,BUENO,60.0,BUENO,NINGUNO,0.0,100.0,0.0,0.0,0.0,0.0,0.0,0.0,0.0,0.0,0.0,0.0,0.0,0.0,100.0,0.0,0.0,0.0,33.08121573,24.4675,28.77435786,8.613715726,15128.72763,0.4,411.7,0.25,80.575,33.26925381,23.88260713,28.57593047,9.386646673,22776.29838,0.293103448,239.9,0.155172414,78.76491249,32.4615985,22.5068366,27.48421755,9.954761905,17147.13705,0.047619048,179.2,0.142857143,79.29007783
4674,4320,Mecanizado,NO,DK 234 YGRR,Algodón,SI,Mecanizada,NO,6216.27907,6.0,49.0,80.0,70000,17,0,0,0,0,0,0,0,1,0,0,0,1,0,0.0,0.0,92.0,0,0.0,0.0,0,0.0,30.0,0,0,0,4,3.0,PLANO O LLANO,PLANO,2.0,6.0,SIN ROCAS,NO,-1.0,-1.0,SI,-1.0,NO,MASIVA,NO,NO,NO HAY,LA MANANA Y LA TARDE,NO HAY,NO HAY,NO,SI,22.0,PLANTAS NORMALES,NO,NO,SI,NO,BUENO,22.0,LENTO A MUY LENTO,LENTO,0.0,100.0,0.0,0.0,0.0,0.0,0.0,0.0,0.0,0.0,0.0,0.0,0.0,0.0,100.0,0.0,0.0,0.0,33.26871573,24.4675,28.86810786,8.801215726,15353.37098,0.425,414.8,0.25,80.025,33.24459609,23.83381148,28.53920379,9.410784604,22807.70402,0.275862069,238.7,0.155172414,78.96154613,32.46232632,22.5649579,27.51364211,9.897368421,15498.53974,0.052631579,173.5,0.157894737,79.22747397
4675,4319,Mecanizado,NO,P3966 (Pioneer),Algodón,SI,Mecanizada,NO,6140.465116,5.0,52.0,78.0,67600,17,0,0,0,0,0,0,0,1,0,0,0,1,0,0.0,0.0,69.0,0,0.0,0.0,0,0.0,30.0,0,0,0,3,2.0,PLANO O LLANO,PLANO,2.0,5.5,SIN ROCAS,NO,-1.0,-1.0,NO,-1.0,NO,MASIVA,NO,NO,NO HAY,LA MANANA Y LA TARDE,NO HAY,NO HAY,NO,SI,24.0,PLANTAS NORMALES,SI,NO,SI,NO,BUENO,24.0,BUENO,NINGUNO,0.0,100.0,0.0,0.0,0.0,0.0,0.0,0.0,0.0,0.0,0.0,0.0,0.0,0.0,100.0,0.0,0.0,0.0,33.26871573,24.4675,28.86810786,8.801215726,15353.37098,0.425,414.8,0.25,80.025,33.24459609,23.83381148,28.53920379,9.410784604,22807.70402,0.275862069,238.7,0.155172414,78.96154613,32.46232632,22.5649579,27.51364211,9.897368421,15498.53974,0.052631579,173.5,0.157894737,79.22747397
