ID_EVENTO,ID_LOTE,TIPO_SIEMBRA,SEM_TRATADAS,MATERIAL_GENETICO,CULT_ANT,DRENAJE,METODO_COSECHA,ALMACENAMIENTO_FINCA,AREA,RDT_AJUSTADO,DIAS_EN_EMERGER,DIAS_EN_EMERGER_A_FLORECER,DIAS_EN_FLORECER_A_COSECHAR,POBLACION_20DIAS_AJT,ALTURA_LOT,ContEnfQui_Antes_Siem,ContEnfQui_Siem_Eme,ContEnfQui_Emer_Flor,ContEnfQui_Flor_Cose,ContMalMec_Antes_Siem,ContMalMec_Siem_Emer,ContMalMec_Emer_Flor,ContMalMec_Flor_Cose,ContMalQui_Antes_Siem,ContMalQui_Siem_Emer,ContMalQui_Emer_Flor,ContMalQui_Flor_Cose,ContPlaQui_Antes_Siem,ContPlaQui_Siem_Emer,ContPlaQui_Emer_Flor,ContPlaQui_Flor_Cose,TotN_Antes_Siem,TotN_Siem_Emer,TotN_Emer_Flor,TotP_Antes_Siem,TotP_Siem_Emer,TotP_Emer_Flor,TotK_Antes_Siem,TotK_Siem_Emer,TotK_Emer_Flor,FerOrg_Antes_Siem,FerOrg_Siem_Emer,FerOrg_Emer_Flor,FerQui_Antes_Siem,FerQui_Siem_Emer,FerQui_Emer_Flor,PENDIENTE_RASTA,TERRENO_CIRCUN_RASTA,POSICION_PERFIL_RASTA,NO_CAPAS_RASTA,PH_RASTA,PEDREG_PERFIL_ROCAS,CAP_ENDURE_RASTA,PROFUND_CAP_ENDURE_RASTA,ESPESOR_CAP_ENDURE_RASTA,MOTEADOS_RASTA,PROFUND_MOTEADOS_RASTA,MOTEADOS_MAS70cm._RASTA,ESTRUCTURA_RASTA,OBSERVA_EROSION_RASTA,OBSERVA_MOHO_RASTA,OBSERVA_COSTRAS_DURAS_RASTA,SITIO_EXPUESTO_SOL_RASTA,OBSERVA_COSTRAS_BLANCAS_RASTA,OBSERVA_COSTAS_NEGRAS_RASTA,REGION_SECA_ARIDA_RASTA,OBSERVA_RAICES_VIVAS_RASTA,PROFUND_RAICES_VIVAS_RASTA,OBSERVA_PLANTAS_PEQUENAS_RASTA,OBSERVA_HOJARASCA_MO_RASTA,SUELO_NEGRO_BLANDO_RASTA,CUCHILLO_PRIMER_HTE_RASTA,CERCA_RIOS_QUEBRADAS_RASTA,RECUBRIMIENTO_VEGETAL__SUELO_RASTA,prof_efectiva,d.interno,drenaje_externo,porc_A,porc_Ar,porc_ArA,porc_ArL,porc_FrL,porc_L,porc_F,porc_ArF,porc_FAr,porc_FA,porc_AF,porc_BLANDO,porc_DURO,porc_EXT_DURO,porc_FRIABLE,porc_FIRME,porc_EXT_FIRME,porc_PLASTICO,porc_MUY_PLASTICO
53,40,Mecanizado,NO,PIONEER 30F32,Algodón,SI,Manual,NO,1.0,4767.44186,5.0,63.0,68.0,60000,13,0,0,0,0,0,0,0,0,0,0,1,0,0,0,1,0,0.0,0.0,46.0,0,0.0,0.0,0,0.0,0.0,0,0,0,0,0,1,2.0,PLANO O LLANO,PLANO,3.0,7.0,SIN ROCAS,NO,-1.0,-1.0,SI,-1.0,NO,GRANULAR,NO,NO,NO HAY,LA MANANA Y LA TARDE,NO HAY,NO HAY,NO,NO,-1.0,PLANTAS NORMALES,NO,NO,SI,NO,MUY BUENO,31.0,LENTO A MUY LENTO,NINGUNO,0.0,0.0,0.0,0.0,11.11,0.0,0.0,0.0,27.16,61.73,0.0,100.0,0.0,0.0,0.0,0.0,0.0,0.0,0.0
54,43,Mecanizado,SI,DK 234,Maiz,SI,Manual,NO,1.0,4651.162791,5.0,64.0,63.0,60000,15,0,0,0,0,0,0,0,0,0,0,1,0,0,0,1,0,0.0,0.0,92.0,0,0.0,0.0,0,0.0,0.0,0,0,0,0,0,2,1.0,PLANO O LLANO,PLANO,3.0,7.0,SIN ROCAS,SI,20.0,2.0,SI,30.0,NO,GRANULAR,NO,NO,NO HAY,LA MANANA Y LA TARDE,NO HAY,NO HAY,NO,NO,-1.0,PLANTAS NORMALES,SI,NO,SI,NO,BUENO,20.0,LENTO A MUY LENTO,NINGUNO,0.0,0.0,0.0,51.43,0.0,0.0,0.0,0.0,48.57,0.0,0.0,100.0,0.0,0.0,0.0,0.0,0.0,0.0,0.0
56,44,Mecanizado,NO,PIONEER 30F32,Algodón,SI,Manual,NO,1.0,5180.232558,5.0,59.0,66.0,60000,12,0,0,0,0,0,0,0,0,0,0,1,0,0,0,0,0,0.0,0.0,46.0,0,0.0,0.0,0,0.0,0.0,0,0,0,0,0,1,1.0,PLANO O LLANO,PLANO,3.0,7.0,SIN ROCAS,SI,18.0,2.0,SI,14.0,NO,GRANULAR,NO,NO,NO HAY,LA MANANA Y LA TARDE,NO HAY,NO HAY,NO,SI,30.0,PLANTAS NORMALES,SI,NO,SI,NO,BUENO,30.0,LENTO A MUY LENTO,NINGUNO,0.0,0.0,0.0,0.0,0.0,0.0,0.0,0.0,51.28,0.0,48.72,100.0,0.0,0.0,0.0,0.0,0.0,0.0,0.0
57,45,Mecanizado,NO,Otro,Algodón,SI,Manual,NO,1.0,4897.674419,5.0,64.0,59.0,60000,12,0,0,0,0,0,0,0,0,0,0,2,0,0,0,0,0,0.0,0.0,46.0,0,0.0,0.0,0,0.0,0.0,0,0,0,0,0,1,2.0,PLANO O LLANO,PLANO,3.0,6.0,SIN ROCAS,SI,22.0,1.5,SI,11.0,NO,GRANULAR,NO,NO,NO HAY,LA MANANA Y LA TARDE,NO HAY,NO HAY,NO,NO,-1.0,PLANTAS NORMALES,SI,NO,NO,NO,BUENO,11.0,LENTO A MUY LENTO,NINGUNO,0.0,0.0,0.0,0.0,80.95,0.0,0.0,0.0,19.05,0.0,0.0,100.0,0.0,0.0,0.0,0.0,0.0,0.0,0.0
273,46,Mecanizado,NO,Otro,Algodón,SI,Manual,NO,1.0,5302.325581,5.0,63.0,60.0,60000,16,0,0,0,0,0,0,0,0,0,0,1,0,0,0,1,0,0.0,0.0,46.0,0,0.0,0.0,0,0.0,0.0,0,0,0,0,0,1,2.0,PLANO O LLANO,PLANO,3.0,7.0,SIN ROCAS,SI,19.0,1.7,SI,6.0,NO,GRANULAR,NO,NO,NO HAY,LA MANANA Y LA TARDE,NO HAY,NO HAY,NO,NO,-1.0,PLANTAS NORMALES,SI,NO,NO,NO,BUENO,6.0,LENTO A MUY LENTO,NINGUNO,0.0,0.0,0.0,0.0,54.65,0.0,0.0,0.0,45.349999999999994,0.0,0.0,100.0,0.0,0.0,0.0,0.0,0.0,0.0,0.0
282,47,Mecanizado,SI,DK 234,Maiz,SI,Manual,NO,1.0,4958.139535,6.0,72.0,55.0,60000,19,0,0,0,0,0,0,0,0,0,1,1,0,0,0,2,0,0.0,0.0,92.0,0,0.0,0.0,0,0.0,0.0,0,0,0,0,0,2,2.0,PLANO O LLANO,PLANO,3.0,5.0,SIN ROCAS,SI,20.0,1.5,SI,20.0,NO,GRANULAR,NO,NO,NO HAY,LA MANANA Y LA TARDE,NO HAY,NO HAY,NO,SI,27.0,PLANTAS NORMALES,SI,NO,NO,NO,BUENO,27.0,LENTO A MUY LENTO,NINGUNO,0.0,0.0,0.0,0.0,44.44,0.0,0.0,0.0,55.56,0.0,0.0,100.0,0.0,0.0,0.0,0.0,0.0,0.0,0.0
283,51,Manual,SI,Otro,Maiz,SI,Manual,NO,1.0,4426.744186,5.0,47.0,86.0,60000,14,0,0,0,0,0,0,0,0,0,0,1,0,0,0,1,0,0.0,0.0,46.0,0,0.0,0.0,0,0.0,0.0,0,0,0,0,0,1,2.0,PLANO O LLANO,PLANO,3.0,7.0,SIN ROCAS,SI,33.0,1.5,SI,37.0,NO,GRANULAR,NO,NO,NO HAY,LA MANANA Y LA TARDE,NO HAY,NO HAY,NO,NO,-1.0,PLANTAS NORMALES,SI,NO,NO,NO,BUENO,33.0,LENTO A MUY LENTO,NINGUNO,0.0,37.04,40.74,0.0,0.0,0.0,0.0,0.0,22.22,0.0,0.0,100.0,0.0,0.0,0.0,0.0,0.0,0.0,0.0
284,268,Manual,SI,PIONEER 30F32,Algodón,SI,Manual,NO,1.0,5790.697674,5.0,42.0,89.0,60000,12,0,0,0,0,0,0,0,0,0,0,1,0,0,0,1,0,0.0,0.0,92.0,0,0.0,0.0,0,0.0,0.0,0,0,0,0,0,2,2.0,PLANO O LLANO,PLANO,3.0,6.0,SIN ROCAS,SI,11.0,1.5,SI,55.0,NO,GRANULAR,NO,NO,NO HAY,LA MANANA Y LA TARDE,NO HAY,NO HAY,NO,NO,-1.0,PLANTAS NORMALES,SI,NO,NO,NO,MUY BUENO,11.0,BUENO,NINGUNO,0.0,0.0,0.0,0.0,0.0,0.0,0.0,0.0,100.0,0.0,0.0,100.0,0.0,0.0,0.0,0.0,0.0,0.0,0.0
286,269,Manual,SI,DK 234,Algodón,SI,Manual,NO,1.0,5116.27907,6.0,42.0,86.0,60000,9,0,0,0,0,0,0,0,0,0,1,1,0,0,0,0,0,0.0,0.0,92.0,0,0.0,0.0,0,0.0,0.0,0,0,0,0,0,2,2.0,PLANO O LLANO,PLANO,3.0,6.0,SIN ROCAS,SI,15.0,1.0,SI,50.0,NO,GRANULAR,NO,NO,NO HAY,LA MANANA Y LA TARDE,NO HAY,NO HAY,NO,NO,-1.0,PLANTAS NORMALES,SI,NO,SI,NO,MUY BUENO,15.0,LENTO A MUY LENTO,NINGUNO,0.0,0.0,0.0,0.0,0.0,21.05,0.0,0.0,26.32,52.63,0.0,100.0,0.0,0.0,0.0,0.0,0.0,0.0,0.0
287,270,Mecanizado,NO,PIONEER 30F35,Frijol,SI,Manual,NO,1.0,4238.372093,5.0,56.0,71.0,60000,14,0,0,0,0,0,0,0,0,0,0,1,0,0,0,1,0,0.0,0.0,46.0,0,0.0,0.0,0,0.0,0.0,0,0,0,0,0,1,2.0,PLANO O LLANO,PLANO,3.0,5.0,SIN ROCAS,SI,17.0,1.5,SI,15.0,NO,GRANULAR,NO,NO,NO HAY,LA MANANA Y LA TARDE,NO HAY,NO HAY,NO,NO,-1.0,PLANTAS NORMALES,SI,NO,NO,NO,BUENO,15.0,LENTO A MUY LENTO,NINGUNO,0.0,0.0,0.0,0.0,0.0,58.11,0.0,0.0,41.89,0.0,0.0,100.0,0.0,0.0,0.0,0.0,0.0,0.0,0.0
288,271,Mecanizado,SI,Otro,Algodón,SI,Manual,NO,1.0,5911.627907,6.0,56.0,72.0,60000,10,0,0,0,0,0,0,0,0,0,0,0,0,0,0,1,0,0.0,0.0,69.0,0,0.0,0.0,0,0.0,30.0,0,0,0,0,0,3,2.0,PLANO O LLANO,PLANO,3.0,6.0,SIN ROCAS,SI,20.0,1.0,SI,37.0,NO,GRANULAR,NO,NO,NO HAY,LA MANANA Y LA TARDE,NO HAY,NO HAY,NO,NO,-1.0,PLANTAS NORMALES,SI,NO,SI,NO,BUENO,20.0,LENTO A MUY LENTO,NINGUNO,0.0,0.0,45.68,0.0,29.63,0.0,0.0,0.0,24.69,0.0,0.0,100.0,0.0,0.0,0.0,0.0,0.0,0.0,0.0
289,272,Manual,NO,Otro,Algodón,SI,Manual,NO,1.0,5053.488372,5.0,43.0,85.0,60000,12,0,0,0,0,0,0,0,0,0,1,0,0,0,0,1,0,0.0,0.0,92.0,0,0.0,0.0,0,0.0,0.0,0,0,0,0,0,2,2.0,PLANO O LLANO,PLANO,3.0,6.0,SIN ROCAS,SI,20.0,1.0,SI,20.0,NO,GRANULAR,NO,NO,NO HAY,LA MANANA Y LA TARDE,NO HAY,NO HAY,NO,NO,-1.0,PLANTAS NORMALES,SI,NO,SI,NO,BUENO,20.0,LENTO A MUY LENTO,NINGUNO,0.0,0.0,0.0,0.0,42.86,0.0,0.0,0.0,57.14,0.0,0.0,100.0,0.0,0.0,0.0,0.0,0.0,0.0,0.0
290,273,Manual,SI,FNC 3056,Algodón,SI,Manual,NO,1.0,4186.046512,5.0,58.0,71.0,58000,14,0,0,0,0,0,0,0,0,0,0,2,0,0,0,2,0,0.0,0.0,69.0,0,0.0,0.0,0,0.0,0.0,0,0,0,0,0,2,1.0,PLANO O LLANO,PLANO,3.0,6.0,SIN ROCAS,SI,21.0,1.0,SI,23.0,NO,GRANULAR,NO,NO,NO HAY,LA MANANA Y LA TARDE,NO HAY,NO HAY,NO,NO,-1.0,PLANTAS NORMALES,SI,NO,SI,NO,BUENO,21.0,LENTO A MUY LENTO,NINGUNO,0.0,0.0,0.0,0.0,0.0,0.0,0.0,0.0,47.06,52.94,0.0,100.0,0.0,0.0,0.0,0.0,0.0,0.0,0.0
291,274,Manual,NO,PIONEER 30F32,Maiz,SI,Mecanizada,NO,1.0,5790.697674,5.0,59.0,69.0,60000,16,0,0,0,0,0,0,0,0,0,1,1,0,0,1,1,0,0.0,46.0,46.0,0,0.0,0.0,0,30.0,0.0,0,0,0,0,2,1,1.0,PLANO O LLANO,PLANO,3.0,6.0,SIN ROCAS,SI,19.0,1.0,SI,37.0,NO,GRANULAR,NO,NO,NO HAY,LA MANANA Y LA TARDE,NO HAY,NO HAY,NO,NO,-1.0,PLANTAS NORMALES,SI,NO,SI,NO,BUENO,19.0,LENTO A MUY LENTO,NINGUNO,0.0,19.23,0.0,0.0,56.41,0.0,0.0,0.0,24.36,0.0,0.0,100.0,0.0,0.0,0.0,0.0,0.0,0.0,0.0
293,276,Mecanizado,NO,Otro,Maiz,SI,Manual,NO,1.0,4868.604651,4.0,60.0,63.0,60000,16,0,0,0,0,0,0,0,0,0,0,0,0,0,0,1,0,0.0,0.0,46.0,0,0.0,0.0,0,0.0,0.0,0,0,0,0,0,1,1.0,PLANO O LLANO,PLANO,2.0,6.0,SIN ROCAS,NO,-1.0,-1.0,NO,-1.0,NO,GRANULAR,NO,NO,NO HAY,LA MANANA Y LA TARDE,NO HAY,NO HAY,NO,NO,-1.0,PLANTAS NORMALES,SI,NO,SI,NO,BUENO,67.0,BUENO,NINGUNO,0.0,0.0,0.0,0.0,74.63,0.0,0.0,0.0,25.37,0.0,0.0,100.0,0.0,0.0,0.0,0.0,0.0,0.0,0.0
294,277,Manual,NO,Otro,Algodón,SI,Manual,NO,1.0,5462.790698,5.0,68.0,54.0,60000,14,0,0,0,0,0,0,0,0,0,0,0,0,0,0,1,0,0.0,0.0,46.0,0,0.0,0.0,0,0.0,0.0,0,0,0,0,0,1,2.0,PLANO O LLANO,PLANO,2.0,6.0,SIN ROCAS,SI,15.0,1.0,SI,64.0,NO,GRANULAR,NO,NO,NO HAY,LA MANANA Y LA TARDE,NO HAY,NO HAY,NO,NO,-1.0,PLANTAS NORMALES,SI,NO,SI,NO,BUENO,15.0,BUENO,NINGUNO,0.0,0.0,0.0,0.0,78.05,0.0,0.0,0.0,21.95,0.0,0.0,100.0,0.0,0.0,0.0,0.0,0.0,0.0,0.0
295,278,Manual,NO,PIONEER 30F35,Yuca,SI,Manual,NO,1.0,5052.325581,6.0,65.0,70.0,60000,15,0,0,0,0,0,0,0,0,0,1,0,0,0,0,2,0,0.0,0.0,46.0,0,0.0,0.0,0,0.0,0.0,0,0,0,0,0,1,2.0,PLANO O LLANO,PLANO,3.0,6.0,SIN ROCAS,SI,25.0,2.0,SI,26.0,NO,GRANULAR,NO,NO,NO HAY,LA MANANA Y LA TARDE,NO HAY,NO HAY,NO,NO,-1.0,PLANTAS NORMALES,SI,NO,SI,NO,BUENO,25.0,LENTO A MUY LENTO,NINGUNO,0.0,0.0,0.0,0.0,28.24,0.0,0.0,0.0,29.41,42.35,0.0,100.0,0.0,0.0,0.0,0.0,0.0,0.0,0.0
536,470,Mecanizado,NO,Otro,Maiz,SI,Manual,NO,1.0,3720.930233,5.0,47.0,78.0,60000,10,0,0,0,0,0,0,0,0,0,1,2,0,0,0,2,0,0.0,0.0,92.0,0,0.0,0.0,0,0.0,0.0,0,0,0,0,0,2,2.0,PLANO O LLANO,PLANO,2.0,6.0,SIN ROCAS,SI,15.0,7.0,NO,,NO,MASIVA,NO,NO,NO HAY,LA MANANA Y LA TARDE,NO HAY,NO HAY,NO,SI,15.0,POCO AFECTADAS,SI,NO,NO,SI,BUENO,15.0,BUENO,NINGUNO,0.0,25.71,0.0,0.0,74.29,0.0,0.0,0.0,0.0,0.0,0.0,0.0,0.0,0.0,74.29,25.71,0.0,0.0,0.0
537,471,Mecanizado,NO,FNC 114,Maiz,NO,Manual,NO,1.0,3767.44186,5.0,48.0,72.0,68000,12,0,0,0,0,0,0,0,0,0,1,1,0,0,0,1,0,0.0,0.0,92.0,0,0.0,0.0,0,0.0,0.0,0,0,0,0,0,2,2.0,PLANO O LLANO,PLANO,2.0,6.0,SIN ROCAS,SI,12.0,6.0,SI,23.0,NO,MASIVA,NO,NO,NO HAY,LA MANANA Y LA TARDE,NO HAY,NO HAY,NO,SI,25.0,PLANTAS NORMALES,SI,NO,NO,SI,BUENO,25.0,LENTO A MUY LENTO,NINGUNO,0.0,28.57,0.0,0.0,71.43,0.0,0.0,0.0,0.0,0.0,0.0,0.0,0.0,0.0,71.43,28.57,0.0,0.0,0.0
539,469,Mecanizado,SI,FNC 114,Maiz,SI,Manual,NO,2.5,3767.44186,5.0,50.0,70.0,60000,11,0,0,0,0,0,0,0,0,0,0,1,0,0,0,1,0,0.0,0.0,92.0,0,0.0,0.0,0,0.0,0.0,0,0,0,0,0,2,2.0,PLANO O LLANO,PLANO,2.0,6.0,SIN ROCAS,SI,17.0,5.0,NO,,NO,MASIVA,NO,NO,POCO MARCADAS,LA MANANA Y LA TARDE,NO HAY,NO HAY,NO,SI,20.0,PLANTAS NORMALES,SI,NO,SI,SI,BUENO,20.0,BUENO,NINGUNO,0.0,35.71,0.0,0.0,64.29,0.0,0.0,0.0,0.0,0.0,0.0,0.0,0.0,0.0,0.0,100.0,0.0,0.0,0.0
540,475,Manual,SI,PIONEER 30F35 H,Maiz,SI,Manual,NO,2.0,4000.0,6.0,47.0,88.0,63000,10,0,0,0,0,0,0,0,0,0,0,1,0,0,0,0,0,0.0,0.0,92.0,0,0.0,0.0,0,0.0,30.0,0,0,0,0,0,3,2.0,PLANO O LLANO,PLANO,3.0,6.5,SIN ROCAS,NO,-1.0,-1.0,NO,-1.0,NO,MASIVA,NO,NO,NO HAY,LA MANANA Y LA TARDE,NO HAY,NO HAY,NO,SI,60.0,PLANTAS NORMALES,NO,NO,NO,NO,ESPACIADO,60.0,BUENO,NINGUNO,0.0,54.28,0.0,45.71,0.0,0.0,0.0,0.0,0.0,0.0,0.0,0.0,0.0,0.0,45.71,54.28,0.0,0.0,0.0
543,478,Mecanizado,NO,Otro,Maiz,SI,Manual,NO,2.0,2383.72093,5.0,79.0,59.0,68000,6,0,0,0,0,0,0,0,0,0,0,1,0,0,0,1,0,0.0,0.0,69.0,0,0.0,0.0,0,0.0,0.0,0,0,0,0,0,1,3.0,ONDULADO,PLANO CON ONDULACIONES,2.0,5.0,SIN ROCAS,SI,8.0,11.0,NO,,NO,ATERRONADA,NO,NO,NO HAY,LA MANANA Y LA TARDE,NO HAY,NO HAY,SI,SI,26.0,PLANTAS NORMALES,NO,NO,NO,SI,BUENO,26.0,BUENO,LENTO,0.0,100.0,0.0,0.0,0.0,0.0,0.0,0.0,0.0,0.0,0.0,0.0,0.0,0.0,0.0,100.0,0.0,0.0,0.0
548,479,Mecanizado,NO,Otro,Maiz,SI,Manual,SI,1.0,3581.395349,6.0,45.0,70.0,60000,12,0,0,0,0,0,0,0,0,0,0,3,0,0,0,1,0,0.0,0.0,69.0,0,0.0,0.0,0,0.0,0.0,0,0,0,0,0,3,2.0,PLANO O LLANO,PLANO,2.0,6.0,SIN ROCAS,NO,-1.0,-1.0,NO,-1.0,NO,MASIVA,NO,NO,NO HAY,LA MANANA Y LA TARDE,NO HAY,NO HAY,NO,SI,28.0,PLANTAS NORMALES,NO,NO,NO,NO,REGULAR,28.0,BUENO,NINGUNO,0.0,32.86,0.0,0.0,67.14,0.0,0.0,0.0,0.0,0.0,0.0,0.0,0.0,0.0,0.0,67.14,32.86,0.0,0.0
549,480,Mecanizado,NO,Otro,Maiz,SI,Manual,NO,3.0,2412.790698,5.0,46.0,92.0,68000,4,0,0,0,0,0,0,0,0,0,0,1,0,0,0,1,0,0.0,0.0,69.0,0,0.0,0.0,0,0.0,0.0,0,0,0,0,0,1,5.0,ONDULADO,PIE DE UNA ELEVACION,2.0,5.0,SIN ROCAS,SI,10.0,13.0,NO,,NO,MASIVA,NO,NO,NO HAY,LA MANANA Y LA TARDE,NO HAY,NO HAY,SI,NO,-1.0,PLANTAS NORMALES,NO,NO,NO,SI,REGULAR,0.0,BUENO,LENTO,0.0,0.0,0.0,0.0,100.0,0.0,0.0,0.0,0.0,0.0,0.0,100.0,0.0,0.0,0.0,0.0,0.0,0.0,0.0
559,484,Mecanizado,NO,PIONEER 30F35,Maiz,SI,Manual,NO,2.0,4767.44186,5.0,43.0,79.0,68000,8,0,0,2,0,0,0,0,0,0,0,2,0,0,0,0,0,0.0,0.0,115.0,0,0.0,0.0,0,0.0,0.0,0,0,0,0,0,3,2.0,PLANO O LLANO,PLANO,2.0,6.5,SIN ROCAS,NO,-1.0,-1.0,NO,-1.0,NO,ATERRONADA,NO,NO,NO HAY,LA MANANA Y LA TARDE,NO HAY,NO HAY,SI,SI,23.0,PLANTAS NORMALES,NO,NO,NO,SI,REGULAR,70.0,BUENO,NINGUNO,0.0,100.0,0.0,0.0,0.0,0.0,0.0,0.0,0.0,0.0,0.0,0.0,0.0,0.0,71.43,28.57,0.0,0.0,0.0
560,485,Mecanizado,NO,Otro,Maiz,SI,Manual,NO,2.5,5339.534884,5.0,42.0,71.0,65000,10,0,0,0,0,0,0,0,0,0,0,1,0,0,0,0,0,0.0,0.0,121.0,0,0.0,3.0,0,0.0,30.0,0,0,0,0,0,5,2.0,PLANO O LLANO,PLANO,2.0,6.0,SIN ROCAS,SI,17.0,7.0,NO,,NO,ATERRONADA,NO,NO,NO HAY,LA MANANA Y LA TARDE,NO HAY,NO HAY,SI,SI,25.0,PLANTAS NORMALES,NO,NO,NO,SI,REGULAR,25.0,BUENO,NINGUNO,0.0,100.0,0.0,0.0,0.0,0.0,0.0,0.0,0.0,0.0,0.0,0.0,0.0,0.0,0.0,100.0,0.0,0.0,0.0
617,514,Mecanizado,NO,Otro,Maiz,SI,Manual,NO,2.0,3337.209302,5.0,43.0,78.0,68000,9,0,0,0,0,0,0,0,0,0,0,1,0,0,0,1,0,0.0,0.0,92.0,0,0.0,0.0,0,0.0,30.0,0,0,0,0,0,3,4.0,PLANO O LLANO,PLANO CON ONDULACIONES,2.0,5.0,SIN ROCAS,NO,-1.0,-1.0,NO,-1.0,NO,ATERRONADA,NO,NO,NO HAY,LA MANANA Y LA TARDE,NO HAY,NO HAY,SI,SI,28.0,PLANTAS NORMALES,NO,NO,NO,NO,BUENO,80.0,BUENO,LENTO,0.0,100.0,0.0,0.0,0.0,0.0,0.0,0.0,0.0,0.0,0.0,0.0,0.0,0.0,0.0,100.0,0.0,0.0,0.0
618,515,Mecanizado,NO,PIONEER 30F35,Maiz,SI,Manual,NO,6.9,4825.581395,5.0,45.0,102.0,60000,16,0,0,0,0,0,0,0,0,0,0,1,0,0,0,0,0,0.0,0.0,115.0,0,0.0,0.0,0,0.0,0.0,0,0,0,0,0,2,2.0,PLANO O LLANO,PLANO,2.0,5.5,SIN ROCAS,NO,-1.0,-1.0,NO,-1.0,NO,ATERRONADA,NO,NO,NO HAY,LA MANANA Y LA TARDE,NO HAY,NO HAY,SI,NO,-1.0,POCO AFECTADAS,NO,NO,NO,NO,REGULAR,28.0,BUENO,NINGUNO,0.0,100.0,0.0,0.0,0.0,0.0,0.0,0.0,0.0,0.0,0.0,0.0,0.0,0.0,0.0,100.0,0.0,0.0,0.0
766,651,Mecanizado,NO,DK 234,Algodón,NO,Manual,NO,1.5,3296.511628,5.0,44.0,73.0,60000,8,0,0,1,0,0,0,0,0,0,2,1,0,0,0,0,0,0.0,0.0,138.0,0,0.0,0.0,0,0.0,0.0,0,0,0,0,0,3,2.0,PLANO O LLANO,PLANO,2.0,5.0,SIN ROCAS,NO,-1.0,-1.0,SI,-1.0,SI,MASIVA,NO,NO,NO HAY,LA MANANA Y LA TARDE,NO HAY,NO HAY,NO,SI,45.0,PLANTAS NORMALES,NO,NO,SI,NO,ESPACIADO,45.0,LENTO A MUY LENTO,NINGUNO,0.0,41.43,0.0,0.0,58.57,0.0,0.0,0.0,0.0,0.0,0.0,0.0,0.0,0.0,58.57,41.43,0.0,0.0,0.0
769,654,Manual,SI,Otro,Algodón,SI,Manual,NO,1.25,3296.511628,4.0,44.0,79.0,60000,12,0,0,0,1,0,0,0,1,0,1,0,0,0,0,2,1,0.0,0.0,92.0,0,0.0,0.0,0,0.0,0.0,0,0,0,0,0,4,1.0,PLANO O LLANO,PLANO,2.0,4.5,SIN ROCAS,NO,-1.0,-1.0,NO,-1.0,NO,MASIVA,NO,NO,NO HAY,LA MANANA Y LA TARDE,NO HAY,NO HAY,NO,SI,50.0,PLANTAS NORMALES,NO,NO,SI,SI,REGULAR,50.0,BUENO,NINGUNO,0.0,0.0,0.0,0.0,100.0,0.0,0.0,0.0,0.0,0.0,0.0,0.0,0.0,0.0,100.0,0.0,0.0,0.0,0.0
779,665,Manual,NO,PIONEER 30F35 H,Pastos,NO,Manual,NO,1.0,3013.953488,8.0,34.0,78.0,57000,12,0,0,0,0,0,0,0,0,0,0,0,1,0,0,2,1,0.0,46.0,23.0,0,0.0,0.0,0,0.0,0.0,0,0,0,0,1,1,2.0,PLANO O LLANO,PLANO,2.0,5.5,SIN ROCAS,NO,-1.0,-1.0,NO,-1.0,NO,MASIVA,NO,NO,NO HAY,LA MANANA Y LA TARDE,NO HAY,NO HAY,NO,SI,25.0,PLANTAS NORMALES,NO,NO,SI,NO,REGULAR,25.0,BUENO,NINGUNO,0.0,42.86,0.0,0.0,57.14,0.0,0.0,0.0,0.0,0.0,0.0,0.0,0.0,0.0,57.14,42.86,0.0,0.0,0.0
780,666,Mecanizado,NO,DK 234,Algodón,NO,Manual,NO,1.2,3398.837209,7.0,41.0,79.0,62000,10,0,0,0,0,0,0,0,0,0,1,0,1,0,0,2,1,0.0,0.0,82.8,0,0.0,0.0,0,0.0,0.0,0,0,0,0,0,2,2.0,PLANO O LLANO,PLANO,2.0,6.0,SIN ROCAS,NO,-1.0,-1.0,NO,-1.0,NO,MASIVA,NO,NO,NO HAY,LA MANANA Y LA TARDE,NO HAY,NO HAY,NO,SI,25.0,PLANTAS NORMALES,NO,NO,SI,NO,BUENO,25.0,BUENO,NINGUNO,0.0,25.71,74.29,0.0,0.0,0.0,0.0,0.0,0.0,0.0,0.0,0.0,0.0,0.0,74.29,25.71,0.0,0.0,0.0
781,667,Manual,NO,PIONEER 30F35,Algodón,NO,Manual,NO,1.5,3579.069767,6.0,43.0,79.0,60000,11,0,0,0,0,0,0,0,0,0,0,1,0,0,0,3,0,0.0,34.5,23.0,0,0.0,0.0,0,0.0,0.0,0,0,0,0,1,1,2.0,PLANO O LLANO,PLANO,2.0,5.5,SIN ROCAS,NO,-1.0,-1.0,NO,-1.0,NO,MASIVA,NO,NO,NO HAY,LA MANANA Y LA TARDE,NO HAY,NO HAY,NO,SI,30.0,PLANTAS NORMALES,NO,NO,SI,NO,BUENO,30.0,BUENO,NINGUNO,0.0,35.71,0.0,64.29,0.0,0.0,0.0,0.0,0.0,0.0,0.0,0.0,0.0,0.0,0.0,64.29,35.71,0.0,0.0
783,669,Manual,NO,Otro,Algodón,SI,Manual,NO,1.0,2790.697674,6.0,42.0,77.0,60000,10,0,0,0,0,0,0,0,1,0,1,0,0,0,0,2,1,0.0,0.0,69.0,0,0.0,0.0,0,0.0,0.0,0,0,0,0,0,2,1.0,PLANO O LLANO,PLANO,2.0,5.0,SIN ROCAS,NO,-1.0,-1.0,NO,-1.0,NO,MASIVA,NO,NO,NO HAY,LA MANANA Y LA TARDE,NO HAY,NO HAY,NO,SI,45.0,PLANTAS NORMALES,NO,NO,SI,SI,REGULAR,45.0,BUENO,NINGUNO,0.0,0.0,0.0,0.0,100.0,0.0,0.0,0.0,0.0,0.0,0.0,0.0,0.0,0.0,100.0,0.0,0.0,0.0,0.0
784,670,Mecanizado,SI,DK7088,Algodón,NO,Manual,NO,1.0,3860.465116,6.0,40.0,81.0,64000,13,0,0,0,0,0,0,0,0,0,1,1,0,0,0,2,0,0.0,0.0,115.0,0,0.0,0.0,0,0.0,0.0,0,0,0,0,0,3,2.0,PLANO O LLANO,PLANO,2.0,6.0,SIN ROCAS,NO,-1.0,-1.0,NO,-1.0,NO,MASIVA,NO,NO,NO HAY,LA MANANA Y LA TARDE,NO HAY,NO HAY,NO,SI,28.0,PLANTAS NORMALES,NO,NO,NO,NO,REGULAR,28.0,BUENO,NINGUNO,0.0,32.86,0.0,0.0,67.14,0.0,0.0,0.0,0.0,0.0,0.0,0.0,32.86,0.0,67.14,0.0,0.0,0.0,0.0
786,672,Mecanizado,SI,DK 234,Maiz,SI,Mecanizada,NO,19.5,5000.0,7.0,39.0,113.0,64000,14,0,0,0,0,0,0,0,0,0,2,0,0,0,0,0,0,0.0,55.0,46.0,0,23.0,0.0,0,0.0,0.0,0,0,0,0,2,1,3.0,PLANO O LLANO,PLANO CON ONDULACIONES,2.0,6.5,SIN ROCAS,NO,-1.0,-1.0,NO,-1.0,NO,ATERRONADA,NO,NO,NO HAY,LA MANANA Y LA TARDE,NO HAY,NO HAY,NO,SI,20.0,NO HAY CULTIVO,NO,NO,NO,NO,REGULAR,70.0,BUENO,LENTO,0.0,100.0,0.0,0.0,0.0,0.0,0.0,0.0,0.0,0.0,0.0,0.0,40.0,60.0,0.0,0.0,0.0,0.0,0.0
787,653,Mecanizado,NO,Otro,Maiz,SI,Manual,NO,2.0,3813.953488,6.0,42.0,80.0,57000,13,0,0,0,0,0,0,0,0,0,2,0,2,0,0,0,0,0.0,0.0,0.0,0,0.0,0.0,0,0.0,0.0,0,0,0,0,0,0,2.0,PLANO O LLANO,PLANO,2.0,5.5,SIN ROCAS,NO,-1.0,-1.0,NO,-1.0,NO,MASIVA,NO,NO,NO HAY,LA MANANA Y LA TARDE,NO HAY,NO HAY,NO,SI,48.0,PLANTAS NORMALES,NO,NO,SI,NO,REGULAR,48.0,BUENO,NINGUNO,0.0,44.29,0.0,0.0,55.71,0.0,0.0,0.0,0.0,0.0,0.0,0.0,0.0,0.0,55.71,44.29,0.0,0.0,0.0
788,668,Manual,SI,DK7088,Algodón,NO,Manual,NO,1.0,2976.744186,6.0,38.0,82.0,58000,12,0,0,0,0,0,0,0,0,0,2,0,0,0,0,3,0,0.0,0.0,92.0,0,0.0,0.0,0,0.0,0.0,0,0,0,0,0,3,2.0,PLANO O LLANO,PLANO,2.0,5.0,SIN ROCAS,NO,-1.0,-1.0,NO,-1.0,NO,MASIVA,NO,NO,NO HAY,LA MANANA Y LA TARDE,NO HAY,NO HAY,SI,SI,35.0,PLANTAS NORMALES,NO,NO,SI,NO,BUENO,35.0,BUENO,NINGUNO,0.0,0.0,0.0,0.0,100.0,0.0,0.0,0.0,0.0,0.0,0.0,0.0,0.0,0.0,100.0,0.0,0.0,0.0,0.0
791,674,Mecanizado,SI,PIONEER 30F35 H,Algodón,SI,Mecanizada,NO,11.4,6466.27907,6.0,42.0,83.0,65000,6,0,0,0,0,0,0,0,0,0,2,1,0,0,0,1,1,0.0,82.5,46.0,0,34.5,0.0,0,30.0,0.0,0,0,0,0,3,1,4.0,PLANO O LLANO,PLANO CON ONDULACIONES,2.0,5.0,SIN ROCAS,NO,-1.0,-1.0,SI,-1.0,SI,MASIVA,NO,NO,NO HAY,LA MANANA Y LA TARDE,NO HAY,NO HAY,NO,SI,35.0,PLANTAS NORMALES,NO,NO,SI,NO,BUENO,35.0,LENTO A MUY LENTO,LENTO,0.0,0.0,0.0,0.0,54.29,45.71,0.0,0.0,0.0,0.0,0.0,45.71,0.0,0.0,0.0,54.29,0.0,0.0,0.0
797,676,Mecanizado,NO,Otro,Maiz,SI,Mecanizada,NO,37.2,6948.837209,6.0,43.0,71.0,67000,12,0,0,0,0,0,0,0,0,0,1,0,0,0,0,2,0,0.0,55.0,0.0,0,23.0,0.0,0,0.0,0.0,0,0,0,0,2,0,2.0,PLANO O LLANO,PLANO,2.0,5.5,SIN ROCAS,SI,23.0,7.0,NO,,NO,ATERRONADA,NO,NO,NO HAY,LA MANANA Y LA TARDE,NO HAY,NO HAY,NO,SI,20.0,PLANTAS NORMALES,NO,NO,NO,NO,REGULAR,23.0,BUENO,NINGUNO,0.0,100.0,0.0,0.0,0.0,0.0,0.0,0.0,0.0,0.0,0.0,0.0,100.0,0.0,0.0,0.0,0.0,0.0,0.0
804,680,Mecanizado,NO,Otro,Maiz,SI,Mecanizada,NO,44.2,6483.72093,6.0,44.0,63.0,62000,12,0,0,0,0,0,0,0,0,0,1,1,0,0,0,2,1,0.0,59.5,46.0,0,34.5,0.0,0,0.0,0.0,0,0,0,0,2,1,2.0,PLANO O LLANO,PLANO,2.0,5.5,SIN ROCAS,NO,-1.0,-1.0,NO,-1.0,NO,ATERRONADA,NO,NO,NO HAY,LA MANANA Y LA TARDE,NO HAY,NO HAY,NO,SI,32.0,PLANTAS NORMALES,NO,NO,NO,NO,BUENO,70.0,BUENO,NINGUNO,0.0,100.0,0.0,0.0,0.0,0.0,0.0,0.0,0.0,0.0,0.0,0.0,100.0,0.0,0.0,0.0,0.0,0.0,0.0
805,681,Mecanizado,NO,Otro,Pastos,SI,Mecanizada,NO,14.8,6273.255814,7.0,42.0,105.0,60000,10,0,0,0,0,0,0,0,0,0,1,1,1,0,0,1,1,0.0,55.0,46.0,0,23.0,0.0,0,30.0,0.0,0,0,0,0,3,1,2.0,PLANO O LLANO,PLANO,2.0,5.0,SIN ROCAS,NO,-1.0,-1.0,SI,-1.0,NO,MASIVA,NO,NO,NO HAY,LA MANANA Y LA TARDE,NO HAY,NO HAY,NO,SI,32.0,PLANTAS NORMALES,NO,NO,NO,NO,BUENO,32.0,LENTO A MUY LENTO,NINGUNO,0.0,100.0,0.0,0.0,0.0,0.0,0.0,0.0,0.0,0.0,0.0,0.0,100.0,0.0,0.0,0.0,0.0,0.0,0.0
806,682,Mecanizado,NO,Otro,Maiz,SI,Mecanizada,NO,29.0,6404.651163,6.0,42.0,75.0,65000,11,0,0,0,0,0,0,0,0,0,1,2,0,0,0,0,0,0.0,69.0,46.0,0,0.0,0.0,0,0.0,0.0,0,0,0,0,1,1,2.0,PLANO O LLANO,PLANO,2.0,5.5,SIN ROCAS,NO,-1.0,-1.0,NO,-1.0,NO,MASIVA,NO,NO,NO HAY,LA MANANA Y LA TARDE,NO HAY,NO HAY,NO,SI,40.0,PLANTAS NORMALES,NO,NO,NO,NO,BUENO,40.0,BUENO,NINGUNO,0.0,100.0,0.0,0.0,0.0,0.0,0.0,0.0,0.0,0.0,0.0,0.0,100.0,0.0,0.0,0.0,0.0,0.0,0.0
807,683,Mecanizado,SI,PIONEER 30F35,Algodón,SI,Manual,NO,3.0,5720.930233,4.0,42.0,70.0,58000,12,0,0,0,0,0,0,0,0,0,0,1,0,0,0,1,0,0.0,30.0,0.0,0,30.0,0.0,0,30.0,0.0,0,0,1,0,1,0,2.0,PLANO O LLANO,PLANO,2.0,5.5,SIN ROCAS,NO,-1.0,-1.0,NO,-1.0,NO,ATERRONADA,NO,NO,NO HAY,LA MANANA Y LA TARDE,NO HAY,NO HAY,NO,SI,30.0,PLANTAS NORMALES,NO,NO,NO,NO,REGULAR,70.0,BUENO,NINGUNO,0.0,100.0,0.0,0.0,0.0,0.0,0.0,0.0,0.0,0.0,0.0,0.0,100.0,0.0,0.0,0.0,0.0,0.0,0.0
813,689,Manual,SI,DK 234,Algodón,SI,Manual,NO,1.0,3398.837209,6.0,40.0,82.0,60000,11,0,0,0,0,0,0,0,0,0,1,1,0,0,0,3,0,0.0,0.0,115.0,0,0.0,0.0,0,0.0,0.0,0,0,0,0,0,3,2.0,PLANO O LLANO,PLANO,2.0,6.0,SIN ROCAS,NO,-1.0,-1.0,NO,-1.0,NO,MASIVA,NO,NO,NO HAY,LA MANANA Y LA TARDE,NO HAY,NO HAY,NO,NO,-1.0,PLANTAS NORMALES,NO,NO,NO,NO,REGULAR,0.0,BUENO,NINGUNO,0.0,100.0,0.0,0.0,0.0,0.0,0.0,0.0,0.0,0.0,0.0,0.0,100.0,0.0,0.0,0.0,0.0,0.0,0.0
814,690,Manual,NO,PAC 105,Algodón,SI,Manual,NO,1.4,3720.930233,4.0,43.0,77.0,66000,13,0,0,0,0,0,0,0,0,0,0,1,1,0,0,2,0,0.0,0.0,69.0,0,0.0,0.0,0,0.0,0.0,0,0,0,0,0,2,3.0,ONDULADO,PLANO CON ONDULACIONES,2.0,5.0,SIN ROCAS,SI,28.0,7.0,NO,,NO,ATERRONADA,NO,NO,NO HAY,LA MANANA Y LA TARDE,NO HAY,NO HAY,NO,SI,25.0,PLANTAS NORMALES,NO,NO,SI,NO,REGULAR,28.0,BUENO,LENTO,0.0,0.0,0.0,0.0,0.0,0.0,0.0,0.0,74.29,25.71,0.0,0.0,0.0,0.0,25.71,74.29,0.0,0.0,0.0
816,692,Mecanizado,SI,Otro,Algodón,SI,Mecanizada,NO,10.0,6197.674419,8.0,39.0,80.0,65000,15,0,0,0,0,0,0,0,0,0,2,0,0,0,0,2,1,0.0,62.0,46.0,0,11.5,0.0,0,15.0,0.0,0,0,0,0,3,1,2.0,PLANO O LLANO,PLANO,2.0,5.5,SIN ROCAS,NO,-1.0,-1.0,NO,-1.0,NO,MASIVA,NO,NO,NO HAY,LA MANANA Y LA TARDE,NO HAY,NO HAY,NO,SI,29.0,PLANTAS NORMALES,NO,NO,NO,NO,REGULAR,29.0,BUENO,NINGUNO,0.0,100.0,0.0,0.0,0.0,0.0,0.0,0.0,0.0,0.0,0.0,0.0,100.0,0.0,0.0,0.0,0.0,0.0,0.0
817,693,Mecanizado,SI,DK7088,Algodón,SI,Manual,NO,2.5,3720.930233,8.0,41.0,86.0,75000,12,0,0,0,0,0,0,0,0,0,1,0,1,0,1,2,0,0.0,0.0,124.0,0,0.0,23.0,0,0.0,0.0,0,0,0,0,0,4,2.0,PLANO O LLANO,PLANO,2.0,5.0,SIN ROCAS,NO,-1.0,-1.0,NO,-1.0,NO,MASIVA,NO,NO,MUY MARCADAS,LA MANANA Y LA TARDE,NO HAY,NO HAY,NO,SI,28.0,PLANTAS NORMALES,NO,NO,SI,NO,BUENO,28.0,BUENO,NINGUNO,0.0,100.0,0.0,0.0,0.0,0.0,0.0,0.0,0.0,0.0,0.0,0.0,100.0,0.0,0.0,0.0,0.0,0.0,0.0
818,694,Mecanizado,SI,PAC 105,Algodón,SI,Manual,NO,2.1,4238.372093,7.0,40.0,78.0,60000,8,0,0,0,0,0,0,0,0,0,1,0,1,0,0,2,0,0.0,46.0,23.0,0,0.0,0.0,0,0.0,0.0,0,0,0,0,1,1,2.0,PLANO O LLANO,PLANO CON ONDULACIONES,2.0,5.5,SIN ROCAS,NO,-1.0,-1.0,SI,-1.0,SI,MASIVA,NO,NO,NO HAY,LA MANANA Y LA TARDE,NO HAY,NO HAY,NO,SI,25.0,PLANTAS NORMALES,NO,NO,SI,NO,BUENO,25.0,LENTO A MUY LENTO,NINGUNO,0.0,0.0,0.0,60.0,0.0,40.0,0.0,0.0,0.0,0.0,0.0,0.0,0.0,0.0,0.0,40.0,60.0,0.0,0.0
820,696,Mecanizado,NO,PAC 105,Algodón,SI,Mecanizada,NO,10.0,5244.186047,7.0,41.0,77.0,65000,8,0,0,0,0,0,0,0,0,0,1,1,0,0,0,1,1,0.0,82.5,46.0,0,34.5,0.0,0,0.0,0.0,0,0,0,0,2,1,3.0,ONDULADO,PLANO CON ONDULACIONES,2.0,5.0,SIN ROCAS,NO,-1.0,-1.0,SI,-1.0,SI,MASIVA,NO,NO,NO HAY,LA MANANA Y LA TARDE,NO HAY,NO HAY,NO,SI,30.0,PLANTAS NORMALES,NO,NO,SI,NO,BUENO,30.0,LENTO A MUY LENTO,LENTO,0.0,64.29,0.0,35.71,0.0,0.0,0.0,0.0,0.0,0.0,0.0,0.0,64.29,0.0,0.0,0.0,35.71,0.0,0.0
821,697,Mecanizado,SI,DK 234,Algodón,SI,Manual,NO,4.2,2860.465116,5.0,41.0,81.0,62000,6,0,0,0,0,0,0,0,0,0,1,0,1,0,0,2,0,0.0,0.0,92.0,0,0.0,0.0,0,0.0,0.0,0,0,0,0,0,2,2.0,PLANO O LLANO,PLANO,2.0,6.0,SIN ROCAS,SI,27.0,11.0,NO,,NO,ATERRONADA,NO,NO,NO HAY,LA MANANA Y LA TARDE,NO HAY,NO HAY,NO,SI,25.0,PLANTAS NORMALES,NO,NO,NO,NO,REGULAR,27.0,BUENO,NINGUNO,0.0,100.0,0.0,0.0,0.0,0.0,0.0,0.0,0.0,0.0,0.0,0.0,100.0,0.0,0.0,0.0,0.0,0.0,0.0
823,699,Manual,SI,PAC 105,Algodón,SI,Manual,NO,1.0,3296.511628,6.0,45.0,69.0,62000,8,0,0,0,0,0,0,0,0,0,1,1,0,0,0,3,0,0.0,0.0,115.0,0,0.0,0.0,0,0.0,0.0,0,0,0,0,0,3,2.0,PLANO O LLANO,PLANO,2.0,5.5,SIN ROCAS,NO,-1.0,-1.0,SI,-1.0,NO,MASIVA,NO,NO,NO HAY,LA MANANA Y LA TARDE,NO HAY,NO HAY,NO,NO,-1.0,PLANTAS NORMALES,NO,NO,NO,NO,REGULAR,0.0,LENTO A MUY LENTO,NINGUNO,0.0,65.71,0.0,0.0,34.29,0.0,0.0,0.0,0.0,0.0,0.0,0.0,65.71,0.0,0.0,34.29,0.0,0.0,0.0
824,700,Mecanizado,SI,DK 234,Algodón,SI,Mecanizada,NO,4.1,3490.697674,8.0,40.0,90.0,68000,7,0,0,0,0,0,0,0,0,0,1,0,1,0,0,3,0,0.0,0.0,115.0,0,0.0,0.0,0,0.0,30.0,0,0,0,0,0,4,2.0,PLANO O LLANO,PLANO,2.0,5.0,SIN ROCAS,SI,27.0,6.0,NO,,NO,ATERRONADA,NO,NO,NO HAY,LA MANANA Y LA TARDE,NO HAY,NO HAY,NO,SI,25.0,PLANTAS NORMALES,NO,NO,NO,NO,REGULAR,27.0,BUENO,NINGUNO,0.0,100.0,0.0,0.0,0.0,0.0,0.0,0.0,0.0,0.0,0.0,0.0,100.0,0.0,0.0,0.0,0.0,0.0,0.0
825,701,Mecanizado,SI,PAC 105,Algodón,SI,Mecanizada,NO,5.9,3667.44186,7.0,39.0,82.0,60000,8,0,0,0,0,0,0,0,0,0,2,0,1,0,0,2,0,0.0,0.0,92.0,0,0.0,0.0,0,0.0,0.0,0,0,0,0,0,2,2.0,PLANO O LLANO,PLANO,2.0,5.0,SIN ROCAS,NO,-1.0,-1.0,NO,-1.0,NO,ATERRONADA,NO,NO,NO HAY,LA MANANA Y LA TARDE,NO HAY,NO HAY,NO,SI,34.0,PLANTAS NORMALES,NO,NO,NO,NO,ESPACIADO,70.0,BUENO,NINGUNO,0.0,100.0,0.0,0.0,0.0,0.0,0.0,0.0,0.0,0.0,0.0,0.0,100.0,0.0,0.0,0.0,0.0,0.0,0.0
826,702,Manual,NO,PAC 105,Algodón,SI,Manual,NO,1.0,4238.372093,6.0,43.0,77.0,70000,9,0,0,0,0,0,0,0,0,0,1,1,0,0,0,3,0,0.0,46.0,46.0,0,0.0,0.0,0,0.0,0.0,0,0,0,0,1,1,2.0,PLANO O LLANO,PLANO,2.0,6.0,SIN ROCAS,NO,-1.0,-1.0,NO,-1.0,NO,ATERRONADA,NO,NO,NO HAY,LA MANANA Y LA TARDE,NO HAY,NO HAY,NO,SI,28.0,PLANTAS NORMALES,NO,NO,NO,NO,REGULAR,70.0,BUENO,NINGUNO,0.0,100.0,0.0,0.0,0.0,0.0,0.0,0.0,0.0,0.0,0.0,0.0,100.0,0.0,0.0,0.0,0.0,0.0,0.0
827,703,Manual,SI,Otro,Algodón,SI,Manual,NO,2.3,4576.744186,6.0,44.0,100.0,64000,7,0,0,0,0,0,0,0,0,0,2,1,0,0,0,3,0,0.0,0.0,115.0,0,0.0,0.0,0,0.0,30.0,0,0,0,0,0,4,4.0,ONDULADO,PLANO CON ONDULACIONES,2.0,4.5,SIN ROCAS,NO,-1.0,-1.0,NO,-1.0,NO,ATERRONADA,NO,NO,NO HAY,LA MANANA Y LA TARDE,NO HAY,NO HAY,NO,SI,23.0,PLANTAS NORMALES,NO,NO,NO,NO,ESPACIADO,70.0,BUENO,LENTO,0.0,100.0,0.0,0.0,0.0,0.0,0.0,0.0,0.0,0.0,0.0,0.0,100.0,0.0,0.0,0.0,0.0,0.0,0.0
828,704,Manual,SI,PAC 105,Algodón,SI,Manual,NO,1.3,4709.302326,5.0,43.0,83.0,66000,10,0,0,0,0,0,0,0,0,0,1,0,1,0,0,3,0,0.0,0.0,126.5,0,0.0,0.0,0,0.0,0.0,0,0,0,0,0,3,2.0,PLANO O LLANO,PLANO,2.0,5.0,SIN ROCAS,NO,-1.0,-1.0,NO,-1.0,NO,MASIVA,NO,NO,NO HAY,LA MANANA Y LA TARDE,NO HAY,NO HAY,NO,SI,25.0,PLANTAS NORMALES,NO,NO,SI,NO,REGULAR,25.0,BUENO,NINGUNO,0.0,100.0,0.0,0.0,0.0,0.0,0.0,0.0,0.0,0.0,0.0,0.0,100.0,0.0,0.0,0.0,0.0,0.0,0.0
829,705,Manual,SI,PAC 105,Algodón,SI,Manual,NO,2.0,4576.744186,6.0,45.0,86.0,63000,8,0,0,0,0,0,0,0,0,0,1,1,0,0,0,3,0,0.0,0.0,115.0,0,0.0,0.0,0,0.0,0.0,0,0,0,0,0,3,2.0,PLANO O LLANO,PLANO,2.0,4.5,SIN ROCAS,SI,20.0,8.0,NO,,NO,ATERRONADA,NO,NO,NO HAY,LA MANANA Y LA TARDE,NO HAY,NO HAY,NO,SI,26.0,PLANTAS NORMALES,NO,NO,NO,NO,REGULAR,26.0,BUENO,NINGUNO,0.0,67.14,0.0,32.86,0.0,0.0,0.0,0.0,0.0,0.0,0.0,0.0,67.14,0.0,0.0,32.86,0.0,0.0,0.0
830,706,Mecanizado,SI,Otro,Algodón,SI,Mecanizada,NO,8.0,4053.488372,6.0,44.0,80.0,62500,9,0,0,0,0,0,0,0,0,0,2,1,0,0,0,3,0,0.0,0.0,115.0,0,0.0,0.0,0,0.0,30.0,0,0,0,0,0,4,2.0,PLANO O LLANO,PLANO,2.0,6.0,SIN ROCAS,SI,26.0,12.0,NO,,NO,MASIVA,NO,NO,NO HAY,LA MANANA Y LA TARDE,NO HAY,NO HAY,NO,SI,25.0,PLANTAS NORMALES,NO,NO,NO,NO,REGULAR,25.0,BUENO,NINGUNO,0.0,100.0,0.0,0.0,0.0,0.0,0.0,0.0,0.0,0.0,0.0,0.0,100.0,0.0,0.0,0.0,0.0,0.0,0.0
834,710,Manual,SI,PAC 105,Frijol,SI,Manual,NO,1.0,3711.627907,6.0,47.0,81.0,60000,8,0,0,0,0,0,0,0,0,0,1,1,0,0,0,2,0,0.0,0.0,115.0,0,0.0,0.0,0,0.0,30.0,0,0,0,0,0,4,3.0,PLANO O LLANO,PLANO,2.0,5.0,SIN ROCAS,NO,-1.0,-1.0,NO,-1.0,NO,MASIVA,NO,NO,NO HAY,LA MANANA Y LA TARDE,NO HAY,NO HAY,NO,SI,38.0,PLANTAS NORMALES,NO,NO,NO,NO,ESPACIADO,38.0,BUENO,LENTO,0.0,48.57,0.0,0.0,51.43,0.0,0.0,0.0,0.0,0.0,0.0,0.0,48.57,0.0,0.0,51.43,0.0,0.0,0.0
835,711,Mecanizado,SI,PIONEER 30F35,Maiz,SI,Mecanizada,NO,6.5,4050.0,5.0,46.0,86.0,66000,10,0,0,0,0,0,0,0,0,0,0,0,0,0,0,3,0,0.0,0.0,115.0,0,0.0,0.0,0,0.0,0.0,0,0,0,0,0,3,5.0,ONDULADO,PIE DE UNA ELEVACION,2.0,4.5,SIN ROCAS,SI,10.0,13.0,NO,,NO,ATERRONADA,NO,NO,NO HAY,LA MANANA Y LA TARDE,NO HAY,NO HAY,NO,SI,20.0,POCO AFECTADAS,NO,NO,NO,NO,REGULAR,20.0,BUENO,LENTO,0.0,100.0,0.0,0.0,0.0,0.0,0.0,0.0,0.0,0.0,0.0,0.0,100.0,0.0,0.0,0.0,0.0,0.0,0.0
836,712,Mecanizado,SI,Otro,Algodón,SI,Mecanizada,NO,8.0,4709.302326,5.0,45.0,83.0,63000,14,0,0,0,0,0,0,0,0,0,1,0,1,0,0,3,0,0.0,0.0,115.0,0,0.0,0.0,0,0.0,0.0,0,0,0,0,0,3,2.0,PLANO O LLANO,PLANO,2.0,5.5,SIN ROCAS,NO,-1.0,-1.0,NO,-1.0,NO,ATERRONADA,NO,NO,NO HAY,LA MANANA Y LA TARDE,NO HAY,NO HAY,NO,SI,29.0,POCO AFECTADAS,NO,NO,NO,NO,ESPACIADO,70.0,BUENO,NINGUNO,0.0,100.0,0.0,0.0,0.0,0.0,0.0,0.0,0.0,0.0,0.0,0.0,100.0,0.0,0.0,0.0,0.0,0.0,0.0
838,714,Mecanizado,SI,Otro,Maiz,SI,Manual,NO,3.3,4576.744186,7.0,43.0,71.0,64000,10,0,0,0,0,0,0,0,0,0,1,1,0,0,0,2,0,0.0,55.0,46.0,0,23.0,0.0,0,0.0,0.0,0,0,0,0,2,2,2.0,PLANO O LLANO,PLANO CON ONDULACIONES,2.0,6.0,SIN ROCAS,SI,17.0,6.0,NO,,NO,ATERRONADA,NO,NO,NO HAY,LA MANANA Y LA TARDE,NO HAY,NO HAY,NO,SI,22.0,POCO AFECTADAS,NO,NO,NO,SI,REGULAR,22.0,BUENO,NINGUNO,0.0,100.0,0.0,0.0,0.0,0.0,0.0,0.0,0.0,0.0,0.0,0.0,100.0,0.0,0.0,0.0,0.0,0.0,0.0
840,716,Mecanizado,NO,Otro,Algodón,SI,Mecanizada,NO,6.0,4709.302326,7.0,43.0,87.0,64000,12,0,0,0,0,0,0,0,0,0,1,1,0,0,0,3,0,0.0,55.0,69.0,0,23.0,0.0,0,0.0,0.0,0,0,0,0,2,2,2.0,PLANO O LLANO,PLANO,2.0,5.0,SIN ROCAS,NO,-1.0,-1.0,NO,-1.0,NO,ATERRONADA,NO,NO,MUY MARCADAS,LA MANANA Y LA TARDE,NO HAY,NO HAY,NO,SI,32.0,PLANTAS NORMALES,NO,NO,SI,NO,REGULAR,70.0,BUENO,NINGUNO,0.0,100.0,0.0,0.0,0.0,0.0,0.0,0.0,0.0,0.0,0.0,0.0,100.0,0.0,0.0,0.0,0.0,0.0,0.0
841,717,Manual,SI,Otro,Algodón,SI,Manual,NO,1.0,6273.255814,12.0,41.0,86.0,63000,15,0,0,0,0,0,0,0,0,0,0,1,0,0,0,1,0,0.0,0.0,92.0,0,0.0,0.0,0,0.0,60.0,0,0,0,0,0,4,2.0,PLANO O LLANO,PLANO,2.0,5.0,SIN ROCAS,NO,-1.0,-1.0,SI,-1.0,NO,MASIVA,NO,NO,NO HAY,LA MANANA Y LA TARDE,NO HAY,NO HAY,NO,SI,29.0,PLANTAS NORMALES,NO,NO,NO,SI,REGULAR,29.0,LENTO A MUY LENTO,NINGUNO,0.0,100.0,0.0,0.0,0.0,0.0,0.0,0.0,0.0,0.0,0.0,0.0,100.0,0.0,0.0,0.0,0.0,0.0,0.0
1770,1547,Manual,SI,Otro,Maiz,NO,Manual,NO,1.25,3623.255814,4.0,41.0,100.0,59000,16,0,0,0,0,0,0,0,0,0,0,1,0,0,0,1,1,0.0,0.0,92.0,0,0.0,0.0,0,0.0,0.0,0,0,0,0,0,2,2.0,PLANO O LLANO,PLANO,2.0,5.0,SIN ROCAS,NO,-1.0,-1.0,NO,-1.0,NO,MASIVA,NO,NO,NO HAY,LA MANANA Y LA TARDE,NO HAY,NO HAY,NO,SI,58.0,PLANTAS NORMALES,NO,NO,SI,NO,BUENO,58.0,BUENO,NINGUNO,0.0,0.0,0.0,0.0,0.0,0.0,0.0,0.0,0.0,60.0,40.0,0.0,0.0,0.0,40.0,60.0,0.0,0.0,0.0
1771,1548,Manual,SI,Otro,Maiz,NO,Manual,NO,1.0,3767.44186,5.0,44.0,104.0,62000,18,0,0,0,0,0,0,0,0,0,0,1,0,0,0,2,0,0.0,0.0,92.0,0,0.0,0.0,0,0.0,0.0,0,0,0,0,0,2,3.0,PLANO O LLANO,PLANO,2.0,5.5,SIN ROCAS,NO,-1.0,-1.0,NO,-1.0,NO,MASIVA,NO,NO,NO HAY,LA MANANA Y LA TARDE,NO HAY,NO HAY,NO,SI,46.0,PLANTAS NORMALES,NO,NO,SI,NO,REGULAR,46.0,BUENO,LENTO,0.0,0.0,0.0,0.0,0.0,0.0,0.0,0.0,0.0,100.0,0.0,0.0,0.0,0.0,0.0,100.0,0.0,0.0,0.0
1772,1549,Manual,NO,Otro,Maiz,NO,Manual,NO,1.0,3348.837209,7.0,37.0,84.0,58000,16,0,0,0,0,0,0,0,0,0,0,2,0,0,0,1,0,0.0,0.0,69.0,0,0.0,0.0,0,0.0,0.0,0,0,0,0,0,2,2.0,PLANO O LLANO,PLANO,2.0,6.0,SIN ROCAS,NO,-1.0,-1.0,NO,-1.0,NO,ATERRONADA,NO,NO,NO HAY,LA MANANA Y LA TARDE,NO HAY,NO HAY,NO,SI,35.0,PLANTAS NORMALES,NO,NO,NO,NO,REGULAR,70.0,BUENO,NINGUNO,0.0,48.57,0.0,0.0,0.0,0.0,0.0,0.0,51.43,0.0,0.0,0.0,51.43,48.57,0.0,0.0,0.0,0.0,0.0
1773,1550,Mecanizado,NO,Otro,Maiz,SI,Manual,NO,3.0,4238.372093,4.0,53.0,76.0,75000,18,0,0,0,0,0,0,0,0,0,2,0,0,0,0,2,0,0.0,0.0,103.5,0,0.0,0.0,0,0.0,0.0,0,0,0,0,0,2,2.0,PLANO O LLANO,PLANO,2.0,5.0,SIN ROCAS,SI,15.0,4.0,NO,,NO,MASIVA,NO,NO,NO HAY,LA MANANA Y LA TARDE,NO HAY,NO HAY,NO,SI,22.0,PLANTAS NORMALES,NO,NO,NO,NO,REGULAR,22.0,BUENO,NINGUNO,0.0,38.57,0.0,0.0,61.43,0.0,0.0,0.0,0.0,0.0,0.0,0.0,38.57,0.0,0.0,61.43,0.0,0.0,0.0
1778,1555,Manual,SI,DK 234 YGRR,Maiz,SI,Manual,NO,3.0,4825.581395,6.0,42.0,87.0,60000,14,0,0,0,0,0,0,0,0,0,0,2,0,0,0,2,0,0.0,34.5,69.0,0,0.0,0.0,0,0.0,0.0,0,0,0,0,1,2,2.0,PLANO O LLANO,PLANO CON ONDULACIONES,2.0,5.5,SIN ROCAS,NO,-1.0,-1.0,NO,-1.0,NO,ATERRONADA,NO,NO,NO HAY,LA MANANA Y LA TARDE,NO HAY,NO HAY,NO,SI,30.0,PLANTAS NORMALES,NO,NO,NO,NO,REGULAR,70.0,BUENO,NINGUNO,0.0,100.0,0.0,0.0,0.0,0.0,0.0,0.0,0.0,0.0,0.0,0.0,100.0,0.0,0.0,0.0,0.0,0.0,0.0
1799,1575,Mecanizado,NO,DK 234,Maiz,SI,Mecanizada,NO,4.0,3813.953488,6.0,42.0,83.0,58000,12,0,0,0,0,0,0,0,0,0,0,2,0,0,0,2,0,0.0,0.0,92.0,0,0.0,0.0,0,0.0,0.0,0,0,0,0,0,2,3.0,PLANO O LLANO,PLANO CON ONDULACIONES,2.0,5.5,SIN ROCAS,NO,-1.0,-1.0,NO,-1.0,NO,ATERRONADA,NO,NO,NO HAY,LA MANANA Y LA TARDE,NO HAY,NO HAY,NO,SI,20.0,POCO AFECTADAS,NO,NO,NO,NO,REGULAR,70.0,BUENO,LENTO,0.0,100.0,0.0,0.0,0.0,0.0,0.0,0.0,0.0,0.0,0.0,0.0,100.0,0.0,0.0,0.0,0.0,0.0,0.0
1800,1576,Manual,SI,DK7088,Maiz,NO,Manual,NO,1.0,3860.465116,7.0,37.0,98.0,62000,15,0,0,0,0,0,0,0,0,0,0,2,0,0,0,2,0,0.0,0.0,115.0,0,0.0,0.0,0,0.0,0.0,0,0,0,0,0,2,5.0,ONDULADO,PLANO CON ONDULACIONES,2.0,5.0,SIN ROCAS,NO,-1.0,-1.0,NO,-1.0,NO,MASIVA,NO,NO,NO HAY,LA MANANA Y LA TARDE,NO HAY,NO HAY,NO,SI,27.0,PLANTAS NORMALES,NO,NO,SI,NO,BUENO,27.0,BUENO,LENTO,0.0,51.43,0.0,0.0,0.0,48.57,0.0,0.0,0.0,0.0,0.0,0.0,51.43,0.0,0.0,48.57,0.0,0.0,0.0
2007,1789,Mecanizado,SI,DK7088,Algodón,SI,Mecanizada,NO,15.0,3051.162791,9.0,47.0,87.0,60000,5,0,0,0,0,0,0,0,0,0,0,1,0,0,0,1,0,0.0,0.0,46.0,0,0.0,0.0,0,0.0,0.0,0,0,0,0,0,1,2.0,PLANO O LLANO,PLANO,2.0,6.5,SIN ROCAS,SI,13.0,11.0,NO,,NO,GRANULAR,NO,NO,NO HAY,LA MANANA Y LA TARDE,NO HAY,NO HAY,NO,SI,32.0,POCO AFECTADAS,NO,NO,SI,SI,ESPACIADO,32.0,BUENO,NINGUNO,0.0,0.0,0.0,0.0,78.33,21.67,0.0,0.0,0.0,0.0,0.0,0.0,0.0,0.0,100.0,0.0,0.0,0.0,0.0
2008,1790,Manual,SI,PIONEER 30F35,Algodón,SI,Manual,NO,1.3,1506.976744,4.0,49.0,72.0,62000,7,0,0,0,0,0,0,0,0,0,0,1,0,0,0,1,0,0.0,0.0,46.0,0,0.0,0.0,0,0.0,30.0,0,0,0,0,0,2,2.0,PLANO O LLANO,PLANO,2.0,6.0,SIN ROCAS,NO,-1.0,-1.0,NO,-1.0,NO,GRANULAR,NO,NO,NO HAY,LA MANANA Y LA TARDE,NO HAY,NO HAY,NO,SI,25.0,PLANTAS NORMALES,NO,NO,SI,NO,BUENO,60.0,BUENO,NINGUNO,0.0,0.0,0.0,0.0,63.33,0.0,0.0,0.0,36.67,0.0,0.0,0.0,0.0,0.0,0.0,100.0,0.0,0.0,0.0
2010,1792,Mecanizado,SI,Otro,Algodón,SI,Mecanizada,NO,9.0,5720.930233,5.0,47.0,78.0,75000,17,0,0,0,0,0,0,0,0,0,2,2,0,0,0,3,0,0.0,0.0,115.0,0,0.0,0.0,0,0.0,30.0,0,0,0,0,0,3,3.0,PLANO O LLANO,PLANO,3.0,5.5,SIN ROCAS,NO,-1.0,-1.0,SI,-1.0,NO,GRANULAR,NO,NO,NO HAY,LA MANANA Y LA TARDE,NO HAY,NO HAY,NO,SI,32.0,PLANTAS NORMALES,SI,NO,SI,NO,ESPACIADO,35.0,LENTO A MUY LENTO,LENTO,0.0,0.0,0.0,0.0,0.0,0.0,0.0,0.0,58.34,41.67,0.0,73.34,26.67,0.0,0.0,0.0,0.0,0.0,0.0
2011,1793,Mecanizado,SI,Otro,Algodón,SI,Mecanizada,NO,1.5,5674.418605,5.0,47.0,72.0,75000,17,0,0,1,0,0,0,0,0,0,2,1,0,0,1,3,0,0.0,9.0,92.0,0,23.0,0.0,0,30.0,30.0,0,0,0,0,2,3,4.0,PLANO O LLANO,PLANO,2.0,6.0,SIN ROCAS,NO,-1.0,-1.0,SI,-1.0,NO,GRANULAR,NO,NO,NO HAY,LA MANANA Y LA TARDE,NO HAY,NO HAY,NO,SI,17.0,PLANTAS NORMALES,SI,NO,SI,NO,ESPACIADO,25.0,LENTO A MUY LENTO,LENTO,0.0,0.0,0.0,0.0,0.0,0.0,0.0,0.0,43.33,56.67,0.0,0.0,0.0,0.0,56.67,43.33,0.0,0.0,0.0
2012,1794,Mecanizado,NO,PAC 105,Algodón,SI,Manual,NO,2.0,3255.813953,3.0,49.0,77.0,60000,6,0,0,0,0,0,0,0,0,0,0,1,0,0,0,1,0,0.0,0.0,92.0,0,0.0,0.0,0,0.0,0.0,0,0,0,0,0,2,2.0,PLANO O LLANO,PLANO,2.0,6.5,SIN ROCAS,NO,-1.0,-1.0,NO,-1.0,NO,GRANULAR,NO,NO,NO HAY,LA MANANA Y LA TARDE,NO HAY,NO HAY,NO,SI,35.0,PLANTAS NORMALES,NO,NO,SI,NO,ESPACIADO,60.0,BUENO,NINGUNO,0.0,0.0,0.0,0.0,0.0,0.0,41.67,0.0,58.33,0.0,0.0,0.0,0.0,0.0,0.0,100.0,0.0,0.0,0.0
2013,1796,Mecanizado,SI,DK 234 YGRR,Algodón,SI,Manual,NO,8.4,3813.953488,4.0,49.0,75.0,62000,7,0,0,0,0,0,0,0,0,0,0,1,0,0,0,0,0,0.0,0.0,80.5,0,0.0,0.0,0,0.0,30.0,0,0,0,0,0,3,1.0,PLANO O LLANO,PLANO,2.0,6.5,SIN ROCAS,SI,12.0,12.0,NO,,NO,ATERRONADA,NO,NO,NO HAY,LA MANANA Y LA TARDE,NO HAY,NO HAY,NO,SI,18.0,PLANTAS NORMALES,NO,NO,NO,NO,ESPACIADO,18.0,BUENO,NINGUNO,0.0,0.0,0.0,53.33,0.0,46.67,0.0,0.0,0.0,0.0,0.0,0.0,0.0,0.0,0.0,100.0,0.0,0.0,0.0
2014,1797,Mecanizado,NO,PAC 105,Algodón,NO,Manual,NO,1.2,2139.534884,4.0,47.0,70.0,60000,6,0,0,0,0,0,0,0,0,0,0,1,0,0,0,2,0,0.0,0.0,115.0,0,0.0,0.0,0,0.0,0.0,0,0,0,0,0,3,1.0,PLANO O LLANO,PLANO,2.0,6.5,SIN ROCAS,SI,15.0,8.0,NO,,NO,ATERRONADA,NO,NO,NO HAY,LA MANANA Y LA TARDE,NO HAY,NO HAY,NO,SI,40.0,MUY AFECTADAS,NO,NO,NO,NO,REGULAR,40.0,BUENO,NINGUNO,0.0,0.0,0.0,0.0,50.0,50.0,0.0,0.0,0.0,0.0,0.0,0.0,0.0,0.0,0.0,100.0,0.0,0.0,0.0
2015,1798,Mecanizado,SI,Otro,Algodón,SI,Mecanizada,NO,2.0,5625.581395,5.0,47.0,81.0,75000,17,0,0,1,0,0,0,0,0,0,2,1,0,0,1,3,0,0.0,9.0,92.0,0,23.0,0.0,0,30.0,30.0,0,0,0,0,2,3,4.0,PLANO O LLANO,PLANO,2.0,6.0,SIN ROCAS,NO,-1.0,-1.0,SI,-1.0,NO,GRANULAR,NO,NO,NO HAY,LA MANANA Y LA TARDE,NO HAY,NO HAY,NO,SI,15.0,PLANTAS NORMALES,SI,NO,SI,NO,ESPACIADO,24.0,LENTO A MUY LENTO,LENTO,0.0,0.0,0.0,0.0,0.0,0.0,0.0,0.0,40.0,60.0,0.0,0.0,0.0,0.0,60.0,40.0,0.0,0.0,0.0
2016,1799,Mecanizado,SI,Otro,Algodón,SI,Mecanizada,NO,3.0,5547.55814,5.0,45.0,82.0,75500,17,0,0,1,0,0,0,0,0,0,2,1,0,0,1,5,0,0.0,9.0,92.0,0,23.0,0.0,0,30.0,30.0,0,0,0,0,2,3,4.0,PLANO O LLANO,PLANO,2.0,5.5,SIN ROCAS,NO,-1.0,-1.0,NO,-1.0,NO,GRANULAR,NO,NO,NO HAY,LA MANANA Y LA TARDE,NO HAY,NO HAY,NO,SI,20.0,PLANTAS NORMALES,NO,NO,SI,NO,ESPACIADO,60.0,BUENO,LENTO,0.0,0.0,0.0,0.0,0.0,0.0,0.0,0.0,40.0,60.0,0.0,0.0,0.0,0.0,60.0,40.0,0.0,0.0,0.0
2017,1800,Mecanizado,NO,Otro,Algodón,NO,Manual,NO,4.1,1209.302326,1.0,50.0,75.0,60000,5,0,0,0,0,0,0,0,0,0,0,2,0,0,0,1,0,0.0,0.0,80.5,0,0.0,0.0,0,0.0,0.0,0,0,0,0,0,2,2.0,PLANO O LLANO,PLANO,2.0,7.0,SIN ROCAS,NO,-1.0,-1.0,NO,-1.0,NO,GRANULAR,NO,NO,NO HAY,LA MANANA Y LA TARDE,NO HAY,NO HAY,NO,SI,40.0,MUY AFECTADAS,NO,NO,SI,NO,REGULAR,60.0,BUENO,NINGUNO,0.0,0.0,0.0,0.0,0.0,0.0,53.33,0.0,0.0,46.67,0.0,0.0,0.0,0.0,46.67,53.33,0.0,0.0,0.0
2018,1801,Mecanizado,NO,DK 234 YGRR,Algodón,SI,Mecanizada,NO,1.3,5212.209302,4.0,47.0,76.0,62500,12,0,0,0,0,0,0,0,0,0,1,0,0,0,1,0,0,0.0,0.0,72.25,0,0.0,0.0,0,0.0,67.5,0,0,0,0,0,6,1.6,PLANO O LLANO,PLANO,3.0,6.5,SIN ROCAS,SI,2.0,20.0,NO,,NO,ATERRONADA,NO,NO,NO HAY,LA MANANA Y LA TARDE,NO HAY,NO HAY,NO,SI,35.0,PLANTAS NORMALES,SI,NO,SI,SI,MUY BUENO,35.0,BUENO,NINGUNO,0.0,0.0,0.0,78.57,21.43,0.0,0.0,0.0,0.0,0.0,0.0,0.0,0.0,0.0,0.0,78.57,0.0,21.43,0.0
2020,1803,Mecanizado,NO,Otro,Algodón,SI,Manual,NO,3.0,3858.139535,6.0,53.0,66.0,68000,11,0,0,0,0,0,0,0,0,0,0,0,0,0,0,2,0,0.0,0.0,40.0,0,0.0,8.0,0,0.0,36.0,0,0,0,0,0,2,1.7,PLANO O LLANO,PLANO,3.0,7.0,SIN ROCAS,NO,-1.0,-1.0,SI,-1.0,SI,ATERRONADA,NO,NO,NO HAY,LA MANANA Y LA TARDE,NO HAY,NO HAY,NO,SI,25.0,POCO AFECTADAS,SI,NO,SI,SI,MUY BUENO,26.0,LENTO A MUY LENTO,NINGUNO,0.0,22.0,0.0,0.0,64.0,0.0,0.0,0.0,14.0,0.0,0.0,0.0,0.0,0.0,14.0,22.0,0.0,0.0,64.0
2021,1804,Mecanizado,NO,Otro,Algodón,NO,Manual,NO,1.0,5933.72093,5.0,53.0,63.0,84000,11,0,0,1,0,0,0,0,0,0,1,0,0,0,0,2,0,0.0,0.0,69.1,0,0.0,0.3,0,0.0,30.1,0,0,0,0,0,5,1.7,PLANO O LLANO,PLANO,3.0,6.5,SIN ROCAS,NO,-1.0,-1.0,SI,-1.0,SI,ATERRONADA,NO,NO,NO HAY,LA MANANA Y LA TARDE,NO HAY,NO HAY,NO,SI,21.0,PLANTAS NORMALES,SI,NO,SI,SI,MUY BUENO,37.0,LENTO A MUY LENTO,NINGUNO,0.0,0.0,0.0,0.0,0.0,42.31,0.0,0.0,57.69,0.0,0.0,0.0,0.0,0.0,0.0,23.08,0.0,76.92,0.0
2022,1805,Manual,NO,Otro,Algodón,SI,Manual,NO,1.0,3174.418605,5.0,44.0,76.0,69500,8,0,0,0,0,0,0,0,0,0,0,0,0,0,0,3,0,0.0,0.0,161.0,0,0.0,0.0,0,0.0,0.0,0,0,0,0,0,3,0.9,PLANO O LLANO,PLANO,4.0,6.0,SIN ROCAS,NO,-1.0,-1.0,NO,-1.0,NO,ATERRONADA,NO,NO,NO HAY,LA MANANA Y LA TARDE,NO HAY,NO HAY,NO,SI,25.0,PLANTAS NORMALES,SI,NO,SI,NO,MUY BUENO,50.0,BUENO,NINGUNO,0.0,0.0,0.0,0.0,60.0,20.0,0.0,0.0,20.0,0.0,0.0,0.0,0.0,0.0,80.0,20.0,0.0,0.0,0.0
2029,1812,Mecanizado,NO,Otro,Algodón,SI,Manual,NO,3.0,2186.046512,4.0,47.0,67.0,60000,12,0,0,0,0,0,0,0,0,0,1,0,0,0,0,2,0,0.0,0.0,92.0,0,0.0,0.0,0,0.0,60.0,0,0,0,0,0,4,2.5,PLANO O LLANO,PLANO,2.0,6.0,SIN ROCAS,NO,-1.0,-1.0,NO,-1.0,NO,ATERRONADA,NO,NO,NO HAY,LA MANANA Y LA TARDE,NO HAY,NO HAY,NO,SI,20.0,PLANTAS NORMALES,SI,NO,SI,NO,MUY BUENO,52.0,BUENO,NINGUNO,0.0,0.0,0.0,0.0,57.69,42.31,0.0,0.0,0.0,0.0,0.0,0.0,0.0,0.0,57.69,0.0,0.0,0.0,42.31
2030,1814,Mecanizado,NO,PIONEER 30F32HW,,SI,Manual,NO,2.4,5236.046512,6.0,39.0,83.0,58000,10,0,0,0,0,0,0,0,0,0,1,0,0,0,0,0,0,0.0,0.0,53.5,0,0.0,2.0,0,0.0,11.5,0,0,0,0,0,2,1.2,PLANO O LLANO,PLANO,2.0,6.0,SIN ROCAS,NO,-1.0,-1.0,NO,-1.0,NO,ATERRONADA,NO,NO,NO HAY,LA MANANA Y LA TARDE,NO HAY,NO HAY,NO,SI,26.0,PLANTAS NORMALES,SI,NO,SI,SI,MUY BUENO,49.0,BUENO,NINGUNO,0.0,0.0,0.0,34.69,0.0,65.31,0.0,0.0,0.0,0.0,0.0,0.0,0.0,0.0,100.0,0.0,0.0,0.0,0.0
2031,1815,Mecanizado,SI,Otro,Algodón,SI,Mecanizada,NO,7.4,5180.232558,5.0,47.0,74.0,75000,17,0,0,0,0,0,0,0,0,0,2,2,0,0,0,3,0,0.0,0.0,115.0,0,0.0,0.0,0,0.0,30.0,0,0,0,0,0,3,3.0,PLANO O LLANO,PLANO,3.0,5.5,SIN ROCAS,SI,12.0,0.0,SI,11.0,NO,ATERRONADA,NO,NO,NO HAY,LA MANANA Y LA TARDE,NO HAY,NO HAY,NO,SI,7.0,PLANTAS NORMALES,NO,NO,NO,NO,REGULAR,11.0,LENTO A MUY LENTO,LENTO,0.0,0.0,0.0,0.0,0.0,0.0,0.0,0.0,99.99,0.0,0.0,0.0,0.0,0.0,0.0,66.66,33.33,0.0,0.0
2032,1816,Mecanizado,NO,P4082 (Pioneer),Algodón,SI,Manual,NO,5.0,3527.906977,5.0,45.0,76.0,72000,17,0,0,0,0,0,0,0,0,0,2,1,0,0,1,4,0,0.0,0.0,92.0,0,0.0,0.0,0,0.0,60.0,0,0,0,0,0,4,5.0,PLANO O LLANO,PLANO,2.0,6.0,SIN ROCAS,NO,-1.0,-1.0,SI,-1.0,NO,ATERRONADA,NO,NO,NO HAY,LA MANANA Y LA TARDE,NO HAY,NO HAY,NO,SI,23.0,PLANTAS NORMALES,NO,NO,SI,NO,REGULAR,48.0,LENTO A MUY LENTO,LENTO,0.0,0.0,0.0,0.0,0.0,0.0,0.0,0.0,100.0,0.0,0.0,0.0,0.0,0.0,53.33,46.67,0.0,0.0,0.0
2035,1820,Mecanizado,NO,Otro,Frijol,SI,Manual,NO,1.5,3720.930233,3.0,46.0,88.0,70000,10,0,0,0,0,0,0,0,0,0,0,0,0,0,0,2,0,0.0,0.0,70.0,0,0.0,14.0,0,0.0,63.0,0,0,0,0,0,2,1.8,PLANO O LLANO,PLANO,2.0,5.5,SIN ROCAS,NO,-1.0,-1.0,SI,-1.0,SI,ATERRONADA,NO,NO,NO HAY,LA MANANA,NO HAY,NO HAY,NO,SI,30.0,POCO AFECTADAS,SI,NO,SI,SI,MUY BUENO,30.0,LENTO A MUY LENTO,NINGUNO,0.0,0.0,0.0,0.0,26.0,74.0,0.0,0.0,0.0,0.0,0.0,0.0,0.0,0.0,0.0,26.0,0.0,74.0,0.0
2038,1822,Mecanizado,NO,Otro,,SI,Manual,NO,7.0,2860.465116,5.0,46.0,90.0,58000,10,0,0,0,0,0,0,0,0,0,1,0,0,0,0,2,0,0.0,0.0,92.0,0,0.0,0.0,0,0.0,60.0,0,0,0,0,0,4,0.9,PLANO O LLANO,PLANO,2.0,5.0,SIN ROCAS,NO,-1.0,-1.0,SI,-1.0,SI,ATERRONADA,NO,NO,NO HAY,LA MANANA Y LA TARDE,NO HAY,NO HAY,NO,SI,27.0,MUY AFECTADAS,SI,NO,SI,SI,MUY BUENO,27.0,LENTO A MUY LENTO,NINGUNO,0.0,0.0,0.0,0.0,74.51,0.0,0.0,0.0,25.49,0.0,0.0,0.0,0.0,0.0,74.51,0.0,0.0,25.49,0.0
2039,1823,Manual,NO,DK 1040,Frijol,SI,Manual,SI,1.5,1906.976744,5.0,49.0,77.0,66000,9,0,0,0,0,0,0,0,0,0,0,0,0,0,0,2,0,0.0,0.0,69.0,0,0.0,0.0,0,0.0,0.0,0,0,0,0,0,2,1.1,PLANO O LLANO,PLANO,3.0,5.5,SIN ROCAS,NO,-1.0,-1.0,SI,-1.0,SI,ATERRONADA,NO,NO,NO HAY,LA MANANA Y LA TARDE,NO HAY,NO HAY,NO,SI,30.0,MUY AFECTADAS,SI,NO,SI,SI,MUY BUENO,30.0,LENTO A MUY LENTO,NINGUNO,0.0,0.0,0.0,0.0,0.0,99.99,0.0,0.0,0.0,0.0,0.0,0.0,0.0,0.0,66.66,0.0,0.0,33.33,0.0
2040,1824,Mecanizado,NO,P4082 (Pioneer),Algodón,SI,Mecanizada,NO,14.0,1995.348837,4.0,50.0,67.0,65000,10,0,0,0,0,0,0,0,0,0,0,1,0,0,0,2,0,0.0,0.0,138.0,0,0.0,0.0,0,0.0,60.0,0,0,0,0,0,4,2.1,PLANO O LLANO,PLANO,2.0,5.5,SIN ROCAS,NO,-1.0,-1.0,NO,-1.0,NO,ATERRONADA,NO,NO,NO HAY,LA MANANA Y LA TARDE,NO HAY,NO HAY,NO,SI,44.0,POCO AFECTADAS,SI,NO,SI,SI,MUY BUENO,60.0,BUENO,NINGUNO,0.0,0.0,0.0,0.0,71.67,0.0,0.0,0.0,28.33,0.0,0.0,0.0,0.0,0.0,28.33,0.0,0.0,71.67,0.0
2041,1825,Mecanizado,NO,P4082 (Pioneer),Algodón,SI,Mecanizada,NO,15.0,2086.046512,4.0,47.0,74.0,70000,14,0,0,0,0,0,0,0,0,0,0,0,0,0,0,2,0,0.0,0.0,138.0,0,0.0,0.0,0,0.0,60.0,0,0,0,0,0,4,1.6,PLANO O LLANO,PLANO,2.0,6.5,SIN ROCAS,NO,-1.0,-1.0,NO,-1.0,NO,ATERRONADA,NO,NO,NO HAY,LA MANANA Y LA TARDE,NO HAY,NO HAY,NO,SI,40.0,POCO AFECTADAS,SI,NO,SI,SI,MUY BUENO,60.0,BUENO,NINGUNO,0.0,0.0,0.0,0.0,0.0,0.0,0.0,0.0,100.0,0.0,0.0,0.0,0.0,0.0,0.0,28.33,0.0,71.67,0.0
2042,1826,Mecanizado,NO,DK 234 YGRR,Algodón,SI,Manual,SI,4.0,2418.604651,5.0,48.0,61.0,87500,10,0,0,0,0,0,0,0,0,0,1,1,0,0,0,1,0,0.0,0.0,92.0,0,0.0,0.0,0,0.0,60.0,0,0,0,0,0,4,2.0,PLANO O LLANO,PLANO,2.0,5.5,SIN ROCAS,NO,-1.0,-1.0,NO,-1.0,NO,ATERRONADA,NO,NO,NO HAY,LA MANANA Y LA TARDE,NO HAY,NO HAY,NO,SI,38.0,MUY AFECTADAS,SI,NO,SI,SI,MUY BUENO,60.0,BUENO,NINGUNO,0.0,0.0,75.0,0.0,0.0,0.0,0.0,0.0,25.0,0.0,0.0,0.0,0.0,0.0,75.0,25.0,0.0,0.0,0.0
2043,1827,Mecanizado,NO,P4082 (Pioneer),Algodón,SI,Manual,NO,1.5,1032.55814,4.0,49.0,70.0,70000,12,0,0,0,0,0,0,0,0,0,1,0,0,0,1,1,0,0.0,0.0,92.0,0,0.0,0.0,0,0.0,60.0,0,0,0,0,0,4,1.2,PLANO O LLANO,PLANO,2.0,5.5,SIN ROCAS,NO,-1.0,-1.0,NO,-1.0,NO,GRANULAR,NO,NO,NO HAY,LA MANANA Y LA TARDE,NO HAY,NO HAY,NO,SI,36.0,POCO AFECTADAS,SI,NO,SI,SI,MUY BUENO,50.0,BUENO,NINGUNO,0.0,0.0,0.0,32.0,0.0,0.0,0.0,0.0,68.0,0.0,0.0,0.0,0.0,0.0,32.0,68.0,0.0,0.0,0.0
2044,1828,Manual,SI,PAC 105,Pastos,SI,Manual,NO,1.0,3534.883721,5.0,48.0,76.0,66000,10,0,0,0,0,0,0,0,0,0,0,2,0,0,0,3,0,0.0,0.0,138.0,0,0.0,0.0,0,0.0,60.0,0,0,0,0,0,4,1.2,PLANO O LLANO,PLANO,2.0,5.5,SIN ROCAS,NO,-1.0,-1.0,SI,-1.0,SI,ATERRONADA,NO,NO,NO HAY,LA MANANA Y LA TARDE,NO HAY,NO HAY,NO,SI,20.0,MUY AFECTADAS,SI,NO,SI,SI,MUY BUENO,30.0,LENTO A MUY LENTO,NINGUNO,0.0,0.0,0.0,0.0,0.0,0.0,0.0,0.0,100.0,0.0,0.0,0.0,0.0,0.0,100.0,0.0,0.0,0.0,0.0
2045,1829,Manual,NO,P3966 (Pioneer),Algodón,SI,Manual,NO,3.5,5193.023256,5.0,47.0,76.0,66000,9,0,0,0,0,0,0,0,0,0,0,2,0,0,0,3,0,0.0,0.0,138.0,0,0.0,0.0,0,0.0,60.0,0,0,0,0,0,4,2.9,PLANO O LLANO,PLANO,2.0,5.5,SIN ROCAS,NO,-1.0,-1.0,NO,-1.0,NO,ATERRONADA,NO,NO,NO HAY,LA MANANA Y LA TARDE,NO HAY,NO HAY,NO,SI,22.0,MUY AFECTADAS,SI,NO,SI,SI,MUY BUENO,60.0,BUENO,NINGUNO,0.0,0.0,0.0,0.0,66.67,0.0,33.33,0.0,0.0,0.0,0.0,0.0,0.0,0.0,33.33,66.67,0.0,0.0,0.0
2047,1833,Manual,NO,DK 234,Algodón,NO,Manual,NO,2.0,2046.511628,4.0,49.0,78.0,60000,4,0,0,0,0,0,0,0,0,0,0,2,0,0,0,0,0,0.0,0.0,92.0,0,0.0,0.0,0,0.0,0.0,0,0,0,0,0,2,1.0,PLANO O LLANO,PLANO,2.0,5.5,SIN ROCAS,NO,-1.0,-1.0,SI,-1.0,NO,GRANULAR,NO,NO,NO HAY,LA MANANA Y LA TARDE,NO HAY,NO HAY,NO,SI,34.0,POCO AFECTADAS,NO,NO,SI,NO,ESPACIADO,35.0,LENTO A MUY LENTO,NINGUNO,0.0,0.0,0.0,0.0,58.33,41.67,0.0,0.0,0.0,0.0,0.0,0.0,0.0,0.0,58.33,41.67,0.0,0.0,0.0
2048,1830,Mecanizado,NO,DK 234,Algodón,NO,Manual,NO,1.5,3530.232558,3.0,42.0,82.0,55000,10,0,0,0,0,0,0,0,0,0,1,1,0,0,0,1,0,0.0,0.0,92.0,0,0.0,0.0,0,0.0,60.0,0,0,0,0,0,4,1.1,PLANO O LLANO,PLANO,3.0,7.0,SIN ROCAS,NO,-1.0,-1.0,NO,-1.0,NO,ATERRONADA,NO,NO,NO HAY,LA MANANA Y LA TARDE,NO HAY,NO HAY,NO,SI,25.0,POCO AFECTADAS,SI,NO,SI,SI,MUY BUENO,60.0,BUENO,NINGUNO,0.0,0.0,0.0,0.0,46.67,0.0,0.0,0.0,53.33,0.0,0.0,0.0,0.0,0.0,100.0,0.0,0.0,0.0,0.0
2050,1871,Mecanizado,SI,P4082 (Pioneer),Algodón,SI,Mecanizada,NO,7.0,5933.72093,5.0,45.0,77.0,75000,17,0,0,0,1,0,0,0,0,0,0,1,0,0,0,3,2,0.0,9.0,0.0,0,23.0,0.0,0,30.0,30.0,0,0,0,0,2,1,5.0,PLANO O LLANO,PLANO,2.0,5.5,SIN ROCAS,NO,-1.0,-1.0,NO,-1.0,NO,GRANULAR,NO,NO,NO HAY,LA MANANA Y LA TARDE,NO HAY,NO HAY,NO,SI,25.0,PLANTAS NORMALES,NO,NO,SI,NO,ESPACIADO,60.0,BUENO,LENTO,0.0,0.0,0.0,0.0,0.0,0.0,0.0,0.0,100.0,0.0,0.0,0.0,0.0,0.0,55.0,45.0,0.0,0.0,0.0
2051,1818,Mecanizado,SI,P4082 (Pioneer),Algodón,SI,Mecanizada,NO,6.0,5651.162791,5.0,47.0,72.0,75500,17,0,0,0,0,0,0,0,0,0,2,2,0,0,0,3,0,0.0,0.0,115.0,0,0.0,0.0,0,0.0,30.0,0,0,0,0,0,3,3.0,PLANO O LLANO,PLANO,3.0,5.5,SIN ROCAS,SI,13.0,9.0,SI,13.0,NO,ATERRONADA,NO,NO,NO HAY,LA MANANA Y LA TARDE,NO HAY,NO HAY,NO,SI,10.0,PLANTAS NORMALES,NO,NO,NO,NO,REGULAR,13.0,LENTO A MUY LENTO,LENTO,0.0,0.0,0.0,0.0,0.0,0.0,0.0,0.0,100.0,0.0,0.0,0.0,0.0,0.0,0.0,66.67,33.33,0.0,0.0
2052,1819,Mecanizado,SI,P4082 (Pioneer),Algodón,SI,Mecanizada,NO,10.0,6511.627907,5.0,46.0,76.0,76000,17,0,0,0,1,0,0,0,0,0,0,2,0,0,0,3,2,0.0,0.0,9.0,0,0.0,23.0,0,0.0,60.0,0,0,0,0,0,3,4.0,PLANO O LLANO,PLANO,2.0,5.0,SIN ROCAS,NO,-1.0,-1.0,NO,-1.0,NO,GRANULAR,NO,NO,NO HAY,LA MANANA Y LA TARDE,NO HAY,NO HAY,NO,SI,23.0,PLANTAS NORMALES,SI,NO,SI,NO,ESPACIADO,60.0,BUENO,LENTO,0.0,0.0,0.0,0.0,0.0,0.0,0.0,0.0,100.0,0.0,0.0,55.0,45.0,0.0,0.0,0.0,0.0,0.0,0.0
2053,1872,Mecanizado,SI,P4082 (Pioneer),Algodón,SI,Mecanizada,NO,55.0,6626.744186,5.0,48.0,70.0,75000,17,0,0,0,1,0,0,0,0,0,1,2,0,0,2,5,2,0.0,9.0,0.0,0,23.0,0.0,0,30.0,30.0,0,0,0,0,2,1,5.0,PLANO O LLANO,PLANO,2.0,6.0,SIN ROCAS,NO,-1.0,-1.0,SI,-1.0,NO,GRANULAR,NO,NO,NO HAY,LA MANANA Y LA TARDE,NO HAY,NO HAY,NO,SI,33.0,PLANTAS NORMALES,SI,NO,SI,NO,BUENO,45.0,LENTO A MUY LENTO,LENTO,0.0,0.0,0.0,0.0,0.0,0.0,0.0,0.0,63.33,36.67,0.0,0.0,0.0,0.0,100.0,0.0,0.0,0.0,0.0
2057,1795,Mecanizado,NO,PAC 105,Algodón,NO,Manual,NO,1.0,1695.348837,4.0,47.0,80.0,60000,7,0,0,0,0,0,0,0,0,0,0,1,0,0,0,3,0,0.0,0.0,115.0,0,0.0,0.0,0,0.0,0.0,0,0,0,0,0,3,1.0,PLANO O LLANO,PLANO,2.0,6.0,SIN ROCAS,NO,-1.0,-1.0,NO,-1.0,NO,ATERRONADA,NO,NO,NO HAY,LA MANANA Y LA TARDE,NO HAY,NO HAY,NO,SI,50.0,PLANTAS NORMALES,NO,NO,SI,NO,REGULAR,60.0,BUENO,NINGUNO,0.0,0.0,0.0,0.0,41.67,58.33,0.0,0.0,0.0,0.0,0.0,0.0,0.0,0.0,0.0,100.0,0.0,0.0,0.0
2063,1879,Manual,NO,DK 234,Algodón,NO,Manual,NO,2.0,2260.465116,4.0,47.0,82.0,60000,6,0,0,0,0,0,0,0,0,0,0,2,0,0,0,0,0,0.0,0.0,92.0,0,0.0,0.0,0,0.0,0.0,0,0,0,0,0,2,1.0,PLANO O LLANO,PLANO,2.0,6.5,SIN ROCAS,NO,-1.0,-1.0,NO,-1.0,NO,ATERRONADA,NO,NO,NO HAY,LA MANANA Y LA TARDE,NO HAY,NO HAY,NO,SI,38.0,POCO AFECTADAS,NO,NO,SI,NO,REGULAR,60.0,BUENO,NINGUNO,0.0,0.0,0.0,0.0,0.0,0.0,61.67,0.0,38.33,0.0,0.0,100.0,0.0,0.0,0.0,0.0,0.0,0.0,0.0
2065,1880,Mecanizado,SI,Impacto (Syngenta),Algodón,SI,Mecanizada,NO,20.0,3069.767442,6.0,50.0,77.0,60000,4,0,0,0,0,0,0,0,0,0,0,1,0,0,0,2,0,0.0,0.0,46.0,0,0.0,0.0,0,0.0,0.0,0,0,0,0,0,1,1.0,PLANO O LLANO,PLANO,2.0,6.0,SIN ROCAS,SI,18.0,12.0,SI,20.0,NO,GRANULAR,NO,NO,NO HAY,LA MANANA Y LA TARDE,NO HAY,NO HAY,NO,SI,20.0,POCO AFECTADAS,SI,NO,NO,NO,REGULAR,20.0,LENTO A MUY LENTO,NINGUNO,0.0,0.0,0.0,0.0,0.0,0.0,0.0,0.0,30.0,70.0,0.0,0.0,100.0,0.0,0.0,0.0,0.0,0.0,0.0
2066,1881,Manual,NO,DK 234,Algodón,NO,Manual,NO,1.0,2418.604651,5.0,50.0,73.0,60000,4,0,0,0,0,0,0,0,0,0,0,2,0,0,0,0,0,0.0,0.0,92.0,0,0.0,0.0,0,0.0,0.0,0,0,0,0,0,2,2.0,PLANO O LLANO,PLANO,2.0,5.5,SIN ROCAS,NO,-1.0,-1.0,SI,-1.0,NO,GRANULAR,NO,NO,NO HAY,LA MANANA Y LA TARDE,NO HAY,NO HAY,NO,SI,35.0,MUY AFECTADAS,NO,NO,SI,NO,REGULAR,35.0,LENTO A MUY LENTO,NINGUNO,0.0,0.0,0.0,0.0,45.0,55.0,0.0,0.0,0.0,0.0,0.0,45.0,55.0,0.0,0.0,0.0,0.0,0.0,0.0
2068,1887,Manual,NO,DK 1596,Algodón,NO,Manual,NO,2.0,2604.651163,3.0,46.0,79.0,60000,6,0,0,0,0,0,0,0,0,0,0,1,0,0,0,3,0,0.0,0.0,46.0,0,0.0,0.0,0,0.0,0.0,0,0,0,0,0,2,1.0,PLANO O LLANO,PLANO,2.0,5.5,SIN ROCAS,NO,-1.0,-1.0,SI,-1.0,NO,GRANULAR,NO,NO,NO HAY,LA MANANA Y LA TARDE,NO HAY,NO HAY,NO,SI,40.0,POCO AFECTADAS,SI,NO,SI,NO,MUY BUENO,40.0,LENTO A MUY LENTO,NINGUNO,0.0,0.0,0.0,43.33,56.67,0.0,0.0,0.0,0.0,0.0,0.0,100.0,0.0,0.0,0.0,0.0,0.0,0.0,0.0
2069,1904,Mecanizado,NO,Otro,Algodón,SI,Mecanizada,NO,9.5,3527.906977,5.0,46.0,92.0,62500,4,0,0,1,0,0,0,0,0,0,1,1,0,0,0,4,0,0.0,0.0,92.0,0,0.0,0.0,0,0.0,0.0,0,0,0,0,0,2,2.9,PLANO O LLANO,PLANO,2.0,7.0,SIN ROCAS,NO,-1.0,-1.0,NO,-1.0,NO,GRANULAR,NO,NO,NO HAY,LA MANANA Y LA TARDE,NO HAY,NO HAY,NO,SI,50.0,MUY AFECTADAS,SI,NO,SI,SI,MUY BUENO,60.0,BUENO,NINGUNO,0.0,73.33,0.0,0.0,0.0,0.0,26.67,0.0,0.0,0.0,0.0,73.33,0.0,0.0,0.0,26.67,0.0,0.0,0.0
2070,1886,Manual,NO,PAC 105,Algodón,SI,Manual,NO,2.5,2883.72093,4.0,46.0,78.0,60000,4,0,0,0,0,0,0,0,0,0,0,1,0,0,0,3,0,0.0,0.0,69.0,0,0.0,0.0,0,0.0,0.0,0,0,0,0,0,2,1.0,PLANO O LLANO,PLANO,2.0,6.0,SIN ROCAS,NO,-1.0,-1.0,SI,-1.0,NO,GRANULAR,NO,NO,NO HAY,LA MANANA Y LA TARDE,NO HAY,NO HAY,NO,NO,-1.0,MUY AFECTADAS,NO,NO,SI,NO,REGULAR,35.0,LENTO A MUY LENTO,NINGUNO,0.0,0.0,0.0,0.0,55.0,0.0,45.0,0.0,0.0,0.0,0.0,100.0,0.0,0.0,0.0,0.0,0.0,0.0,0.0
2071,1889,Mecanizado,NO,DK 234,Algodón,NO,Manual,NO,4.0,1811.627907,4.0,50.0,76.0,60000,6,0,0,0,0,0,0,0,0,0,0,1,0,0,0,0,0,0.0,0.0,46.0,0,0.0,0.0,0,0.0,0.0,0,0,0,0,0,1,1.0,PLANO O LLANO,PLANO,2.0,6.5,SIN ROCAS,NO,-1.0,-1.0,SI,-1.0,NO,ATERRONADA,NO,NO,NO HAY,LA MANANA Y LA TARDE,NO HAY,NO HAY,NO,SI,35.0,POCO AFECTADAS,SI,NO,SI,NO,REGULAR,35.0,LENTO A MUY LENTO,NINGUNO,0.0,0.0,0.0,0.0,0.0,0.0,60.0,0.0,40.0,0.0,0.0,100.0,0.0,0.0,0.0,0.0,0.0,0.0,0.0
2072,1891,Mecanizado,NO,DK 234,Algodón,SI,Manual,NO,5.0,2232.55814,3.0,46.0,81.0,62000,7,0,0,0,0,0,0,0,0,0,0,1,0,0,0,1,0,0.0,0.0,46.0,0,0.0,0.0,0,0.0,0.0,0,0,0,0,0,1,1.0,PLANO O LLANO,PLANO,2.0,6.0,SIN ROCAS,NO,-1.0,-1.0,SI,-1.0,NO,GRANULAR,NO,NO,NO HAY,LA MANANA Y LA TARDE,NO HAY,NO HAY,NO,SI,31.0,POCO AFECTADAS,NO,NO,SI,NO,REGULAR,38.0,LENTO A MUY LENTO,NINGUNO,0.0,0.0,0.0,0.0,0.0,0.0,41.67,0.0,58.33,0.0,0.0,100.0,0.0,0.0,0.0,0.0,0.0,0.0,0.0
2073,1894,Mecanizado,NO,DK 234,Frijol,NO,Manual,NO,1.0,3162.790698,3.0,47.0,81.0,60000,5,0,0,0,0,0,0,0,0,0,0,1,0,0,0,0,0,0.0,0.0,115.0,0,0.0,0.0,0,0.0,0.0,0,0,0,0,0,2,1.0,PLANO O LLANO,PLANO,2.0,5.5,SIN ROCAS,NO,-1.0,-1.0,SI,-1.0,NO,GRANULAR,NO,NO,NO HAY,LA MANANA Y LA TARDE,NO HAY,NO HAY,NO,SI,32.0,POCO AFECTADAS,SI,NO,SI,NO,ESPACIADO,35.0,LENTO A MUY LENTO,NINGUNO,0.0,0.0,0.0,0.0,0.0,0.0,46.67,0.0,53.33,0.0,0.0,100.0,0.0,0.0,0.0,0.0,0.0,0.0,0.0
2074,1897,Mecanizado,NO,DK 234,Algodón,NO,Manual,NO,2.0,2883.72093,4.0,48.0,80.0,60000,9,0,0,0,0,0,0,0,0,0,0,1,0,0,0,0,0,0.0,0.0,92.0,0,0.0,0.0,0,0.0,0.0,0,0,0,0,0,2,1.0,PLANO O LLANO,PLANO,2.0,5.5,SIN ROCAS,NO,-1.0,-1.0,SI,-1.0,NO,GRANULAR,NO,NO,NO HAY,LA MANANA Y LA TARDE,NO HAY,NO HAY,NO,SI,14.0,MUY AFECTADAS,NO,NO,SI,NO,BUENO,14.0,LENTO A MUY LENTO,NINGUNO,0.0,0.0,0.0,0.0,16.67,0.0,83.33,0.0,0.0,0.0,0.0,83.33,16.67,0.0,0.0,0.0,0.0,0.0,0.0
2076,1898,Mecanizado,NO,DK 234,Algodón,NO,Manual,NO,3.3,2790.697674,4.0,48.0,81.0,60000,11,0,0,0,0,0,0,0,0,0,0,1,0,0,0,0,0,0.0,0.0,71.0,0,0.0,4.0,0,0.0,24.0,0,0,0,0,0,2,1.0,PLANO O LLANO,PLANO,2.0,6.5,SIN ROCAS,NO,-1.0,-1.0,NO,-1.0,NO,GRANULAR,NO,NO,NO HAY,LA MANANA Y LA TARDE,NO HAY,NO HAY,NO,SI,25.0,MUY AFECTADAS,SI,NO,SI,NO,REGULAR,60.0,BUENO,NINGUNO,0.0,0.0,0.0,0.0,0.0,0.0,46.67,0.0,0.0,53.33,0.0,100.0,0.0,0.0,0.0,0.0,0.0,0.0,0.0
2077,1899,Mecanizado,NO,DK 234,Algodón,NO,Manual,NO,2.0,2976.744186,4.0,46.0,81.0,60000,10,0,0,0,0,0,0,0,0,0,0,1,0,0,0,1,0,0.0,0.0,71.0,0,0.0,4.0,0,0.0,24.0,0,0,0,0,0,2,1.0,PLANO O LLANO,PLANO,2.0,7.0,SIN ROCAS,NO,-1.0,-1.0,SI,-1.0,NO,GRANULAR,NO,NO,NO HAY,LA MANANA Y LA TARDE,NO HAY,NO HAY,NO,SI,40.0,PLANTAS NORMALES,NO,NO,SI,NO,MUY BUENO,40.0,LENTO A MUY LENTO,NINGUNO,0.0,0.0,0.0,0.0,0.0,0.0,63.33,0.0,36.67,0.0,0.0,63.33,36.67,0.0,0.0,0.0,0.0,0.0,0.0
2078,1884,Mecanizado,SI,P4082 (Pioneer),Algodón,SI,Mecanizada,NO,15.0,5933.72093,5.0,47.0,73.0,75000,17,0,0,0,1,0,0,0,0,0,1,1,0,0,2,3,2,0.0,9.0,115.0,0,23.0,0.0,0,30.0,30.0,0,0,0,0,2,3,5.0,PLANO O LLANO,PLANO,2.0,5.5,SIN ROCAS,NO,-1.0,-1.0,NO,-1.0,NO,GRANULAR,NO,NO,NO HAY,LA MANANA Y LA TARDE,NO HAY,NO HAY,NO,SI,21.0,PLANTAS NORMALES,NO,NO,SI,NO,ESPACIADO,60.0,BUENO,LENTO,0.0,0.0,0.0,0.0,0.0,0.0,0.0,0.0,100.0,0.0,0.0,0.0,0.0,0.0,56.67,43.33,0.0,0.0,0.0
2079,1905,Manual,NO,DK 234,Algodón,SI,Manual,SI,1.0,4744.186047,5.0,46.0,85.0,73000,18,0,0,0,0,0,0,0,0,0,0,1,0,0,0,0,0,0.0,0.0,69.0,0,0.0,0.0,0,0.0,0.0,0,0,0,0,0,1,4.0,PLANO O LLANO,PLANO,2.0,6.0,SIN ROCAS,NO,-1.0,-1.0,SI,-1.0,NO,GRANULAR,NO,NO,NO HAY,LA MANANA Y LA TARDE,NO HAY,NO HAY,NO,SI,36.0,PLANTAS NORMALES,SI,NO,SI,NO,MUY BUENO,46.0,LENTO A MUY LENTO,LENTO,0.0,0.0,0.0,0.0,0.0,0.0,0.0,0.0,65.0,35.0,0.0,0.0,0.0,0.0,100.0,0.0,0.0,0.0,0.0
2080,1906,Manual,NO,DK 234,Algodón,SI,Manual,SI,1.0,4709.302326,5.0,47.0,78.0,73000,18,0,0,0,0,0,0,0,0,0,1,1,0,0,0,0,0,0.0,0.0,92.0,0,0.0,0.0,0,0.0,0.0,0,0,0,0,0,2,4.0,PLANO O LLANO,PLANO,2.0,6.0,SIN ROCAS,NO,-1.0,-1.0,SI,-1.0,NO,GRANULAR,NO,NO,NO HAY,LA MANANA Y LA TARDE,NO HAY,NO HAY,NO,SI,38.0,PLANTAS NORMALES,SI,NO,SI,NO,MUY BUENO,46.0,LENTO A MUY LENTO,LENTO,0.0,0.0,0.0,0.0,0.0,0.0,0.0,0.0,65.0,35.0,0.0,0.0,0.0,0.0,100.0,0.0,0.0,0.0,0.0
2081,1907,Manual,NO,DK 234,Algodón,SI,Manual,SI,1.0,4672.093023,5.0,48.0,75.0,73000,18,0,0,0,0,0,0,0,0,0,0,1,0,0,0,2,0,0.0,0.0,46.0,0,0.0,0.0,0,0.0,0.0,0,0,0,0,0,1,5.0,PLANO O LLANO,PLANO,2.0,6.0,SIN ROCAS,NO,-1.0,-1.0,NO,-1.0,NO,GRANULAR,NO,NO,NO HAY,LA MANANA Y LA TARDE,NO HAY,NO HAY,NO,SI,32.0,PLANTAS NORMALES,SI,NO,SI,NO,BUENO,60.0,BUENO,LENTO,0.0,0.0,0.0,0.0,0.0,0.0,0.0,0.0,100.0,0.0,0.0,0.0,0.0,0.0,100.0,0.0,0.0,0.0,0.0
2082,1902,Manual,NO,PAC 105,Algodón,NO,Manual,NO,2.3,3234.232558,4.0,55.0,65.0,75000,7,0,0,1,0,0,0,0,0,0,1,1,0,0,0,6,0,0.0,0.0,30.0,0,0.0,30.0,0,0.0,30.0,0,0,0,0,0,2,1.7,PLANO O LLANO,PLANO,3.0,6.5,SIN ROCAS,NO,-1.0,-1.0,SI,-1.0,SI,ATERRONADA,NO,NO,NO HAY,LA MANANA Y LA TARDE,NO HAY,NO HAY,NO,SI,30.0,MUY AFECTADAS,SI,NO,SI,SI,REGULAR,30.0,LENTO A MUY LENTO,NINGUNO,0.0,0.0,0.0,81.67,0.0,0.0,0.0,0.0,18.33,0.0,0.0,0.0,0.0,0.0,100.0,0.0,0.0,0.0,0.0
2083,1908,Manual,NO,Otro,Maiz,SI,Manual,SI,1.0,4709.302326,4.0,48.0,77.0,73000,18,0,0,0,0,0,0,0,0,0,0,1,0,0,0,3,0,0.0,0.0,23.0,0,0.0,0.0,0,0.0,30.0,0,0,0,0,0,2,5.0,PLANO O LLANO,PLANO,2.0,6.0,SIN ROCAS,NO,-1.0,-1.0,NO,-1.0,NO,GRANULAR,NO,NO,NO HAY,LA MANANA Y LA TARDE,NO HAY,NO HAY,NO,SI,34.0,PLANTAS NORMALES,NO,NO,SI,NO,ESPACIADO,60.0,BUENO,LENTO,0.0,0.0,0.0,0.0,0.0,0.0,0.0,0.0,100.0,0.0,0.0,0.0,0.0,0.0,100.0,0.0,0.0,0.0,0.0
2084,1903,Mecanizado,NO,P3966 (Pioneer),Algodón,SI,Mecanizada,NO,7.8,3261.627907,5.0,51.0,88.0,55000,5,0,0,1,0,0,0,0,0,0,0,1,0,0,0,6,0,0.0,0.0,161.0,0,0.0,0.0,0,45.0,0.0,0,0,0,0,1,2,1.8,PLANO O LLANO,PLANO,2.0,6.0,SIN ROCAS,NO,-1.0,-1.0,NO,-1.0,NO,ATERRONADA,NO,NO,NO HAY,LA MANANA Y LA TARDE,NO HAY,NO HAY,NO,SI,30.0,MUY AFECTADAS,SI,NO,SI,SI,REGULAR,60.0,BUENO,NINGUNO,0.0,70.0,0.0,30.0,0.0,0.0,0.0,0.0,0.0,0.0,0.0,0.0,0.0,0.0,70.0,0.0,0.0,30.0,0.0
2086,1909,Manual,NO,Otro,Algodón,SI,Manual,NO,1.0,5372.093023,5.0,47.0,70.0,73000,18,0,0,0,0,0,0,0,0,0,2,1,0,0,0,2,0,0.0,0.0,126.5,0,0.0,0.0,0,0.0,30.0,0,0,0,0,0,3,5.0,PLANO O LLANO,PLANO,2.0,6.0,SIN ROCAS,NO,-1.0,-1.0,NO,-1.0,NO,GRANULAR,NO,NO,NO HAY,LA MANANA Y LA TARDE,NO HAY,NO HAY,NO,SI,35.0,PLANTAS NORMALES,SI,NO,SI,NO,MUY BUENO,60.0,BUENO,LENTO,0.0,0.0,0.0,0.0,0.0,0.0,0.0,0.0,63.33,36.67,0.0,0.0,0.0,0.0,100.0,0.0,0.0,0.0,0.0
2088,1910,Manual,NO,Otro,Algodón,SI,Manual,SI,1.0,4576.744186,5.0,46.0,74.0,73000,18,0,0,0,0,0,0,0,0,0,1,0,0,0,1,5,0,0.0,0.0,57.5,0,0.0,0.0,0,0.0,0.0,0,0,0,0,0,1,4.0,PLANO O LLANO,PLANO,2.0,6.0,SIN ROCAS,NO,-1.0,-1.0,NO,-1.0,NO,GRANULAR,NO,NO,NO HAY,LA MANANA Y LA TARDE,NO HAY,NO HAY,NO,SI,34.0,PLANTAS NORMALES,NO,NO,SI,NO,ESPACIADO,60.0,BUENO,LENTO,0.0,0.0,0.0,0.0,0.0,0.0,0.0,0.0,61.67,38.33,0.0,0.0,0.0,0.0,100.0,0.0,0.0,0.0,0.0
2089,1831,Mecanizado,NO,P4082 (Pioneer),Algodón,SI,Mecanizada,NO,6.0,1995.348837,4.0,57.0,64.0,85700,10,0,0,1,0,0,0,0,0,0,1,0,0,0,0,1,0,0.0,0.0,46.0,0,0.0,0.0,0,0.0,60.0,0,0,0,0,0,4,0.7,PLANO O LLANO,PLANO,2.0,6.5,SIN ROCAS,NO,-1.0,-1.0,NO,-1.0,NO,ATERRONADA,NO,NO,NO HAY,LA MANANA Y LA TARDE,NO HAY,NO HAY,NO,SI,40.0,POCO AFECTADAS,SI,NO,SI,SI,MUY BUENO,56.0,BUENO,NINGUNO,0.0,0.0,0.0,71.43,0.0,0.0,0.0,0.0,28.57,0.0,0.0,0.0,0.0,0.0,28.57,0.0,0.0,71.43,0.0
2090,1911,Mecanizado,SI,P4082 (Pioneer),Algodón,SI,Mecanizada,NO,29.0,4988.372093,5.0,47.0,77.0,75000,17,0,0,1,0,0,0,0,0,0,2,1,0,0,1,2,0,0.0,11.25,28.0,0,11.25,0.0,0,11.25,30.0,0,0,0,0,1,3,4.0,PLANO O LLANO,PLANO,2.0,6.0,SIN ROCAS,NO,-1.0,-1.0,NO,-1.0,NO,ATERRONADA,NO,NO,NO HAY,LA MANANA Y LA TARDE,NO HAY,NO HAY,NO,SI,18.0,PLANTAS NORMALES,NO,NO,SI,NO,ESPACIADO,60.0,BUENO,LENTO,0.0,0.0,0.0,0.0,0.0,0.0,0.0,0.0,100.0,0.0,0.0,0.0,0.0,0.0,60.0,40.0,0.0,0.0,0.0
2091,1912,Mecanizado,SI,P4082 (Pioneer),Algodón,SI,Manual,SI,3.5,5244.186047,5.0,46.0,74.0,71000,18,0,0,0,0,0,0,0,0,0,1,1,0,0,0,3,0,0.0,0.0,0.0,0,0.0,0.0,0,0.0,60.0,0,0,0,0,0,2,4.0,PLANO O LLANO,PLANO,3.0,6.5,SIN ROCAS,NO,-1.0,-1.0,SI,-1.0,NO,GRANULAR,NO,NO,NO HAY,LA MANANA Y LA TARDE,NO HAY,NO HAY,NO,SI,32.0,PLANTAS NORMALES,SI,NO,SI,SI,ESPACIADO,42.0,LENTO A MUY LENTO,LENTO,0.0,0.0,0.0,0.0,0.0,0.0,0.0,0.0,100.0,0.0,0.0,0.0,0.0,0.0,100.0,0.0,0.0,0.0,0.0
2092,1913,Mecanizado,SI,P3966 (Pioneer),Algodón,SI,Manual,NO,7.0,4476.744186,5.0,78.0,48.0,75000,17,0,0,1,0,0,0,0,0,0,2,1,0,0,1,0,0,0.0,11.25,28.0,0,11.25,0.0,0,11.25,30.0,0,0,0,0,1,3,4.0,PLANO O LLANO,PLANO,2.0,5.5,SIN ROCAS,NO,-1.0,-1.0,NO,-1.0,NO,ATERRONADA,NO,NO,NO HAY,LA MANANA Y LA TARDE,NO HAY,NO HAY,NO,SI,21.0,PLANTAS NORMALES,NO,NO,SI,NO,ESPACIADO,60.0,BUENO,LENTO,0.0,0.0,0.0,0.0,0.0,0.0,0.0,0.0,100.0,0.0,0.0,0.0,0.0,0.0,55.0,45.0,0.0,0.0,0.0
2098,1940,Mecanizado,NO,DK 234,Algodón,NO,Manual,NO,2.3,2511.627907,4.0,19.0,108.0,60000,6,0,0,0,0,0,0,0,0,0,0,0,1,0,0,1,0,0.0,0.0,46.0,0,0.0,0.0,0,0.0,0.0,0,0,0,0,0,1,2.0,PLANO O LLANO,PLANO,2.0,5.0,SIN ROCAS,SI,5.0,55.0,SI,20.0,NO,ATERRONADA,NO,NO,NO HAY,LA MANANA Y LA TARDE,NO HAY,NO HAY,NO,SI,10.0,MUY AFECTADAS,NO,NO,NO,SI,BUENO,10.0,LENTO A MUY LENTO,NINGUNO,0.0,30.0,0.0,0.0,0.0,0.0,0.0,0.0,70.0,0.0,0.0,0.0,70.0,30.0,0.0,0.0,0.0,0.0,0.0
2099,1939,Mecanizado,NO,DK 234,Algodón,NO,Manual,NO,2.0,1130.232558,4.0,48.0,78.0,60000,6,0,0,0,0,0,0,0,0,0,0,1,0,0,0,0,0,0.0,0.0,46.0,0,0.0,0.0,0,0.0,0.0,0,0,0,0,0,1,1.0,PLANO O LLANO,PLANO,2.0,6.0,SIN ROCAS,NO,-1.0,-1.0,SI,-1.0,NO,GRANULAR,NO,NO,NO HAY,LA MANANA Y LA TARDE,NO HAY,NO HAY,NO,SI,25.0,PLANTAS NORMALES,NO,NO,SI,NO,ESPACIADO,25.0,LENTO A MUY LENTO,NINGUNO,0.0,0.0,0.0,0.0,0.0,0.0,30.0,0.0,0.0,70.0,0.0,70.0,30.0,0.0,0.0,0.0,0.0,0.0,0.0
2100,1938,Mecanizado,NO,DK 234,Algodón,NO,Manual,NO,6.0,2883.72093,4.0,49.0,74.0,55000,9,0,0,0,0,0,0,0,0,0,0,1,0,0,0,0,0,0.0,0.0,46.0,0,0.0,0.0,0,0.0,0.0,0,0,0,0,0,1,1.0,PLANO O LLANO,PLANO,2.0,5.0,SIN ROCAS,NO,-1.0,-1.0,SI,-1.0,NO,GRANULAR,NO,NO,NO HAY,LA MANANA Y LA TARDE,NO HAY,NO HAY,SI,SI,32.0,POCO AFECTADAS,NO,NO,SI,SI,BUENO,32.0,LENTO A MUY LENTO,NINGUNO,0.0,0.0,0.0,0.0,0.0,0.0,20.0,0.0,0.0,80.0,0.0,0.0,100.0,0.0,0.0,0.0,0.0,0.0,0.0
2101,1937,Mecanizado,NO,DK 234,Algodón,NO,Manual,NO,1.0,2232.55814,4.0,48.0,82.0,55000,6,0,0,0,0,0,0,0,0,0,0,1,0,0,0,1,0,0.0,0.0,46.0,0,0.0,0.0,0,0.0,0.0,0,0,0,0,0,1,1.0,PLANO O LLANO,PLANO,2.0,6.0,SIN ROCAS,NO,-1.0,-1.0,NO,-1.0,NO,ATERRONADA,NO,NO,NO HAY,LA MANANA Y LA TARDE,NO HAY,NO HAY,NO,SI,38.0,MUY AFECTADAS,SI,NO,SI,NO,ESPACIADO,60.0,BUENO,NINGUNO,0.0,38.33,0.0,0.0,0.0,0.0,0.0,0.0,61.67,0.0,0.0,0.0,100.0,0.0,0.0,0.0,0.0,0.0,0.0
2102,1936,Mecanizado,SI,DK7088,Algodón,SI,Mecanizada,NO,15.1,3013.953488,4.0,80.0,46.0,62000,4,0,0,0,0,0,0,0,0,0,0,1,0,0,0,1,0,0.0,0.0,92.0,0,0.0,0.0,0,0.0,0.0,0,0,0,0,0,2,1.0,PLANO O LLANO,PLANO,2.0,5.5,SIN ROCAS,SI,22.0,38.0,SI,23.0,NO,GRANULAR,NO,NO,NO HAY,LA MANANA Y LA TARDE,NO HAY,NO HAY,NO,SI,22.0,PLANTAS NORMALES,NO,NO,SI,NO,REGULAR,22.0,LENTO A MUY LENTO,NINGUNO,0.0,0.0,0.0,0.0,0.0,0.0,63.33,0.0,36.67,0.0,0.0,100.0,0.0,0.0,0.0,0.0,0.0,0.0,0.0
2103,1935,Manual,NO,PIONEER 30F35 HRR,Maiz,NO,Manual,NO,2.0,4744.186047,4.0,47.0,77.0,55000,6,0,0,0,0,0,0,0,0,0,0,1,0,0,0,1,0,0.0,0.0,80.5,0,0.0,0.0,0,0.0,0.0,0,0,0,0,0,3,1.0,PLANO O LLANO,PLANO,2.0,7.0,SIN ROCAS,NO,-1.0,-1.0,SI,-1.0,NO,ATERRONADA,NO,NO,NO HAY,LA MANANA Y LA TARDE,NO HAY,NO HAY,NO,SI,36.0,PLANTAS NORMALES,NO,NO,SI,NO,ESPACIADO,36.0,LENTO A MUY LENTO,NINGUNO,0.0,0.0,0.0,0.0,0.0,0.0,31.67,0.0,68.33,0.0,0.0,68.33,31.67,0.0,0.0,0.0,0.0,0.0,0.0
2104,1934,Manual,SI,PAC 105,Algodón,NO,Manual,NO,1.0,1674.418605,4.0,47.0,84.0,55000,4,0,0,0,0,0,0,0,0,0,0,1,0,0,0,3,0,0.0,0.0,92.0,0,0.0,0.0,0,0.0,0.0,0,0,0,0,0,2,1.0,PLANO O LLANO,PLANO,2.0,5.5,SIN ROCAS,SI,12.0,13.0,SI,35.0,NO,GRANULAR,NO,NO,NO HAY,LA MANANA Y LA TARDE,NO HAY,NO HAY,NO,SI,38.0,MUY AFECTADAS,NO,NO,NO,NO,MUY BUENO,38.0,LENTO A MUY LENTO,NINGUNO,0.0,0.0,0.0,0.0,0.0,0.0,48.33,0.0,51.67,0.0,0.0,0.0,100.0,0.0,0.0,0.0,0.0,0.0,0.0
2105,1932,Manual,NO,Otro,Maiz,NO,Manual,NO,1.0,1601.162791,3.0,48.0,81.0,60000,7,0,0,0,0,0,0,0,0,0,0,0,0,0,0,2,0,0.0,0.0,69.0,0,0.0,0.0,0,0.0,0.0,0,0,0,0,0,2,1.0,PLANO O LLANO,PLANO,2.0,6.5,SIN ROCAS,NO,-1.0,-1.0,SI,-1.0,NO,ATERRONADA,NO,NO,NO HAY,LA MANANA Y LA TARDE,NO HAY,NO HAY,NO,SI,25.0,POCO AFECTADAS,NO,NO,SI,SI,REGULAR,25.0,LENTO A MUY LENTO,NINGUNO,0.0,0.0,0.0,0.0,0.0,0.0,68.33,0.0,31.67,0.0,0.0,0.0,100.0,0.0,0.0,0.0,0.0,0.0,0.0
2107,1946,Mecanizado,SI,P3966 (Pioneer),Algodón,SI,Mecanizada,NO,11.0,6511.627907,5.0,48.0,76.0,74000,16,0,0,0,1,0,0,0,0,0,2,1,0,0,1,9,2,0.0,9.0,92.0,0,23.0,0.0,0,30.0,30.0,0,0,0,0,2,3,4.0,PLANO O LLANO,PLANO,2.0,5.0,SIN ROCAS,NO,-1.0,-1.0,NO,-1.0,NO,GRANULAR,NO,NO,NO HAY,LA MANANA Y LA TARDE,NO HAY,NO HAY,NO,SI,23.0,PLANTAS NORMALES,SI,NO,SI,NO,ESPACIADO,60.0,BUENO,LENTO,0.0,0.0,0.0,0.0,0.0,0.0,0.0,0.0,100.0,0.0,0.0,56.67,43.33,0.0,0.0,0.0,0.0,0.0,0.0
2109,1933,Mecanizado,SI,DK 234,Algodón,SI,Mecanizada,NO,26.0,3069.767442,4.0,49.0,78.0,60000,5,0,0,0,0,0,0,0,0,0,0,1,0,0,0,1,0,0.0,0.0,46.0,0,0.0,0.0,0,0.0,30.0,0,0,0,0,0,3,1.0,PLANO O LLANO,PLANO,2.0,5.5,SIN ROCAS,NO,-1.0,-1.0,NO,-1.0,NO,ATERRONADA,NO,NO,NO HAY,LA MANANA Y LA TARDE,NO HAY,NO HAY,NO,SI,31.0,POCO AFECTADAS,NO,NO,NO,NO,REGULAR,60.0,BUENO,NINGUNO,0.0,0.0,0.0,0.0,0.0,0.0,31.67,0.0,0.0,68.33,0.0,100.0,0.0,0.0,0.0,0.0,0.0,0.0,0.0
2110,1947,Mecanizado,SI,Otro,Algodón,SI,Manual,NO,5.0,4534.883721,5.0,47.0,80.0,72000,17,0,0,1,0,0,0,0,0,0,2,3,0,0,1,3,0,0.0,11.25,28.0,0,11.25,0.0,0,11.25,30.0,0,0,0,0,1,3,4.0,PLANO O LLANO,PLANO,2.0,5.5,SIN ROCAS,NO,-1.0,-1.0,NO,-1.0,NO,ATERRONADA,NO,NO,NO HAY,LA MANANA Y LA TARDE,NO HAY,NO HAY,NO,SI,23.0,PLANTAS NORMALES,NO,NO,SI,NO,ESPACIADO,60.0,BUENO,LENTO,0.0,0.0,0.0,0.0,0.0,0.0,0.0,0.0,100.0,0.0,0.0,0.0,0.0,0.0,51.67,48.33,0.0,0.0,0.0
2111,1948,Mecanizado,SI,P4082 (Pioneer),Algodón,SI,Mecanizada,NO,5.0,5695.348837,5.0,48.0,74.0,73000,17,0,0,1,0,0,0,0,0,0,0,0,0,0,0,1,0,0.0,9.0,131.1,0,23.0,0.0,0,75.0,0.0,0,0,0,0,2,2,4.0,PLANO O LLANO,PLANO,2.0,5.5,SIN ROCAS,NO,-1.0,-1.0,NO,-1.0,NO,GRANULAR,NO,NO,NO HAY,LA MANANA Y LA TARDE,NO HAY,NO HAY,NO,SI,17.0,PLANTAS NORMALES,NO,NO,SI,NO,ESPACIADO,60.0,BUENO,LENTO,0.0,0.0,0.0,0.0,0.0,0.0,0.0,0.0,36.67,63.33,0.0,0.0,0.0,0.0,63.33,36.67,0.0,0.0,0.0
2113,1950,Mecanizado,SI,DK 234,Algodón,SI,Manual,SI,2.2,4709.302326,20.0,36.0,77.0,73000,16,0,0,1,0,0,0,0,0,0,1,0,0,0,1,1,0,0.0,0.0,92.0,0,0.0,0.0,0,0.0,60.0,0,0,0,0,0,4,4.0,PLANO O LLANO,PLANO,2.0,6.0,SIN ROCAS,NO,-1.0,-1.0,SI,-1.0,NO,ATERRONADA,NO,NO,NO HAY,LA MANANA Y LA TARDE,NO HAY,NO HAY,NO,SI,41.0,PLANTAS NORMALES,SI,NO,SI,SI,ESPACIADO,60.0,BUENO,LENTO,0.0,0.0,0.0,0.0,0.0,0.0,0.0,0.0,100.0,0.0,0.0,100.0,0.0,0.0,0.0,0.0,0.0,0.0,0.0
2117,1952,Mecanizado,NO,P4082 (Pioneer),Algodón,SI,Manual,SI,1.3,4897.674419,5.0,45.0,80.0,72000,16,0,0,1,0,0,0,0,0,0,1,1,0,0,1,2,0,0.0,0.0,0.0,0,0.0,0.0,0,0.0,60.0,0,0,0,0,0,2,5.0,PLANO O LLANO,PLANO,2.0,6.0,SIN ROCAS,NO,-1.0,-1.0,SI,-1.0,NO,ATERRONADA,NO,NO,NO HAY,LA MANANA Y LA TARDE,NO HAY,NO HAY,NO,SI,39.0,PLANTAS NORMALES,SI,NO,SI,SI,ESPACIADO,59.0,BUENO,LENTO,0.0,0.0,0.0,0.0,0.0,0.0,0.0,0.0,100.0,0.0,0.0,100.0,0.0,0.0,0.0,0.0,0.0,0.0,0.0
2118,1953,Mecanizado,NO,DK 234,Algodón,SI,Manual,SI,3.0,4897.674419,5.0,48.0,76.0,72000,15,0,0,1,0,0,0,0,0,0,0,1,0,0,0,2,0,0.0,0.0,0.0,0,0.0,0.0,0,0.0,90.0,0,0,0,0,0,4,4.0,PLANO O LLANO,PLANO,2.0,6.0,SIN ROCAS,NO,-1.0,-1.0,SI,-1.0,NO,ATERRONADA,NO,NO,NO HAY,LA MANANA Y LA TARDE,NO HAY,NO HAY,NO,SI,40.0,PLANTAS NORMALES,SI,NO,SI,SI,REGULAR,59.0,BUENO,LENTO,0.0,0.0,0.0,0.0,0.0,0.0,0.0,0.0,100.0,0.0,0.0,100.0,0.0,0.0,0.0,0.0,0.0,0.0,0.0
2119,1954,Mecanizado,SI,P4082 (Pioneer),Algodón,SI,Mecanizada,NO,14.0,6009.069767,5.0,47.0,79.0,72000,17,0,0,0,1,0,0,0,0,0,0,2,0,0,0,2,2,0.0,9.0,115.0,0,23.0,0.0,0,30.0,30.0,0,0,0,0,2,3,4.0,PLANO O LLANO,PLANO,2.0,5.0,SIN ROCAS,NO,-1.0,-1.0,NO,-1.0,NO,GRANULAR,NO,NO,NO HAY,LA MANANA Y LA TARDE,NO HAY,NO HAY,NO,SI,20.0,PLANTAS NORMALES,SI,NO,SI,NO,ESPACIADO,60.0,BUENO,LENTO,0.0,0.0,0.0,0.0,0.0,0.0,0.0,0.0,100.0,0.0,0.0,55.0,45.0,0.0,0.0,0.0,0.0,0.0,0.0
2120,1955,Mecanizado,SI,P4082 (Pioneer),Algodón,SI,Mecanizada,NO,6.0,5368.604651,5.0,42.0,81.0,73000,16,0,0,1,0,0,0,0,0,0,2,1,0,0,1,4,0,0.0,9.0,115.0,0,23.0,0.0,0,30.0,30.0,0,0,0,0,2,3,3.0,PLANO O LLANO,PLANO,3.0,5.0,SIN ROCAS,SI,11.0,20.0,SI,11.0,NO,GRANULAR,NO,NO,NO HAY,LA MANANA Y LA TARDE,NO HAY,NO HAY,NO,SI,12.0,PLANTAS NORMALES,SI,NO,NO,NO,REGULAR,12.0,LENTO A MUY LENTO,LENTO,0.0,0.0,50.0,0.0,0.0,0.0,0.0,0.0,50.0,0.0,0.0,50.0,50.0,0.0,0.0,0.0,0.0,0.0,0.0
2126,1929,Manual,NO,DK 234 YGRR,Frijol,SI,Manual,NO,1.0,3255.813953,5.0,56.0,57.0,62000,8,0,0,0,0,0,0,0,0,0,0,0,0,0,0,0,0,0.0,0.0,138.0,0,0.0,0.0,0,0.0,0.0,0,0,0,0,0,2,2.0,PLANO O LLANO,PLANO,3.0,5.5,SIN ROCAS,NO,-1.0,-1.0,SI,-1.0,SI,ATERRONADA,NO,NO,NO HAY,LA MANANA Y LA TARDE,NO HAY,NO HAY,NO,SI,40.0,PLANTAS NORMALES,SI,NO,SI,SI,MUY BUENO,40.0,LENTO A MUY LENTO,NINGUNO,0.0,0.0,0.0,0.0,85.0,0.0,0.0,0.0,15.0,0.0,0.0,0.0,0.0,0.0,48.33,51.67,0.0,0.0,0.0
2128,1927,Manual,NO,PIONEER 30F35,Frijol,SI,Manual,NO,1.0,2354.651163,5.0,54.0,63.0,62000,9,0,0,0,0,0,0,0,0,0,0,1,0,0,0,2,0,0.0,0.0,46.0,0,0.0,0.0,0,0.0,60.0,0,0,0,0,0,4,1.3,PLANO O LLANO,PLANO,2.0,5.5,SIN ROCAS,NO,-1.0,-1.0,SI,-1.0,NO,ATERRONADA,NO,NO,NO HAY,LA MANANA Y LA TARDE,NO HAY,NO HAY,NO,SI,47.0,POCO AFECTADAS,SI,NO,SI,SI,MUY BUENO,47.0,LENTO A MUY LENTO,NINGUNO,0.0,0.0,0.0,0.0,41.67,0.0,0.0,0.0,58.33,0.0,0.0,0.0,0.0,0.0,58.33,41.67,0.0,0.0,0.0
2129,1926,Mecanizado,NO,Otro,Frijol,SI,Mecanizada,SI,9.0,2790.697674,5.0,46.0,100.0,55000,12,0,0,0,0,0,0,0,0,0,1,0,0,0,0,2,0,0.0,0.0,57.5,0,0.0,0.0,0,0.0,15.0,0,0,0,0,0,4,3.3,PLANO O LLANO,PLANO,3.0,5.5,SIN ROCAS,NO,-1.0,-1.0,NO,-1.0,NO,GRANULAR,NO,NO,NO HAY,LA MANANA Y LA TARDE,NO HAY,NO HAY,NO,SI,60.0,PLANTAS NORMALES,SI,NO,SI,SI,MUY BUENO,60.0,BUENO,LENTO,0.0,0.0,0.0,0.0,28.33,35.0,0.0,0.0,36.67,0.0,0.0,0.0,0.0,0.0,28.33,36.67,0.0,35.0,0.0
2130,1925,Mecanizado,NO,P4082 (Pioneer),Pastos,SI,Mecanizada,NO,10.5,4595.348837,3.0,51.0,64.0,75000,13,0,0,0,0,0,0,0,0,0,0,2,0,0,0,1,0,0.0,0.0,92.0,0,0.0,0.0,0,45.0,0.0,0,0,0,0,1,2,3.5,PLANO O LLANO,PLANO,2.0,5.5,SIN ROCAS,NO,-1.0,-1.0,NO,-1.0,NO,ATERRONADA,NO,NO,NO HAY,LA MANANA Y LA TARDE,NO HAY,NO HAY,NO,SI,43.0,MUY AFECTADAS,SI,NO,SI,SI,MUY BUENO,60.0,BUENO,LENTO,0.0,0.0,0.0,0.0,63.33,0.0,0.0,0.0,36.67,0.0,0.0,0.0,0.0,0.0,63.33,36.67,0.0,0.0,0.0
2132,1923,Mecanizado,NO,DK 234,Algodón,SI,Manual,NO,9.0,2679.069767,5.0,53.0,64.0,55000,9,0,0,1,0,0,0,0,0,0,0,1,0,0,0,0,0,0.0,0.0,80.5,0,0.0,0.0,0,0.0,30.0,0,0,0,0,0,3,2.0,PLANO O LLANO,PLANO,3.0,4.5,SIN ROCAS,NO,-1.0,-1.0,NO,-1.0,NO,ATERRONADA,NO,NO,NO HAY,LA MANANA Y LA TARDE,NO HAY,NO HAY,NO,SI,42.0,MUY AFECTADAS,SI,NO,SI,SI,BUENO,60.0,BUENO,NINGUNO,0.0,0.0,0.0,20.0,33.33,46.67,0.0,0.0,0.0,0.0,0.0,0.0,0.0,0.0,33.33,20.0,0.0,46.67,0.0
2134,1921,Mecanizado,NO,P4082 (Pioneer),Algodón,SI,Mecanizada,NO,2.0,4186.046512,5.0,46.0,68.0,65000,14,0,0,0,0,0,0,0,0,0,0,0,0,0,0,0,0,0.0,0.0,92.0,0,0.0,0.0,0,0.0,60.0,0,0,0,0,0,5,2.3,PLANO O LLANO,PLANO,2.0,6.5,SIN ROCAS,SI,1.0,5.0,NO,,NO,ATERRONADA,NO,NO,NO HAY,LA MANANA Y LA TARDE,NO HAY,NO HAY,NO,SI,28.0,MUY AFECTADAS,SI,NO,SI,NO,MUY BUENO,28.0,BUENO,NINGUNO,0.0,0.0,0.0,0.0,0.0,0.0,31.15,0.0,68.85,0.0,0.0,0.0,0.0,0.0,68.85,0.0,0.0,0.0,31.15
2135,1920,Mecanizado,SI,P4082 (Pioneer),Maiz,SI,Mecanizada,NO,42.0,6865.116279,8.0,46.0,83.0,75000,11,0,0,0,0,0,0,0,0,0,2,1,0,0,0,1,0,0.0,3.0,92.0,0,6.0,0.0,0,3.0,0.0,0,0,0,0,1,2,3.1,PLANO O LLANO,PLANO,2.0,6.0,SIN ROCAS,NO,-1.0,-1.0,NO,-1.0,NO,ATERRONADA,NO,NO,NO HAY,LA MANANA Y LA TARDE,NO HAY,NO HAY,NO,SI,44.0,PLANTAS NORMALES,SI,NO,SI,NO,MUY BUENO,50.0,BUENO,LENTO,0.0,0.0,0.0,0.0,0.0,0.0,0.0,0.0,100.0,0.0,0.0,0.0,0.0,0.0,100.0,0.0,0.0,0.0,0.0
2136,1919,Mecanizado,NO,DK 234,Algodón,SI,Manual,NO,7.0,4534.883721,5.0,51.0,72.0,75000,10,0,0,0,0,0,0,0,0,0,0,2,0,0,0,1,0,0.0,0.0,92.0,0,0.0,0.0,0,0.0,0.0,0,0,0,0,0,2,1.8,PLANO O LLANO,PLANO,2.0,6.0,SIN ROCAS,NO,-1.0,-1.0,NO,-1.0,NO,ATERRONADA,NO,NO,NO HAY,LA MANANA Y LA TARDE,NO HAY,NO HAY,NO,SI,40.0,POCO AFECTADAS,SI,NO,SI,SI,MUY BUENO,60.0,BUENO,NINGUNO,0.0,0.0,0.0,0.0,100.0,0.0,0.0,0.0,0.0,0.0,0.0,0.0,0.0,0.0,100.0,0.0,0.0,0.0,0.0
2137,1918,Mecanizado,NO,ICA V 156,Algodón,SI,Manual,NO,4.5,2790.697674,4.0,51.0,67.0,75000,10,0,0,0,0,0,0,0,0,0,1,1,0,0,0,8,0,0.0,0.0,138.0,0,0.0,0.0,0,0.0,0.0,0,0,0,0,0,3,2.1,PLANO O LLANO,PLANO,2.0,5.5,SIN ROCAS,NO,-1.0,-1.0,NO,-1.0,NO,ATERRONADA,NO,NO,NO HAY,LA MANANA Y LA TARDE,NO HAY,NO HAY,NO,SI,40.0,POCO AFECTADAS,SI,NO,SI,SI,MUY BUENO,50.0,BUENO,NINGUNO,0.0,0.0,0.0,0.0,80.0,0.0,0.0,0.0,20.0,0.0,0.0,0.0,0.0,0.0,20.0,0.0,0.0,80.0,0.0
2138,1917,Mecanizado,NO,DK 234,Algodón,SI,Mecanizada,NO,21.0,3534.883721,15.0,46.0,68.0,62500,12,0,0,0,0,0,0,0,0,0,1,1,0,0,0,2,0,0.0,9.6,46.0,0,19.2,0.0,0,9.6,30.0,0,0,0,0,1,2,3.6,PLANO O LLANO,PLANO,2.0,5.5,SIN ROCAS,NO,-1.0,-1.0,NO,-1.0,NO,ATERRONADA,NO,NO,NO HAY,LA MANANA Y LA TARDE,NO HAY,NO HAY,NO,SI,40.0,PLANTAS NORMALES,SI,NO,SI,SI,MUY BUENO,54.0,BUENO,LENTO,0.0,0.0,0.0,0.0,29.63,0.0,0.0,0.0,70.37,0.0,0.0,0.0,0.0,0.0,70.37,29.63,0.0,0.0,0.0
2140,1915,Mecanizado,NO,P4082 (Pioneer),Algodón,SI,Manual,NO,2.0,4539.534884,5.0,45.0,71.0,62500,10,0,0,0,1,0,0,0,0,0,0,1,0,0,0,1,1,0.0,0.0,100.0,0,0.0,47.5,0,0.0,97.5,0,0,0,0,0,2,1.5,PLANO O LLANO,PLANO,2.0,6.0,SIN ROCAS,NO,-1.0,-1.0,NO,-1.0,NO,ATERRONADA,NO,NO,NO HAY,LA MANANA Y LA TARDE,NO HAY,NO HAY,NO,SI,40.0,POCO AFECTADAS,NO,SI,SI,SI,MUY BUENO,60.0,BUENO,NINGUNO,0.0,0.0,0.0,0.0,100.0,0.0,0.0,0.0,0.0,0.0,0.0,0.0,0.0,0.0,100.0,0.0,0.0,0.0,0.0
2143,1961,Mecanizado,NO,Otro,Algodón,NO,Manual,NO,2.0,3441.860465,4.0,48.0,68.0,60000,6,0,0,0,0,0,0,0,0,0,0,1,0,0,0,2,0,0.0,0.0,92.0,0,0.0,0.0,0,0.0,0.0,0,0,0,0,0,2,2.0,PLANO O LLANO,PLANO,2.0,6.0,SIN ROCAS,NO,-1.0,-1.0,NO,-1.0,NO,GRANULAR,NO,NO,NO HAY,LA MANANA Y LA TARDE,NO HAY,NO HAY,NO,SI,24.0,PLANTAS NORMALES,NO,NO,SI,NO,REGULAR,60.0,BUENO,NINGUNO,0.0,0.0,25.0,0.0,0.0,0.0,0.0,0.0,0.0,75.0,0.0,0.0,100.0,0.0,0.0,0.0,0.0,0.0,0.0
2145,1962,Mecanizado,SI,P4082 (Pioneer),Algodón,NO,Manual,NO,2.0,2825.581395,0.0,50.0,77.0,60000,7,0,0,0,0,0,0,0,0,0,0,1,0,0,0,2,0,0.0,0.0,84.0,0,0.0,0.0,0,0.0,10.0,0,0,0,0,0,2,2.0,PLANO O LLANO,PLANO,2.0,6.5,SIN ROCAS,NO,-1.0,-1.0,NO,-1.0,NO,ATERRONADA,NO,NO,NO HAY,LA MANANA Y LA TARDE,NO HAY,NO HAY,NO,SI,25.0,POCO AFECTADAS,NO,NO,SI,NO,BUENO,60.0,BUENO,NINGUNO,0.0,36.67,0.0,0.0,0.0,0.0,0.0,0.0,0.0,63.33,0.0,63.33,36.67,0.0,0.0,0.0,0.0,0.0,0.0
2153,1976,Mecanizado,NO,DK 234,Pastos,NO,Manual,SI,1.0,4186.046512,7.0,55.0,73.0,13500,10,0,0,0,0,0,0,0,0,0,0,0,0,0,0,0,0,0.0,0.0,69.0,0,0.0,0.0,0,0.0,0.0,0,0,0,0,0,2,1.0,PLANO O LLANO,PLANO,1.0,5.5,SIN ROCAS,NO,-1.0,-1.0,NO,-1.0,NO,ATERRONADA,NO,NO,NO HAY,LA MANANA Y LA TARDE,NO HAY,NO HAY,NO,SI,30.0,PLANTAS NORMALES,SI,NO,SI,SI,MUY BUENO,50.0,BUENO,NINGUNO,0.0,0.0,0.0,0.0,0.0,100.0,0.0,0.0,0.0,0.0,0.0,0.0,100.0,0.0,0.0,0.0,0.0,0.0,0.0
2154,1977,Mecanizado,SI,P3966 (Pioneer),Algodón,SI,Manual,SI,3.5,4465.116279,5.0,45.0,98.0,60000,10,0,0,0,0,0,0,0,0,0,0,0,1,0,0,0,1,0.0,0.0,92.0,0,0.0,0.0,0,0.0,90.0,0,0,0,0,0,3,1.0,PLANO O LLANO,PLANO,2.0,5.0,SIN ROCAS,NO,-1.0,-1.0,NO,-1.0,NO,ATERRONADA,NO,NO,POCO MARCADAS,LA MANANA Y LA TARDE,NO HAY,NO HAY,NO,SI,35.0,PLANTAS NORMALES,NO,NO,SI,SI,MUY BUENO,60.0,BUENO,NINGUNO,0.0,0.0,0.0,0.0,58.33,41.67,0.0,0.0,0.0,0.0,0.0,0.0,100.0,0.0,0.0,0.0,0.0,0.0,0.0
2157,2000,Mecanizado,NO,DK 234 YGRR,Algodón,NO,Manual,SI,9.0,1695.348837,7.0,51.0,60.0,50000,6,0,0,0,0,0,0,0,0,0,0,1,0,0,0,0,0,0.0,0.0,92.0,0,0.0,0.0,0,0.0,60.0,0,0,0,0,0,4,1.3,PLANO O LLANO,PLANO,2.0,5.5,SIN ROCAS,NO,-1.0,-1.0,NO,-1.0,NO,GRANULAR,NO,NO,NO HAY,LA MANANA Y LA TARDE,NO HAY,NO HAY,NO,SI,48.0,MUY AFECTADAS,SI,NO,SI,SI,REGULAR,60.0,BUENO,NINGUNO,0.0,68.33,0.0,0.0,0.0,0.0,0.0,0.0,31.67,0.0,0.0,0.0,0.0,0.0,100.0,0.0,0.0,0.0,0.0
2158,2003,Mecanizado,SI,P4082 (Pioneer),Algodón,SI,Manual,SI,2.0,4625.581395,5.0,47.0,69.0,75000,17,0,0,0,0,0,0,0,0,0,2,1,0,0,0,0,0,0.0,0.0,45.0,0,0.0,45.0,0,0.0,45.0,0,0,0,0,0,3,4.0,PLANO O LLANO,PLANO,2.0,6.0,SIN ROCAS,NO,-1.0,-1.0,NO,-1.0,NO,GRANULAR,NO,NO,NO HAY,LA MANANA Y LA TARDE,NO HAY,NO HAY,NO,SI,24.0,PLANTAS NORMALES,NO,NO,SI,NO,ESPACIADO,60.0,BUENO,LENTO,0.0,0.0,0.0,0.0,0.0,0.0,0.0,0.0,100.0,0.0,0.0,0.0,0.0,0.0,56.67,43.33,0.0,0.0,0.0
2159,2004,Mecanizado,SI,DK 234,Algodón,SI,Mecanizada,NO,9.0,5086.046512,5.0,49.0,77.0,72000,15,0,0,0,0,0,0,0,0,0,2,0,0,0,0,2,0,0.0,0.0,92.0,0,0.0,0.0,0,0.0,60.0,0,0,0,0,0,4,4.0,PLANO O LLANO,PLANO,3.0,5.5,SIN ROCAS,NO,-1.0,-1.0,NO,-1.0,NO,ATERRONADA,NO,NO,NO HAY,LA MANANA Y LA TARDE,NO HAY,NO HAY,NO,SI,21.0,PLANTAS NORMALES,NO,NO,SI,NO,BUENO,60.0,BUENO,LENTO,0.0,0.0,0.0,0.0,0.0,0.0,0.0,0.0,63.33,36.67,0.0,0.0,0.0,0.0,36.67,63.33,0.0,0.0,0.0
2160,2005,Mecanizado,SI,DK 234,Algodón,SI,Manual,SI,2.0,4709.302326,5.0,47.0,79.0,73000,17,0,0,0,0,0,0,0,0,0,1,1,0,0,0,1,0,0.0,0.0,69.0,0,0.0,0.0,0,0.0,30.0,0,0,0,0,0,3,5.0,PLANO O LLANO,PLANO,2.0,5.5,SIN ROCAS,NO,-1.0,-1.0,NO,-1.0,NO,GRANULAR,NO,NO,NO HAY,LA MANANA Y LA TARDE,NO HAY,NO HAY,NO,SI,24.0,PLANTAS NORMALES,NO,NO,SI,NO,ESPACIADO,60.0,BUENO,LENTO,0.0,0.0,0.0,0.0,0.0,0.0,0.0,0.0,100.0,0.0,0.0,0.0,0.0,0.0,100.0,0.0,0.0,0.0,0.0
2161,2006,Mecanizado,NO,P4082 (Pioneer),Algodón,SI,Manual,SI,3.0,4991.860465,5.0,48.0,78.0,72000,17,0,0,0,0,0,0,0,0,0,1,1,0,0,0,2,0,0.0,0.0,92.0,0,0.0,0.0,0,0.0,60.0,0,0,0,0,0,4,4.0,PLANO O LLANO,PLANO,2.0,5.5,SIN ROCAS,NO,-1.0,-1.0,NO,-1.0,NO,GRANULAR,NO,NO,NO HAY,LA MANANA Y LA TARDE,NO HAY,NO HAY,NO,SI,24.0,PLANTAS NORMALES,NO,NO,SI,NO,ESPACIADO,60.0,BUENO,LENTO,0.0,0.0,0.0,0.0,0.0,0.0,0.0,0.0,100.0,0.0,0.0,0.0,0.0,0.0,100.0,0.0,0.0,0.0,0.0
2163,2007,Mecanizado,SI,PAC 105,Algodón,SI,Manual,SI,2.0,5116.27907,5.0,48.0,75.0,73000,17,0,0,0,0,0,0,0,0,0,2,1,0,0,1,7,0,0.0,0.0,92.0,0,0.0,0.0,0,0.0,60.0,0,0,0,0,0,4,4.0,PLANO O LLANO,PLANO,2.0,5.5,SIN ROCAS,NO,-1.0,-1.0,NO,-1.0,NO,GRANULAR,NO,NO,NO HAY,LA MANANA Y LA TARDE,NO HAY,NO HAY,NO,SI,35.0,PLANTAS NORMALES,SI,NO,SI,NO,ESPACIADO,60.0,BUENO,LENTO,0.0,0.0,0.0,0.0,0.0,0.0,0.0,0.0,100.0,0.0,0.0,0.0,0.0,0.0,100.0,0.0,0.0,0.0,0.0
2164,1998,Mecanizado,SI,Otro,Pastos,SI,Mecanizada,SI,5.5,1871.627907,5.0,45.0,83.0,62500,6,0,0,0,0,0,0,0,0,0,1,1,0,0,0,1,1,0.0,0.0,37.5,0,0.0,37.5,0,0.0,37.5,0,0,0,0,0,2,1.9,PLANO O LLANO,PLANO,2.0,6.0,SIN ROCAS,NO,-1.0,-1.0,NO,-1.0,NO,GRANULAR,NO,NO,NO HAY,LA MANANA Y LA TARDE,NO HAY,NO HAY,NO,SI,45.0,MUY AFECTADAS,SI,NO,SI,SI,MUY BUENO,60.0,BUENO,NINGUNO,0.0,0.0,35.0,0.0,0.0,0.0,0.0,0.0,65.0,0.0,0.0,0.0,0.0,0.0,65.0,0.0,0.0,35.0,0.0
2165,2008,Mecanizado,SI,P4082 (Pioneer),Algodón,SI,Manual,SI,5.0,5339.534884,5.0,45.0,82.0,72000,17,0,0,0,0,0,0,0,0,0,2,1,0,0,1,1,0,0.0,0.0,92.0,0,0.0,0.0,0,0.0,60.0,0,0,0,0,0,4,4.0,PLANO O LLANO,PLANO,2.0,6.0,SIN ROCAS,NO,-1.0,-1.0,NO,-1.0,NO,GRANULAR,NO,NO,NO HAY,LA MANANA Y LA TARDE,NO HAY,NO HAY,NO,SI,28.0,PLANTAS NORMALES,NO,NO,SI,NO,REGULAR,60.0,BUENO,LENTO,0.0,0.0,0.0,0.0,0.0,0.0,0.0,0.0,100.0,0.0,0.0,0.0,0.0,0.0,100.0,0.0,0.0,0.0,0.0
2166,1997,Mecanizado,SI,PAC 105,Algodón,SI,Mecanizada,SI,3.0,1804.883721,5.0,46.0,89.0,62500,5,0,0,1,0,0,0,0,0,0,0,1,0,0,0,2,0,0.0,0.0,115.0,0,0.0,0.0,0,0.0,0.0,0,0,0,0,0,2,1.2,PLANO O LLANO,PLANO,2.0,6.0,SIN ROCAS,NO,-1.0,-1.0,SI,-1.0,SI,ATERRONADA,NO,NO,NO HAY,LA MANANA Y LA TARDE,NO HAY,NO HAY,NO,SI,52.0,MUY AFECTADAS,SI,NO,SI,SI,REGULAR,52.0,LENTO A MUY LENTO,NINGUNO,0.0,0.0,0.0,36.54,0.0,0.0,0.0,0.0,63.46,0.0,0.0,0.0,0.0,0.0,0.0,0.0,0.0,100.0,0.0
2167,2009,Mecanizado,SI,P4082 (Pioneer),Algodón,SI,Manual,SI,4.0,4897.674419,5.0,47.0,79.0,73000,16,0,0,0,0,0,0,0,0,0,2,1,0,0,1,2,0,0.0,0.0,115.0,0,0.0,0.0,0,0.0,30.0,0,0,0,0,0,3,3.0,PLANO O LLANO,PLANO,2.0,5.0,SIN ROCAS,NO,-1.0,-1.0,SI,-1.0,NO,GRANULAR,NO,NO,NO HAY,LA MANANA Y LA TARDE,NO HAY,NO HAY,NO,SI,18.0,PLANTAS NORMALES,SI,NO,SI,SI,ESPACIADO,60.0,BUENO,LENTO,0.0,0.0,0.0,0.0,28.33,0.0,0.0,0.0,0.0,71.67,0.0,0.0,0.0,0.0,100.0,0.0,0.0,0.0,0.0
2184,1966,Mecanizado,NO,DK 234 YGRR,Algodón,SI,Mecanizada,NO,15.0,2919.767442,4.0,49.0,85.0,55000,5,0,0,0,0,0,0,0,0,0,0,1,0,0,0,0,0,0.0,0.0,46.0,0,0.0,0.0,0,0.0,0.0,0,0,0,0,0,1,1.0,PLANO O LLANO,PLANO,2.0,6.0,SIN ROCAS,NO,-1.0,-1.0,NO,-1.0,NO,ATERRONADA,NO,NO,NO HAY,LA MANANA Y LA TARDE,NO HAY,NO HAY,NO,SI,35.0,PLANTAS NORMALES,NO,NO,SI,NO,ESPACIADO,60.0,BUENO,NINGUNO,0.0,0.0,0.0,0.0,0.0,0.0,46.67,0.0,53.33,0.0,0.0,0.0,100.0,0.0,0.0,0.0,0.0,0.0,0.0
2188,1968,Mecanizado,NO,Otro,Algodón,NO,Manual,NO,2.5,3861.627907,6.0,45.0,81.0,60000,7,0,0,0,1,0,0,0,0,0,0,1,0,0,0,2,0,0.0,0.0,92.0,0,0.0,0.0,0,0.0,30.0,0,0,0,0,0,3,2.0,PLANO O LLANO,PLANO,2.0,6.0,SIN ROCAS,NO,-1.0,-1.0,SI,-1.0,NO,ATERRONADA,NO,NO,NO HAY,LA MANANA Y LA TARDE,NO HAY,NO HAY,NO,SI,27.0,PLANTAS NORMALES,NO,NO,SI,SI,REGULAR,27.0,LENTO A MUY LENTO,NINGUNO,0.0,0.0,0.0,0.0,0.0,0.0,65.0,0.0,35.0,0.0,0.0,0.0,100.0,0.0,0.0,0.0,0.0,0.0,0.0
2206,1992,Mecanizado,NO,Otro,Maiz,NO,Manual,SI,1.0,1976.744186,5.0,51.0,58.0,71452,6,0,0,0,0,0,0,0,0,0,0,0,1,0,0,1,0,0.0,0.0,184.0,0,0.0,0.0,0,0.0,0.0,0,0,0,0,0,2,1.4,PLANO O LLANO,PLANO,2.0,6.0,SIN ROCAS,NO,-1.0,-1.0,NO,-1.0,NO,ATERRONADA,NO,NO,NO HAY,LA MANANA Y LA TARDE,NO HAY,NO HAY,NO,SI,35.0,MUY AFECTADAS,NO,NO,SI,SI,REGULAR,60.0,BUENO,NINGUNO,0.0,0.0,0.0,66.67,0.0,0.0,0.0,0.0,33.33,0.0,0.0,0.0,0.0,0.0,33.33,0.0,0.0,66.67,0.0
2207,2081,Mecanizado,SI,P4082 (Pioneer),Maiz,SI,Manual,SI,1.0,3813.953488,5.0,45.0,89.0,70000,17,0,0,0,0,0,0,0,0,0,1,1,0,0,0,0,0,0.0,0.0,46.0,0,0.0,0.0,0,0.0,0.0,0,0,0,0,0,1,4.0,PLANO O LLANO,PLANO,2.0,6.0,SIN ROCAS,NO,-1.0,-1.0,SI,-1.0,NO,GRANULAR,NO,NO,NO HAY,LA MANANA Y LA TARDE,NO HAY,NO HAY,NO,SI,34.0,PLANTAS NORMALES,SI,NO,SI,NO,REGULAR,34.0,LENTO A MUY LENTO,LENTO,0.0,0.0,0.0,0.0,0.0,0.0,0.0,0.0,100.0,0.0,0.0,0.0,0.0,0.0,100.0,0.0,0.0,0.0,0.0
2211,2082,Mecanizado,SI,Otro,Algodón,SI,Manual,SI,1.5,5116.27907,5.0,46.0,75.0,72000,15,0,0,0,0,0,0,0,0,0,2,0,0,0,0,0,0,0.0,0.0,92.0,0,0.0,0.0,0,0.0,90.0,0,0,0,0,0,4,4.0,PLANO O LLANO,PLANO,2.0,5.5,SIN ROCAS,NO,-1.0,-1.0,NO,-1.0,NO,GRANULAR,NO,NO,NO HAY,LA MANANA Y LA TARDE,NO HAY,NO HAY,NO,SI,31.0,PLANTAS NORMALES,NO,NO,SI,NO,ESPACIADO,60.0,BUENO,LENTO,0.0,0.0,0.0,0.0,0.0,0.0,0.0,0.0,55.0,45.0,0.0,0.0,0.0,0.0,100.0,0.0,0.0,0.0,0.0
2214,1978,Mecanizado,NO,PAC 105,Algodón,SI,Manual,NO,1.0,3488.372093,5.0,53.0,63.0,62500,9,0,0,0,0,0,0,0,0,0,0,1,0,0,1,3,0,0.0,0.0,92.0,0,0.0,0.0,0,0.0,0.0,0,0,0,0,0,2,3.5,PLANO O LLANO,PLANO,2.0,6.0,SIN ROCAS,NO,-1.0,-1.0,NO,-1.0,NO,ATERRONADA,NO,NO,NO HAY,LA MANANA Y LA TARDE,NO HAY,NO HAY,NO,SI,32.0,MUY AFECTADAS,SI,NO,SI,SI,MUY BUENO,60.0,BUENO,LENTO,0.0,0.0,66.67,0.0,0.0,0.0,0.0,0.0,33.33,0.0,0.0,0.0,0.0,0.0,100.0,0.0,0.0,0.0,0.0
2216,1989,Manual,NO,DK 234 YGRR,Algodón,SI,Manual,NO,1.0,4409.302326,5.0,50.0,71.0,66666,11,0,0,1,0,0,0,0,0,0,0,1,0,0,0,0,0,0.0,0.0,138.0,0,0.0,0.0,0,0.0,0.0,0,0,0,0,0,2,1.9,PLANO O LLANO,PLANO,2.0,6.0,SIN ROCAS,NO,-1.0,-1.0,NO,-1.0,NO,ATERRONADA,NO,NO,NO HAY,LA MANANA Y LA TARDE,NO HAY,NO HAY,NO,SI,32.0,POCO AFECTADAS,SI,NO,SI,SI,MUY BUENO,60.0,BUENO,NINGUNO,0.0,0.0,0.0,0.0,63.33,36.67,0.0,0.0,0.0,0.0,0.0,0.0,0.0,0.0,0.0,0.0,0.0,100.0,0.0
2218,1988,Manual,NO,P4082 (Pioneer),Algodón,SI,Manual,NO,1.5,3344.023256,5.0,46.0,72.0,62500,9,0,0,1,0,0,0,0,0,0,1,0,0,0,0,2,0,0.0,0.0,69.0,0,0.0,0.0,0,0.0,0.0,0,0,0,0,0,2,2.5,PLANO O LLANO,PLANO,2.0,5.5,SIN ROCAS,NO,-1.0,-1.0,SI,-1.0,SI,ATERRONADA,NO,NO,NO HAY,LA MANANA Y LA TARDE,NO HAY,NO HAY,NO,SI,38.0,POCO AFECTADAS,SI,NO,SI,SI,MUY BUENO,40.0,LENTO A MUY LENTO,NINGUNO,0.0,0.0,0.0,0.0,0.0,0.0,0.0,0.0,100.0,0.0,0.0,0.0,0.0,0.0,100.0,0.0,0.0,0.0,0.0
2220,1987,Mecanizado,NO,P3966 (Pioneer),Algodón,SI,Mecanizada,NO,1.3,2250.0,5.0,48.0,71.0,62500,9,0,0,0,0,0,0,0,0,0,0,2,0,0,0,2,0,0.0,0.0,92.0,0,0.0,0.0,0,0.0,30.0,0,0,0,0,0,3,2.7,PLANO O LLANO,PLANO,2.0,5.5,SIN ROCAS,NO,-1.0,-1.0,NO,-1.0,NO,ATERRONADA,NO,NO,NO HAY,LA MANANA Y LA TARDE,NO HAY,NO HAY,NO,SI,35.0,POCO AFECTADAS,SI,NO,SI,SI,MUY BUENO,60.0,BUENO,NINGUNO,0.0,0.0,0.0,0.0,33.33,0.0,0.0,0.0,66.67,0.0,0.0,0.0,0.0,0.0,100.0,0.0,0.0,0.0,0.0
2222,1985,Mecanizado,NO,Otro,Maiz,SI,Manual,NO,1.5,6312.093023,5.0,46.0,76.0,75000,7,0,0,0,0,0,0,0,0,0,0,0,0,0,0,3,0,0.0,0.0,108.0,0,0.0,10.0,0,0.0,60.0,0,0,0,0,0,6,1.5,PLANO O LLANO,PLANO,2.0,5.0,SIN ROCAS,NO,-1.0,-1.0,NO,-1.0,NO,ATERRONADA,NO,NO,NO HAY,LA MANANA Y LA TARDE,NO HAY,NO HAY,NO,SI,40.0,MUY AFECTADAS,SI,NO,SI,SI,BUENO,60.0,BUENO,NINGUNO,0.0,0.0,0.0,0.0,0.0,0.0,0.0,0.0,100.0,0.0,0.0,0.0,0.0,0.0,100.0,0.0,0.0,0.0,0.0
2224,1984,Mecanizado,NO,PIONEER 30F35,Algodón,SI,Manual,NO,1.0,3627.906977,10.0,40.0,57.0,62500,6,0,0,0,0,0,0,0,0,0,1,0,0,0,0,2,0,0.0,0.0,87.0,0,0.0,46.0,0,0.0,30.0,0,0,0,0,0,3,1.1,PLANO O LLANO,PLANO,2.0,5.0,SIN ROCAS,NO,-1.0,-1.0,SI,-1.0,SI,ATERRONADA,NO,NO,NO HAY,LA MANANA Y LA TARDE,NO HAY,NO HAY,NO,SI,30.0,PLANTAS NORMALES,SI,NO,SI,SI,MUY BUENO,30.0,LENTO A MUY LENTO,NINGUNO,0.0,0.0,0.0,0.0,36.67,0.0,63.33,0.0,0.0,0.0,0.0,0.0,0.0,0.0,0.0,0.0,0.0,100.0,0.0
2225,1983,Mecanizado,NO,PIONEER 30F35,Algodón,SI,Manual,NO,1.5,1931.860465,10.0,40.0,62.0,45000,6,0,0,0,0,0,0,0,0,0,1,0,0,0,0,2,0,0.0,0.0,78.0,0,0.0,23.0,0,0.0,60.0,0,0,0,0,0,3,1.5,PLANO O LLANO,PLANO,3.0,4.5,SIN ROCAS,SI,1.0,15.0,SI,21.0,SI,ATERRONADA,NO,NO,POCO MARCADAS,LA MANANA Y LA TARDE,NO HAY,NO HAY,NO,SI,10.0,MUY AFECTADAS,NO,NO,NO,SI,REGULAR,10.0,LENTO A MUY LENTO,NINGUNO,0.0,0.0,0.0,0.0,33.33,66.67,0.0,0.0,0.0,0.0,0.0,0.0,0.0,0.0,35.0,0.0,0.0,31.67,33.33
2228,1981,Manual,SI,DK 234 YGRR,Algodón,SI,Manual,NO,3.0,4186.046512,4.0,51.0,65.0,75000,9,0,0,0,0,0,0,0,0,0,0,1,0,0,0,2,0,0.0,0.0,92.0,0,0.0,0.0,0,0.0,0.0,0,0,0,0,0,2,1.6,PLANO O LLANO,PLANO,2.0,6.0,SIN ROCAS,NO,-1.0,-1.0,SI,-1.0,SI,ATERRONADA,NO,NO,NO HAY,LA MANANA Y LA TARDE,NO HAY,NO HAY,NO,SI,34.0,MUY AFECTADAS,NO,NO,SI,SI,REGULAR,34.0,LENTO A MUY LENTO,NINGUNO,0.0,0.0,0.0,33.33,0.0,0.0,0.0,0.0,66.67,0.0,0.0,0.0,0.0,0.0,33.33,0.0,0.0,66.67,0.0
2229,1980,Mecanizado,NO,PAC 105,Algodón,SI,Manual,NO,1.0,3720.930233,5.0,47.0,68.0,75000,9,0,0,0,0,0,0,0,0,0,0,1,0,0,0,3,0,0.0,0.0,92.0,0,0.0,0.0,0,0.0,0.0,0,0,0,0,0,2,1.2,PLANO O LLANO,PLANO,2.0,5.5,SIN ROCAS,NO,-1.0,-1.0,SI,-1.0,SI,ATERRONADA,NO,NO,NO HAY,LA MANANA Y LA TARDE,NO HAY,NO HAY,NO,SI,42.0,MUY AFECTADAS,SI,NO,SI,SI,BUENO,42.0,LENTO A MUY LENTO,NINGUNO,0.0,0.0,0.0,66.0,0.0,0.0,0.0,0.0,34.0,0.0,0.0,0.0,0.0,0.0,0.0,0.0,0.0,100.0,0.0
2233,2091,Mecanizado,SI,Otro,Algodón,SI,Manual,SI,1.0,4958.139535,5.0,46.0,75.0,71000,18,0,0,0,0,0,0,0,0,0,2,0,0,0,0,5,0,0.0,0.0,115.0,0,0.0,0.0,0,0.0,30.0,0,0,0,0,0,3,4.0,PLANO O LLANO,PLANO,2.0,5.5,SIN ROCAS,NO,-1.0,-1.0,NO,-1.0,NO,GRANULAR,NO,NO,NO HAY,LA MANANA Y LA TARDE,NO HAY,NO HAY,NO,SI,31.0,PLANTAS NORMALES,NO,NO,SI,NO,ESPACIADO,60.0,BUENO,LENTO,0.0,0.0,0.0,0.0,0.0,0.0,0.0,0.0,55.0,45.0,0.0,0.0,0.0,0.0,100.0,0.0,0.0,0.0,0.0
2234,2092,Mecanizado,NO,Otro,Algodón,SI,Manual,NO,2.0,3527.906977,5.0,45.0,79.0,72000,17,0,0,0,0,0,0,0,0,0,2,1,0,0,1,0,0,0.0,0.0,92.0,0,0.0,0.0,0,0.0,60.0,0,0,0,0,0,4,5.0,PLANO O LLANO,PLANO,2.0,6.0,SIN ROCAS,NO,-1.0,-1.0,SI,-1.0,NO,ATERRONADA,NO,NO,NO HAY,LA MANANA Y LA TARDE,NO HAY,NO HAY,NO,SI,26.0,PLANTAS NORMALES,NO,NO,SI,NO,ESPACIADO,45.0,LENTO A MUY LENTO,LENTO,0.0,0.0,0.0,0.0,0.0,0.0,0.0,0.0,100.0,0.0,0.0,0.0,0.0,0.0,56.67,43.33,0.0,0.0,0.0
2235,2093,Mecanizado,SI,Otro,Algodón,SI,Manual,SI,1.0,4672.093023,5.0,45.0,79.0,71000,18,0,0,0,0,0,0,0,0,0,2,0,0,0,0,2,0,0.0,0.0,92.0,0,0.0,0.0,0,0.0,30.0,0,0,0,0,0,3,5.0,PLANO O LLANO,PLANO,2.0,6.0,SIN ROCAS,NO,-1.0,-1.0,NO,-1.0,NO,GRANULAR,NO,NO,NO HAY,LA MANANA Y LA TARDE,NO HAY,NO HAY,NO,SI,31.0,PLANTAS NORMALES,NO,NO,SI,NO,ESPACIADO,60.0,BUENO,LENTO,0.0,0.0,0.0,0.0,0.0,0.0,0.0,0.0,56.67,43.33,0.0,0.0,0.0,0.0,100.0,0.0,0.0,0.0,0.0
2236,2094,Mecanizado,SI,Otro,Algodón,SI,Manual,SI,3.0,5115.116279,5.0,46.0,79.0,72000,18,0,0,3,0,0,0,0,0,0,1,1,0,0,0,1,0,0.0,0.0,138.0,0,0.0,0.0,0,0.0,0.0,0,0,0,0,0,2,4.0,PLANO O LLANO,PLANO,3.0,6.0,SIN ROCAS,NO,-1.0,-1.0,SI,-1.0,NO,GRANULAR,NO,NO,NO HAY,LA MANANA Y LA TARDE,NO HAY,NO HAY,NO,SI,34.0,PLANTAS NORMALES,NO,NO,SI,NO,ESPACIADO,43.0,LENTO A MUY LENTO,LENTO,0.0,0.0,0.0,0.0,0.0,0.0,0.0,0.0,66.67,33.33,0.0,0.0,0.0,0.0,100.0,0.0,0.0,0.0,0.0
2237,2095,Mecanizado,NO,PIONEER 30F32,Algodón,SI,Manual,SI,1.0,4520.930233,5.0,47.0,70.0,72000,18,0,0,0,0,0,0,0,0,0,1,1,0,0,0,6,0,0.0,0.0,138.0,0,0.0,0.0,0,0.0,0.0,0,0,0,0,0,2,4.0,PLANO O LLANO,PLANO,2.0,5.5,SIN ROCAS,NO,-1.0,-1.0,NO,-1.0,NO,GRANULAR,NO,NO,NO HAY,LA MANANA Y LA TARDE,NO HAY,NO HAY,NO,SI,33.0,PLANTAS NORMALES,NO,NO,SI,NO,ESPACIADO,60.0,BUENO,LENTO,0.0,0.0,0.0,0.0,0.0,0.0,0.0,0.0,58.33,41.67,0.0,0.0,0.0,0.0,100.0,0.0,0.0,0.0,0.0
2238,2096,Mecanizado,NO,Otro,Algodón,SI,Manual,SI,1.0,4576.744186,5.0,46.0,75.0,70000,18,0,0,0,0,0,0,0,0,0,0,1,0,0,0,6,0,0.0,0.0,161.0,0,0.0,0.0,0,0.0,0.0,0,0,0,0,0,3,4.0,PLANO O LLANO,PLANO,2.0,5.5,SIN ROCAS,NO,-1.0,-1.0,NO,-1.0,NO,GRANULAR,NO,NO,NO HAY,LA MANANA Y LA TARDE,NO HAY,NO HAY,NO,SI,33.0,PLANTAS NORMALES,NO,NO,SI,NO,ESPACIADO,60.0,BUENO,LENTO,0.0,0.0,0.0,0.0,0.0,0.0,0.0,0.0,100.0,0.0,0.0,0.0,0.0,0.0,100.0,0.0,0.0,0.0,0.0
2241,2113,Mecanizado,NO,P3966 (Pioneer),Algodón,SI,Mecanizada,NO,8.9,3422.965116,5.0,51.0,69.0,62500,8,0,0,0,0,0,0,0,0,0,1,1,0,0,0,4,0,0.0,0.0,92.0,0,0.0,0.0,0,0.0,0.0,0,0,0,0,0,2,1.5,PLANO O LLANO,PLANO,2.0,6.5,SIN ROCAS,NO,-1.0,-1.0,NO,-1.0,NO,ATERRONADA,NO,NO,NO HAY,LA MANANA Y LA TARDE,NO HAY,NO HAY,NO,SI,30.0,MUY AFECTADAS,SI,NO,SI,SI,BUENO,60.0,BUENO,NINGUNO,0.0,75.0,0.0,0.0,0.0,0.0,0.0,0.0,25.0,0.0,0.0,0.0,0.0,0.0,0.0,0.0,0.0,100.0,0.0
2242,2112,Mecanizado,NO,Impacto (Syngenta),Algodón,SI,Mecanizada,SI,6.0,4418.604651,5.0,45.0,77.0,75000,7,0,0,0,0,0,0,0,0,0,1,1,0,0,0,0,0,0.0,0.0,92.0,0,0.0,0.0,0,0.0,0.0,0,0,0,0,0,2,1.0,PLANO O LLANO,PLANO,2.0,5.5,SIN ROCAS,NO,-1.0,-1.0,SI,-1.0,SI,ATERRONADA,NO,NO,NO HAY,LA MANANA Y LA TARDE,NO HAY,NO HAY,NO,SI,28.0,MUY AFECTADAS,SI,NO,SI,SI,MUY BUENO,28.0,LENTO A MUY LENTO,NINGUNO,0.0,0.0,0.0,100.0,0.0,0.0,0.0,0.0,0.0,0.0,0.0,0.0,0.0,0.0,0.0,0.0,0.0,100.0,0.0
2243,2097,Mecanizado,NO,PAC 105,Algodón,SI,Manual,NO,1.0,1860.465116,5.0,53.0,65.0,75000,10,0,0,0,0,0,0,0,0,0,0,1,0,0,0,3,0,0.0,0.0,22.5,0,0.0,22.5,0,0.0,22.5,0,0,0,0,0,1,2.8,PLANO O LLANO,PLANO,3.0,6.0,SIN ROCAS,NO,-1.0,-1.0,NO,-1.0,NO,ATERRONADA,NO,NO,NO HAY,LA MANANA Y LA TARDE,NO HAY,NO HAY,NO,SI,32.0,MUY AFECTADAS,SI,NO,SI,SI,MUY BUENO,60.0,BUENO,NINGUNO,0.0,0.0,0.0,25.0,0.0,0.0,0.0,0.0,75.0,0.0,0.0,0.0,0.0,0.0,83.33,0.0,0.0,16.67,0.0
2267,2111,Mecanizado,NO,Otro,Algodón,SI,Mecanizada,SI,6.0,4125.348837,5.0,38.0,92.0,62500,8,0,0,0,0,0,0,0,0,0,1,1,0,0,0,4,0,0.0,0.0,92.0,0,0.0,0.0,0,0.0,0.0,0,0,0,0,0,2,1.4,PLANO O LLANO,PLANO,3.0,6.0,SIN ROCAS,SI,1.0,10.0,NO,,NO,ATERRONADA,NO,NO,NO HAY,LA MANANA Y LA TARDE,NO HAY,NO HAY,NO,SI,22.0,MUY AFECTADAS,SI,NO,SI,SI,MUY BUENO,22.0,BUENO,NINGUNO,0.0,0.0,0.0,0.0,83.33,16.67,0.0,0.0,0.0,0.0,0.0,0.0,0.0,0.0,0.0,83.33,16.67,0.0,0.0
2275,2154,Mecanizado,SI,P4082 (Pioneer),Algodón,SI,Manual,SI,2.0,4862.790698,5.0,47.0,78.0,73000,15,0,0,1,0,0,0,0,0,0,1,0,0,0,0,1,0,0.0,0.0,92.0,0,0.0,0.0,0,0.0,60.0,0,0,0,0,0,4,3.0,PLANO O LLANO,PLANO,2.0,6.0,SIN ROCAS,NO,-1.0,-1.0,SI,-1.0,NO,GRANULAR,NO,NO,NO HAY,LA MANANA Y LA TARDE,NO HAY,NO HAY,NO,SI,25.0,PLANTAS NORMALES,SI,NO,SI,NO,REGULAR,60.0,BUENO,LENTO,0.0,0.0,0.0,0.0,0.0,0.0,0.0,0.0,100.0,0.0,0.0,100.0,0.0,0.0,0.0,0.0,0.0,0.0,0.0
2277,2155,Mecanizado,SI,PAC 105,Algodón,SI,Manual,SI,3.0,4709.302326,5.0,48.0,74.0,70000,15,0,0,0,0,0,0,0,0,0,0,1,0,0,0,3,0,0.0,0.0,92.0,0,0.0,0.0,0,0.0,60.0,0,0,0,0,0,4,3.0,PLANO O LLANO,PLANO,2.0,6.0,SIN ROCAS,NO,-1.0,-1.0,SI,-1.0,NO,GRANULAR,NO,NO,NO HAY,LA MANANA Y LA TARDE,NO HAY,NO HAY,NO,SI,22.0,PLANTAS NORMALES,SI,NO,SI,NO,ESPACIADO,60.0,BUENO,LENTO,0.0,0.0,0.0,0.0,0.0,0.0,0.0,0.0,100.0,0.0,0.0,100.0,0.0,0.0,0.0,0.0,0.0,0.0,0.0
2280,2102,Mecanizado,NO,PAC 105,Algodón,SI,Manual,NO,1.0,2755.813953,8.0,55.0,60.0,75000,11,0,0,0,0,0,1,0,1,0,0,0,0,0,0,2,0,0.0,0.0,161.0,0,0.0,0.0,0,0.0,30.0,0,0,0,0,0,5,1.2,PLANO O LLANO,PLANO,2.0,6.0,SIN ROCAS,NO,-1.0,-1.0,NO,-1.0,NO,ATERRONADA,NO,NO,NO HAY,LA MANANA Y LA TARDE,NO HAY,NO HAY,NO,SI,22.0,MUY AFECTADAS,SI,NO,SI,SI,MUY BUENO,60.0,BUENO,NINGUNO,0.0,0.0,0.0,0.0,28.33,0.0,0.0,0.0,71.67,0.0,0.0,0.0,0.0,0.0,71.67,0.0,0.0,28.33,0.0
2281,2157,Mecanizado,SI,Otro,Algodón,SI,Manual,NO,1.0,4672.093023,5.0,46.0,74.0,71000,15,0,0,0,0,0,0,0,0,0,0,1,0,0,0,3,0,0.0,0.0,92.0,0,0.0,0.0,0,0.0,60.0,0,0,0,0,0,4,3.0,PLANO O LLANO,PLANO,2.0,6.0,SIN ROCAS,NO,-1.0,-1.0,SI,-1.0,NO,GRANULAR,NO,NO,NO HAY,LA MANANA Y LA TARDE,NO HAY,NO HAY,NO,SI,24.0,PLANTAS NORMALES,SI,NO,SI,NO,REGULAR,60.0,BUENO,LENTO,0.0,0.0,0.0,0.0,0.0,0.0,0.0,0.0,100.0,0.0,0.0,100.0,0.0,0.0,0.0,0.0,0.0,0.0,0.0
2282,2101,Mecanizado,NO,PAC 105,Algodón,NO,Manual,NO,2.0,3627.906977,5.0,51.0,58.0,62500,12,0,0,0,0,0,0,0,0,0,1,1,0,0,0,9,0,0.0,0.0,161.0,0,0.0,0.0,0,0.0,0.0,0,0,0,0,0,2,1.6,PLANO O LLANO,PLANO,2.0,6.5,SIN ROCAS,NO,-1.0,-1.0,NO,-1.0,NO,ATERRONADA,NO,NO,NO HAY,LA MANANA Y LA TARDE,NO HAY,NO HAY,NO,SI,36.0,MUY AFECTADAS,SI,NO,SI,SI,MUY BUENO,60.0,BUENO,NINGUNO,0.0,0.0,0.0,0.0,0.0,0.0,0.0,0.0,100.0,0.0,0.0,0.0,0.0,0.0,63.33,36.67,0.0,0.0,0.0
2283,2100,Mecanizado,SI,P4082 (Pioneer),Algodón,SI,Mecanizada,NO,4.0,5895.348837,5.0,55.0,70.0,75000,11,0,0,1,1,0,0,0,0,0,0,2,0,0,0,2,0,0.0,0.0,92.0,0,0.0,0.0,0,0.0,30.0,0,0,0,0,0,3,2.2,PLANO O LLANO,PLANO,2.0,6.5,SIN ROCAS,NO,-1.0,-1.0,NO,-1.0,NO,ATERRONADA,NO,NO,NO HAY,LA MANANA Y LA TARDE,NO HAY,NO HAY,NO,SI,20.0,POCO AFECTADAS,SI,NO,SI,SI,MUY BUENO,60.0,BUENO,NINGUNO,0.0,0.0,0.0,0.0,0.0,0.0,0.0,0.0,100.0,0.0,0.0,0.0,0.0,0.0,66.67,33.33,0.0,0.0,0.0
2284,2099,Mecanizado,SI,P4082 (Pioneer),Algodón,SI,Mecanizada,NO,3.0,5970.930233,5.0,45.0,81.0,75000,11,0,0,1,0,0,0,0,0,0,0,2,0,0,0,3,0,0.0,0.0,138.0,0,0.0,0.0,0,0.0,30.0,0,0,0,0,0,4,2.0,PLANO O LLANO,PLANO,2.0,6.0,SIN ROCAS,NO,-1.0,-1.0,NO,-1.0,NO,LAMINAR,NO,NO,NO HAY,LA MANANA Y LA TARDE,NO HAY,NO HAY,NO,SI,25.0,POCO AFECTADAS,SI,NO,SI,SI,REGULAR,25.0,BUENO,NINGUNO,0.0,0.0,0.0,0.0,33.33,0.0,0.0,0.0,66.67,0.0,0.0,0.0,0.0,0.0,33.33,0.0,0.0,66.67,0.0
2292,2172,Manual,NO,DK 234 YGRR,,SI,Manual,SI,2.0,4262.790698,4.0,61.0,79.0,70000,12,0,0,0,0,0,0,0,0,0,0,0,0,0,0,0,0,0.0,0.0,57.5,0,0.0,0.0,0,0.0,60.0,0,0,0,0,0,2,1.0,PLANO O LLANO,PLANO,2.0,5.0,SIN ROCAS,SI,20.0,10.0,NO,,NO,ATERRONADA,NO,NO,NO HAY,LA MANANA Y LA TARDE,NO HAY,NO HAY,NO,SI,25.0,POCO AFECTADAS,NO,NO,SI,NO,REGULAR,25.0,BUENO,NINGUNO,0.0,0.0,0.0,0.0,0.0,0.0,0.0,0.0,100.0,0.0,0.0,0.0,100.0,0.0,0.0,0.0,0.0,0.0,0.0
2293,2171,Manual,NO,Otro,Algodón,SI,Manual,NO,1.0,3174.418605,5.0,53.0,61.0,70588,10,0,0,2,0,0,0,0,0,0,1,0,1,0,0,5,1,0.0,0.0,92.0,0,0.0,0.0,0,0.0,0.0,0,0,0,0,0,2,1.5,ONDULADO,PLANO,2.0,5.0,SIN ROCAS,NO,-1.0,-1.0,NO,-1.0,NO,ATERRONADA,NO,NO,NO HAY,LA MANANA Y LA TARDE,NO HAY,NO HAY,NO,SI,39.0,POCO AFECTADAS,SI,NO,SI,SI,BUENO,50.0,BUENO,NINGUNO,0.0,0.0,0.0,0.0,100.0,0.0,0.0,0.0,0.0,0.0,0.0,0.0,0.0,0.0,60.0,40.0,0.0,0.0,0.0
2298,2174,Mecanizado,NO,DK 234,Maiz,SI,Manual,SI,3.0,4767.44186,5.0,77.0,49.0,"0      180000.000000
1      180000.000000
2      180000.000000
3      180000.000000
4      180000.000000
           ...      
993    180000.000000
994     85714.285714
995     90000.000000
996     81818.181818
997     78260.869565
Name: AREA, Length: 882, dtype: float64",12,0,0,0,0,0,0,0,0,0,0,0,0,0,0,1,0,0.0,0.0,46.0,0,0.0,0.0,0,0.0,30.0,0,0,0,0,0,2,1.0,PLANO O LLANO,PLANO,1.0,4.5,SIN ROCAS,NO,-1.0,-1.0,NO,-1.0,NO,GRANULAR,NO,NO,NO HAY,LA MANANA Y LA TARDE,NO HAY,NO HAY,NO,SI,34.0,PLANTAS NORMALES,NO,NO,SI,NO,BUENO,50.0,BUENO,NINGUNO,0.0,0.0,0.0,0.0,0.0,0.0,100.0,0.0,0.0,0.0,0.0,0.0,0.0,0.0,100.0,0.0,0.0,0.0,0.0
2300,2173,Mecanizado,SI,DK 234 YGRR,Maiz,SI,Manual,SI,3.0,4343.023256,5.0,77.0,48.0,70000,12,0,0,0,0,0,0,0,0,0,0,0,0,0,0,0,0,0.0,0.0,138.0,0,0.0,0.0,0,0.0,60.0,0,0,0,0,0,2,1.0,PLANO O LLANO,PLANO,2.0,5.5,SIN ROCAS,NO,-1.0,-1.0,NO,-1.0,NO,ATERRONADA,NO,NO,NO HAY,LA MANANA Y LA TARDE,NO HAY,NO HAY,NO,SI,32.0,PLANTAS NORMALES,NO,NO,SI,NO,REGULAR,50.0,BUENO,NINGUNO,0.0,0.0,0.0,0.0,30.0,70.0,0.0,0.0,0.0,0.0,0.0,0.0,100.0,0.0,0.0,0.0,0.0,0.0,0.0
2301,2175,Manual,SI,DK 234,Maiz,SI,Manual,SI,3.5,4520.930233,5.0,46.0,80.0,70000,12,0,0,0,0,0,0,0,0,0,0,0,0,0,0,0,0,0.0,0.0,230.0,0,0.0,0.0,0,0.0,0.0,0,0,0,0,0,2,1.0,PLANO O LLANO,PLANO,2.0,5.5,SIN ROCAS,SI,23.0,12.0,NO,,NO,ATERRONADA,NO,NO,POCO MARCADAS,LA MANANA Y LA TARDE,NO HAY,NO HAY,NO,SI,25.0,POCO AFECTADAS,NO,NO,NO,NO,REGULAR,25.0,BUENO,NINGUNO,0.0,0.0,0.0,0.0,54.0,46.0,0.0,0.0,0.0,0.0,0.0,0.0,100.0,0.0,0.0,0.0,0.0,0.0,0.0
2302,2176,Manual,NO,DK 234,Maiz,SI,Manual,SI,1.0,3767.44186,12.0,33.0,71.0,70000,11,0,0,0,0,0,0,0,0,0,0,0,0,0,0,0,0,0.0,0.0,138.0,0,0.0,0.0,0,0.0,60.0,0,0,0,0,0,2,1.0,PLANO O LLANO,PLANO,2.0,4.5,SIN ROCAS,NO,-1.0,-1.0,NO,-1.0,NO,ATERRONADA,NO,NO,NO HAY,LA MANANA Y LA TARDE,NO HAY,NO HAY,NO,SI,36.0,PLANTAS NORMALES,NO,NO,SI,NO,ESPACIADO,50.0,BUENO,NINGUNO,0.0,48.0,0.0,0.0,0.0,0.0,0.0,0.0,52.0,0.0,0.0,0.0,100.0,0.0,0.0,0.0,0.0,0.0,0.0
2314,2194,Manual,NO,DK 234 YGRR,Algodón,SI,Manual,NO,3.0,3296.511628,5.0,45.0,71.0,62500,12,0,0,0,0,0,0,0,0,0,1,1,0,0,0,0,0,0.0,0.0,149.5,0,0.0,0.0,0,0.0,30.0,0,0,0,0,0,5,1.8,PLANO O LLANO,PLANO,2.0,5.0,SIN ROCAS,NO,-1.0,-1.0,NO,-1.0,NO,ATERRONADA,NO,NO,NO HAY,LA MANANA Y LA TARDE,NO HAY,NO HAY,NO,SI,38.0,POCO AFECTADAS,SI,NO,SI,SI,MUY BUENO,60.0,BUENO,NINGUNO,0.0,0.0,0.0,0.0,36.67,0.0,63.33,0.0,0.0,0.0,0.0,0.0,0.0,0.0,0.0,63.33,0.0,36.67,0.0
2351,2258,Mecanizado,NO,P3966 (Pioneer),Algodón,SI,Manual,NO,7.0,5581.395349,5.0,45.0,69.0,62500,10,0,0,0,0,0,0,0,0,0,1,2,0,0,0,2,0,0.0,0.0,92.0,0,0.0,0.0,0,0.0,30.0,0,0,0,0,0,4,2.2,PLANO O LLANO,PLANO,2.0,6.0,SIN ROCAS,NO,-1.0,-1.0,NO,-1.0,NO,ATERRONADA,NO,NO,NO HAY,LA MANANA Y LA TARDE,NO HAY,NO HAY,NO,SI,36.0,MUY AFECTADAS,SI,NO,SI,SI,MUY BUENO,60.0,BUENO,NINGUNO,0.0,0.0,70.0,0.0,0.0,0.0,0.0,0.0,30.0,0.0,0.0,0.0,0.0,0.0,70.0,0.0,0.0,30.0,0.0
2352,2257,Mecanizado,NO,P3966 (Pioneer),Algodón,SI,Manual,NO,15.0,5790.697674,5.0,45.0,74.0,62500,13,0,0,0,0,0,0,0,0,0,1,2,0,0,0,3,0,0.0,0.0,92.0,0,0.0,0.0,0,0.0,30.0,0,0,0,0,0,4,1.2,PLANO O LLANO,PLANO,2.0,5.5,SIN ROCAS,NO,-1.0,-1.0,NO,-1.0,NO,ATERRONADA,NO,NO,NO HAY,LA MANANA Y LA TARDE,NO HAY,NO HAY,NO,SI,35.0,POCO AFECTADAS,SI,NO,SI,SI,MUY BUENO,60.0,BUENO,NINGUNO,0.0,70.0,0.0,0.0,0.0,0.0,0.0,0.0,30.0,0.0,0.0,0.0,0.0,0.0,30.0,0.0,0.0,70.0,0.0
2387,2265,Mecanizado,SI,DK 234,Algodón,SI,Manual,SI,2.0,2604.651163,4.0,46.0,77.0,66000,13,0,0,1,0,0,0,0,0,0,0,0,0,0,0,0,0,0.0,0.0,184.0,0,0.0,0.0,0,0.0,120.0,0,0,0,0,0,4,1.0,PLANO O LLANO,PLANO,1.0,5.0,SIN ROCAS,SI,30.0,10.0,NO,,NO,ATERRONADA,NO,NO,NO HAY,LA MANANA Y LA TARDE,NO HAY,NO HAY,NO,SI,25.0,POCO AFECTADAS,NO,NO,SI,NO,REGULAR,30.0,BUENO,NINGUNO,0.0,0.0,0.0,0.0,0.0,0.0,100.0,0.0,0.0,0.0,0.0,0.0,0.0,0.0,100.0,0.0,0.0,0.0,0.0
2391,2277,Mecanizado,SI,P4082 (Pioneer),Algodón,SI,Mecanizada,NO,2.5,5581.395349,5.0,48.0,65.0,70000,7,0,0,1,0,0,0,0,0,0,1,1,0,0,0,1,0,0.0,0.0,115.0,0,0.0,0.0,0,0.0,0.0,0,0,1,0,0,2,2.4,PLANO O LLANO,PLANO,2.0,6.0,SIN ROCAS,NO,-1.0,-1.0,NO,-1.0,NO,ATERRONADA,NO,NO,NO HAY,LA MANANA Y LA TARDE,NO HAY,NO HAY,NO,SI,22.0,POCO AFECTADAS,SI,NO,SI,SI,BUENO,53.0,BUENO,NINGUNO,0.0,0.0,0.0,0.0,100.0,0.0,0.0,0.0,0.0,0.0,0.0,0.0,0.0,0.0,66.04,33.96,0.0,0.0,0.0
2392,2278,Mecanizado,SI,P4082 (Pioneer),Algodón,SI,Mecanizada,NO,3.5,4988.372093,6.0,48.0,64.0,62500,7,0,0,2,0,0,0,0,0,0,1,1,0,0,1,2,0,0.0,0.0,92.0,0,0.0,0.0,0,0.0,60.0,0,0,0,0,0,4,2.2,PLANO O LLANO,PLANO,2.0,6.0,SIN ROCAS,NO,-1.0,-1.0,NO,-1.0,NO,GRANULAR,NO,NO,NO HAY,LA MANANA Y LA TARDE,NO HAY,NO HAY,NO,SI,48.0,MUY AFECTADAS,SI,NO,SI,SI,BUENO,60.0,BUENO,NINGUNO,0.0,0.0,73.33,0.0,0.0,0.0,0.0,0.0,0.0,26.67,0.0,0.0,0.0,0.0,100.0,0.0,0.0,0.0,0.0
2403,2263,Manual,NO,DK 234,Maiz,SI,Manual,SI,1.5,3446.511628,4.0,77.0,49.0,66000,13,0,0,0,0,0,0,0,0,0,0,0,0,0,0,0,0,0.0,0.0,153.0,0,0.0,15.0,0,0.0,60.0,0,0,0,0,0,4,1.0,PLANO O LLANO,PLANO,2.0,5.0,SIN ROCAS,SI,28.0,8.0,NO,,NO,ATERRONADA,NO,NO,MUY MARCADAS,LA MANANA Y LA TARDE,NO HAY,POCO MARCADAS,NO,SI,24.0,POCO AFECTADAS,NO,NO,NO,NO,ESPACIADO,28.0,BUENO,NINGUNO,0.0,100.0,0.0,0.0,0.0,0.0,0.0,0.0,0.0,0.0,0.0,0.0,100.0,0.0,0.0,0.0,0.0,0.0,0.0
2404,2262,Mecanizado,SI,PAC 105,Algodón,SI,Manual,SI,1.0,3906.976744,5.0,47.0,77.0,60000,13,0,0,0,0,0,0,0,0,0,0,0,0,0,0,1,0,0.0,0.0,184.0,0,0.0,0.0,0,0.0,150.0,0,0,0,0,0,4,1.0,PLANO O LLANO,PLANO,2.0,6.0,SIN ROCAS,NO,-1.0,-1.0,NO,-1.0,NO,GRANULAR,NO,NO,NO HAY,LA MANANA Y LA TARDE,NO HAY,NO HAY,NO,SI,27.0,PLANTAS NORMALES,NO,NO,SI,NO,BUENO,45.0,BUENO,NINGUNO,0.0,0.0,0.0,0.0,0.0,0.0,66.67,0.0,33.33,0.0,0.0,0.0,0.0,0.0,100.0,0.0,0.0,0.0,0.0
2406,2308,Mecanizado,NO,Otro,Algodón,SI,Manual,NO,4.0,1632.55814,4.0,45.0,88.0,62500,6,0,0,0,0,0,0,0,0,0,2,2,0,0,0,3,0,0.0,0.0,115.0,0,0.0,0.0,0,0.0,0.0,0,0,0,0,0,2,1.4,PLANO O LLANO,PLANO,1.0,6.0,SIN ROCAS,NO,-1.0,-1.0,NO,-1.0,NO,GRANULAR,NO,NO,NO HAY,LA MANANA Y LA TARDE,NO HAY,NO HAY,SI,NO,-1.0,NO HAY CULTIVO,SI,NO,SI,SI,BUENO,60.0,BUENO,NINGUNO,0.0,0.0,0.0,100.0,0.0,0.0,0.0,0.0,0.0,0.0,0.0,0.0,0.0,0.0,100.0,0.0,0.0,0.0,0.0
2435,2057,Mecanizado,SI,DK 234 YGRR,Algodón,NO,Manual,NO,4.5,3202.325581,4.0,47.0,80.0,60000,6,0,0,0,0,0,0,0,0,0,0,1,0,0,0,0,0,0.0,0.0,46.0,0,0.0,0.0,0,0.0,0.0,0,0,0,0,0,1,1.0,PLANO O LLANO,PLANO,2.0,6.0,SIN ROCAS,NO,-1.0,-1.0,SI,-1.0,NO,GRANULAR,NO,NO,NO HAY,LA MANANA Y LA TARDE,NO HAY,NO HAY,NO,SI,34.0,MUY AFECTADAS,NO,NO,SI,NO,BUENO,34.0,LENTO A MUY LENTO,NINGUNO,0.0,30.0,0.0,0.0,0.0,0.0,0.0,0.0,0.0,70.0,0.0,100.0,0.0,0.0,0.0,0.0,0.0,0.0,0.0
2441,2055,Manual,NO,DK 234,Algodón,NO,Manual,NO,3.0,2193.023256,5.0,45.0,80.0,55000,6,0,0,0,0,0,0,0,0,0,0,1,0,0,0,0,0,0.0,0.0,46.0,0,0.0,0.0,0,0.0,0.0,0,0,0,0,0,1,1.0,PLANO O LLANO,PLANO,2.0,6.5,SIN ROCAS,SI,8.0,14.0,SI,12.0,NO,ATERRONADA,NO,NO,NO HAY,LA MANANA Y LA TARDE,NO HAY,NO HAY,NO,SI,38.0,POCO AFECTADAS,NO,NO,NO,NO,ESPACIADO,38.0,LENTO A MUY LENTO,NINGUNO,0.0,0.0,0.0,0.0,20.0,0.0,0.0,0.0,0.0,80.0,0.0,80.0,20.0,0.0,0.0,0.0,0.0,0.0,0.0
2442,2054,Mecanizado,SI,DK 234 YGRR,Algodón,SI,Manual,NO,4.0,3813.953488,4.0,49.0,78.0,60000,15,0,0,0,0,0,0,0,0,0,0,0,0,0,0,0,0,0.0,0.0,115.0,0,0.0,0.0,0,0.0,60.0,0,0,0,0,0,5,2.0,PLANO O LLANO,PLANO,2.0,5.5,SIN ROCAS,NO,-1.0,-1.0,SI,-1.0,NO,GRANULAR,NO,NO,NO HAY,LA MANANA Y LA TARDE,NO HAY,NO HAY,NO,SI,31.0,PLANTAS NORMALES,NO,NO,SI,NO,ESPACIADO,31.0,LENTO A MUY LENTO,NINGUNO,0.0,41.67,0.0,0.0,0.0,0.0,0.0,0.0,58.33,0.0,0.0,0.0,100.0,0.0,0.0,0.0,0.0,0.0,0.0
2443,2053,Manual,NO,DK 234 YGRR,Algodón,NO,Manual,NO,4.0,3720.930233,3.0,46.0,84.0,60000,13,0,0,0,0,0,0,0,0,0,0,1,0,0,0,0,0,0.0,0.0,46.0,0,0.0,0.0,0,0.0,0.0,0,0,0,0,0,1,2.0,PLANO O LLANO,PLANO,2.0,5.5,SIN ROCAS,NO,-1.0,-1.0,SI,-1.0,NO,ATERRONADA,NO,NO,NO HAY,LA MANANA Y LA TARDE,NO HAY,NO HAY,NO,SI,26.0,PLANTAS NORMALES,NO,NO,SI,NO,REGULAR,26.0,LENTO A MUY LENTO,NINGUNO,0.0,28.33,0.0,0.0,0.0,0.0,0.0,0.0,0.0,71.67,0.0,0.0,100.0,0.0,0.0,0.0,0.0,0.0,0.0
2444,2206,Mecanizado,NO,DK 234 YGRR,Algodón,NO,Manual,NO,1.5,4004.651163,3.0,46.0,83.0,60000,9,0,0,0,0,0,0,0,0,0,0,1,0,0,0,1,0,0.0,0.0,46.0,0,0.0,0.0,0,0.0,0.0,0,0,0,0,0,1,1.0,PLANO O LLANO,PLANO,2.0,6.5,SIN ROCAS,NO,-1.0,-1.0,SI,-1.0,NO,GRANULAR,NO,NO,NO HAY,LA MANANA Y LA TARDE,NO HAY,NO HAY,NO,SI,26.0,POCO AFECTADAS,NO,NO,SI,NO,BUENO,26.0,LENTO A MUY LENTO,NINGUNO,0.0,38.33,0.0,0.0,0.0,0.0,0.0,0.0,0.0,61.67,0.0,100.0,0.0,0.0,0.0,0.0,0.0,0.0,0.0
2446,2056,Mecanizado,NO,ADV 9339 (Syngenta),Algodón,NO,Manual,NO,3.0,2002.325581,4.0,44.0,81.0,55000,7,0,0,0,0,0,0,0,0,0,0,1,0,0,0,1,0,0.0,0.0,46.0,0,0.0,0.0,0,0.0,0.0,0,0,0,0,0,1,1.0,PLANO O LLANO,PLANO,2.0,5.5,SIN ROCAS,NO,-1.0,-1.0,SI,-1.0,NO,GRANULAR,NO,NO,NO HAY,LA MANANA Y LA TARDE,NO HAY,NO HAY,NO,SI,33.0,POCO AFECTADAS,NO,NO,SI,NO,BUENO,33.0,LENTO A MUY LENTO,NINGUNO,0.0,20.0,0.0,0.0,0.0,0.0,0.0,0.0,0.0,80.0,0.0,100.0,0.0,0.0,0.0,0.0,0.0,0.0,0.0
2447,2207,Mecanizado,NO,Otro,Algodón,NO,Manual,NO,2.0,5488.372093,0.0,48.0,85.0,55000,9,0,0,1,0,0,0,0,0,0,0,1,0,0,0,2,0,0.0,0.0,92.0,0,0.0,0.0,0,0.0,30.0,0,0,0,0,0,3,1.0,PLANO O LLANO,PLANO,2.0,6.0,SIN ROCAS,NO,-1.0,-1.0,SI,-1.0,NO,GRANULAR,NO,NO,NO HAY,LA MANANA Y LA TARDE,NO HAY,NO HAY,NO,SI,24.0,PLANTAS NORMALES,NO,NO,SI,NO,REGULAR,24.0,LENTO A MUY LENTO,NINGUNO,0.0,31.67,0.0,0.0,0.0,0.0,0.0,0.0,68.33,0.0,0.0,100.0,0.0,0.0,0.0,0.0,0.0,0.0,0.0
2449,2025,Mecanizado,NO,DK 234 YGRR,Algodón,NO,Manual,NO,2.0,2919.767442,5.0,52.0,75.0,55000,15,0,0,1,0,0,0,0,0,0,0,1,0,0,0,2,0,0.0,0.0,138.0,0,0.0,0.0,0,0.0,0.0,0,0,0,0,0,3,1.0,PLANO O LLANO,PLANO,2.0,6.0,SIN ROCAS,NO,-1.0,-1.0,SI,-1.0,NO,GRANULAR,NO,NO,NO HAY,LA MANANA Y LA TARDE,NO HAY,NO HAY,NO,SI,23.0,POCO AFECTADAS,NO,NO,SI,NO,REGULAR,26.0,LENTO A MUY LENTO,NINGUNO,0.0,38.33,0.0,0.0,0.0,0.0,0.0,0.0,61.67,0.0,0.0,0.0,100.0,0.0,0.0,0.0,0.0,0.0,0.0
2450,2027,Mecanizado,NO,DK 234 YGRR,Algodón,NO,Manual,NO,1.5,2790.697674,3.0,47.0,81.0,55000,6,0,0,0,0,0,0,0,0,0,0,1,0,0,0,0,0,0.0,0.0,46.0,0,0.0,0.0,0,0.0,0.0,0,0,0,0,0,1,1.0,PLANO O LLANO,PLANO,2.0,5.5,SIN ROCAS,NO,-1.0,-1.0,SI,-1.0,NO,GRANULAR,NO,NO,NO HAY,LA MANANA Y LA TARDE,NO HAY,NO HAY,NO,SI,39.0,MUY AFECTADAS,NO,NO,SI,NO,ESPACIADO,39.0,LENTO A MUY LENTO,NINGUNO,0.0,0.0,0.0,0.0,0.0,0.0,0.0,0.0,16.67,83.33,0.0,100.0,0.0,0.0,0.0,0.0,0.0,0.0,0.0
2452,2030,Mecanizado,SI,DK 234 YGRR,Algodón,SI,Manual,NO,6.0,3767.44186,4.0,47.0,80.0,60000,8,0,0,0,0,0,0,0,0,0,0,1,0,0,0,2,0,0.0,0.0,46.0,0,0.0,0.0,0,0.0,40.0,0,0,0,0,0,2,1.0,PLANO O LLANO,PLANO,2.0,6.0,SIN ROCAS,NO,-1.0,-1.0,SI,-1.0,NO,GRANULAR,NO,NO,NO HAY,LA MANANA Y LA TARDE,NO HAY,NO HAY,NO,SI,31.0,PLANTAS NORMALES,NO,NO,SI,NO,ESPACIADO,31.0,LENTO A MUY LENTO,NINGUNO,0.0,0.0,0.0,0.0,0.0,0.0,63.33,0.0,36.67,0.0,0.0,0.0,100.0,0.0,0.0,0.0,0.0,0.0,0.0
2454,2031,Mecanizado,NO,P3966 (Pioneer),Algodón,NO,Manual,NO,3.5,4862.790698,4.0,45.0,83.0,60000,13,0,0,1,0,0,0,0,0,0,0,1,0,0,0,2,0,0.0,0.0,46.0,0,0.0,0.0,0,0.0,30.0,0,0,0,0,0,2,2.0,PLANO O LLANO,PLANO,2.0,7.0,SIN ROCAS,SI,10.0,12.0,SI,20.0,NO,ATERRONADA,NO,NO,NO HAY,LA MANANA Y LA TARDE,NO HAY,NO HAY,NO,SI,9.0,PLANTAS NORMALES,NO,NO,SI,NO,ESPACIADO,10.0,LENTO A MUY LENTO,NINGUNO,0.0,0.0,0.0,0.0,0.0,0.0,71.67,0.0,28.33,0.0,0.0,0.0,100.0,0.0,0.0,0.0,0.0,0.0,0.0
2455,2032,Mecanizado,SI,P3966 (Pioneer),Algodón,SI,Manual,NO,15.0,4651.162791,3.0,45.0,79.0,60000,12,0,0,0,0,0,0,0,0,0,0,1,0,0,0,3,0,0.0,0.0,92.0,0,0.0,0.0,0,0.0,0.0,0,0,0,0,0,2,1.0,PLANO O LLANO,PLANO,2.0,6.0,SIN ROCAS,NO,-1.0,-1.0,SI,-1.0,NO,GRANULAR,NO,NO,NO HAY,LA MANANA Y LA TARDE,NO HAY,NO HAY,NO,SI,20.0,PLANTAS NORMALES,NO,NO,SI,NO,REGULAR,22.0,LENTO A MUY LENTO,NINGUNO,0.0,38.33,0.0,0.0,0.0,0.0,0.0,0.0,61.67,0.0,0.0,0.0,100.0,0.0,0.0,0.0,0.0,0.0,0.0
2456,2034,Mecanizado,SI,DK7088,Algodón,SI,Mecanizada,NO,12.0,4386.046512,4.0,49.0,91.0,60000,4,0,0,0,0,0,0,0,0,0,0,1,0,0,0,2,0,0.0,0.0,92.0,0,0.0,0.0,0,0.0,0.0,0,0,0,0,0,2,1.0,PLANO O LLANO,PLANO,2.0,5.5,SIN ROCAS,NO,-1.0,-1.0,SI,-1.0,NO,GRANULAR,NO,NO,NO HAY,LA MANANA Y LA TARDE,NO HAY,NO HAY,NO,SI,32.0,PLANTAS NORMALES,NO,NO,SI,NO,ESPACIADO,32.0,LENTO A MUY LENTO,NINGUNO,0.0,0.0,0.0,0.0,0.0,0.0,60.0,0.0,40.0,0.0,0.0,0.0,100.0,0.0,0.0,0.0,0.0,0.0,0.0
2457,2329,Manual,NO,Otro,Algodón,NO,Mecanizada,SI,3.5,2604.651163,36.0,15.0,99.0,50000,12,0,0,0,0,0,0,0,0,0,0,0,0,0,1,0,0,0.0,69.0,0.0,0,0.0,0.0,0,30.0,0.0,0,0,0,0,2,0,1.0,PLANO O LLANO,PLANO,2.0,5.5,SIN ROCAS,NO,-1.0,-1.0,NO,-1.0,NO,ATERRONADA,NO,NO,NO HAY,LA MANANA Y LA TARDE,NO HAY,NO HAY,NO,SI,33.0,PLANTAS NORMALES,NO,NO,SI,NO,ESPACIADO,50.0,BUENO,NINGUNO,0.0,0.0,0.0,0.0,0.0,0.0,100.0,0.0,0.0,0.0,0.0,0.0,0.0,0.0,100.0,0.0,0.0,0.0,0.0
2458,2326,Mecanizado,NO,DK 234,Algodón,NO,Mecanizada,SI,23.0,3146.511628,8.0,47.0,80.0,62000,11,0,0,0,1,0,0,0,0,0,0,0,0,0,0,1,0,0.0,0.0,138.0,0,0.0,0.0,0,0.0,180.0,0,0,0,0,0,2,1.0,PLANO O LLANO,PLANO,2.0,4.5,SIN ROCAS,NO,-1.0,-1.0,NO,-1.0,NO,GRANULAR,NO,NO,NO HAY,LA MANANA Y LA TARDE,NO HAY,NO HAY,NO,SI,34.0,PLANTAS NORMALES,NO,NO,SI,NO,ESPACIADO,50.0,BUENO,NINGUNO,0.0,0.0,0.0,0.0,0.0,0.0,52.0,0.0,48.0,0.0,0.0,0.0,0.0,0.0,0.0,100.0,0.0,0.0,0.0
2465,2338,Manual,NO,PAC 105,Algodón,SI,Manual,NO,1.0,4279.069767,7.0,45.0,76.0,71420,8,0,0,0,0,0,0,0,0,0,1,0,0,0,0,5,0,0.0,0.0,126.5,0,0.0,0.0,0,0.0,0.0,0,0,0,0,0,3,2.0,PLANO O LLANO,PLANO,2.0,6.0,SIN ROCAS,NO,-1.0,-1.0,NO,-1.0,NO,ATERRONADA,NO,NO,NO HAY,LA MANANA Y LA TARDE,NO HAY,NO HAY,NO,SI,36.0,MUY AFECTADAS,SI,NO,SI,SI,BUENO,60.0,BUENO,NINGUNO,0.0,0.0,0.0,66.67,0.0,0.0,0.0,0.0,33.33,0.0,0.0,0.0,0.0,0.0,100.0,0.0,0.0,0.0,0.0
2466,2340,Mecanizado,SI,Otro,Algodón,SI,Manual,NO,15.0,5804.651163,5.0,46.0,79.0,71000,16,0,0,2,0,0,0,0,0,0,2,2,0,0,1,2,0,0.0,0.0,69.0,0,0.0,15.0,0,0.0,35.0,0,0,0,0,0,5,4.0,PLANO O LLANO,PLANO,2.0,5.5,SIN ROCAS,NO,-1.0,-1.0,NO,-1.0,NO,GRANULAR,NO,NO,NO HAY,LA MANANA Y LA TARDE,NO HAY,NO HAY,NO,SI,20.0,PLANTAS NORMALES,NO,NO,NO,NO,ESPACIADO,60.0,BUENO,LENTO,0.0,0.0,0.0,0.0,0.0,0.0,0.0,0.0,100.0,0.0,0.0,58.33,41.67,0.0,0.0,0.0,0.0,0.0,0.0
2468,2336,Mecanizado,SI,DK 234 YGRR,Algodón,SI,Manual,NO,3.0,5308.139535,3.0,55.0,64.0,62500,12,0,0,0,0,0,0,0,0,0,1,0,0,0,0,0,0,0.0,0.0,105.8,0,0.0,0.0,0,0.0,0.0,0,0,0,0,0,2,2.6,PLANO O LLANO,PLANO,2.0,6.5,SIN ROCAS,NO,-1.0,-1.0,NO,-1.0,NO,ATERRONADA,NO,NO,NO HAY,LA MANANA Y LA TARDE,NO HAY,NO HAY,NO,SI,20.0,POCO AFECTADAS,SI,NO,SI,SI,REGULAR,60.0,BUENO,NINGUNO,0.0,0.0,0.0,0.0,71.67,0.0,0.0,0.0,28.33,0.0,0.0,0.0,0.0,0.0,28.33,0.0,0.0,71.67,0.0
2472,2341,Mecanizado,SI,Otro,Maiz,SI,Manual,SI,2.0,3623.255814,5.0,47.0,78.0,70000,16,0,0,0,0,0,0,0,0,0,2,1,0,0,0,5,0,0.0,0.0,161.0,0,0.0,0.0,0,0.0,0.0,0,0,0,0,0,3,5.0,PLANO O LLANO,PLANO,2.0,6.0,SIN ROCAS,NO,-1.0,-1.0,NO,-1.0,NO,ATERRONADA,NO,NO,NO HAY,LA MANANA Y LA TARDE,NO HAY,NO HAY,NO,SI,24.0,PLANTAS NORMALES,NO,NO,SI,NO,ESPACIADO,60.0,BUENO,LENTO,0.0,0.0,0.0,0.0,0.0,0.0,0.0,0.0,100.0,0.0,0.0,0.0,0.0,0.0,55.0,45.0,0.0,0.0,0.0
2474,2333,Mecanizado,NO,P4082 (Pioneer),Algodón,NO,Manual,NO,1.5,2412.790698,5.0,45.0,78.0,62500,9,0,0,0,0,0,0,0,0,0,0,1,0,0,0,2,1,0.0,0.0,92.0,0,0.0,0.0,0,0.0,0.0,0,0,0,0,0,2,1.7,PLANO O LLANO,PLANO,2.0,6.0,SIN ROCAS,SI,1.0,16.0,NO,,NO,ATERRONADA,NO,NO,NO HAY,LA MANANA Y LA TARDE,NO HAY,NO HAY,NO,SI,30.0,MUY AFECTADAS,SI,NO,SI,SI,REGULAR,30.0,BUENO,NINGUNO,0.0,0.0,0.0,0.0,0.0,100.0,0.0,0.0,0.0,0.0,0.0,0.0,0.0,0.0,0.0,0.0,0.0,73.33,26.67
2501,2357,Mecanizado,SI,Otro,Algodón,SI,Manual,SI,3.5,3579.069767,5.0,45.0,67.0,70000,16,0,0,0,0,0,0,0,0,0,2,1,0,0,0,4,0,0.0,0.0,172.5,0,0.0,0.0,0,0.0,0.0,0,0,0,0,0,3,5.0,PLANO O LLANO,PLANO,2.0,5.5,SIN ROCAS,NO,-1.0,-1.0,NO,-1.0,NO,ATERRONADA,NO,NO,NO HAY,LA MANANA Y LA TARDE,NO HAY,NO HAY,NO,SI,21.0,PLANTAS NORMALES,NO,NO,SI,NO,ESPACIADO,60.0,BUENO,LENTO,0.0,0.0,0.0,0.0,0.0,0.0,0.0,0.0,100.0,0.0,0.0,0.0,0.0,0.0,58.33,41.67,0.0,0.0,0.0
2502,2035,Mecanizado,SI,DK7088,Algodón,SI,Mecanizada,NO,11.2,2812.790698,4.0,48.0,81.0,60000,8,0,0,0,0,0,0,0,0,0,0,2,0,0,0,1,0,0.0,0.0,92.0,0,0.0,0.0,0,0.0,0.0,0,0,0,0,0,2,1.0,PLANO O LLANO,PLANO,2.0,6.5,SIN ROCAS,NO,-1.0,-1.0,NO,-1.0,NO,GRANULAR,NO,NO,NO HAY,LA MANANA Y LA TARDE,NO HAY,NO HAY,NO,SI,22.0,PLANTAS NORMALES,SI,NO,SI,NO,ESPACIADO,60.0,BUENO,NINGUNO,0.0,0.0,0.0,26.67,0.0,73.33,0.0,0.0,0.0,0.0,0.0,100.0,0.0,0.0,0.0,0.0,0.0,0.0,0.0
2503,2036,Mecanizado,NO,DK 234 YGRR,Algodón,NO,Manual,NO,2.0,2883.72093,5.0,46.0,104.0,55000,4,0,0,0,0,0,0,0,0,0,0,2,0,0,0,0,0,0.0,0.0,46.0,0,0.0,0.0,0,0.0,0.0,0,0,0,0,0,1,1.0,PLANO O LLANO,PLANO,2.0,5.5,SIN ROCAS,NO,-1.0,-1.0,SI,-1.0,NO,ATERRONADA,NO,NO,NO HAY,LA MANANA Y LA TARDE,NO HAY,NO HAY,NO,SI,42.0,MUY AFECTADAS,NO,NO,SI,NO,ESPACIADO,42.0,LENTO A MUY LENTO,NINGUNO,0.0,0.0,0.0,0.0,23.33,0.0,0.0,0.0,0.0,76.67,0.0,76.67,23.33,0.0,0.0,0.0,0.0,0.0,0.0
2504,2038,Mecanizado,SI,DK 234 YGRR,Algodón,NO,Manual,NO,2.0,3337.209302,4.0,47.0,79.0,55000,10,0,0,0,0,0,0,0,0,0,0,1,0,0,0,2,0,0.0,0.0,92.0,0,0.0,0.0,0,0.0,0.0,0,0,0,0,0,2,1.0,PLANO O LLANO,PLANO,2.0,6.5,SIN ROCAS,NO,-1.0,-1.0,SI,-1.0,NO,GRANULAR,NO,NO,NO HAY,LA MANANA Y LA TARDE,NO HAY,NO HAY,NO,SI,29.0,PLANTAS NORMALES,NO,NO,SI,SI,BUENO,29.0,LENTO A MUY LENTO,NINGUNO,0.0,0.0,0.0,0.0,0.0,0.0,48.33,0.0,51.67,0.0,0.0,100.0,0.0,0.0,0.0,0.0,0.0,0.0,0.0
2506,2359,Mecanizado,NO,ADV 9339 (Syngenta),Algodón,SI,Manual,SI,4.0,4651.162791,5.0,46.0,71.0,70000,16,0,0,0,0,0,0,0,0,0,0,0,0,0,0,5,0,0.0,0.0,103.5,0,0.0,0.0,0,0.0,0.0,0,0,0,0,0,2,5.0,PLANO O LLANO,PLANO,2.0,5.5,SIN ROCAS,NO,-1.0,-1.0,NO,-1.0,NO,GRANULAR,NO,NO,NO HAY,LA MANANA Y LA TARDE,NO HAY,NO HAY,NO,SI,17.0,PLANTAS NORMALES,NO,NO,SI,NO,ESPACIADO,60.0,BUENO,LENTO,0.0,0.0,0.0,0.0,0.0,0.0,0.0,0.0,100.0,0.0,0.0,0.0,0.0,0.0,100.0,0.0,0.0,0.0,0.0
2507,2360,Mecanizado,SI,Otro,Algodón,SI,Manual,SI,1.5,5511.627907,5.0,48.0,79.0,71000,16,0,0,1,0,0,0,0,0,0,2,1,0,0,1,1,0,0.0,0.0,92.0,0,0.0,0.0,0,0.0,60.0,0,0,0,0,0,4,4.0,PLANO O LLANO,PLANO,2.0,5.5,SIN ROCAS,NO,-1.0,-1.0,NO,-1.0,NO,GRANULAR,NO,NO,NO HAY,LA MANANA Y LA TARDE,NO HAY,NO HAY,NO,SI,23.0,PLANTAS NORMALES,NO,NO,SI,NO,ESPACIADO,60.0,BUENO,LENTO,0.0,0.0,0.0,0.0,0.0,0.0,0.0,0.0,100.0,0.0,0.0,0.0,0.0,0.0,100.0,0.0,0.0,0.0,0.0
2508,2361,Mecanizado,NO,Otro,Algodón,SI,Manual,NO,1.3,5116.27907,5.0,48.0,80.0,71000,16,0,0,1,0,0,0,0,0,0,0,1,0,0,0,3,0,0.0,0.0,68.0,0,0.0,4.4,0,0.0,49.8,0,0,0,0,0,3,5.0,PLANO O LLANO,PLANO,2.0,6.0,SIN ROCAS,NO,-1.0,-1.0,NO,-1.0,NO,GRANULAR,NO,NO,NO HAY,LA MANANA Y LA TARDE,NO HAY,NO HAY,NO,SI,24.0,PLANTAS NORMALES,NO,NO,SI,NO,ESPACIADO,60.0,BUENO,LENTO,0.0,0.0,0.0,0.0,0.0,0.0,0.0,0.0,100.0,0.0,0.0,0.0,0.0,0.0,53.33,46.67,0.0,0.0,0.0
2510,2363,Mecanizado,NO,P3966 (Pioneer),Algodón,SI,Manual,SI,2.4,5116.27907,30.0,49.0,67.0,70000,16,0,0,1,0,0,0,0,0,0,0,1,0,0,0,4,0,0.0,0.0,66.0,0,0.0,4.0,0,0.0,48.0,0,0,0,0,0,3,5.0,PLANO O LLANO,PLANO,2.0,6.0,SIN ROCAS,NO,-1.0,-1.0,NO,-1.0,NO,GRANULAR,NO,NO,NO HAY,LA MANANA Y LA TARDE,NO HAY,NO HAY,NO,SI,22.0,PLANTAS NORMALES,NO,NO,SI,NO,ESPACIADO,60.0,BUENO,LENTO,0.0,0.0,0.0,0.0,0.0,0.0,0.0,0.0,100.0,0.0,0.0,0.0,0.0,0.0,55.0,45.0,0.0,0.0,0.0
2511,2364,Mecanizado,SI,Otro,Algodón,SI,Mecanizada,NO,18.0,5577.906977,5.0,46.0,77.0,71000,16,0,0,0,0,0,0,0,0,0,2,1,0,0,1,3,0,0.0,0.0,96.0,0,0.0,0.0,0,0.0,15.0,0,0,0,0,0,4,4.0,PLANO O LLANO,PLANO,2.0,5.5,SIN ROCAS,NO,-1.0,-1.0,NO,-1.0,NO,GRANULAR,NO,NO,NO HAY,LA MANANA Y LA TARDE,NO HAY,NO HAY,NO,SI,19.0,PLANTAS NORMALES,NO,NO,SI,NO,REGULAR,60.0,BUENO,LENTO,0.0,0.0,0.0,0.0,0.0,0.0,0.0,0.0,100.0,0.0,0.0,0.0,0.0,0.0,100.0,0.0,0.0,0.0,0.0
2523,2039,Mecanizado,SI,DK 234 YGRR,Algodón,SI,Manual,NO,3.0,3432.55814,4.0,47.0,83.0,55000,9,0,0,0,0,0,0,0,0,0,0,1,0,0,0,2,0,0.0,0.0,92.0,0,0.0,0.0,0,0.0,0.0,0,0,0,0,0,2,1.0,PLANO O LLANO,PLANO,2.0,7.0,SIN ROCAS,SI,13.0,10.0,NO,,NO,ATERRONADA,NO,NO,NO HAY,LA MANANA Y LA TARDE,NO HAY,NO HAY,NO,SI,16.0,MUY AFECTADAS,NO,NO,NO,NO,ESPACIADO,16.0,BUENO,NINGUNO,0.0,0.0,0.0,0.0,46.67,0.0,53.33,0.0,0.0,0.0,0.0,0.0,100.0,0.0,0.0,0.0,0.0,0.0,0.0
2525,2040,Mecanizado,SI,DK 234 YGRR,Algodón,SI,Manual,NO,15.0,3579.069767,4.0,46.0,91.0,60000,5,0,0,0,0,0,0,0,0,0,0,1,0,0,0,2,0,0.0,0.0,92.0,0,0.0,0.0,0,0.0,0.0,0,0,0,0,0,2,2.0,PLANO O LLANO,PLANO,2.0,5.5,SIN ROCAS,NO,-1.0,-1.0,SI,-1.0,NO,GRANULAR,NO,NO,NO HAY,LA MANANA Y LA TARDE,NO HAY,NO HAY,NO,SI,40.0,PLANTAS NORMALES,NO,NO,SI,NO,REGULAR,40.0,LENTO A MUY LENTO,NINGUNO,0.0,0.0,0.0,0.0,38.33,0.0,0.0,0.0,0.0,61.67,0.0,100.0,0.0,0.0,0.0,0.0,0.0,0.0,0.0
2526,2041,Mecanizado,NO,DK 234 YGRR,Algodón,NO,Manual,NO,3.0,2383.72093,4.0,44.0,85.0,55000,8,0,0,0,0,0,0,0,0,0,0,2,0,0,0,0,0,0.0,0.0,92.0,0,0.0,0.0,0,0.0,0.0,0,0,0,0,0,2,1.0,PLANO O LLANO,PLANO,2.0,6.0,SIN ROCAS,NO,-1.0,-1.0,SI,-1.0,NO,ATERRONADA,NO,NO,NO HAY,LA MANANA Y LA TARDE,NO HAY,NO HAY,NO,SI,26.0,MUY AFECTADAS,NO,NO,SI,NO,ESPACIADO,26.0,LENTO A MUY LENTO,NINGUNO,0.0,41.67,0.0,0.0,0.0,0.0,58.33,0.0,0.0,0.0,0.0,100.0,0.0,0.0,0.0,0.0,0.0,0.0,0.0
2535,2375,Mecanizado,SI,Otro,Algodón,SI,Mecanizada,NO,15.5,5308.139535,5.0,48.0,87.0,71000,16,0,0,0,0,0,0,0,0,0,2,2,0,0,1,1,0,0.0,0.0,80.0,0,0.0,0.0,0,0.0,45.0,0,0,0,0,0,7,4.0,PLANO O LLANO,PLANO,2.0,6.0,SIN ROCAS,NO,-1.0,-1.0,NO,-1.0,NO,GRANULAR,NO,NO,NO HAY,LA MANANA Y LA TARDE,NO HAY,NO HAY,NO,SI,25.0,PLANTAS NORMALES,NO,NO,SI,NO,BUENO,60.0,BUENO,LENTO,0.0,0.0,0.0,0.0,0.0,0.0,0.0,0.0,100.0,0.0,0.0,0.0,0.0,0.0,45.0,55.0,0.0,0.0,0.0
2536,2376,Mecanizado,SI,Otro,Algodón,SI,Manual,SI,1.5,3579.069767,5.0,46.0,76.0,70000,16,0,0,0,0,0,0,0,0,0,2,1,0,0,0,3,0,0.0,0.0,161.0,0,0.0,0.0,0,0.0,0.0,0,0,0,0,0,3,5.0,PLANO O LLANO,PLANO,2.0,6.0,SIN ROCAS,NO,-1.0,-1.0,NO,-1.0,NO,ATERRONADA,NO,NO,NO HAY,LA MANANA Y LA TARDE,NO HAY,NO HAY,NO,SI,23.0,PLANTAS NORMALES,NO,NO,SI,NO,ESPACIADO,60.0,BUENO,LENTO,0.0,0.0,0.0,0.0,0.0,0.0,0.0,0.0,100.0,0.0,0.0,0.0,0.0,0.0,58.33,41.67,0.0,0.0,0.0
2539,2327,Mecanizado,SI,DK 234,Algodón,NO,Manual,SI,2.0,3174.418605,5.0,45.0,69.0,60000,11,0,0,0,0,0,0,0,0,0,0,1,0,0,0,0,0,0.0,0.0,92.0,0,0.0,0.0,0,0.0,60.0,0,0,0,0,0,4,1.0,PLANO O LLANO,PLANO,2.0,6.0,SIN ROCAS,NO,-1.0,-1.0,NO,-1.0,NO,ATERRONADA,NO,NO,NO HAY,LA MANANA Y LA TARDE,NO HAY,NO HAY,NO,SI,28.0,PLANTAS NORMALES,NO,NO,SI,SI,BUENO,53.0,BUENO,NINGUNO,0.0,66.04,0.0,0.0,0.0,0.0,0.0,0.0,33.96,0.0,0.0,0.0,66.04,0.0,0.0,33.96,0.0,0.0,0.0
2540,2328,Mecanizado,SI,DK 234,Algodón,SI,Manual,SI,9.0,2046.511628,5.0,85.0,41.0,42000,11,0,0,0,0,0,0,0,0,0,0,1,0,0,0,1,0,0.0,0.0,115.0,0,0.0,0.0,0,0.0,0.0,0,0,0,0,0,1,1.0,PLANO O LLANO,PLANO,2.0,6.0,SIN ROCAS,NO,-1.0,-1.0,NO,-1.0,NO,GRANULAR,NO,NO,NO HAY,LA MANANA Y LA TARDE,NO HAY,NO HAY,NO,SI,34.0,PLANTAS NORMALES,NO,NO,SI,NO,REGULAR,50.0,BUENO,NINGUNO,0.0,0.0,0.0,0.0,0.0,0.0,66.0,0.0,34.0,0.0,0.0,0.0,0.0,0.0,0.0,100.0,0.0,0.0,0.0
2541,2379,Mecanizado,SI,P3966 (Pioneer),Algodón,NO,Manual,SI,8.0,3446.511628,5.0,47.0,68.0,60000,11,0,0,0,0,0,0,0,0,0,0,0,0,0,0,0,0,0.0,0.0,46.0,0,0.0,0.0,0,0.0,30.0,0,0,0,0,0,2,1.0,PLANO O LLANO,PLANO,2.0,5.0,SIN ROCAS,SI,24.0,12.0,NO,,NO,ATERRONADA,NO,NO,POCO MARCADAS,LA MANANA Y LA TARDE,NO HAY,NO HAY,NO,SI,19.0,POCO AFECTADAS,NO,NO,NO,NO,ESPACIADO,24.0,BUENO,NINGUNO,0.0,52.17,47.83,0.0,0.0,0.0,0.0,0.0,0.0,0.0,0.0,0.0,0.0,0.0,0.0,100.0,0.0,0.0,0.0
2545,2383,Mecanizado,NO,P4082 (Pioneer),Algodón,SI,Manual,NO,6.0,3970.325581,5.0,48.0,61.0,71000,16,0,0,1,0,0,0,0,0,0,0,0,0,0,0,2,0,0.0,0.0,56.25,0,0.0,10.0,0,0.0,52.5,0,0,0,0,0,2,2.3,PLANO O LLANO,PLANO CON ONDULACIONES,2.0,5.5,SIN ROCAS,NO,-1.0,-1.0,SI,-1.0,SI,ATERRONADA,NO,NO,NO HAY,LA MANANA Y LA TARDE,NO HAY,NO HAY,NO,SI,15.0,NO HAY CULTIVO,NO,NO,SI,SI,REGULAR,21.0,LENTO A MUY LENTO,NINGUNO,0.0,35.0,0.0,0.0,0.0,0.0,0.0,0.0,65.0,0.0,0.0,0.0,0.0,0.0,0.0,0.0,0.0,100.0,0.0
2550,2387,Manual,NO,PIONEER 30F35,Algodón,SI,Manual,SI,1.0,3441.860465,5.0,77.0,36.0,50000,12,0,0,0,0,0,0,0,0,0,0,0,0,0,0,1,0,0.0,0.0,92.0,0,0.0,0.0,0,0.0,120.0,0,0,0,0,0,4,1.0,PLANO O LLANO,PLANO,2.0,5.5,SIN ROCAS,NO,-1.0,-1.0,NO,-1.0,NO,ATERRONADA,NO,NO,NO HAY,LA MANANA Y LA TARDE,NO HAY,NO HAY,NO,SI,32.0,PLANTAS NORMALES,NO,NO,NO,NO,REGULAR,50.0,BUENO,NINGUNO,0.0,0.0,0.0,0.0,0.0,44.0,0.0,0.0,56.0,0.0,0.0,0.0,100.0,0.0,0.0,0.0,0.0,0.0,0.0
2553,2391,Mecanizado,SI,P4082 (Pioneer),Maiz,SI,Manual,SI,2.0,3579.069767,4.0,46.0,79.0,80000,12,0,0,0,0,0,0,0,0,0,0,0,0,0,0,0,0,0.0,0.0,184.0,0,0.0,0.0,0,0.0,120.0,0,0,0,0,0,4,1.0,PLANO O LLANO,PLANO,2.0,5.5,SIN ROCAS,NO,-1.0,-1.0,NO,-1.0,NO,ATERRONADA,NO,NO,NO HAY,LA MANANA Y LA TARDE,NO HAY,NO HAY,NO,SI,35.0,PLANTAS NORMALES,NO,NO,SI,NO,BUENO,50.0,BUENO,NINGUNO,0.0,0.0,0.0,0.0,56.0,44.0,0.0,0.0,0.0,0.0,0.0,0.0,100.0,0.0,0.0,0.0,0.0,0.0,0.0
2554,2043,Mecanizado,NO,ADV 9339 (Syngenta),Algodón,SI,Mecanizada,NO,12.5,2072.093023,4.0,46.0,79.0,60000,5,0,0,0,0,0,0,0,0,0,0,2,0,0,0,3,0,0.0,0.0,46.0,0,0.0,0.0,0,0.0,0.0,0,0,0,0,0,1,2.0,PLANO O LLANO,PLANO,2.0,6.0,SIN ROCAS,NO,-1.0,-1.0,SI,-1.0,NO,GRANULAR,NO,NO,NO HAY,LA MANANA Y LA TARDE,NO HAY,NO HAY,NO,SI,35.0,POCO AFECTADAS,NO,NO,SI,NO,BUENO,35.0,LENTO A MUY LENTO,NINGUNO,0.0,53.33,0.0,0.0,0.0,0.0,46.67,0.0,0.0,0.0,0.0,46.67,53.33,0.0,0.0,0.0,0.0,0.0,0.0
2560,2397,Mecanizado,NO,Otro,Algodón,SI,Manual,SI,5.0,4615.116279,5.0,46.0,71.0,62500,13,0,0,0,0,0,0,0,0,0,2,0,0,0,1,0,0,0.0,0.0,80.0,0,0.0,0.0,0,0.0,0.0,0,0,0,0,0,2,4.0,PLANO O LLANO,PLANO,2.0,6.0,SIN ROCAS,NO,-1.0,-1.0,NO,-1.0,NO,ATERRONADA,NO,NO,NO HAY,LA MANANA Y LA TARDE,NO HAY,NO HAY,NO,SI,21.0,PLANTAS NORMALES,NO,NO,SI,NO,REGULAR,60.0,BUENO,LENTO,0.0,0.0,0.0,0.0,0.0,0.0,0.0,0.0,100.0,0.0,0.0,0.0,0.0,0.0,58.33,41.67,0.0,0.0,0.0
2562,2044,Manual,NO,DK 234 YGRR,Algodón,NO,Manual,NO,3.0,2543.023256,3.0,46.0,84.0,55000,4,0,0,0,0,0,0,0,0,0,0,1,0,0,0,2,0,0.0,0.0,46.0,0,0.0,0.0,0,0.0,0.0,0,0,0,0,0,1,2.0,PLANO O LLANO,PLANO,2.0,6.0,SIN ROCAS,NO,-1.0,-1.0,SI,-1.0,NO,GRANULAR,NO,NO,NO HAY,LA MANANA Y LA TARDE,NO HAY,NO HAY,NO,SI,17.0,MUY AFECTADAS,NO,NO,SI,NO,MUY BUENO,17.0,LENTO A MUY LENTO,NINGUNO,80.0,0.0,20.0,0.0,0.0,0.0,0.0,0.0,0.0,0.0,0.0,100.0,0.0,0.0,0.0,0.0,0.0,0.0,0.0
2564,2045,Mecanizado,SI,PAC 105,Algodón,SI,Mecanizada,NO,9.5,1544.186047,5.0,46.0,92.0,60000,6,0,0,0,0,0,0,0,0,0,1,1,0,0,0,1,0,0.0,0.0,46.0,0,0.0,0.0,0,0.0,0.0,0,0,0,0,0,1,1.0,PLANO O LLANO,PLANO,2.0,6.0,SIN ROCAS,NO,-1.0,-1.0,SI,-1.0,NO,ATERRONADA,NO,NO,NO HAY,LA MANANA Y LA TARDE,NO HAY,NO HAY,NO,SI,31.0,MUY AFECTADAS,NO,NO,SI,NO,MUY BUENO,31.0,LENTO A MUY LENTO,NINGUNO,0.0,38.33,0.0,0.0,0.0,0.0,0.0,0.0,61.67,0.0,0.0,0.0,100.0,0.0,0.0,0.0,0.0,0.0,0.0
2565,2046,Mecanizado,SI,DK 234 YGRR,Algodón,NO,Manual,NO,3.0,1883.72093,4.0,47.0,81.0,55000,5,0,0,0,0,0,0,0,0,0,0,2,0,0,0,1,0,0.0,0.0,46.0,0,0.0,0.0,0,0.0,0.0,0,0,0,0,0,1,1.0,PLANO O LLANO,PLANO,2.0,5.5,SIN ROCAS,NO,-1.0,-1.0,SI,-1.0,NO,GRANULAR,NO,NO,NO HAY,LA MANANA Y LA TARDE,NO HAY,NO HAY,NO,SI,31.0,POCO AFECTADAS,NO,NO,SI,NO,ESPACIADO,31.0,LENTO A MUY LENTO,NINGUNO,0.0,0.0,0.0,0.0,0.0,0.0,0.0,0.0,30.0,70.0,0.0,100.0,0.0,0.0,0.0,0.0,0.0,0.0,0.0
2566,2048,Mecanizado,SI,DK 234 YGRR,Algodón,NO,Manual,NO,2.0,2669.767442,4.0,46.0,85.0,55000,6,0,0,0,0,0,0,0,0,0,0,1,0,0,0,1,0,0.0,0.0,92.0,0,0.0,0.0,0,0.0,0.0,0,0,0,0,0,2,1.0,PLANO O LLANO,PLANO,2.0,5.5,SIN ROCAS,NO,-1.0,-1.0,SI,-1.0,NO,GRANULAR,NO,NO,NO HAY,LA MANANA Y LA TARDE,NO HAY,NO HAY,NO,SI,38.0,POCO AFECTADAS,NO,NO,SI,NO,ESPACIADO,38.0,LENTO A MUY LENTO,NINGUNO,0.0,0.0,0.0,0.0,0.0,0.0,53.33,0.0,46.67,0.0,0.0,100.0,0.0,0.0,0.0,0.0,0.0,0.0,0.0
2567,2049,Mecanizado,NO,DK 234 YGRR,Algodón,SI,Manual,NO,7.0,2895.348837,2.0,46.0,99.0,60000,7,0,0,0,0,0,0,0,0,0,0,1,0,0,0,0,0,0.0,0.0,46.0,0,0.0,0.0,0,0.0,30.0,0,0,0,0,0,2,1.0,PLANO O LLANO,PLANO,2.0,6.0,SIN ROCAS,NO,-1.0,-1.0,SI,-1.0,NO,ATERRONADA,NO,NO,NO HAY,LA MANANA Y LA TARDE,NO HAY,NO HAY,NO,SI,27.0,POCO AFECTADAS,NO,NO,SI,NO,BUENO,27.0,LENTO A MUY LENTO,NINGUNO,0.0,15.0,0.0,0.0,0.0,0.0,85.0,0.0,0.0,0.0,0.0,100.0,0.0,0.0,0.0,0.0,0.0,0.0,0.0
2569,2050,Manual,NO,P4082 (Pioneer),Algodón,NO,Manual,NO,4.0,2955.813953,3.0,49.0,81.0,55000,10,0,0,0,0,0,0,0,0,0,0,1,0,0,0,2,0,0.0,0.0,46.0,0,0.0,0.0,0,0.0,0.0,0,0,0,0,0,1,2.0,PLANO O LLANO,PLANO,2.0,6.0,SIN ROCAS,SI,15.0,12.0,SI,24.0,NO,GRANULAR,NO,NO,NO HAY,LA MANANA Y LA TARDE,NO HAY,NO HAY,NO,SI,27.0,POCO AFECTADAS,NO,NO,SI,NO,BUENO,27.0,LENTO A MUY LENTO,NINGUNO,0.0,33.33,0.0,0.0,0.0,0.0,0.0,0.0,0.0,66.67,0.0,0.0,100.0,0.0,0.0,0.0,0.0,0.0,0.0
2573,2400,Mecanizado,NO,Otro,Algodón,SI,Mecanizada,NO,10.0,4651.162791,4.0,51.0,66.0,65500,13,0,0,0,0,0,0,0,0,0,1,1,0,0,0,1,0,0.0,0.0,92.0,0,0.0,0.0,0,0.0,30.0,0,0,0,0,0,3,4.0,PLANO O LLANO,PLANO,2.0,5.5,SIN ROCAS,NO,-1.0,-1.0,NO,-1.0,NO,ATERRONADA,NO,NO,NO HAY,LA MANANA Y LA TARDE,NO HAY,NO HAY,NO,SI,20.0,PLANTAS NORMALES,NO,NO,SI,NO,REGULAR,60.0,BUENO,LENTO,0.0,0.0,0.0,0.0,0.0,0.0,0.0,0.0,43.33,56.67,0.0,0.0,0.0,0.0,56.67,43.33,0.0,0.0,0.0
2575,2052,Mecanizado,NO,DK 234 YGRR,Algodón,NO,Manual,NO,8.0,3051.162791,4.0,47.0,84.0,60000,7,0,0,0,0,0,0,0,0,0,0,1,0,0,0,0,0,0.0,0.0,92.0,0,0.0,0.0,0,0.0,0.0,0,0,0,0,0,2,1.0,PLANO O LLANO,PLANO,2.0,5.5,SIN ROCAS,NO,-1.0,-1.0,SI,-1.0,NO,GRANULAR,NO,NO,NO HAY,LA MANANA Y LA TARDE,POCO MARCADAS,NO HAY,NO,SI,36.0,MUY AFECTADAS,NO,NO,SI,NO,ESPACIADO,36.0,LENTO A MUY LENTO,NINGUNO,0.0,35.0,0.0,0.0,0.0,0.0,0.0,0.0,0.0,65.0,0.0,100.0,0.0,0.0,0.0,0.0,0.0,0.0,0.0
2576,2200,Mecanizado,NO,DK 234 YGRR,Algodón,NO,Manual,NO,1.5,3813.953488,4.0,48.0,82.0,55000,10,0,0,0,0,0,0,0,0,0,0,1,0,0,0,1,0,0.0,0.0,92.0,0,0.0,0.0,0,0.0,0.0,0,0,0,0,0,2,2.0,PLANO O LLANO,PLANO,2.0,6.0,SIN ROCAS,NO,-1.0,-1.0,SI,-1.0,NO,GRANULAR,NO,NO,NO HAY,LA MANANA Y LA TARDE,NO HAY,NO HAY,NO,SI,23.0,MUY AFECTADAS,NO,NO,SI,NO,REGULAR,25.0,LENTO A MUY LENTO,NINGUNO,0.0,36.67,0.0,0.0,0.0,0.0,63.33,0.0,0.0,0.0,0.0,100.0,0.0,0.0,0.0,0.0,0.0,0.0,0.0
2577,2401,Mecanizado,SI,PAC 105,Algodón,SI,Manual,SI,2.0,4651.162791,5.0,48.0,69.0,65000,12,0,0,0,0,0,0,0,0,0,0,2,0,0,0,3,0,0.0,0.0,106.5,0,0.0,37.5,0,0.0,97.5,0,0,0,0,0,3,4.0,PLANO O LLANO,PLANO,2.0,6.0,SIN ROCAS,NO,-1.0,-1.0,NO,-1.0,NO,ATERRONADA,NO,NO,NO HAY,LA MANANA Y LA TARDE,NO HAY,NO HAY,NO,SI,19.0,PLANTAS NORMALES,NO,NO,SI,NO,BUENO,60.0,BUENO,LENTO,0.0,0.0,0.0,0.0,0.0,0.0,0.0,0.0,100.0,0.0,0.0,0.0,0.0,0.0,60.0,40.0,0.0,0.0,0.0
2578,2205,Mecanizado,NO,DK 234 YGRR,Algodón,NO,Manual,NO,3.0,4004.651163,4.0,46.0,80.0,60000,7,0,0,0,0,0,0,0,0,0,0,1,0,0,0,1,0,0.0,0.0,46.0,0,0.0,0.0,0,0.0,0.0,0,0,0,0,0,1,1.0,PLANO O LLANO,PLANO,2.0,6.0,SIN ROCAS,NO,-1.0,-1.0,SI,-1.0,NO,GRANULAR,NO,NO,NO HAY,LA MANANA Y LA TARDE,NO HAY,NO HAY,NO,SI,26.0,POCO AFECTADAS,NO,NO,SI,NO,REGULAR,26.0,LENTO A MUY LENTO,NINGUNO,0.0,35.0,0.0,0.0,0.0,0.0,0.0,0.0,65.0,0.0,0.0,100.0,0.0,0.0,0.0,0.0,0.0,0.0,0.0
2579,2402,Mecanizado,NO,ADV 9339 (Syngenta),Algodón,SI,Mecanizada,NO,12.0,4837.209302,5.0,46.0,74.0,62500,12,0,0,0,0,0,0,0,0,0,0,2,0,0,0,3,0,0.0,0.0,138.0,0,0.0,0.0,0,0.0,0.0,0,0,0,0,0,2,5.0,PLANO O LLANO,PLANO,2.0,5.5,SIN ROCAS,NO,-1.0,-1.0,SI,-1.0,NO,ATERRONADA,NO,NO,NO HAY,LA MANANA Y LA TARDE,NO HAY,NO HAY,NO,SI,17.0,PLANTAS NORMALES,NO,NO,SI,NO,REGULAR,32.0,LENTO A MUY LENTO,LENTO,0.0,0.0,0.0,0.0,0.0,0.0,0.0,0.0,100.0,0.0,0.0,0.0,0.0,0.0,63.33,36.67,0.0,0.0,0.0
2580,2204,Mecanizado,NO,DK 234 YGRR,Algodón,NO,Manual,NO,2.0,4238.372093,4.0,47.0,82.0,55000,6,0,0,0,0,0,0,0,0,0,0,1,0,0,0,2,0,0.0,0.0,92.0,0,0.0,0.0,0,0.0,0.0,0,0,0,0,0,2,2.0,PLANO O LLANO,PLANO,2.0,6.0,SIN ROCAS,NO,-1.0,-1.0,SI,-1.0,NO,GRANULAR,NO,NO,NO HAY,LA MANANA Y LA TARDE,NO HAY,NO HAY,NO,SI,32.0,POCO AFECTADAS,NO,NO,SI,NO,ESPACIADO,32.0,LENTO A MUY LENTO,NINGUNO,0.0,36.67,0.0,0.0,0.0,0.0,0.0,0.0,0.0,63.33,0.0,100.0,0.0,0.0,0.0,0.0,0.0,0.0,0.0
2581,2203,Mecanizado,NO,DK 234 YGRR,Algodón,SI,Manual,NO,3.0,4576.744186,4.0,46.0,83.0,60000,10,0,0,0,0,0,0,0,0,0,0,1,0,0,0,1,0,0.0,0.0,46.0,0,0.0,0.0,0,0.0,0.0,0,0,0,0,0,1,3.0,PLANO O LLANO,PLANO,2.0,5.5,SIN ROCAS,NO,-1.0,-1.0,SI,-1.0,NO,GRANULAR,NO,NO,NO HAY,LA MANANA Y LA TARDE,NO HAY,NO HAY,NO,SI,26.0,PLANTAS NORMALES,NO,NO,SI,NO,REGULAR,26.0,LENTO A MUY LENTO,LENTO,0.0,28.33,0.0,0.0,0.0,0.0,0.0,0.0,71.67,0.0,0.0,100.0,0.0,0.0,0.0,0.0,0.0,0.0,0.0
2582,2202,Manual,NO,DK 234 YGRR,Algodón,NO,Manual,NO,1.0,3377.906977,4.0,40.0,94.0,60000,9,0,0,0,0,0,0,0,0,0,0,1,0,0,0,2,0,0.0,0.0,46.0,0,0.0,0.0,0,0.0,0.0,0,0,0,0,0,1,1.0,PLANO O LLANO,PLANO,2.0,6.0,SIN ROCAS,SI,12.0,10.0,SI,22.0,NO,GRANULAR,NO,NO,NO HAY,LA MANANA Y LA TARDE,NO HAY,NO HAY,NO,SI,23.0,POCO AFECTADAS,NO,NO,NO,NO,REGULAR,23.0,LENTO A MUY LENTO,NINGUNO,0.0,31.67,0.0,0.0,0.0,0.0,0.0,0.0,68.33,0.0,0.0,100.0,0.0,0.0,0.0,0.0,0.0,0.0,0.0
2583,2201,Mecanizado,NO,DK 234 YGRR,Algodón,NO,Manual,NO,2.5,4238.372093,3.0,50.0,78.0,55000,9,0,0,0,0,0,0,0,0,0,0,1,0,0,0,0,0,0.0,0.0,92.0,0,0.0,0.0,0,0.0,0.0,0,0,0,0,0,2,1.0,PLANO O LLANO,PLANO,2.0,5.5,SIN ROCAS,SI,19.0,10.0,SI,25.0,NO,GRANULAR,NO,NO,NO HAY,LA MANANA Y LA TARDE,NO HAY,NO HAY,NO,SI,20.0,PLANTAS NORMALES,NO,NO,SI,NO,REGULAR,20.0,LENTO A MUY LENTO,NINGUNO,0.0,46.67,0.0,0.0,0.0,0.0,0.0,0.0,53.33,0.0,0.0,100.0,0.0,0.0,0.0,0.0,0.0,0.0,0.0
2584,2214,Manual,NO,Otro,Maiz,NO,Manual,NO,1.0,2097.674419,5.0,49.0,83.0,55000,6,0,0,0,0,0,0,0,0,0,0,1,0,0,0,3,0,0.0,0.0,46.0,0,0.0,0.0,0,0.0,0.0,0,0,0,0,0,1,1.0,PLANO O LLANO,PLANO,3.0,5.0,SIN ROCAS,NO,-1.0,-1.0,SI,-1.0,NO,GRANULAR,NO,NO,NO HAY,LA MANANA Y LA TARDE,NO HAY,NO HAY,NO,SI,22.0,PLANTAS NORMALES,NO,NO,SI,NO,BUENO,48.0,LENTO A MUY LENTO,NINGUNO,0.0,78.34,0.0,0.0,0.0,0.0,0.0,0.0,21.67,0.0,0.0,100.01,0.0,0.0,0.0,0.0,0.0,0.0,0.0
2585,2216,Mecanizado,NO,PAC 105,Algodón,NO,Manual,NO,1.8,3623.255814,4.0,47.0,81.0,62000,6,0,0,0,0,0,0,0,0,0,0,1,0,0,0,3,0,0.0,0.0,115.0,0,0.0,0.0,0,0.0,0.0,0,0,0,0,0,2,1.0,PLANO O LLANO,PLANO,2.0,6.0,SIN ROCAS,NO,-1.0,-1.0,NO,-1.0,NO,GRANULAR,NO,NO,NO HAY,LA MANANA Y LA TARDE,NO HAY,NO HAY,NO,SI,23.0,POCO AFECTADAS,NO,NO,SI,NO,BUENO,60.0,BUENO,NINGUNO,0.0,0.0,31.67,0.0,0.0,0.0,68.33,0.0,0.0,0.0,0.0,100.0,0.0,0.0,0.0,0.0,0.0,0.0,0.0
2586,2215,Manual,NO,PAC 105,Algodón,NO,Manual,NO,1.5,2002.325581,5.0,44.0,84.0,55000,6,0,0,0,0,0,0,0,0,0,1,0,0,0,0,1,0,0.0,0.0,46.0,0,0.0,0.0,0,0.0,0.0,0,0,0,0,0,1,2.0,PLANO O LLANO,PLANO,2.0,6.0,SIN ROCAS,NO,-1.0,-1.0,SI,-1.0,NO,GRANULAR,NO,NO,NO HAY,LA MANANA Y LA TARDE,NO HAY,NO HAY,NO,SI,27.0,POCO AFECTADAS,NO,NO,SI,NO,BUENO,27.0,LENTO A MUY LENTO,NINGUNO,0.0,21.67,0.0,0.0,0.0,0.0,78.33,0.0,0.0,0.0,0.0,100.0,0.0,0.0,0.0,0.0,0.0,0.0,0.0
2587,2213,Manual,NO,Otro,Algodón,NO,Manual,NO,2.5,4767.44186,4.0,46.0,81.0,55000,8,0,0,0,0,0,0,0,0,0,1,0,0,0,0,1,0,0.0,0.0,115.0,0,0.0,0.0,0,0.0,0.0,0,0,0,0,0,2,1.0,PLANO O LLANO,PLANO,2.0,6.5,SIN ROCAS,NO,-1.0,-1.0,SI,-1.0,NO,GRANULAR,NO,NO,NO HAY,LA MANANA Y LA TARDE,NO HAY,NO HAY,NO,SI,26.0,POCO AFECTADAS,NO,NO,SI,NO,REGULAR,26.0,LENTO A MUY LENTO,NINGUNO,0.0,0.0,0.0,0.0,0.0,0.0,68.33,0.0,31.67,0.0,0.0,100.0,0.0,0.0,0.0,0.0,0.0,0.0,0.0
2588,2274,Mecanizado,NO,DK 234 YGRR,Maiz,NO,Manual,NO,1.5,2260.465116,4.0,47.0,85.0,55000,6,0,0,0,0,0,0,0,0,0,0,1,0,0,0,1,0,0.0,0.0,46.0,0,0.0,0.0,0,0.0,0.0,0,0,0,0,0,1,1.0,PLANO O LLANO,PLANO,2.0,6.0,SIN ROCAS,NO,-1.0,-1.0,SI,-1.0,NO,GRANULAR,NO,NO,NO HAY,LA MANANA Y LA TARDE,NO HAY,NO HAY,NO,SI,23.0,PLANTAS NORMALES,NO,NO,SI,NO,BUENO,23.0,LENTO A MUY LENTO,NINGUNO,0.0,33.33,0.0,0.0,0.0,0.0,0.0,0.0,66.67,0.0,0.0,100.0,0.0,0.0,0.0,0.0,0.0,0.0,0.0
2589,2275,Mecanizado,NO,DK 234 YGRR,Maiz,SI,Manual,NO,1.5,2383.72093,6.0,47.0,84.0,55000,8,0,0,0,0,0,0,0,0,0,0,1,0,0,0,1,0,0.0,0.0,92.0,0,0.0,0.0,0,0.0,0.0,0,0,0,0,0,2,2.0,PLANO O LLANO,PLANO,2.0,6.0,SIN ROCAS,SI,12.0,11.0,SI,25.0,NO,ATERRONADA,NO,NO,NO HAY,LA MANANA Y LA TARDE,NO HAY,NO HAY,NO,SI,12.0,MUY AFECTADAS,NO,NO,SI,NO,REGULAR,12.0,LENTO A MUY LENTO,NINGUNO,0.0,38.33,0.0,0.0,0.0,0.0,61.67,0.0,0.0,0.0,0.0,100.0,0.0,0.0,0.0,0.0,0.0,0.0,0.0
2591,2276,Mecanizado,NO,PAC 105,Maiz,SI,Manual,NO,3.0,3051.162791,5.0,47.0,82.0,55000,7,0,0,0,0,0,0,0,0,0,0,1,0,0,0,2,0,0.0,0.0,92.0,0,0.0,0.0,0,0.0,0.0,0,0,0,0,0,2,1.0,PLANO O LLANO,PLANO,2.0,5.5,SIN ROCAS,NO,-1.0,-1.0,SI,-1.0,NO,GRANULAR,NO,NO,NO HAY,LA MANANA Y LA TARDE,NO HAY,NO HAY,NO,SI,30.0,POCO AFECTADAS,NO,NO,SI,NO,BUENO,30.0,LENTO A MUY LENTO,NINGUNO,0.0,42.19,57.81,0.0,0.0,0.0,0.0,0.0,0.0,0.0,0.0,57.81,42.19,0.0,0.0,0.0,0.0,0.0,0.0
2592,2208,Mecanizado,NO,P3966 (Pioneer),Algodón,NO,Manual,SI,1.3,4290.697674,4.0,47.0,75.0,60000,9,0,0,0,0,0,0,0,0,0,1,1,0,0,0,2,0,0.0,0.0,92.0,0,0.0,0.0,0,0.0,0.0,0,0,0,0,0,2,1.0,PLANO O LLANO,PLANO,2.0,5.5,SIN ROCAS,SI,10.0,8.0,SI,21.0,NO,ATERRONADA,NO,NO,NO HAY,LA MANANA Y LA TARDE,NO HAY,NO HAY,NO,SI,13.0,POCO AFECTADAS,NO,NO,NO,NO,REGULAR,13.0,LENTO A MUY LENTO,NINGUNO,0.0,30.0,0.0,0.0,0.0,0.0,0.0,0.0,70.0,0.0,0.0,70.0,30.0,0.0,0.0,0.0,0.0,0.0,0.0
2594,2209,Mecanizado,NO,DK 234 YGRR,Algodón,NO,Manual,NO,2.5,4520.930233,3.0,46.0,87.0,60000,10,0,0,0,0,0,0,0,0,0,0,1,0,0,0,1,0,0.0,0.0,92.0,0,0.0,0.0,0,0.0,0.0,0,0,0,0,0,2,2.0,PLANO O LLANO,PLANO,2.0,6.0,SIN ROCAS,NO,-1.0,-1.0,SI,-1.0,NO,GRANULAR,NO,NO,NO HAY,LA MANANA Y LA TARDE,NO HAY,NO HAY,NO,SI,26.0,POCO AFECTADAS,NO,NO,SI,NO,BUENO,26.0,LENTO A MUY LENTO,NINGUNO,0.0,30.0,0.0,0.0,0.0,0.0,70.0,0.0,0.0,0.0,0.0,100.0,0.0,0.0,0.0,0.0,0.0,0.0,0.0
2595,2210,Mecanizado,SI,DK 234 YGRR,Algodón,NO,Manual,NO,4.0,2543.023256,4.0,46.0,78.0,60000,6,0,0,1,0,0,0,0,0,0,0,1,0,0,0,0,0,0.0,0.0,92.0,0,0.0,0.0,0,0.0,0.0,0,0,0,0,0,2,2.0,PLANO O LLANO,PLANO,2.0,5.5,SIN ROCAS,NO,-1.0,-1.0,NO,-1.0,NO,GRANULAR,NO,NO,NO HAY,LA TARDE,NO HAY,NO HAY,NO,SI,24.0,MUY AFECTADAS,NO,NO,SI,NO,REGULAR,60.0,BUENO,NINGUNO,0.0,43.33,0.0,0.0,0.0,0.0,0.0,0.0,56.67,0.0,0.0,0.0,100.0,0.0,0.0,0.0,0.0,0.0,0.0
2596,2211,Mecanizado,NO,Otro,Algodón,NO,Manual,NO,2.0,1144.186047,3.0,47.0,79.0,60000,4,0,0,0,0,0,0,0,0,0,1,1,0,0,0,1,0,0.0,0.0,69.0,0,0.0,0.0,0,0.0,0.0,0,0,0,0,0,1,1.0,PLANO O LLANO,PLANO,2.0,5.0,SIN ROCAS,NO,-1.0,-1.0,SI,-1.0,NO,GRANULAR,NO,NO,NO HAY,LA MANANA Y LA TARDE,NO HAY,NO HAY,NO,SI,23.0,MUY AFECTADAS,NO,NO,SI,NO,MUY BUENO,23.0,LENTO A MUY LENTO,NINGUNO,0.0,25.0,0.0,0.0,0.0,0.0,0.0,0.0,75.0,0.0,0.0,100.0,0.0,0.0,0.0,0.0,0.0,0.0,0.0
2597,2212,Manual,NO,Otro,Algodón,SI,Manual,NO,3.0,4004.651163,4.0,47.0,89.0,60000,4,0,0,0,0,0,0,0,0,0,1,1,0,0,0,2,0,0.0,0.0,92.0,0,0.0,0.0,0,0.0,0.0,0,0,0,0,0,2,2.0,PLANO O LLANO,PLANO,2.0,5.0,SIN ROCAS,NO,-1.0,-1.0,SI,-1.0,NO,GRANULAR,NO,NO,NO HAY,LA MANANA Y LA TARDE,NO HAY,NO HAY,NO,SI,18.0,PLANTAS NORMALES,NO,NO,SI,NO,REGULAR,20.0,LENTO A MUY LENTO,NINGUNO,0.0,30.0,0.0,0.0,0.0,0.0,0.0,0.0,70.0,0.0,0.0,100.0,0.0,0.0,0.0,0.0,0.0,0.0,0.0
2609,2422,Mecanizado,SI,Otro,Algodón,SI,Manual,NO,1.0,3337.209302,5.0,47.0,70.0,70000,14,0,0,0,0,0,0,0,0,0,2,1,0,0,0,4,0,0.0,0.0,92.0,0,0.0,0.0,0,0.0,30.0,0,0,0,0,0,3,5.0,PLANO O LLANO,PLANO,2.0,6.0,SIN ROCAS,NO,-1.0,-1.0,NO,-1.0,NO,GRANULAR,NO,NO,NO HAY,LA MANANA Y LA TARDE,NO HAY,NO HAY,NO,SI,30.0,PLANTAS NORMALES,NO,NO,SI,NO,ESPACIADO,60.0,BUENO,LENTO,0.0,0.0,0.0,0.0,0.0,0.0,0.0,0.0,100.0,0.0,0.0,0.0,0.0,0.0,100.0,0.0,0.0,0.0,0.0
2618,2322,Mecanizado,SI,DK 234 YGRR,Algodón,NO,Manual,NO,3.0,3767.44186,5.0,46.0,87.0,60000,5,0,0,0,0,0,0,0,0,0,0,1,0,0,0,0,0,0.0,0.0,46.0,0,0.0,0.0,0,0.0,0.0,0,0,0,0,0,1,1.0,PLANO O LLANO,PLANO,2.0,5.5,SIN ROCAS,NO,-1.0,-1.0,SI,-1.0,NO,GRANULAR,NO,NO,NO HAY,LA MANANA Y LA TARDE,NO HAY,NO HAY,NO,SI,27.0,POCO AFECTADAS,NO,NO,SI,NO,REGULAR,27.0,LENTO A MUY LENTO,NINGUNO,0.0,36.67,0.0,0.0,0.0,0.0,0.0,0.0,63.33,0.0,0.0,63.33,36.67,0.0,0.0,0.0,0.0,0.0,0.0
2619,2321,Mecanizado,NO,DK 234 YGRR,Algodón,SI,Manual,NO,5.0,3955.813953,4.0,47.0,82.0,55000,8,0,0,0,0,0,0,0,0,0,0,1,0,0,0,2,0,0.0,0.0,46.0,0,0.0,0.0,0,0.0,0.0,0,0,0,0,0,1,1.0,PLANO O LLANO,PLANO,2.0,6.0,SIN ROCAS,NO,-1.0,-1.0,SI,-1.0,NO,GRANULAR,NO,NO,NO HAY,LA MANANA Y LA TARDE,NO HAY,NO HAY,NO,SI,21.0,POCO AFECTADAS,NO,NO,SI,NO,BUENO,35.0,LENTO A MUY LENTO,NINGUNO,0.0,45.0,0.0,0.0,0.0,0.0,0.0,0.0,55.0,0.0,0.0,100.0,0.0,0.0,0.0,0.0,0.0,0.0,0.0
2620,2320,Mecanizado,SI,PIONEER 30F35 HRR,Algodón,NO,Manual,NO,7.0,4709.302326,3.0,48.0,85.0,60000,8,0,0,0,0,0,0,0,0,0,0,1,0,0,0,1,0,0.0,0.0,46.0,0,0.0,0.0,0,0.0,0.0,0,0,0,0,0,1,1.0,PLANO O LLANO,PLANO,2.0,5.5,SIN ROCAS,NO,-1.0,-1.0,SI,-1.0,NO,GRANULAR,NO,NO,NO HAY,LA MANANA Y LA TARDE,NO HAY,NO HAY,NO,SI,20.0,PLANTAS NORMALES,NO,NO,SI,NO,BUENO,22.0,LENTO A MUY LENTO,NINGUNO,0.0,0.0,0.0,0.0,0.0,0.0,71.67,0.0,28.33,0.0,0.0,100.0,0.0,0.0,0.0,0.0,0.0,0.0,0.0
2621,2319,Mecanizado,SI,DK 234 YGRR,Algodón,NO,Manual,NO,2.0,4958.139535,5.0,48.0,82.0,60000,8,0,0,1,0,0,0,0,0,0,0,1,0,0,0,1,0,0.0,0.0,115.0,0,0.0,0.0,0,0.0,30.0,0,0,0,0,0,4,2.0,PLANO O LLANO,PLANO,2.0,5.5,SIN ROCAS,NO,-1.0,-1.0,SI,-1.0,NO,GRANULAR,NO,NO,NO HAY,LA MANANA Y LA TARDE,NO HAY,NO HAY,NO,SI,23.0,PLANTAS NORMALES,NO,NO,SI,NO,ESPACIADO,23.0,LENTO A MUY LENTO,NINGUNO,0.0,33.33,66.67,0.0,0.0,0.0,0.0,0.0,0.0,0.0,0.0,100.0,0.0,0.0,0.0,0.0,0.0,0.0,0.0
2622,2318,Mecanizado,NO,DK 234 YGRR,Algodón,NO,Manual,NO,1.5,2383.72093,4.0,46.0,82.0,55000,6,0,0,0,0,0,0,0,0,0,0,1,0,0,0,1,0,0.0,0.0,46.0,0,0.0,0.0,0,0.0,0.0,0,0,0,0,0,2,2.0,PLANO O LLANO,PLANO,2.0,6.0,SIN ROCAS,SI,13.0,8.0,SI,31.0,NO,GRANULAR,NO,NO,NO HAY,LA MANANA Y LA TARDE,POCO MARCADAS,NO HAY,NO,SI,27.0,PLANTAS NORMALES,NO,NO,NO,NO,BUENO,27.0,LENTO A MUY LENTO,NINGUNO,0.0,48.33,51.67,0.0,0.0,0.0,0.0,0.0,0.0,0.0,0.0,100.0,0.0,0.0,0.0,0.0,0.0,0.0,0.0
2623,2288,Mecanizado,SI,DK 234 YGRR,Algodón,NO,Manual,NO,4.0,2383.72093,4.0,48.0,83.0,60000,9,0,0,0,0,0,0,0,0,0,0,1,0,0,0,1,0,0.0,0.0,92.0,0,0.0,0.0,0,0.0,0.0,0,0,0,0,0,2,1.0,PLANO O LLANO,PLANO,2.0,5.5,SIN ROCAS,NO,-1.0,-1.0,SI,-1.0,NO,GRANULAR,NO,SI,NO HAY,LA MANANA Y LA TARDE,NO HAY,NO HAY,NO,SI,21.0,PLANTAS NORMALES,NO,NO,SI,NO,ESPACIADO,21.0,LENTO A MUY LENTO,NINGUNO,0.0,28.33,0.0,0.0,0.0,0.0,0.0,0.0,71.67,0.0,0.0,100.0,0.0,0.0,0.0,0.0,0.0,0.0,0.0
2624,2286,Mecanizado,SI,DK 234 YGRR,Algodón,NO,Mecanizada,NO,4.0,3861.627907,4.0,48.0,78.0,55000,6,0,0,0,0,0,0,0,0,0,0,1,0,0,0,1,0,0.0,0.0,92.0,0,0.0,0.0,0,0.0,0.0,0,0,0,0,0,2,2.0,PLANO O LLANO,PLANO,2.0,5.5,SIN ROCAS,NO,-1.0,-1.0,NO,-1.0,NO,GRANULAR,NO,NO,NO HAY,LA MANANA Y LA TARDE,NO HAY,NO HAY,NO,SI,13.0,POCO AFECTADAS,NO,NO,SI,NO,ESPACIADO,60.0,BUENO,NINGUNO,0.0,0.0,51.67,48.33,0.0,0.0,0.0,0.0,0.0,0.0,0.0,100.0,0.0,0.0,0.0,0.0,0.0,0.0,0.0
2626,2285,Mecanizado,SI,DK 234 YGRR,Algodón,NO,Manual,NO,3.0,2193.023256,4.0,48.0,81.0,55000,9,0,0,0,0,0,0,0,0,0,0,1,0,0,0,1,0,0.0,0.0,46.0,0,0.0,0.0,0,0.0,0.0,0,0,0,0,0,1,1.0,PLANO O LLANO,PLANO,2.0,6.0,SIN ROCAS,NO,-1.0,-1.0,SI,-1.0,NO,GRANULAR,NO,SI,NO HAY,LA MANANA Y LA TARDE,NO HAY,NO HAY,NO,SI,17.0,PLANTAS NORMALES,NO,NO,SI,NO,ESPACIADO,25.0,LENTO A MUY LENTO,NINGUNO,0.0,0.0,0.0,0.0,0.0,0.0,63.33,0.0,36.67,0.0,0.0,100.0,0.0,0.0,0.0,0.0,0.0,0.0,0.0
2628,2284,Mecanizado,SI,DK 234 YGRR,Algodón,NO,Mecanizada,NO,3.5,2919.767442,4.0,17.0,109.0,60000,10,0,0,0,0,0,0,0,0,0,0,1,0,0,0,0,0,0.0,0.0,46.0,0,0.0,0.0,0,0.0,0.0,0,0,0,0,0,1,2.0,PLANO O LLANO,PLANO,2.0,6.5,SIN ROCAS,NO,-1.0,-1.0,NO,-1.0,NO,GRANULAR,NO,SI,NO HAY,LA MANANA Y LA TARDE,NO HAY,NO HAY,NO,SI,18.0,POCO AFECTADAS,NO,NO,SI,NO,ESPACIADO,60.0,BUENO,NINGUNO,0.0,40.0,0.0,0.0,0.0,0.0,0.0,0.0,60.0,0.0,0.0,100.0,0.0,0.0,0.0,0.0,0.0,0.0,0.0
2629,2283,Mecanizado,SI,PAC 105,Algodón,SI,Mecanizada,NO,7.0,2002.325581,5.0,46.0,90.0,60000,4,0,0,0,0,0,0,0,0,0,1,1,0,0,0,2,0,0.0,0.0,92.0,0,0.0,0.0,0,0.0,0.0,0,0,0,0,0,2,2.0,PLANO O LLANO,PLANO,2.0,6.0,SIN ROCAS,NO,-1.0,-1.0,SI,-1.0,NO,GRANULAR,NO,SI,NO HAY,LA MANANA Y LA TARDE,NO HAY,NO HAY,NO,SI,21.0,POCO AFECTADAS,NO,NO,SI,NO,ESPACIADO,33.0,LENTO A MUY LENTO,NINGUNO,0.0,53.33,46.67,0.0,0.0,0.0,0.0,0.0,0.0,0.0,0.0,100.0,0.0,0.0,0.0,0.0,0.0,0.0,0.0
2630,2282,Mecanizado,SI,DK 234 YGRR,Algodón,SI,Manual,SI,20.0,3337.209302,4.0,47.0,82.0,55000,14,0,0,0,0,0,0,0,0,0,1,0,0,0,0,2,0,0.0,0.0,46.0,0,0.0,0.0,0,0.0,0.0,0,0,0,0,0,1,1.0,PLANO O LLANO,PLANO,2.0,6.0,SIN ROCAS,NO,-1.0,-1.0,SI,-1.0,NO,GRANULAR,NO,SI,NO HAY,LA MANANA Y LA TARDE,NO HAY,POCO MARCADAS,NO,SI,19.0,POCO AFECTADAS,NO,NO,SI,NO,REGULAR,22.0,LENTO A MUY LENTO,NINGUNO,0.0,31.67,0.0,0.0,0.0,0.0,0.0,0.0,68.33,0.0,0.0,100.0,0.0,0.0,0.0,0.0,0.0,0.0,0.0
2632,2280,Mecanizado,NO,DK 234 YGRR,Algodón,NO,Manual,NO,1.5,2260.465116,4.0,46.0,79.0,55000,4,0,0,0,0,0,0,0,0,0,0,2,0,0,0,1,0,0.0,0.0,46.0,0,0.0,0.0,0,0.0,0.0,0,0,0,0,0,1,1.0,PLANO O LLANO,PLANO,2.0,6.0,SIN ROCAS,NO,-1.0,-1.0,SI,-1.0,NO,GRANULAR,NO,SI,NO HAY,LA MANANA Y LA TARDE,NO HAY,NO HAY,NO,SI,26.0,POCO AFECTADAS,NO,NO,SI,NO,ESPACIADO,32.0,LENTO A MUY LENTO,NINGUNO,0.0,50.0,0.0,0.0,0.0,0.0,0.0,0.0,0.0,50.0,0.0,100.0,0.0,0.0,0.0,0.0,0.0,0.0,0.0
2633,2287,Mecanizado,NO,PAC 105,Algodón,NO,Manual,NO,1.0,2072.093023,4.0,46.0,79.0,"0     NaN
1     NaN
2     NaN
3     NaN
4     NaN
       ..
993   NaN
994   NaN
995   NaN
996   NaN
997   NaN
Name: AREA, Length: 882, dtype: float64",13,0,0,0,0,0,0,0,0,0,1,1,0,0,0,2,0,0.0,0.0,92.0,0,0.0,0.0,0,0.0,0.0,0,0,0,0,0,2,2.0,PLANO O LLANO,PLANO,2.0,6.0,SIN ROCAS,NO,-1.0,-1.0,SI,-1.0,NO,ATERRONADA,NO,SI,NO HAY,LA MANANA Y LA TARDE,NO HAY,NO HAY,NO,SI,21.0,POCO AFECTADAS,NO,NO,SI,NO,ESPACIADO,21.0,LENTO A MUY LENTO,NINGUNO,70.0,0.0,30.0,0.0,0.0,0.0,0.0,0.0,0.0,0.0,0.0,100.0,0.0,0.0,0.0,0.0,0.0,0.0,0.0
2635,2436,Mecanizado,NO,NK254 (Syngenta),Algodón,SI,Manual,NO,1.0,3337.209302,5.0,46.0,66.0,70000,14,0,0,0,0,0,0,0,0,0,2,1,0,0,0,3,0,0.0,0.0,92.0,0,0.0,0.0,0,0.0,0.0,0,0,0,0,0,2,5.0,PLANO O LLANO,PLANO,2.0,6.0,SIN ROCAS,NO,-1.0,-1.0,NO,-1.0,NO,GRANULAR,NO,NO,NO HAY,LA MANANA Y LA TARDE,NO HAY,NO HAY,NO,SI,32.0,PLANTAS NORMALES,NO,NO,SI,NO,ESPACIADO,60.0,BUENO,LENTO,0.0,0.0,0.0,0.0,0.0,0.0,0.0,0.0,100.0,0.0,0.0,0.0,0.0,0.0,100.0,0.0,0.0,0.0,0.0
2636,2437,Mecanizado,SI,NK254 (Syngenta),Algodón,SI,Manual,SI,2.0,2947.674419,5.0,46.0,60.0,71000,14,0,0,0,0,0,0,0,0,0,2,2,0,0,0,5,0,0.0,0.0,103.5,0,0.0,0.0,0,0.0,30.0,0,0,0,0,0,3,5.0,PLANO O LLANO,PLANO,3.0,5.5,SIN ROCAS,NO,-1.0,-1.0,SI,-1.0,NO,GRANULAR,NO,NO,NO HAY,LA MANANA Y LA TARDE,NO HAY,NO HAY,NO,SI,28.0,PLANTAS NORMALES,NO,NO,SI,SI,BUENO,43.0,LENTO A MUY LENTO,LENTO,0.0,0.0,0.0,0.0,0.0,0.0,0.0,0.0,71.66,28.33,0.0,0.0,0.0,0.0,99.99,0.0,0.0,0.0,0.0
2637,2438,Mecanizado,SI,PAC 105,Algodón,SI,Manual,SI,4.0,2947.674419,5.0,47.0,66.0,71000,14,0,0,0,0,0,0,0,0,0,2,2,0,0,0,6,0,0.0,0.0,92.0,0,0.0,0.0,0,0.0,30.0,0,0,0,0,0,3,5.0,PLANO O LLANO,PLANO,3.0,5.5,SIN ROCAS,NO,-1.0,-1.0,SI,-1.0,NO,GRANULAR,NO,NO,NO HAY,LA MANANA Y LA TARDE,NO HAY,NO HAY,NO,SI,30.0,PLANTAS NORMALES,NO,NO,SI,SI,BUENO,44.0,LENTO A MUY LENTO,LENTO,0.0,0.0,0.0,0.0,0.0,0.0,0.0,0.0,73.34,26.67,0.0,0.0,0.0,0.0,100.01,0.0,0.0,0.0,0.0
2641,2439,Mecanizado,NO,P3966 (Pioneer),Algodón,SI,Manual,SI,1.5,4238.372093,5.0,47.0,84.0,70000,16,0,0,1,0,0,0,0,0,0,2,1,0,0,1,3,0,0.0,0.0,92.0,0,0.0,0.0,0,0.0,60.0,0,0,0,0,0,4,4.0,PLANO O LLANO,PLANO,2.0,5.5,SIN ROCAS,NO,-1.0,-1.0,NO,-1.0,NO,GRANULAR,NO,NO,NO HAY,LA MANANA Y LA TARDE,NO HAY,NO HAY,NO,SI,24.0,PLANTAS NORMALES,NO,NO,SI,NO,ESPACIADO,60.0,BUENO,LENTO,0.0,0.0,0.0,0.0,0.0,0.0,0.0,0.0,43.33,56.67,0.0,0.0,0.0,0.0,100.0,0.0,0.0,0.0,0.0
2643,2440,Mecanizado,NO,Otro,Algodón,SI,Mecanizada,NO,23.0,5953.488372,5.0,46.0,87.0,71000,15,0,0,0,0,0,0,0,0,0,2,1,0,0,1,3,0,0.0,0.0,115.0,0,0.0,0.0,0,0.0,30.0,0,0,0,0,0,3,4.0,PLANO O LLANO,PLANO,2.0,6.0,SIN ROCAS,NO,-1.0,-1.0,NO,-1.0,NO,GRANULAR,NO,NO,NO HAY,LA MANANA Y LA TARDE,NO HAY,NO HAY,NO,SI,19.0,PLANTAS NORMALES,NO,NO,SI,NO,ESPACIADO,60.0,BUENO,LENTO,0.0,0.0,0.0,0.0,0.0,0.0,0.0,0.0,100.0,0.0,0.0,0.0,0.0,0.0,100.0,0.0,0.0,0.0,0.0
2661,2444,Mecanizado,NO,PAC 105,Algodón,SI,Manual,SI,3.0,4625.581395,5.0,46.0,70.0,70000,16,0,0,1,0,0,0,0,0,0,1,0,0,0,0,1,0,0.0,0.0,96.0,0,0.0,2.5,0,0.0,60.0,0,0,0,0,0,5,4.0,PLANO O LLANO,PLANO,2.0,6.0,SIN ROCAS,NO,-1.0,-1.0,NO,-1.0,NO,GRANULAR,NO,NO,NO HAY,LA MANANA Y LA TARDE,NO HAY,NO HAY,NO,SI,18.0,PLANTAS NORMALES,NO,NO,SI,NO,ESPACIADO,60.0,BUENO,LENTO,0.0,0.0,0.0,0.0,0.0,0.0,0.0,0.0,100.0,0.0,0.0,0.0,0.0,0.0,100.0,0.0,0.0,0.0,0.0
2662,2445,Manual,NO,Otro,Algodón,SI,Manual,SI,1.3,5180.232558,5.0,47.0,73.0,71000,16,0,0,0,0,0,0,0,0,0,2,1,0,0,1,1,0,0.0,0.0,115.0,0,0.0,0.0,0,0.0,30.0,0,0,0,0,0,3,4.0,PLANO O LLANO,PLANO,3.0,6.0,SIN ROCAS,NO,-1.0,-1.0,NO,-1.0,NO,GRANULAR,NO,NO,NO HAY,LA MANANA Y LA TARDE,NO HAY,NO HAY,NO,SI,25.0,PLANTAS NORMALES,SI,NO,SI,NO,BUENO,60.0,BUENO,LENTO,0.0,0.0,0.0,0.0,0.0,0.0,0.0,0.0,68.33,0.0,31.67,31.67,68.33,0.0,0.0,0.0,0.0,0.0,0.0
2663,2446,Mecanizado,NO,Impacto (Syngenta),Algodón,SI,Mecanizada,NO,10.0,4803.488372,5.0,47.0,73.0,71000,48,0,0,0,0,0,0,0,0,0,2,1,0,0,0,1,0,0.0,12.0,109.5,0,24.0,20.0,0,12.0,15.0,0,0,0,0,1,4,5.0,ONDULADO,PLANO,2.0,5.5,SIN ROCAS,NO,-1.0,-1.0,NO,-1.0,NO,ATERRONADA,NO,NO,NO HAY,LA MANANA Y LA TARDE,NO HAY,NO HAY,NO,SI,18.0,PLANTAS NORMALES,NO,NO,SI,NO,ESPACIADO,60.0,BUENO,LENTO,0.0,0.0,0.0,0.0,0.0,0.0,0.0,0.0,100.0,0.0,0.0,0.0,0.0,0.0,61.67,38.33,0.0,0.0,0.0
2666,2448,Mecanizado,NO,PIONEER 30F35 H,Maiz,SI,Manual,SI,4.5,4651.162791,5.0,47.0,72.0,71000,55,0,0,0,0,0,0,0,0,0,2,1,0,0,0,2,0,12.0,0.0,86.5,24,0.0,20.0,12,0.0,45.0,0,0,0,1,0,5,5.0,ONDULADO,PLANO,2.0,5.0,SIN ROCAS,NO,-1.0,-1.0,NO,-1.0,NO,ATERRONADA,NO,NO,NO HAY,LA MANANA Y LA TARDE,NO HAY,NO HAY,NO,SI,21.0,PLANTAS NORMALES,NO,NO,SI,NO,ESPACIADO,60.0,BUENO,LENTO,0.0,0.0,0.0,0.0,0.0,0.0,0.0,0.0,100.0,0.0,0.0,0.0,0.0,0.0,60.0,40.0,0.0,0.0,0.0
2668,2449,Mecanizado,NO,Impacto (Syngenta),Maiz,SI,Mecanizada,SI,16.0,4651.162791,5.0,47.0,70.0,70000,54,0,0,0,0,0,0,0,0,0,2,1,0,0,0,1,0,0.0,12.0,52.0,0,24.0,20.0,0,12.0,30.0,0,0,0,0,1,3,3.0,PLANO O LLANO,PLANO,2.0,5.5,SIN ROCAS,NO,-1.0,-1.0,NO,-1.0,NO,GRANULAR,NO,NO,NO HAY,LA MANANA Y LA TARDE,NO HAY,NO HAY,NO,SI,20.0,PLANTAS NORMALES,NO,NO,SI,NO,ESPACIADO,60.0,BUENO,LENTO,0.0,0.0,0.0,0.0,0.0,0.0,0.0,0.0,100.0,0.0,0.0,0.0,0.0,0.0,100.0,0.0,0.0,0.0,0.0
2669,2450,Mecanizado,NO,Otro,Algodón,SI,Manual,SI,10.0,4409.302326,5.0,47.0,73.0,70000,72,0,0,1,0,0,0,0,0,0,1,1,0,0,1,4,0,0.0,0.0,103.5,0,0.0,0.0,0,0.0,60.0,0,0,0,0,0,4,6.0,ONDULADO,PLANO,2.0,5.5,SIN ROCAS,NO,-1.0,-1.0,NO,-1.0,NO,GRANULAR,NO,NO,NO HAY,LA MANANA Y LA TARDE,NO HAY,NO HAY,NO,SI,18.0,PLANTAS NORMALES,NO,NO,SI,NO,ESPACIADO,60.0,BUENO,LENTO,0.0,0.0,0.0,0.0,0.0,0.0,0.0,0.0,100.0,0.0,0.0,0.0,0.0,0.0,100.0,0.0,0.0,0.0,0.0
2675,2454,Mecanizado,NO,Impacto (Syngenta),Maiz,SI,Mecanizada,SI,23.0,4850.581395,5.0,48.0,83.0,71000,50,0,0,1,0,0,0,0,0,0,2,1,0,0,1,2,0,0.0,0.0,75.0,0,0.0,12.0,0,0.0,36.0,0,0,0,0,0,4,4.0,PLANO O LLANO,PLANO,2.0,5.0,SIN ROCAS,NO,-1.0,-1.0,NO,-1.0,NO,GRANULAR,NO,NO,NO HAY,LA MANANA Y LA TARDE,NO HAY,NO HAY,NO,SI,20.0,PLANTAS NORMALES,NO,NO,SI,NO,ESPACIADO,60.0,BUENO,LENTO,0.0,0.0,0.0,0.0,0.0,0.0,0.0,0.0,100.0,0.0,0.0,0.0,0.0,0.0,100.0,0.0,0.0,0.0,0.0
2678,2457,Mecanizado,NO,Impacto (Syngenta),Maiz,SI,Manual,SI,1.0,5023.255814,5.0,47.0,72.0,70000,60,0,0,0,0,0,0,0,0,0,2,1,0,0,0,1,0,0.0,0.0,80.5,0,0.0,0.0,0,0.0,30.0,0,0,0,0,0,3,5.0,PLANO O LLANO,PLANO,2.0,5.5,SIN ROCAS,NO,-1.0,-1.0,NO,-1.0,NO,GRANULAR,NO,NO,NO HAY,LA MANANA Y LA TARDE,NO HAY,NO HAY,NO,SI,22.0,PLANTAS NORMALES,NO,NO,SI,NO,ESPACIADO,60.0,BUENO,LENTO,0.0,0.0,0.0,0.0,0.0,0.0,0.0,0.0,100.0,0.0,0.0,0.0,0.0,0.0,100.0,0.0,0.0,0.0,0.0
2679,2458,Mecanizado,NO,ADV 9339 (Syngenta),Maiz,SI,Mecanizada,SI,2.5,4651.162791,5.0,46.0,79.0,70000,60,0,0,1,0,0,0,0,0,0,2,1,0,0,1,3,0,0.0,29.0,72.0,0,20.0,10.0,0,0.0,30.0,0,0,0,0,2,4,5.0,PLANO O LLANO,PLANO,2.0,5.5,SIN ROCAS,NO,-1.0,-1.0,NO,-1.0,NO,GRANULAR,NO,NO,NO HAY,LA MANANA Y LA TARDE,NO HAY,NO HAY,NO,SI,19.0,PLANTAS NORMALES,NO,NO,SI,NO,ESPACIADO,60.0,BUENO,LENTO,0.0,0.0,0.0,0.0,0.0,0.0,0.0,0.0,100.0,0.0,0.0,0.0,0.0,0.0,100.0,0.0,0.0,0.0,0.0
2680,2459,Mecanizado,NO,Impacto (Syngenta),Maiz,SI,Mecanizada,SI,25.0,4651.162791,5.0,46.0,81.0,71000,60,0,0,1,0,0,0,0,0,0,1,1,0,0,1,1,0,0.0,29.0,72.0,0,20.0,10.0,0,0.0,30.0,0,0,0,0,2,4,5.0,PLANO O LLANO,PLANO,2.0,5.0,SIN ROCAS,NO,-1.0,-1.0,NO,-1.0,NO,GRANULAR,NO,NO,NO HAY,LA MANANA Y LA TARDE,NO HAY,NO HAY,NO,SI,21.0,PLANTAS NORMALES,NO,NO,SI,NO,ESPACIADO,60.0,BUENO,LENTO,0.0,0.0,0.0,0.0,0.0,0.0,0.0,0.0,100.0,0.0,0.0,0.0,0.0,0.0,100.0,0.0,0.0,0.0,0.0
2681,2460,Mecanizado,NO,Impacto (Syngenta),Algodón,SI,Manual,SI,4.0,4615.116279,6.0,45.0,73.0,70000,61,0,0,1,0,0,0,0,0,0,0,2,0,0,0,3,0,0.0,0.0,74.6,0,0.0,13.25,0,0.0,60.0,0,0,0,0,0,6,5.0,ONDULADO,PLANO,2.0,5.0,SIN ROCAS,NO,-1.0,-1.0,NO,-1.0,NO,ATERRONADA,NO,NO,NO HAY,LA MANANA Y LA TARDE,NO HAY,NO HAY,NO,SI,17.0,PLANTAS NORMALES,NO,NO,SI,NO,ESPACIADO,60.0,BUENO,LENTO,0.0,0.0,0.0,0.0,0.0,0.0,0.0,0.0,48.33,51.67,0.0,0.0,0.0,0.0,100.0,0.0,0.0,0.0,0.0
2687,2463,Mecanizado,NO,Otro,Algodón,SI,Manual,SI,2.0,4744.186047,5.0,46.0,70.0,70000,14,0,0,0,0,0,0,0,0,0,0,1,0,0,0,0,0,0.0,0.0,92.0,0,0.0,0.0,0,0.0,75.0,0,0,0,0,0,4,4.0,PLANO O LLANO,PLANO,2.0,6.0,SIN ROCAS,NO,-1.0,-1.0,NO,-1.0,NO,GRANULAR,NO,NO,NO HAY,LA MANANA Y LA TARDE,NO HAY,NO HAY,NO,SI,19.0,PLANTAS NORMALES,NO,NO,SI,NO,ESPACIADO,60.0,BUENO,LENTO,0.0,0.0,0.0,0.0,0.0,0.0,0.0,0.0,100.0,0.0,0.0,0.0,0.0,0.0,100.0,0.0,0.0,0.0,0.0
2688,2464,Manual,NO,ICA V 305,Algodón,SI,Manual,SI,1.0,4238.372093,5.0,47.0,69.0,66000,14,0,0,0,0,0,0,0,0,0,0,1,0,0,0,1,0,0.0,0.0,69.0,0,0.0,0.0,0,0.0,30.0,0,0,0,0,0,3,5.0,PLANO O LLANO,PLANO,2.0,6.0,SIN ROCAS,NO,-1.0,-1.0,SI,-1.0,NO,GRANULAR,NO,NO,NO HAY,LA MANANA Y LA TARDE,NO HAY,NO HAY,NO,SI,31.0,PLANTAS NORMALES,SI,NO,SI,NO,ESPACIADO,31.0,LENTO A MUY LENTO,LENTO,0.0,0.0,0.0,0.0,0.0,0.0,0.0,0.0,100.0,0.0,0.0,0.0,0.0,0.0,100.0,0.0,0.0,0.0,0.0
2690,2465,Manual,NO,P4082 (Pioneer),Algodón,SI,Manual,NO,1.0,4834.883721,5.0,47.0,81.0,67000,14,0,0,1,0,0,0,0,0,0,0,1,0,0,0,0,0,0.0,0.0,69.0,0,0.0,0.0,0,0.0,30.0,0,0,0,0,0,3,5.0,PLANO O LLANO,PLANO,2.0,5.5,SIN ROCAS,NO,-1.0,-1.0,NO,-1.0,NO,GRANULAR,NO,NO,NO HAY,LA MANANA Y LA TARDE,NO HAY,NO HAY,NO,SI,22.0,PLANTAS NORMALES,SI,NO,SI,NO,ESPACIADO,60.0,BUENO,LENTO,0.0,0.0,0.0,0.0,0.0,0.0,0.0,0.0,100.0,0.0,0.0,0.0,0.0,0.0,55.0,45.0,0.0,0.0,0.0
2694,2468,Manual,NO,Otro,Algodón,SI,Manual,SI,1.0,5441.860465,5.0,47.0,83.0,70000,14,0,0,0,0,0,0,0,0,0,0,1,0,0,0,0,0,0.0,0.0,69.0,0,0.0,0.0,0,0.0,60.0,0,0,0,0,0,4,4.0,PLANO O LLANO,PLANO,2.0,5.5,SIN ROCAS,NO,-1.0,-1.0,NO,-1.0,NO,GRANULAR,NO,NO,NO HAY,LA MANANA Y LA TARDE,NO HAY,NO HAY,NO,SI,24.0,PLANTAS NORMALES,NO,NO,SI,NO,ESPACIADO,60.0,BUENO,LENTO,0.0,0.0,0.0,0.0,0.0,0.0,0.0,0.0,48.33,51.67,0.0,0.0,0.0,0.0,100.0,0.0,0.0,0.0,0.0
2718,2474,Mecanizado,NO,P4082 (Pioneer),Algodón,SI,Manual,SI,1.0,4767.44186,5.0,48.0,71.0,67000,14,0,0,0,0,0,0,0,0,0,1,1,0,0,0,1,0,0.0,0.0,46.0,0,0.0,0.0,0,0.0,60.0,0,0,0,0,0,4,4.0,PLANO O LLANO,PLANO,2.0,5.5,SIN ROCAS,NO,-1.0,-1.0,NO,-1.0,NO,GRANULAR,NO,NO,NO HAY,LA MANANA Y LA TARDE,NO HAY,NO HAY,NO,SI,24.0,PLANTAS NORMALES,NO,NO,SI,NO,ESPACIADO,60.0,BUENO,LENTO,0.0,0.0,0.0,0.0,0.0,0.0,0.0,0.0,48.33,51.67,0.0,0.0,0.0,0.0,100.0,0.0,0.0,0.0,0.0
2719,2475,Manual,NO,Otro,Algodón,SI,Manual,SI,1.0,4632.55814,5.0,48.0,77.0,68000,14,0,0,0,0,0,0,0,0,0,0,1,0,0,0,1,0,0.0,0.0,92.0,0,0.0,0.0,0,0.0,0.0,0,0,0,0,0,2,4.0,PLANO O LLANO,PLANO,2.0,5.0,SIN ROCAS,NO,-1.0,-1.0,NO,-1.0,NO,GRANULAR,NO,NO,NO HAY,LA MANANA Y LA TARDE,NO HAY,NO HAY,NO,SI,25.0,PLANTAS NORMALES,SI,NO,SI,NO,ESPACIADO,60.0,BUENO,LENTO,0.0,0.0,0.0,0.0,0.0,0.0,0.0,0.0,46.67,53.33,0.0,0.0,0.0,0.0,100.0,0.0,0.0,0.0,0.0
2721,2477,Manual,NO,P4082 (Pioneer),Algodón,SI,Manual,SI,1.0,4651.162791,5.0,47.0,66.0,71000,13,0,0,0,0,0,0,0,0,0,0,1,0,0,0,0,0,0.0,0.0,80.5,0,0.0,0.0,0,0.0,30.0,0,0,0,0,0,3,5.0,PLANO O LLANO,PLANO,2.0,5.5,SIN ROCAS,NO,-1.0,-1.0,NO,-1.0,NO,GRANULAR,NO,NO,NO HAY,LA MANANA Y LA TARDE,NO HAY,NO HAY,NO,SI,23.0,PLANTAS NORMALES,NO,NO,SI,NO,ESPACIADO,60.0,BUENO,LENTO,0.0,0.0,0.0,0.0,0.0,0.0,0.0,0.0,100.0,0.0,0.0,0.0,0.0,0.0,55.0,45.0,0.0,0.0,0.0
2722,2478,Mecanizado,NO,Otro,Algodón,SI,Manual,SI,1.0,4576.744186,5.0,47.0,76.0,65000,13,0,0,0,0,0,0,0,0,0,0,1,0,0,0,1,0,0.0,0.0,92.0,0,0.0,0.0,0,0.0,30.0,0,0,0,0,0,3,4.0,PLANO O LLANO,PLANO,2.0,5.5,SIN ROCAS,NO,-1.0,-1.0,NO,-1.0,NO,GRANULAR,NO,NO,NO HAY,LA MANANA Y LA TARDE,NO HAY,NO HAY,NO,SI,20.0,PLANTAS NORMALES,NO,NO,SI,NO,ESPACIADO,60.0,BUENO,LENTO,0.0,0.0,0.0,0.0,0.0,0.0,0.0,0.0,38.33,61.67,0.0,0.0,0.0,0.0,61.67,38.33,0.0,0.0,0.0
2723,2479,Mecanizado,NO,P3966 (Pioneer),Algodón,SI,Manual,NO,7.0,4684.883721,5.0,46.0,84.0,71000,16,0,0,1,0,0,0,0,0,0,2,1,0,0,1,3,0,0.0,0.0,68.75,0,0.0,8.75,0,0.0,72.5,0,0,0,0,0,2,5.0,PLANO O LLANO,LADERA PLANA,2.0,6.0,SIN ROCAS,NO,-1.0,-1.0,NO,-1.0,NO,GRANULAR,NO,NO,NO HAY,LA MANANA Y LA TARDE,NO HAY,NO HAY,NO,SI,25.0,PLANTAS NORMALES,NO,NO,SI,NO,ESPACIADO,60.0,BUENO,LENTO,0.0,0.0,0.0,0.0,0.0,0.0,0.0,0.0,100.0,0.0,0.0,0.0,0.0,0.0,51.67,48.33,0.0,0.0,0.0
2733,2504,Manual,NO,Impacto (Syngenta),Maiz,SI,Manual,SI,1.0,4632.55814,5.0,46.0,74.0,70000,15,0,0,0,0,0,0,0,0,0,1,1,0,0,1,0,0,0.0,0.0,86.0,0,0.0,0.0,0,0.0,0.0,0,0,0,0,0,2,4.0,PLANO O LLANO,PLANO,3.0,6.5,SIN ROCAS,NO,-1.0,-1.0,SI,-1.0,NO,GRANULAR,NO,NO,NO HAY,LA MANANA Y LA TARDE,NO HAY,NO HAY,NO,SI,31.0,PLANTAS NORMALES,SI,NO,SI,SI,ESPACIADO,43.0,LENTO A MUY LENTO,LENTO,0.0,0.0,0.0,0.0,0.0,0.0,0.0,0.0,100.0,0.0,0.0,0.0,0.0,0.0,100.0,0.0,0.0,0.0,0.0
2735,2506,Mecanizado,SI,Otro,Algodón,SI,Manual,SI,2.0,4672.093023,5.0,46.0,73.0,71000,14,0,0,0,0,0,0,0,0,0,1,1,0,0,1,3,0,0.0,0.0,86.0,0,0.0,0.0,0,0.0,0.0,0,0,0,0,0,2,4.0,PLANO O LLANO,PLANO,3.0,6.0,SIN ROCAS,NO,-1.0,-1.0,SI,-1.0,NO,GRANULAR,NO,NO,NO HAY,LA MANANA Y LA TARDE,NO HAY,NO HAY,NO,SI,35.0,PLANTAS NORMALES,SI,NO,NO,NO,REGULAR,45.0,LENTO A MUY LENTO,LENTO,0.0,0.0,0.0,0.0,0.0,0.0,0.0,0.0,73.33,26.67,0.0,0.0,0.0,0.0,100.0,0.0,0.0,0.0,0.0
2736,2495,Mecanizado,SI,DK 234,Maiz,SI,Manual,SI,4.0,4481.395349,6.0,46.0,77.0,80000,12,0,0,0,0,0,0,0,0,0,0,0,0,0,0,1,0,0.0,0.0,161.0,0,0.0,0.0,0,0.0,60.0,0,0,0,0,0,2,1.0,PLANO O LLANO,PLANO,2.0,6.0,SIN ROCAS,NO,-1.0,-1.0,NO,-1.0,NO,GRANULAR,NO,NO,NO HAY,LA MANANA Y LA TARDE,NO HAY,NO HAY,NO,SI,30.0,PLANTAS NORMALES,SI,NO,SI,NO,BUENO,50.0,BUENO,NINGUNO,0.0,0.0,0.0,0.0,0.0,0.0,100.0,0.0,0.0,0.0,0.0,0.0,0.0,0.0,100.0,0.0,0.0,0.0,0.0
2737,2481,Mecanizado,SI,DK 234,Maiz,SI,Manual,SI,4.0,3813.953488,6.0,45.0,77.0,54000,11,0,0,0,0,0,0,0,0,0,0,0,0,0,0,0,0,0.0,0.0,184.0,0,0.0,0.0,0,0.0,120.0,0,0,0,0,0,4,1.0,PLANO O LLANO,PLANO,2.0,5.0,SIN ROCAS,SI,30.0,10.0,NO,,NO,GRANULAR,NO,NO,NO HAY,LA MANANA Y LA TARDE,NO HAY,NO HAY,NO,SI,20.0,PLANTAS NORMALES,NO,NO,SI,NO,REGULAR,30.0,BUENO,NINGUNO,0.0,40.0,0.0,0.0,0.0,0.0,0.0,0.0,60.0,0.0,0.0,0.0,100.0,0.0,0.0,0.0,0.0,0.0,0.0
2738,2487,Mecanizado,NO,DK 234,Maiz,SI,Manual,SI,2.0,4004.651163,5.0,46.0,82.0,72000,10,0,0,0,0,0,0,0,0,0,0,0,0,0,0,0,0,0.0,0.0,138.0,0,0.0,0.0,0,0.0,60.0,0,0,0,0,0,2,1.0,PLANO O LLANO,PLANO,2.0,6.0,SIN ROCAS,NO,-1.0,-1.0,NO,-1.0,NO,GRANULAR,NO,NO,NO HAY,LA MANANA Y LA TARDE,NO HAY,NO HAY,NO,SI,30.0,PLANTAS NORMALES,NO,NO,SI,SI,BUENO,50.0,BUENO,NINGUNO,0.0,0.0,0.0,0.0,0.0,0.0,100.0,0.0,0.0,0.0,0.0,0.0,0.0,0.0,100.0,0.0,0.0,0.0,0.0
2739,2488,Mecanizado,SI,P3966 (Pioneer),Maiz,SI,Manual,SI,1.0,3813.953488,5.0,45.0,81.0,72000,10,0,0,0,0,0,0,0,0,0,0,0,0,0,0,1,0,0.0,0.0,92.0,0,0.0,0.0,0,0.0,60.0,0,0,0,0,0,2,1.0,PLANO O LLANO,PLANO,1.0,5.5,SIN ROCAS,SI,35.0,5.0,NO,,NO,GRANULAR,NO,NO,NO HAY,LA MANANA Y LA TARDE,NO HAY,NO HAY,NO,SI,30.0,PLANTAS NORMALES,SI,NO,SI,SI,BUENO,35.0,BUENO,NINGUNO,0.0,0.0,0.0,0.0,0.0,0.0,100.0,0.0,0.0,0.0,0.0,0.0,0.0,0.0,100.0,0.0,0.0,0.0,0.0
2740,2484,Mecanizado,NO,PAC 105,Algodón,NO,Manual,SI,1.5,3813.953488,5.0,45.0,88.0,60000,10,0,0,0,0,0,0,0,0,0,0,0,0,0,0,1,0,0.0,0.0,138.0,0,0.0,0.0,0,0.0,60.0,0,0,0,0,0,2,1.0,PLANO O LLANO,PLANO,2.0,5.0,SIN ROCAS,SI,20.0,6.0,NO,,NO,ATERRONADA,NO,NO,NO HAY,LA MANANA Y LA TARDE,NO HAY,NO HAY,NO,SI,20.0,POCO AFECTADAS,SI,NO,NO,SI,REGULAR,20.0,BUENO,NINGUNO,0.0,0.0,0.0,0.0,100.0,0.0,0.0,0.0,0.0,0.0,0.0,0.0,100.0,0.0,0.0,0.0,0.0,0.0,0.0
2741,2485,Mecanizado,SI,DK 234,Algodón,NO,Manual,SI,2.0,4386.046512,6.0,44.0,92.0,65000,11,0,0,0,0,0,0,0,0,0,0,0,0,0,0,0,0,0.0,0.0,230.0,0,0.0,0.0,0,0.0,60.0,0,0,0,0,0,3,1.0,PLANO O LLANO,PLANO,2.0,6.0,SIN ROCAS,SI,30.0,10.0,NO,,NO,ATERRONADA,NO,NO,NO HAY,LA MANANA Y LA TARDE,NO HAY,NO HAY,NO,SI,30.0,PLANTAS NORMALES,SI,NO,NO,SI,BUENO,30.0,BUENO,NINGUNO,0.0,0.0,0.0,0.0,0.0,0.0,40.0,0.0,60.0,0.0,0.0,0.0,100.0,0.0,0.0,0.0,0.0,0.0,0.0
2746,2482,Mecanizado,NO,DK 234,Algodón,NO,Manual,SI,9.5,4081.395349,5.0,45.0,77.0,60000,12,0,0,0,0,0,0,0,0,0,0,0,0,0,0,1,0,0.0,0.0,115.0,0,0.0,0.0,0,0.0,150.0,0,0,0,0,0,4,1.0,PLANO O LLANO,PLANO,2.0,5.5,SIN ROCAS,NO,-1.0,-1.0,NO,-1.0,NO,ATERRONADA,NO,NO,NO HAY,LA MANANA Y LA TARDE,NO HAY,NO HAY,NO,SI,30.0,PLANTAS NORMALES,SI,NO,SI,SI,BUENO,50.0,BUENO,NINGUNO,0.0,0.0,0.0,0.0,0.0,0.0,40.0,0.0,60.0,0.0,0.0,0.0,60.0,0.0,40.0,0.0,0.0,0.0,0.0
2747,2483,Mecanizado,NO,P3966 (Pioneer),Algodón,NO,Manual,SI,13.0,4186.046512,5.0,26.0,100.0,65000,10,0,0,0,0,0,0,0,0,0,0,0,0,0,0,0,0,0.0,0.0,92.0,0,0.0,0.0,0,0.0,120.0,0,0,0,0,0,4,1.0,PLANO O LLANO,PLANO,1.0,4.5,SIN ROCAS,SI,30.0,8.0,NO,,NO,GRANULAR,NO,NO,NO HAY,LA MANANA Y LA TARDE,NO HAY,NO HAY,NO,SI,25.0,PLANTAS NORMALES,SI,NO,SI,NO,BUENO,30.0,BUENO,NINGUNO,0.0,0.0,0.0,0.0,0.0,0.0,100.0,0.0,0.0,0.0,0.0,0.0,0.0,0.0,100.0,0.0,0.0,0.0,0.0
2748,2486,Manual,NO,DK 234,Maiz,SI,Manual,SI,1.0,3906.976744,5.0,46.0,80.0,50000,11,0,0,0,0,0,0,0,0,0,0,0,0,0,0,0,0,0.0,0.0,46.0,0,0.0,0.0,0,0.0,60.0,0,0,0,0,0,2,1.0,PLANO O LLANO,PLANO,2.0,5.5,SIN ROCAS,NO,-1.0,-1.0,NO,-1.0,NO,GRANULAR,NO,NO,NO HAY,LA MANANA Y LA TARDE,NO HAY,NO HAY,NO,SI,30.0,PLANTAS NORMALES,NO,NO,SI,SI,BUENO,50.0,BUENO,NINGUNO,0.0,0.0,0.0,0.0,100.0,0.0,0.0,0.0,0.0,0.0,0.0,0.0,100.0,0.0,0.0,0.0,0.0,0.0,0.0
2750,2490,Manual,SI,Impacto (Syngenta),Algodón,SI,Manual,SI,3.0,3627.906977,6.0,40.0,88.0,60000,11,0,0,0,0,0,0,0,0,0,0,0,0,0,0,0,0,0.0,0.0,184.0,0,0.0,0.0,0,0.0,0.0,0,0,0,0,0,2,1.0,PLANO O LLANO,PLANO,1.0,4.5,SIN ROCAS,NO,-1.0,-1.0,NO,-1.0,NO,ATERRONADA,NO,NO,NO HAY,LA MANANA Y LA TARDE,NO HAY,NO HAY,NO,SI,35.0,PLANTAS NORMALES,NO,NO,SI,NO,BUENO,40.0,BUENO,NINGUNO,0.0,0.0,0.0,0.0,100.0,0.0,0.0,0.0,0.0,0.0,0.0,0.0,100.0,0.0,0.0,0.0,0.0,0.0,0.0
2751,2491,Manual,NO,DK 234,Maiz,SI,Manual,SI,1.0,3720.930233,4.0,41.0,85.0,50000,10,0,0,0,0,0,0,0,0,0,0,0,0,0,0,0,0,0.0,0.0,46.0,0,0.0,0.0,0,0.0,0.0,0,0,0,0,0,1,1.0,PLANO O LLANO,PLANO,2.0,6.0,SIN ROCAS,NO,-1.0,-1.0,NO,-1.0,NO,GRANULAR,NO,NO,NO HAY,LA MANANA Y LA TARDE,NO HAY,NO HAY,NO,SI,30.0,PLANTAS NORMALES,SI,NO,SI,NO,BUENO,55.0,BUENO,NINGUNO,0.0,0.0,0.0,0.0,0.0,0.0,45.45,0.0,54.55,0.0,0.0,0.0,0.0,0.0,100.0,0.0,0.0,0.0,0.0
2752,2492,Manual,NO,DK 234,Maiz,SI,Manual,SI,2.5,3906.976744,5.0,45.0,81.0,60000,11,0,0,0,0,0,0,0,0,0,0,0,0,0,0,0,0,0.0,0.0,92.0,0,0.0,0.0,0,0.0,60.0,0,0,0,0,0,2,1.0,PLANO O LLANO,PLANO,1.0,5.5,SIN ROCAS,SI,35.0,10.0,NO,,NO,ATERRONADA,NO,NO,POCO MARCADAS,LA MANANA Y LA TARDE,NO HAY,NO HAY,NO,SI,28.0,PLANTAS NORMALES,SI,NO,SI,NO,BUENO,35.0,BUENO,NINGUNO,0.0,0.0,0.0,0.0,100.0,0.0,0.0,0.0,0.0,0.0,0.0,0.0,100.0,0.0,0.0,0.0,0.0,0.0,0.0
2754,2494,Manual,NO,DK 234,Algodón,NO,Manual,SI,3.0,4000.0,5.0,45.0,82.0,60000,11,0,0,0,0,0,0,0,0,0,0,0,0,0,0,0,0,0.0,0.0,138.0,0,0.0,0.0,0,0.0,60.0,0,0,0,0,0,3,1.0,PLANO O LLANO,PLANO,2.0,5.0,SIN ROCAS,NO,-1.0,-1.0,NO,-1.0,NO,ATERRONADA,NO,NO,NO HAY,LA MANANA Y LA TARDE,NO HAY,NO HAY,NO,SI,25.0,PLANTAS NORMALES,SI,NO,SI,SI,BUENO,60.0,BUENO,NINGUNO,0.0,0.0,0.0,0.0,0.0,0.0,0.0,0.0,33.33,66.67,0.0,0.0,100.0,0.0,0.0,0.0,0.0,0.0,0.0
2757,2498,Mecanizado,SI,DK 234,Algodón,NO,Manual,SI,4.0,4279.069767,5.0,42.0,65.0,60000,11,0,0,0,0,0,0,0,0,0,0,0,0,0,0,1,0,0.0,0.0,92.0,0,0.0,0.0,0,0.0,0.0,0,0,0,0,0,2,1.0,PLANO O LLANO,PLANO,2.0,5.0,SIN ROCAS,SI,28.0,8.0,NO,,NO,ATERRONADA,NO,NO,POCO MARCADAS,LA MANANA Y LA TARDE,NO HAY,NO HAY,NO,SI,30.0,PLANTAS NORMALES,SI,NO,SI,NO,REGULAR,30.0,BUENO,NINGUNO,0.0,60.0,0.0,0.0,0.0,0.0,0.0,0.0,40.0,0.0,0.0,0.0,100.0,0.0,0.0,0.0,0.0,0.0,0.0
2762,2499,Mecanizado,SI,DK 234,Maiz,SI,Manual,SI,4.0,4262.790698,6.0,51.0,84.0,60000,11,0,0,0,0,0,0,0,0,0,0,1,0,0,0,0,0,0.0,0.0,230.0,0,0.0,0.0,0,0.0,60.0,0,0,0,0,0,3,1.0,PLANO O LLANO,PLANO,1.0,5.5,SIN ROCAS,SI,35.0,10.0,NO,,NO,ATERRONADA,NO,NO,POCO MARCADAS,LA MANANA Y LA TARDE,NO HAY,NO HAY,NO,SI,30.0,PLANTAS NORMALES,SI,NO,SI,NO,REGULAR,35.0,BUENO,NINGUNO,0.0,100.0,0.0,0.0,0.0,0.0,0.0,0.0,0.0,0.0,0.0,0.0,100.0,0.0,0.0,0.0,0.0,0.0,0.0
2763,2500,Mecanizado,SI,P3966 (Pioneer),Algodón,NO,Manual,SI,2.0,4558.139535,6.0,50.0,76.0,60000,10,0,0,0,0,0,0,0,0,0,0,0,0,0,0,0,0,0.0,0.0,276.0,0,0.0,0.0,0,0.0,0.0,0,0,0,0,0,3,1.0,PLANO O LLANO,PLANO,2.0,6.0,SIN ROCAS,NO,-1.0,-1.0,NO,-1.0,NO,GRANULAR,NO,NO,NO HAY,LA MANANA Y LA TARDE,NO HAY,NO HAY,NO,SI,35.0,PLANTAS NORMALES,SI,NO,SI,NO,BUENO,50.0,BUENO,NINGUNO,0.0,0.0,0.0,0.0,0.0,0.0,60.0,0.0,40.0,0.0,0.0,0.0,40.0,0.0,60.0,0.0,0.0,0.0,0.0
2766,2502,Mecanizado,NO,DK 234,Maiz,SI,Manual,SI,3.5,4081.395349,6.0,50.0,83.0,60000,13,0,0,0,0,0,0,0,0,0,0,0,0,0,0,1,0,0.0,0.0,161.0,0,0.0,0.0,0,0.0,30.0,0,0,0,0,0,3,1.3,ONDULADO,PLANO CON ONDULACIONES,2.0,6.0,SIN ROCAS,NO,-1.0,-1.0,NO,-1.0,NO,GRANULAR,NO,NO,NO HAY,LA MANANA Y LA TARDE,NO HAY,NO HAY,NO,SI,25.0,PLANTAS NORMALES,NO,NO,SI,SI,BUENO,50.0,BUENO,NINGUNO,0.0,0.0,0.0,0.0,0.0,0.0,100.0,0.0,0.0,0.0,0.0,0.0,0.0,0.0,100.0,0.0,0.0,0.0,0.0
2767,2503,Manual,NO,PAC 105,Maiz,NO,Manual,SI,1.0,3809.302326,5.0,51.0,77.0,60000,10,0,0,0,0,0,0,0,0,0,0,0,0,0,0,1,0,0.0,0.0,184.0,0,0.0,0.0,0,0.0,0.0,0,0,0,0,0,2,1.0,PLANO O LLANO,PLANO,2.0,5.5,SIN ROCAS,SI,35.0,12.0,NO,,NO,GRANULAR,NO,NO,NO HAY,LA MANANA Y LA TARDE,NO HAY,NO HAY,NO,SI,25.0,PLANTAS NORMALES,NO,NO,SI,NO,REGULAR,35.0,BUENO,NINGUNO,0.0,0.0,0.0,0.0,0.0,0.0,50.0,0.0,50.0,0.0,0.0,0.0,0.0,0.0,100.0,0.0,0.0,0.0,0.0
2771,2513,Mecanizado,SI,Otro,Algodón,SI,Mecanizada,NO,13.0,4930.232558,5.0,46.0,78.0,73000,12,0,0,0,0,0,0,0,0,0,2,0,0,0,0,1,0,0.0,0.0,92.0,0,0.0,0.0,0,0.0,60.0,0,0,0,0,0,4,4.0,PLANO O LLANO,PLANO,2.0,5.5,SIN ROCAS,NO,-1.0,-1.0,NO,-1.0,NO,ATERRONADA,NO,NO,NO HAY,LA MANANA Y LA TARDE,NO HAY,NO HAY,NO,SI,22.0,PLANTAS NORMALES,NO,NO,SI,NO,REGULAR,60.0,BUENO,LENTO,0.0,0.0,0.0,0.0,0.0,0.0,0.0,0.0,100.0,0.0,0.0,0.0,0.0,0.0,60.0,40.0,0.0,0.0,0.0
2772,2514,Mecanizado,SI,Otro,Algodón,SI,Mecanizada,NO,4.5,5368.604651,5.0,46.0,81.0,72000,14,0,0,1,0,0,0,0,0,0,1,1,0,0,1,1,0,0.0,0.0,69.0,0,0.0,0.0,0,0.0,60.0,0,0,0,0,0,4,5.0,PLANO O LLANO,PLANO,2.0,6.0,SIN ROCAS,NO,-1.0,-1.0,NO,-1.0,NO,GRANULAR,NO,NO,NO HAY,LA MANANA Y LA TARDE,NO HAY,NO HAY,NO,SI,19.0,PLANTAS NORMALES,NO,NO,SI,NO,REGULAR,60.0,BUENO,LENTO,0.0,0.0,0.0,0.0,0.0,0.0,0.0,0.0,100.0,0.0,0.0,0.0,0.0,0.0,100.0,0.0,0.0,0.0,0.0
2773,2515,Mecanizado,SI,P4082 (Pioneer),Algodón,SI,Manual,NO,2.0,3813.953488,5.0,47.0,89.0,70000,15,0,0,0,0,0,0,0,0,0,1,1,0,0,1,0,0,0.0,0.0,69.0,0,0.0,0.0,0,0.0,30.0,0,0,0,0,0,3,3.0,PLANO O LLANO,PLANO,2.0,6.0,SIN ROCAS,NO,-1.0,-1.0,NO,-1.0,NO,GRANULAR,NO,NO,NO HAY,LA MANANA Y LA TARDE,NO HAY,NO HAY,NO,SI,23.0,PLANTAS NORMALES,NO,NO,SI,NO,REGULAR,60.0,BUENO,LENTO,0.0,0.0,0.0,0.0,0.0,0.0,0.0,0.0,100.0,0.0,0.0,0.0,0.0,0.0,56.67,43.33,0.0,0.0,0.0
2774,2516,Mecanizado,NO,PIONEER 30F35,Maiz,SI,Manual,NO,1.0,4744.186047,5.0,47.0,71.0,70000,64,0,0,1,0,0,0,0,0,0,1,1,0,0,1,1,0,0.0,12.0,69.0,0,24.0,0.0,0,12.0,60.0,0,0,0,0,1,4,5.0,PLANO O LLANO,PLANO,2.0,5.0,SIN ROCAS,NO,-1.0,-1.0,NO,-1.0,NO,GRANULAR,NO,NO,NO HAY,LA MANANA Y LA TARDE,NO HAY,NO HAY,NO,SI,18.0,PLANTAS NORMALES,NO,NO,SI,NO,ESPACIADO,60.0,BUENO,LENTO,0.0,0.0,0.0,0.0,0.0,0.0,0.0,0.0,46.67,53.33,0.0,0.0,0.0,0.0,100.0,0.0,0.0,0.0,0.0
2775,2517,Mecanizado,NO,PIONEER 30F35 HRR,Maiz,SI,Manual,NO,1.5,4651.162791,5.0,47.0,70.0,70000,64,0,0,1,0,0,0,0,0,0,1,1,0,0,1,0,0,0.0,12.0,69.0,0,24.0,0.0,0,12.0,60.0,0,0,0,0,1,4,5.0,PLANO O LLANO,PLANO,2.0,5.0,SIN ROCAS,NO,-1.0,-1.0,NO,-1.0,NO,GRANULAR,NO,NO,NO HAY,LA MANANA Y LA TARDE,NO HAY,NO HAY,NO,SI,20.0,PLANTAS NORMALES,NO,NO,SI,NO,ESPACIADO,60.0,BUENO,LENTO,0.0,0.0,0.0,0.0,0.0,0.0,0.0,0.0,100.0,0.0,0.0,0.0,0.0,0.0,100.0,0.0,0.0,0.0,0.0
2826,2540,Manual,NO,DK 234,Maiz,NO,Manual,SI,1.0,3534.883721,6.0,49.0,84.0,60000,22,0,0,0,0,0,0,0,0,0,0,0,0,0,0,0,0,0.0,0.0,138.0,0,0.0,0.0,0,0.0,0.0,0,0,0,0,0,2,2.0,ONDULADO,PLANO CON ONDULACIONES,2.0,5.0,SIN ROCAS,NO,-1.0,-1.0,NO,-1.0,NO,ATERRONADA,NO,NO,NO HAY,LA MANANA Y LA TARDE,NO HAY,NO HAY,NO,SI,28.0,POCO AFECTADAS,NO,NO,SI,NO,BUENO,50.0,BUENO,NINGUNO,0.0,0.0,0.0,0.0,100.0,0.0,0.0,0.0,0.0,0.0,0.0,0.0,0.0,0.0,0.0,100.0,0.0,0.0,0.0
2831,2541,Manual,NO,DK 234,Maiz,NO,Manual,SI,2.0,3265.116279,5.0,53.0,82.0,65000,22,0,0,0,0,0,0,0,0,0,0,0,0,0,0,0,0,0.0,0.0,92.0,0,0.0,0.0,0,0.0,0.0,0,0,0,0,0,1,1.0,PLANO O LLANO,PLANO,2.0,4.5,SIN ROCAS,NO,-1.0,-1.0,NO,-1.0,NO,GRANULAR,NO,NO,NO HAY,LA MANANA Y LA TARDE,NO HAY,NO HAY,NO,SI,34.0,PLANTAS NORMALES,NO,NO,SI,NO,BUENO,60.0,BUENO,NINGUNO,0.0,0.0,0.0,0.0,0.0,0.0,100.0,0.0,0.0,0.0,0.0,0.0,0.0,0.0,0.0,100.0,0.0,0.0,0.0
2835,2543,Manual,NO,Impacto (Syngenta),Maiz,NO,Manual,SI,2.0,3255.813953,5.0,51.0,80.0,60000,25,0,0,0,0,0,0,0,0,0,0,0,0,0,0,0,0,0.0,0.0,0.0,0,0.0,0.0,0,0.0,0.0,0,0,0,0,0,0,2.0,ONDULADO,PLANO,2.0,5.0,SIN ROCAS,SI,23.0,5.0,NO,,NO,ATERRONADA,NO,NO,NO HAY,LA MANANA Y LA TARDE,NO HAY,NO HAY,NO,SI,25.0,POCO AFECTADAS,NO,NO,SI,NO,REGULAR,25.0,BUENO,NINGUNO,0.0,0.0,0.0,0.0,100.0,0.0,0.0,0.0,0.0,0.0,0.0,0.0,0.0,0.0,0.0,100.0,0.0,0.0,0.0
2836,2544,Manual,NO,DK 234,Maiz,NO,Manual,SI,1.0,3348.837209,6.0,50.0,84.0,70000,20,0,0,0,0,0,0,0,0,0,0,0,0,0,0,0,0,0.0,0.0,138.0,0,0.0,0.0,0,0.0,0.0,0,0,0,0,0,2,1.0,PLANO O LLANO,PLANO,1.0,5.5,SIN ROCAS,NO,-1.0,-1.0,NO,-1.0,NO,GRANULAR,NO,NO,NO HAY,LA MANANA Y LA TARDE,NO HAY,NO HAY,NO,NO,-1.0,POCO AFECTADAS,NO,NO,SI,NO,REGULAR,40.0,BUENO,NINGUNO,0.0,0.0,0.0,0.0,0.0,0.0,100.0,0.0,0.0,0.0,0.0,0.0,0.0,0.0,0.0,100.0,0.0,0.0,0.0
2837,2545,Mecanizado,NO,DK 234,Maiz,NO,Manual,SI,1.5,3813.953488,5.0,51.0,90.0,70000,20,0,0,0,0,0,0,0,0,0,0,0,0,0,0,0,0,0.0,0.0,184.0,0,0.0,0.0,0,0.0,60.0,0,0,0,0,0,3,4.0,PLANO O LLANO,PLANO,2.0,5.5,SIN ROCAS,NO,-1.0,-1.0,NO,-1.0,NO,GRANULAR,NO,NO,NO HAY,LA MANANA Y LA TARDE,NO HAY,NO HAY,NO,SI,29.0,POCO AFECTADAS,NO,NO,SI,NO,BUENO,45.0,BUENO,LENTO,0.0,0.0,0.0,0.0,0.0,0.0,100.0,0.0,0.0,0.0,0.0,0.0,0.0,0.0,100.0,0.0,0.0,0.0,0.0
2860,2607,Manual,NO,PAC 105,Algodón,NO,Manual,NO,1.0,3296.511628,6.0,42.0,80.0,63000,19,0,0,2,0,0,0,0,0,0,0,1,0,0,0,1,1,0.0,0.0,138.0,0,0.0,0.0,0,0.0,0.0,0,0,0,0,0,2,2.0,PLANO O LLANO,PLANO,2.0,5.0,SIN ROCAS,NO,-1.0,-1.0,NO,-1.0,NO,GRANULAR,NO,NO,NO HAY,LA MANANA Y LA TARDE,NO HAY,NO HAY,NO,SI,58.0,PLANTAS NORMALES,NO,NO,SI,NO,BUENO,70.0,BUENO,NINGUNO,0.0,0.0,0.0,0.0,0.0,0.0,0.0,0.0,0.0,60.0,40.0,0.0,0.0,0.0,100.0,0.0,0.0,0.0,0.0
2862,2609,Mecanizado,SI,DK 234,Algodón,NO,Manual,NO,4.0,5308.139535,6.0,44.0,78.0,62000,19,0,0,2,0,0,0,0,0,0,0,1,0,0,0,1,1,0.0,0.0,230.0,0,0.0,0.0,0,0.0,0.0,0,0,0,0,0,2,3.0,PLANO O LLANO,PLANO,2.0,5.5,SIN ROCAS,NO,-1.0,-1.0,NO,-1.0,NO,GRANULAR,NO,NO,NO HAY,LA MANANA Y LA TARDE,NO HAY,NO HAY,NO,SI,46.0,PLANTAS NORMALES,NO,NO,SI,NO,REGULAR,70.0,BUENO,LENTO,0.0,0.0,0.0,0.0,0.0,0.0,0.0,0.0,0.0,100.0,0.0,0.0,0.0,0.0,100.0,0.0,0.0,0.0,0.0
2863,2610,Manual,SI,PAC 105,Algodón,NO,Manual,NO,2.0,4651.162791,5.0,44.0,74.0,54000,18,0,0,1,0,0,0,0,0,0,0,0,0,0,0,2,1,0.0,0.0,92.0,0,0.0,0.0,0,0.0,0.0,0,0,0,0,0,2,2.0,PLANO O LLANO,PLANO,2.0,6.0,SIN ROCAS,NO,-1.0,-1.0,NO,-1.0,NO,ATERRONADA,NO,NO,NO HAY,LA MANANA Y LA TARDE,NO HAY,NO HAY,NO,SI,35.0,PLANTAS NORMALES,NO,NO,NO,NO,REGULAR,70.0,BUENO,NINGUNO,0.0,48.57,0.0,0.0,0.0,0.0,0.0,0.0,51.43,0.0,0.0,0.0,51.43,48.57,0.0,0.0,0.0,0.0,0.0
2864,2611,Mecanizado,SI,DK 234,Algodón,NO,Manual,NO,3.5,6273.255814,6.0,44.0,81.0,58000,18,0,0,1,0,0,0,0,0,0,0,1,0,0,0,1,0,0.0,0.0,101.2,0,0.0,0.0,0,0.0,0.0,0,0,0,0,0,2,2.0,PLANO O LLANO,PLANO,2.0,5.0,SIN ROCAS,SI,15.0,4.0,NO,,NO,MASIVA,NO,NO,NO HAY,LA MANANA Y LA TARDE,NO HAY,NO HAY,NO,SI,22.0,PLANTAS NORMALES,NO,NO,NO,NO,REGULAR,22.0,BUENO,NINGUNO,0.0,38.57,0.0,0.0,61.43,0.0,0.0,0.0,0.0,0.0,0.0,0.0,38.57,0.0,0.0,61.43,0.0,0.0,0.0
2865,2612,Mecanizado,SI,DK 234,Maiz,NO,Mecanizada,NO,3.0,1674.418605,6.0,40.0,82.0,72000,18,0,0,0,0,0,0,0,0,0,0,1,0,0,0,1,0,0.0,0.0,80.5,0,0.0,0.0,0,0.0,0.0,0,0,0,0,0,2,2.0,PLANO O LLANO,PLANO,2.0,5.5,SIN ROCAS,NO,-1.0,-1.0,NO,-1.0,NO,MASIVA,NO,NO,NO HAY,LA MANANA Y LA TARDE,NO HAY,NO HAY,NO,SI,30.0,PLANTAS NORMALES,NO,NO,NO,NO,REGULAR,30.0,BUENO,NINGUNO,0.0,100.0,0.0,0.0,0.0,0.0,0.0,0.0,0.0,0.0,0.0,0.0,100.0,0.0,0.0,0.0,0.0,0.0,0.0
2866,2613,Mecanizado,SI,DK 234,Algodón,NO,Mecanizada,NO,10.0,5018.604651,6.0,44.0,70.0,50000,19,0,0,0,0,0,0,0,0,0,0,1,0,0,0,0,0,0.0,0.0,115.0,0,0.0,0.0,0,0.0,30.0,0,0,0,0,0,3,3.0,PLANO O LLANO,PLANO,2.0,5.5,SIN ROCAS,NO,-1.0,-1.0,NO,-1.0,NO,ATERRONADA,NO,NO,NO HAY,LA MANANA Y LA TARDE,NO HAY,NO HAY,NO,SI,20.0,POCO AFECTADAS,NO,NO,NO,NO,REGULAR,70.0,BUENO,LENTO,0.0,100.0,0.0,0.0,0.0,0.0,0.0,0.0,0.0,0.0,0.0,0.0,100.0,0.0,0.0,0.0,0.0,0.0,0.0
2867,2614,Manual,SI,PAC 105,Algodón,NO,Manual,NO,1.0,4386.046512,6.0,44.0,78.0,50000,19,0,0,0,0,0,0,0,0,0,0,1,0,0,0,1,0,0.0,0.0,92.0,0,0.0,0.0,0,0.0,60.0,0,0,0,0,0,4,5.0,ONDULADO,PLANO CON ONDULACIONES,2.0,5.0,SIN ROCAS,NO,-1.0,-1.0,NO,-1.0,NO,MASIVA,NO,NO,NO HAY,LA MANANA Y LA TARDE,NO HAY,NO HAY,NO,SI,27.0,PLANTAS NORMALES,NO,NO,SI,NO,BUENO,27.0,BUENO,LENTO,0.0,51.43,0.0,0.0,0.0,48.57,0.0,0.0,0.0,0.0,0.0,0.0,51.43,0.0,0.0,48.57,0.0,0.0,0.0
2871,2619,Manual,NO,Impacto (Syngenta),Maiz,NO,Manual,NO,3.0,3627.906977,6.0,48.0,84.0,70000,11,0,0,0,0,0,0,0,0,0,0,0,0,0,0,0,0,0.0,0.0,184.0,0,0.0,0.0,0,0.0,30.0,0,0,0,0,0,3,1.0,PLANO O LLANO,PLANO,2.0,5.5,SIN ROCAS,NO,-1.0,-1.0,NO,-1.0,NO,GRANULAR,NO,NO,NO HAY,LA MANANA Y LA TARDE,NO HAY,NO HAY,NO,SI,28.0,POCO AFECTADAS,NO,NO,SI,NO,BUENO,40.0,BUENO,NINGUNO,0.0,0.0,0.0,0.0,0.0,0.0,100.0,0.0,0.0,0.0,0.0,0.0,0.0,0.0,0.0,100.0,0.0,0.0,0.0
2873,2618,Mecanizado,NO,DK 234,Algodón,NO,Manual,NO,5.0,3720.930233,6.0,54.0,79.0,60000,11,0,0,0,0,0,0,0,0,0,0,0,0,0,0,1,0,0.0,0.0,161.0,0,0.0,0.0,0,0.0,30.0,0,0,0,0,0,3,1.0,PLANO O LLANO,PLANO,1.0,4.5,SIN ROCAS,SI,28.0,5.0,NO,,NO,ATERRONADA,NO,NO,NO HAY,LA MANANA Y LA TARDE,NO HAY,POCO MARCADAS,NO,SI,24.0,POCO AFECTADAS,NO,NO,NO,NO,REGULAR,28.0,BUENO,NINGUNO,0.0,100.0,0.0,0.0,0.0,0.0,0.0,0.0,0.0,0.0,0.0,0.0,100.0,0.0,0.0,0.0,0.0,0.0,0.0
2886,2626,Manual,NO,DK 234,Maiz,NO,Mecanizada,SI,3.0,3355.813953,7.0,52.0,77.0,60000,11,0,0,0,0,0,0,0,0,0,0,0,0,0,0,1,0,0.0,0.0,115.0,0,0.0,0.0,0,0.0,30.0,0,0,0,0,0,4,1.0,PLANO O LLANO,PLANO,2.0,5.0,SIN ROCAS,NO,-1.0,-1.0,NO,-1.0,NO,ATERRONADA,NO,NO,NO HAY,LA MANANA Y LA TARDE,NO HAY,NO HAY,NO,SI,25.0,POCO AFECTADAS,NO,NO,SI,NO,REGULAR,50.0,BUENO,NINGUNO,0.0,0.0,0.0,0.0,0.0,0.0,0.0,0.0,100.0,0.0,0.0,0.0,100.0,0.0,0.0,0.0,0.0,0.0,0.0
2888,2628,Manual,NO,P3966 (Pioneer),Maiz,NO,Manual,SI,2.0,3441.860465,7.0,55.0,77.0,50000,14,0,0,0,0,0,0,0,0,0,0,0,0,0,0,1,0,0.0,0.0,138.0,0,0.0,0.0,0,0.0,0.0,0,0,0,0,0,3,1.0,PLANO O LLANO,PLANO,2.0,5.5,SIN ROCAS,NO,-1.0,-1.0,NO,-1.0,NO,ATERRONADA,NO,NO,NO HAY,LA MANANA Y LA TARDE,NO HAY,NO HAY,NO,SI,25.0,PLANTAS NORMALES,NO,NO,SI,NO,BUENO,40.0,BUENO,NINGUNO,0.0,0.0,0.0,0.0,0.0,0.0,0.0,0.0,100.0,0.0,0.0,0.0,0.0,0.0,0.0,100.0,0.0,0.0,0.0
2889,2629,Manual,NO,Impacto (Syngenta),Algodón,NO,Manual,SI,1.0,3255.813953,7.0,52.0,80.0,50000,10,0,0,0,0,0,0,0,0,0,0,0,0,0,0,0,0,0.0,0.0,92.0,0,0.0,0.0,0,0.0,30.0,0,0,0,0,0,5,1.0,PLANO O LLANO,PLANO,2.0,5.5,SIN ROCAS,SI,22.0,4.0,NO,,NO,ATERRONADA,NO,NO,NO HAY,LA MANANA Y LA TARDE,NO HAY,NO HAY,NO,SI,20.0,MUY AFECTADAS,NO,NO,NO,NO,ESPACIADO,22.0,BUENO,NINGUNO,0.0,0.0,0.0,0.0,62.5,37.5,0.0,0.0,0.0,0.0,0.0,0.0,100.0,0.0,0.0,0.0,0.0,0.0,0.0
2890,2630,Manual,NO,DK 234,Algodón,SI,Manual,NO,1.0,3174.418605,7.0,54.0,81.0,60000,10,0,0,0,0,0,0,0,0,0,0,0,0,0,0,1,0,0.0,0.0,92.0,0,0.0,0.0,0,0.0,30.0,0,0,0,0,0,3,1.0,PLANO O LLANO,PLANO,2.0,5.0,SIN ROCAS,NO,-1.0,-1.0,NO,-1.0,NO,ATERRONADA,NO,NO,NO HAY,LA MANANA Y LA TARDE,NO HAY,NO HAY,NO,SI,28.0,POCO AFECTADAS,NO,NO,SI,NO,REGULAR,40.0,BUENO,NINGUNO,0.0,0.0,0.0,0.0,37.5,62.5,0.0,0.0,0.0,0.0,0.0,0.0,100.0,0.0,0.0,0.0,0.0,0.0,0.0
2891,2631,Mecanizado,SI,ICA V 109,Maiz,SI,Manual,NO,1.0,3051.162791,6.0,43.0,83.0,65500,2,0,0,0,0,0,0,0,0,0,0,1,0,0,0,1,1,0.0,0.0,138.0,0,0.0,0.0,0,0.0,0.0,0,0,0,0,0,2,2.0,PLANO O LLANO,PLANO,2.0,5.5,SIN ROCAS,NO,-1.0,-1.0,NO,-1.0,NO,ATERRONADA,NO,NO,NO HAY,LA MANANA Y LA TARDE,NO HAY,NO HAY,NO,SI,30.0,PLANTAS NORMALES,NO,NO,NO,NO,REGULAR,70.0,BUENO,NINGUNO,0.0,28.57,0.0,0.0,0.0,0.0,0.0,0.0,71.43,0.0,0.0,0.0,100.0,0.0,0.0,0.0,0.0,0.0,0.0
2892,2632,Mecanizado,SI,ICA V 109,Algodón,SI,Manual,NO,7.0,2930.232558,6.0,45.0,84.0,62000,18,0,0,0,0,0,0,0,0,0,0,1,0,0,0,2,0,0.0,0.0,115.0,0,0.0,0.0,0,0.0,30.0,0,0,0,0,0,3,2.0,PLANO O LLANO,PLANO,2.0,6.5,SIN ROCAS,NO,-1.0,-1.0,SI,-1.0,NO,ATERRONADA,NO,NO,NO HAY,LA MANANA Y LA TARDE,NO HAY,NO HAY,NO,SI,28.0,POCO AFECTADAS,NO,NO,SI,NO,BUENO,30.0,LENTO A MUY LENTO,NINGUNO,0.0,35.71,0.0,0.0,0.0,0.0,0.0,0.0,64.29,0.0,0.0,0.0,35.71,0.0,0.0,64.29,0.0,0.0,0.0
2893,2634,Manual,NO,ADV 9339 (Syngenta),Algodón,NO,Manual,NO,1.0,4000.0,7.0,52.0,83.0,60000,10,0,0,0,0,0,0,0,0,0,0,0,0,0,0,1,0,0.0,0.0,207.0,0,0.0,0.0,0,0.0,0.0,0,0,0,0,0,3,1.0,PLANO O LLANO,PLANO,2.0,5.0,SIN ROCAS,SI,24.0,3.0,NO,,NO,ATERRONADA,NO,NO,NO HAY,LA MANANA Y LA TARDE,NO HAY,POCO MARCADAS,NO,SI,21.0,POCO AFECTADAS,NO,NO,NO,NO,REGULAR,24.0,BUENO,NINGUNO,0.0,100.0,0.0,0.0,0.0,0.0,0.0,0.0,0.0,0.0,0.0,0.0,0.0,0.0,0.0,100.0,0.0,0.0,0.0
2894,2633,Mecanizado,NO,Otro,Maiz,NO,Manual,NO,3.5,4372.093023,7.0,54.0,87.0,55000,11,0,0,0,0,0,0,0,0,0,0,0,0,0,0,0,0,0.0,0.0,276.0,0,0.0,0.0,0,0.0,60.0,0,0,0,0,0,4,1.0,PLANO O LLANO,PLANO,1.0,5.5,SIN ROCAS,NO,-1.0,-1.0,NO,-1.0,NO,ATERRONADA,NO,NO,NO HAY,LA MANANA Y LA TARDE,NO HAY,NO HAY,NO,SI,25.0,POCO AFECTADAS,SI,NO,SI,NO,BUENO,40.0,BUENO,NINGUNO,0.0,0.0,0.0,0.0,0.0,0.0,0.0,0.0,100.0,0.0,0.0,0.0,0.0,0.0,0.0,100.0,0.0,0.0,0.0
2895,2635,Manual,NO,DK7088,Algodón,SI,Manual,SI,1.0,4290.697674,6.0,56.0,84.0,60000,10,0,0,0,0,0,0,0,0,0,0,1,0,0,0,0,0,0.0,0.0,207.0,0,0.0,0.0,0,0.0,90.0,0,0,0,0,0,5,1.0,PLANO O LLANO,PLANO,2.0,4.5,SIN ROCAS,NO,-1.0,-1.0,NO,-1.0,NO,ATERRONADA,NO,NO,NO HAY,LA MANANA Y LA TARDE,NO HAY,NO HAY,NO,SI,26.0,PLANTAS NORMALES,NO,NO,SI,SI,BUENO,40.0,BUENO,NINGUNO,0.0,0.0,0.0,0.0,37.5,62.5,0.0,0.0,0.0,0.0,0.0,0.0,100.0,0.0,0.0,0.0,0.0,0.0,0.0
2896,2636,Manual,NO,Otro,Maiz,NO,Mecanizada,SI,1.3,3906.976744,4.0,56.0,84.0,60000,10,0,0,0,0,0,0,0,0,0,0,0,0,0,0,0,0,0.0,0.0,138.0,0,0.0,0.0,0,0.0,0.0,0,0,0,0,0,3,1.0,PLANO O LLANO,PLANO,2.0,5.0,SIN ROCAS,NO,-1.0,-1.0,NO,-1.0,NO,ATERRONADA,NO,NO,NO HAY,LA MANANA Y LA TARDE,NO HAY,NO HAY,NO,SI,22.0,PLANTAS NORMALES,NO,NO,SI,NO,BUENO,38.0,BUENO,NINGUNO,0.0,0.0,0.0,0.0,100.0,0.0,0.0,0.0,0.0,0.0,0.0,0.0,100.0,0.0,0.0,0.0,0.0,0.0,0.0
2897,2637,Manual,NO,Otro,,NO,Manual,NO,2.0,4081.395349,6.0,58.0,92.0,50000,10,0,0,0,0,0,0,0,0,0,0,0,0,0,0,0,0,0.0,0.0,184.0,0,0.0,0.0,0,0.0,60.0,0,0,0,0,0,3,1.0,PLANO O LLANO,PLANO,2.0,5.0,SIN ROCAS,SI,23.0,3.0,NO,,NO,ATERRONADA,NO,NO,NO HAY,LA MANANA,NO HAY,NO HAY,NO,SI,20.0,POCO AFECTADAS,NO,NO,SI,NO,REGULAR,23.0,BUENO,NINGUNO,0.0,0.0,0.0,0.0,65.0,35.0,0.0,0.0,0.0,0.0,0.0,0.0,100.0,0.0,0.0,0.0,0.0,0.0,0.0
2898,2638,Manual,NO,P3966 (Pioneer),Maiz,SI,Manual,SI,1.0,4186.046512,5.0,53.0,79.0,60000,9,0,0,0,0,0,0,0,0,0,0,0,0,0,0,1,0,0.0,0.0,184.0,0,0.0,0.0,0,0.0,0.0,0,0,0,0,0,4,1.0,PLANO O LLANO,PLANO,2.0,5.0,SIN ROCAS,NO,-1.0,-1.0,NO,-1.0,NO,ATERRONADA,NO,NO,NO HAY,LA MANANA Y LA TARDE,NO HAY,NO HAY,NO,SI,22.0,POCO AFECTADAS,NO,NO,SI,NO,BUENO,40.0,BUENO,NINGUNO,0.0,0.0,0.0,0.0,0.0,100.0,0.0,0.0,0.0,0.0,0.0,0.0,100.0,0.0,0.0,0.0,0.0,0.0,0.0
2899,2639,Manual,NO,Otro,Maiz,SI,Manual,SI,1.5,4004.651163,7.0,55.0,86.0,50000,10,0,0,0,0,0,0,0,0,0,0,0,0,0,0,0,0,0.0,0.0,92.0,0,0.0,0.0,0,0.0,0.0,0,0,0,0,0,2,1.0,PLANO O LLANO,PLANO,1.0,5.0,SIN ROCAS,NO,-1.0,-1.0,NO,-1.0,NO,ATERRONADA,NO,NO,NO HAY,LA MANANA Y LA TARDE,NO HAY,NO HAY,NO,SI,28.0,POCO AFECTADAS,NO,NO,SI,SI,BUENO,40.0,BUENO,NINGUNO,0.0,0.0,0.0,0.0,0.0,0.0,100.0,0.0,0.0,0.0,0.0,0.0,0.0,0.0,0.0,100.0,0.0,0.0,0.0
2901,2641,Mecanizado,SI,ADV 9339 (Syngenta),Maiz,SI,Manual,SI,3.5,3813.953488,6.0,51.0,88.0,60000,10,0,0,0,0,0,0,0,0,0,0,0,0,0,0,1,0,0.0,0.0,138.0,0,0.0,0.0,0,0.0,0.0,0,0,0,0,0,2,1.0,PLANO O LLANO,PLANO,1.0,4.5,SIN ROCAS,NO,-1.0,-1.0,NO,-1.0,NO,ATERRONADA,NO,NO,NO HAY,LA MANANA Y LA TARDE,NO HAY,NO HAY,NO,SI,24.0,POCO AFECTADAS,NO,NO,SI,NO,BUENO,40.0,BUENO,NINGUNO,0.0,0.0,0.0,0.0,100.0,0.0,0.0,0.0,0.0,0.0,0.0,0.0,0.0,0.0,0.0,100.0,0.0,0.0,0.0
2902,2642,Manual,NO,ADV 9339 (Syngenta),Maiz,SI,Manual,SI,1.2,3906.976744,6.0,54.0,92.0,60000,11,0,0,0,0,0,0,0,0,0,0,0,0,0,0,1,0,0.0,0.0,184.0,0,0.0,0.0,0,0.0,60.0,0,0,0,0,0,3,1.0,PLANO O LLANO,PLANO,2.0,5.0,SIN ROCAS,NO,-1.0,-1.0,NO,-1.0,NO,ATERRONADA,NO,NO,NO HAY,LA MANANA Y LA TARDE,NO HAY,NO HAY,NO,SI,22.0,POCO AFECTADAS,NO,NO,SI,NO,ESPACIADO,40.0,BUENO,NINGUNO,0.0,60.0,0.0,0.0,0.0,0.0,0.0,0.0,40.0,0.0,0.0,0.0,100.0,0.0,0.0,0.0,0.0,0.0,0.0
2909,2645,Manual,NO,Otro,Maiz,SI,Manual,SI,1.0,4186.046512,5.0,54.0,92.0,60000,11,0,0,0,0,0,0,0,0,0,0,0,0,0,0,0,0,0.0,0.0,138.0,0,0.0,0.0,0,0.0,30.0,0,0,0,0,0,3,1.0,PLANO O LLANO,PLANO,2.0,5.0,SIN ROCAS,NO,-1.0,-1.0,NO,-1.0,NO,ATERRONADA,NO,NO,NO HAY,LA MANANA Y LA TARDE,NO HAY,NO HAY,NO,SI,27.0,PLANTAS NORMALES,NO,NO,SI,NO,BUENO,40.0,BUENO,NINGUNO,0.0,0.0,0.0,0.0,0.0,0.0,0.0,0.0,100.0,0.0,0.0,0.0,0.0,0.0,0.0,100.0,0.0,0.0,0.0
2914,2646,Manual,NO,Otro,Maiz,NO,Manual,SI,1.7,3900.0,6.0,52.0,94.0,60000,11,0,0,0,0,0,0,0,0,0,0,0,0,0,0,0,0,0.0,0.0,184.0,0,0.0,0.0,0,0.0,0.0,0,0,0,0,0,2,1.0,PLANO O LLANO,PLANO,2.0,5.0,SIN ROCAS,SI,24.0,4.0,NO,,NO,ATERRONADA,NO,NO,NO HAY,LA MANANA Y LA TARDE,NO HAY,NO HAY,NO,SI,20.0,POCO AFECTADAS,NO,NO,NO,NO,REGULAR,24.0,BUENO,NINGUNO,0.0,0.0,0.0,0.0,23.33,76.67,0.0,0.0,0.0,0.0,0.0,0.0,0.0,0.0,0.0,100.0,0.0,0.0,0.0
2915,2643,Manual,NO,Otro,Algodón,SI,Manual,SI,3.0,4000.0,5.0,56.0,81.0,58000,12,0,0,0,0,0,0,0,0,0,0,0,0,0,0,0,0,0.0,0.0,230.0,0,0.0,0.0,0,0.0,60.0,0,0,0,0,0,3,1.0,PLANO O LLANO,PLANO,1.0,4.5,SIN ROCAS,NO,-1.0,-1.0,NO,-1.0,NO,GRANULAR,NO,NO,NO HAY,LA MANANA Y LA TARDE,NO HAY,NO HAY,NO,SI,24.0,POCO AFECTADAS,NO,NO,SI,NO,ESPACIADO,40.0,BUENO,NINGUNO,0.0,0.0,0.0,0.0,0.0,0.0,100.0,0.0,0.0,0.0,0.0,0.0,0.0,0.0,0.0,100.0,0.0,0.0,0.0
2917,2644,Manual,SI,Otro,Maiz,NO,Manual,SI,1.5,4186.046512,5.0,52.0,88.0,60000,10,0,0,0,0,0,0,0,0,0,0,0,0,0,0,1,0,0.0,0.0,138.0,0,0.0,0.0,0,0.0,0.0,0,0,0,0,0,2,1.0,PLANO O LLANO,PLANO,2.0,5.5,SIN ROCAS,NO,-1.0,-1.0,NO,-1.0,NO,ATERRONADA,NO,NO,NO HAY,LA MANANA Y LA TARDE,NO HAY,NO HAY,NO,SI,26.0,PLANTAS NORMALES,NO,NO,NO,SI,REGULAR,40.0,BUENO,NINGUNO,0.0,0.0,0.0,0.0,100.0,0.0,0.0,0.0,0.0,0.0,0.0,0.0,0.0,0.0,0.0,100.0,0.0,0.0,0.0
2921,2660,Mecanizado,NO,Otro,Maiz,NO,Manual,NO,3.2,4000.0,5.0,54.0,80.0,60000,10,0,0,0,0,0,0,0,0,0,0,0,0,0,0,1,0,0.0,0.0,207.0,0,0.0,0.0,0,0.0,0.0,0,0,0,0,0,3,1.0,PLANO O LLANO,PLANO,2.0,5.0,SIN ROCAS,NO,-1.0,-1.0,NO,-1.0,NO,GRANULAR,NO,NO,NO HAY,LA MANANA Y LA TARDE,NO HAY,NO HAY,NO,SI,24.0,POCO AFECTADAS,NO,NO,SI,NO,REGULAR,40.0,BUENO,NINGUNO,0.0,0.0,0.0,0.0,0.0,0.0,100.0,0.0,0.0,0.0,0.0,0.0,0.0,0.0,0.0,100.0,0.0,0.0,0.0
2923,2663,Manual,NO,Otro,Algodón,SI,Manual,NO,2.0,3906.976744,6.0,51.0,87.0,60000,8,0,0,0,0,0,0,0,0,0,0,0,0,0,0,0,0,0.0,0.0,138.0,0,0.0,0.0,0,0.0,0.0,0,0,0,0,0,3,1.0,PLANO O LLANO,PLANO,1.0,4.5,SIN ROCAS,NO,-1.0,-1.0,NO,-1.0,NO,ATERRONADA,NO,NO,NO HAY,LA MANANA Y LA TARDE,NO HAY,NO HAY,NO,SI,23.0,PLANTAS NORMALES,NO,NO,SI,NO,REGULAR,40.0,BUENO,NINGUNO,0.0,0.0,0.0,0.0,0.0,100.0,0.0,0.0,0.0,0.0,0.0,0.0,100.0,0.0,0.0,0.0,0.0,0.0,0.0
2924,2659,Manual,NO,DK 234,Maiz,NO,Manual,SI,1.0,3720.930233,6.0,53.0,84.0,60000,10,0,0,0,0,0,0,0,0,0,0,0,0,0,0,0,0,0.0,0.0,92.0,0,0.0,0.0,0,0.0,30.0,0,0,0,0,0,3,1.0,PLANO O LLANO,PLANO,2.0,5.0,SIN ROCAS,NO,-1.0,-1.0,NO,-1.0,NO,ATERRONADA,NO,NO,NO HAY,LA MANANA Y LA TARDE,NO HAY,NO HAY,NO,SI,28.0,POCO AFECTADAS,NO,NO,SI,SI,REGULAR,40.0,BUENO,NINGUNO,0.0,0.0,0.0,0.0,100.0,0.0,0.0,0.0,0.0,0.0,0.0,0.0,0.0,0.0,0.0,100.0,0.0,0.0,0.0
2925,2664,Manual,NO,P3966 (Pioneer),Algodón,SI,Manual,SI,1.0,3720.930233,6.0,50.0,87.0,60000,11,0,0,0,0,0,0,0,0,0,0,0,0,0,0,0,0,0.0,0.0,184.0,0,0.0,0.0,0,0.0,0.0,0,0,0,0,0,2,1.0,PLANO O LLANO,PLANO,2.0,6.0,SIN ROCAS,SI,18.0,3.0,NO,,NO,ATERRONADA,NO,NO,NO HAY,LA MANANA Y LA TARDE,NO HAY,NO HAY,NO,SI,18.0,POCO AFECTADAS,NO,NO,NO,NO,REGULAR,18.0,BUENO,NINGUNO,0.0,0.0,0.0,0.0,37.5,62.5,0.0,0.0,0.0,0.0,0.0,0.0,100.0,0.0,0.0,0.0,0.0,0.0,0.0
2926,2665,Manual,NO,DK 234,Maiz,NO,Manual,NO,1.2,3720.930233,6.0,48.0,92.0,60000,10,0,0,0,0,0,0,0,0,0,0,0,0,0,0,0,0,0.0,0.0,184.0,0,0.0,0.0,0,0.0,120.0,0,0,0,0,0,4,1.0,PLANO O LLANO,PLANO,2.0,4.5,SIN ROCAS,SI,23.0,4.0,NO,,NO,ATERRONADA,NO,NO,NO HAY,LA MANANA Y LA TARDE,NO HAY,NO HAY,NO,SI,18.0,POCO AFECTADAS,NO,NO,NO,SI,REGULAR,23.0,BUENO,NINGUNO,0.0,67.5,0.0,0.0,0.0,0.0,0.0,0.0,32.5,0.0,0.0,0.0,0.0,0.0,0.0,100.0,0.0,0.0,0.0
2935,2686,Manual,NO,Otro,Algodón,NO,Manual,SI,1.0,4186.046512,6.0,53.0,80.0,60000,10,0,0,0,0,0,0,0,0,0,0,0,0,0,0,0,0,0.0,0.0,184.0,0,0.0,0.0,0,0.0,0.0,0,0,0,0,0,2,1.0,PLANO O LLANO,PLANO,2.0,5.0,SIN ROCAS,NO,-1.0,-1.0,NO,-1.0,NO,ATERRONADA,NO,NO,NO HAY,LA MANANA,NO HAY,NO HAY,NO,SI,23.0,PLANTAS NORMALES,NO,NO,SI,NO,BUENO,40.0,BUENO,NINGUNO,0.0,0.0,0.0,0.0,40.0,60.0,0.0,0.0,0.0,0.0,0.0,0.0,100.0,0.0,0.0,0.0,0.0,0.0,0.0
2936,2687,Manual,NO,Otro,Maiz,NO,Manual,SI,1.0,4172.093023,6.0,52.0,82.0,50000,10,0,0,0,0,0,0,0,0,0,0,0,0,0,0,0,0,0.0,0.0,184.0,0,0.0,0.0,0,0.0,120.0,0,0,0,0,0,4,1.0,PLANO O LLANO,PLANO,2.0,4.5,SIN ROCAS,NO,-1.0,-1.0,NO,-1.0,NO,ATERRONADA,NO,NO,NO HAY,LA MANANA Y LA TARDE,NO HAY,NO HAY,NO,SI,26.0,PLANTAS NORMALES,NO,NO,SI,SI,BUENO,45.0,BUENO,NINGUNO,0.0,44.44,0.0,0.0,0.0,0.0,0.0,0.0,55.56,0.0,0.0,0.0,100.0,0.0,0.0,0.0,0.0,0.0,0.0
2937,2688,Manual,NO,P3966 (Pioneer),Algodón,NO,Manual,SI,1.0,4186.046512,5.0,50.0,84.0,60000,10,0,0,0,0,0,0,0,0,0,0,0,0,0,0,1,0,0.0,0.0,138.0,0,0.0,0.0,0,0.0,0.0,0,0,0,0,0,3,11.0,PLANO O LLANO,PLANO,2.0,5.0,SIN ROCAS,NO,-1.0,-1.0,NO,-1.0,NO,ATERRONADA,NO,NO,NO HAY,LA MANANA Y LA TARDE,NO HAY,NO HAY,NO,SI,24.0,PLANTAS NORMALES,NO,NO,SI,SI,REGULAR,43.0,BUENO,MODERADO,0.0,0.0,0.0,0.0,100.0,0.0,0.0,0.0,0.0,0.0,0.0,0.0,100.0,0.0,0.0,0.0,0.0,0.0,0.0
2938,2689,Mecanizado,NO,Otro,Algodón,NO,Manual,SI,2.5,4279.069767,6.0,54.0,84.0,55000,11,0,0,0,0,0,0,0,0,0,0,0,0,0,0,0,0,0.0,0.0,161.0,0,0.0,0.0,0,0.0,45.0,0,0,0,0,0,3,1.0,PLANO O LLANO,PLANO,2.0,5.5,SIN ROCAS,NO,-1.0,-1.0,NO,-1.0,NO,GRANULAR,NO,NO,NO HAY,LA MANANA Y LA TARDE,NO HAY,NO HAY,NO,SI,24.0,POCO AFECTADAS,NO,NO,SI,NO,REGULAR,45.0,BUENO,NINGUNO,0.0,0.0,0.0,0.0,0.0,0.0,100.0,0.0,0.0,0.0,0.0,0.0,0.0,0.0,0.0,100.0,0.0,0.0,0.0
2940,2691,Manual,NO,Otro,Maiz,NO,Manual,SI,1.7,4279.069767,6.0,54.0,82.0,55000,10,0,0,0,0,0,0,0,0,0,0,0,0,0,0,0,0,0.0,0.0,184.0,0,0.0,0.0,0,0.0,0.0,0,0,0,0,0,2,1.0,PLANO O LLANO,PLANO,2.0,5.5,SIN ROCAS,NO,-1.0,-1.0,NO,-1.0,NO,ATERRONADA,NO,NO,NO HAY,LA MANANA Y LA TARDE,NO HAY,NO HAY,NO,SI,26.0,POCO AFECTADAS,NO,NO,SI,NO,BUENO,42.0,BUENO,NINGUNO,0.0,66.67,0.0,0.0,0.0,0.0,0.0,0.0,33.33,0.0,0.0,0.0,100.0,0.0,0.0,0.0,0.0,0.0,0.0
2942,2693,Manual,SI,Otro,Algodón,SI,Manual,SI,2.1,4172.093023,6.0,53.0,84.0,60000,10,0,0,0,0,0,0,0,0,0,0,0,0,0,0,0,0,0.0,0.0,276.0,0,0.0,0.0,0,0.0,60.0,0,0,0,0,0,4,1.0,PLANO O LLANO,PLANO,1.0,5.0,SIN ROCAS,SI,26.0,7.0,NO,,NO,ATERRONADA,NO,NO,NO HAY,LA MANANA Y LA TARDE,NO HAY,NO HAY,NO,SI,23.0,POCO AFECTADAS,NO,NO,NO,NO,ESPACIADO,26.0,BUENO,NINGUNO,0.0,0.0,0.0,0.0,100.0,0.0,0.0,0.0,0.0,0.0,0.0,0.0,0.0,0.0,0.0,100.0,0.0,0.0,0.0
2944,2675,Manual,SI,ADV 9339 (Syngenta),Maiz,NO,Manual,SI,1.5,3906.976744,6.0,54.0,85.0,60000,14,0,0,0,0,0,0,0,0,0,0,0,0,0,0,1,0,0.0,0.0,276.0,0,0.0,0.0,0,0.0,0.0,0,0,0,0,0,3,1.0,PLANO O LLANO,PLANO,2.0,5.5,SIN ROCAS,NO,-1.0,-1.0,NO,-1.0,NO,GRANULAR,NO,NO,NO HAY,LA MANANA Y LA TARDE,NO HAY,NO HAY,NO,SI,22.0,POCO AFECTADAS,NO,NO,SI,NO,REGULAR,43.0,BUENO,NINGUNO,0.0,0.0,0.0,0.0,0.0,0.0,100.0,0.0,0.0,0.0,0.0,0.0,0.0,0.0,0.0,100.0,0.0,0.0,0.0
2946,2677,Manual,NO,P3966 (Pioneer),Maiz,NO,Manual,SI,1.0,4186.046512,6.0,47.0,79.0,60000,14,0,0,0,0,0,0,0,0,0,0,0,0,0,0,0,0,0.0,0.0,184.0,0,0.0,0.0,0,0.0,120.0,0,0,0,0,0,4,1.0,PLANO O LLANO,PLANO,2.0,5.0,SIN ROCAS,NO,-1.0,-1.0,NO,-1.0,NO,ATERRONADA,NO,NO,NO HAY,LA MANANA Y LA TARDE,NO HAY,NO HAY,NO,SI,26.0,POCO AFECTADAS,NO,NO,SI,NO,BUENO,43.0,BUENO,NINGUNO,0.0,0.0,0.0,0.0,0.0,100.0,0.0,0.0,0.0,0.0,0.0,0.0,0.0,0.0,0.0,100.0,0.0,0.0,0.0
2948,2679,Manual,SI,ADV 9339 (Syngenta),Maiz,NO,Manual,SI,1.0,4093.023256,6.0,53.0,76.0,60000,14,0,0,0,0,0,0,0,0,0,0,0,0,0,0,1,0,0.0,0.0,184.0,0,0.0,0.0,0,0.0,60.0,0,0,0,0,0,3,1.0,PLANO O LLANO,PLANO,2.0,5.0,SIN ROCAS,NO,-1.0,-1.0,NO,-1.0,NO,ATERRONADA,NO,NO,NO HAY,LA MANANA Y LA TARDE,NO HAY,NO HAY,NO,SI,24.0,PLANTAS NORMALES,NO,NO,SI,NO,BUENO,44.0,BUENO,NINGUNO,0.0,0.0,0.0,0.0,0.0,0.0,0.0,0.0,100.0,0.0,0.0,0.0,100.0,0.0,0.0,0.0,0.0,0.0,0.0
2949,2678,Manual,SI,P4082 (Pioneer),Maiz,NO,Manual,SI,1.0,4386.046512,5.0,50.0,87.0,62000,12,0,0,0,0,0,0,0,0,0,0,0,0,0,0,0,0,0.0,0.0,138.0,0,0.0,0.0,0,0.0,60.0,0,0,0,0,0,3,1.0,PLANO O LLANO,PLANO,2.0,5.0,SIN ROCAS,NO,-1.0,-1.0,NO,-1.0,NO,ATERRONADA,NO,NO,NO HAY,LA MANANA Y LA TARDE,NO HAY,NO HAY,NO,SI,26.0,PLANTAS NORMALES,NO,NO,SI,NO,BUENO,44.0,BUENO,NINGUNO,0.0,0.0,0.0,0.0,54.55,45.45,0.0,0.0,0.0,0.0,0.0,0.0,0.0,0.0,0.0,100.0,0.0,0.0,0.0
2950,2684,Manual,SI,P3966 (Pioneer),Maiz,SI,Manual,SI,3.2,4186.046512,6.0,51.0,76.0,62000,11,0,0,0,0,0,0,0,0,0,0,0,0,0,0,0,0,0.0,0.0,230.0,0,0.0,0.0,0,0.0,60.0,0,0,0,0,0,3,1.0,PLANO O LLANO,PLANO,1.0,5.5,SIN ROCAS,SI,26.0,8.0,NO,,NO,ATERRONADA,NO,NO,NO HAY,LA MANANA Y LA TARDE,NO HAY,NO HAY,NO,SI,24.0,POCO AFECTADAS,NO,NO,SI,NO,REGULAR,26.0,BUENO,NINGUNO,0.0,0.0,0.0,0.0,0.0,0.0,0.0,0.0,100.0,0.0,0.0,0.0,100.0,0.0,0.0,0.0,0.0,0.0,0.0
2952,2682,Manual,NO,Otro,Algodón,NO,Manual,SI,2.5,4093.023256,6.0,51.0,86.0,60000,11,0,0,0,0,0,0,0,0,0,0,0,0,0,0,0,0,0.0,0.0,184.0,0,0.0,0.0,0,0.0,60.0,0,0,0,0,0,3,1.0,PLANO O LLANO,PLANO,1.0,5.5,SIN ROCAS,NO,-1.0,-1.0,NO,-1.0,NO,GRANULAR,NO,NO,NO HAY,LA MANANA Y LA TARDE,NO HAY,NO HAY,NO,SI,27.0,PLANTAS NORMALES,NO,NO,SI,NO,BUENO,45.0,BUENO,NINGUNO,0.0,0.0,0.0,0.0,0.0,0.0,100.0,0.0,0.0,0.0,0.0,0.0,0.0,0.0,0.0,100.0,0.0,0.0,0.0
2953,2681,Manual,SI,P3966 (Pioneer),Algodón,SI,Manual,SI,1.2,4290.697674,5.0,49.0,94.0,60000,11,0,0,0,0,0,0,0,0,0,0,0,0,0,0,1,0,0.0,0.0,276.0,0,0.0,0.0,0,0.0,0.0,0,0,0,0,0,3,1.0,PLANO O LLANO,PLANO,2.0,5.0,SIN ROCAS,NO,-1.0,-1.0,NO,-1.0,NO,ATERRONADA,NO,NO,NO HAY,LA MANANA Y LA TARDE,NO HAY,NO HAY,NO,SI,24.0,POCO AFECTADAS,NO,NO,SI,NO,BUENO,43.0,BUENO,NINGUNO,0.0,0.0,0.0,0.0,100.0,0.0,0.0,0.0,0.0,0.0,0.0,0.0,100.0,0.0,0.0,0.0,0.0,0.0,0.0
2954,2680,Manual,SI,Otro,Algodón,SI,Manual,SI,2.7,4186.046512,5.0,51.0,85.0,60000,10,0,0,0,0,0,0,0,0,0,0,0,0,0,0,1,0,0.0,0.0,276.0,0,0.0,0.0,0,0.0,60.0,0,0,0,0,0,4,1.0,PLANO O LLANO,PLANO,1.0,5.5,SIN ROCAS,NO,-1.0,-1.0,NO,-1.0,NO,ATERRONADA,NO,NO,NO HAY,LA MANANA Y LA TARDE,NO HAY,NO HAY,NO,SI,22.0,POCO AFECTADAS,NO,NO,SI,NO,REGULAR,40.0,BUENO,NINGUNO,0.0,0.0,0.0,0.0,100.0,0.0,0.0,0.0,0.0,0.0,0.0,0.0,100.0,0.0,0.0,0.0,0.0,0.0,0.0
3024,2746,Mecanizado,SI,DK 234 YGRR,Maiz,NO,Mecanizada,NO,8.0,5308.139535,4.0,47.0,80.0,63000,8,0,0,0,0,0,0,0,0,0,0,1,0,0,0,1,0,0.0,0.0,92.0,0,0.0,0.0,0,0.0,0.0,0,0,0,0,0,2,2.0,PLANO O LLANO,PLANO,2.0,6.5,SIN ROCAS,NO,-1.0,-1.0,SI,-1.0,NO,GRANULAR,NO,NO,NO HAY,LA MANANA Y LA TARDE,NO HAY,NO HAY,NO,SI,17.0,PLANTAS NORMALES,NO,NO,SI,SI,ESPACIADO,20.0,LENTO A MUY LENTO,NINGUNO,0.0,0.0,0.0,0.0,0.0,0.0,68.33,0.0,31.67,0.0,0.0,100.0,0.0,0.0,0.0,0.0,0.0,0.0,0.0
3044,2766,Mecanizado,NO,PAC 105,Maiz,NO,Manual,NO,1.5,2860.465116,4.0,46.0,75.0,60000,6,0,0,0,0,0,0,0,0,0,1,0,0,0,0,1,0,0.0,0.0,92.0,0,0.0,0.0,0,0.0,0.0,0,0,0,0,0,2,1.0,PLANO O LLANO,PLANO,2.0,6.5,SIN ROCAS,NO,-1.0,-1.0,SI,-1.0,NO,GRANULAR,NO,NO,NO HAY,LA MANANA Y LA TARDE,NO HAY,NO HAY,NO,SI,15.0,PLANTAS NORMALES,NO,NO,SI,NO,REGULAR,18.0,LENTO A MUY LENTO,NINGUNO,0.0,26.67,0.0,0.0,0.0,0.0,0.0,0.0,73.33,0.0,0.0,100.0,0.0,0.0,0.0,0.0,0.0,0.0,0.0
3048,2770,Mecanizado,NO,DK7088,Maiz,NO,Mecanizada,NO,3.0,4767.44186,4.0,46.0,77.0,60000,8,0,0,0,0,0,0,0,0,0,0,1,0,0,0,2,0,0.0,0.0,61.0,0,0.0,15.0,0,0.0,15.0,0,0,0,0,0,2,1.0,PLANO O LLANO,PLANO,2.0,6.0,SIN ROCAS,NO,-1.0,-1.0,SI,-1.0,NO,GRANULAR,NO,NO,NO HAY,LA MANANA Y LA TARDE,NO HAY,NO HAY,NO,SI,22.0,PLANTAS NORMALES,NO,NO,SI,NO,BUENO,22.0,LENTO A MUY LENTO,NINGUNO,0.0,35.0,0.0,0.0,0.0,0.0,0.0,0.0,65.0,0.0,0.0,100.0,0.0,0.0,0.0,0.0,0.0,0.0,0.0
3103,2818,Manual,NO,Otro,Maiz,NO,Manual,NO,1.0,4102.325581,6.0,49.0,83.0,56000,14,0,0,0,0,0,0,0,0,0,0,1,0,0,0,2,0,0.0,0.0,80.5,0,0.0,0.0,0,0.0,0.0,0,0,0,0,0,2,2.0,PLANO O LLANO,PLANO,2.0,6.0,SIN ROCAS,NO,-1.0,-1.0,NO,-1.0,NO,ATERRONADA,NO,NO,NO HAY,LA MANANA Y LA TARDE,NO HAY,NO HAY,NO,SI,30.0,POCO AFECTADAS,SI,NO,SI,SI,BUENO,70.0,BUENO,NINGUNO,0.0,64.29,0.0,0.0,0.0,0.0,0.0,0.0,35.71,0.0,0.0,0.0,0.0,0.0,0.0,64.29,0.0,35.71,0.0
3106,2827,Manual,NO,CORPOICA V 114,Maiz,NO,Manual,NO,1.0,2412.790698,3.0,50.0,77.0,58000,16,0,0,0,0,0,0,0,0,0,0,1,0,0,0,2,0,0.0,0.0,92.0,0,0.0,0.0,0,0.0,0.0,0,0,0,0,0,2,3.0,PLANO O LLANO,PLANO,2.0,5.0,SIN ROCAS,SI,12.0,20.0,NO,,NO,ATERRONADA,NO,NO,NO HAY,LA MANANA Y LA TARDE,NO HAY,NO HAY,NO,SI,36.0,MUY AFECTADAS,SI,NO,SI,SI,BUENO,36.0,BUENO,LENTO,0.0,0.0,0.0,0.0,0.0,0.0,0.0,0.0,37.7,62.3,0.0,0.0,0.0,0.0,62.3,0.0,0.0,37.7,0.0
3122,2841,Manual,NO,PIONEER 30F35 HRR,Maiz,NO,Manual,NO,2.0,3579.069767,6.0,51.0,78.0,60000,16,0,0,0,0,0,0,0,0,0,0,1,0,0,0,2,0,0.0,0.0,103.5,0,0.0,0.0,0,0.0,0.0,0,0,0,0,0,2,2.0,PLANO O LLANO,PLANO,2.0,6.0,SIN ROCAS,NO,-1.0,-1.0,NO,-1.0,NO,ATERRONADA,NO,NO,NO HAY,LA MANANA Y LA TARDE,NO HAY,NO HAY,NO,SI,25.0,MUY AFECTADAS,SI,NO,SI,SI,BUENO,60.0,BUENO,NINGUNO,0.0,0.0,0.0,70.0,0.0,0.0,0.0,0.0,30.0,0.0,0.0,0.0,0.0,0.0,100.0,0.0,0.0,0.0,0.0
3124,2842,Mecanizado,NO,PIONEER 30F35 HRR,Maiz,NO,Mecanizada,NO,5.0,3623.255814,5.0,47.0,79.0,62500,16,0,0,0,0,0,0,0,0,0,0,1,0,0,0,2,0,0.0,0.0,124.0,0,0.0,23.0,0,0.0,0.0,0,0,0,0,0,3,3.0,PLANO O LLANO,PLANO,2.0,5.5,SIN ROCAS,NO,-1.0,-1.0,NO,-1.0,NO,ATERRONADA,NO,NO,NO HAY,LA MANANA Y LA TARDE,NO HAY,NO HAY,NO,SI,27.0,MUY AFECTADAS,SI,NO,SI,SI,REGULAR,60.0,BUENO,LENTO,0.0,0.0,0.0,45.0,55.0,0.0,0.0,0.0,0.0,0.0,0.0,0.0,0.0,0.0,55.0,0.0,0.0,45.0,0.0
3125,2843,Manual,SI,DK 234 YGRR,Maiz,NO,Manual,NO,2.0,3337.209302,5.0,48.0,78.0,60000,16,0,0,0,0,0,0,0,0,0,0,1,0,0,0,2,0,0.0,0.0,92.0,0,0.0,0.0,0,0.0,0.0,0,0,0,0,0,2,2.0,PLANO O LLANO,PLANO,2.0,6.0,SIN ROCAS,NO,-1.0,-1.0,NO,-1.0,NO,GRANULAR,SI,NO,NO HAY,LA MANANA Y LA TARDE,NO HAY,NO HAY,SI,SI,45.0,POCO AFECTADAS,SI,NO,SI,NO,BUENO,60.0,BUENO,NINGUNO,0.0,0.0,71.67,0.0,0.0,0.0,0.0,0.0,0.0,28.33,0.0,0.0,0.0,0.0,100.0,0.0,0.0,0.0,0.0
3135,2853,Manual,NO,PIONEER 30F35 HRR,Maiz,NO,Manual,NO,2.0,3813.953488,,,,"0     NaN
1     NaN
2     NaN
3     NaN
4     NaN
       ..
993   NaN
994   NaN
995   NaN
996   NaN
997   NaN
Name: AREA, Length: 882, dtype: float64",15,0,0,0,0,0,0,0,0,0,0,0,0,0,0,0,0,0.0,0.0,0.0,0,0.0,0.0,0,0.0,0.0,0,0,0,0,0,0,2.0,PLANO O LLANO,PLANO,2.0,5.5,SIN ROCAS,NO,-1.0,-1.0,NO,-1.0,NO,MASIVA,NO,NO,NO HAY,LA MANANA Y LA TARDE,NO HAY,NO HAY,NO,SI,33.0,PLANTAS NORMALES,SI,NO,SI,SI,BUENO,33.0,BUENO,NINGUNO,0.0,0.0,0.0,0.0,40.0,0.0,60.0,0.0,0.0,0.0,0.0,0.0,0.0,0.0,60.0,0.0,0.0,40.0,0.0
3172,2908,Mecanizado,SI,P3966 (Pioneer),Maiz,SI,Mecanizada,NO,8.0,4709.302326,5.0,46.0,95.0,73000,5,0,0,0,0,0,0,0,0,0,2,1,0,0,1,2,0,0.0,0.0,80.0,0,0.0,0.0,0,0.0,0.0,0,0,0,0,0,2,4.0,PLANO O LLANO,PLANO,3.0,6.0,SIN ROCAS,SI,18.0,1.0,SI,19.0,NO,ATERRONADA,NO,NO,NO HAY,LA MANANA Y LA TARDE,NO HAY,NO HAY,NO,SI,17.0,PLANTAS NORMALES,SI,NO,NO,SI,ESPACIADO,18.0,LENTO A MUY LENTO,LENTO,0.0,0.0,0.0,0.0,0.0,0.0,0.0,0.0,100.0,0.0,0.0,0.0,74.28999999999999,25.71,0.0,0.0,0.0,0.0,0.0
3173,2909,Mecanizado,SI,P3966 (Pioneer),Maiz,SI,Mecanizada,NO,10.0,5180.232558,5.0,46.0,95.0,73000,6,0,0,0,0,0,0,0,0,0,2,1,0,0,1,2,0,0.0,0.0,80.0,0,0.0,0.0,0,0.0,0.0,0,0,0,0,0,2,4.0,PLANO O LLANO,PLANO,3.0,6.0,SIN ROCAS,NO,-1.0,-1.0,SI,-1.0,NO,ATERRONADA,NO,NO,NO HAY,LA MANANA Y LA TARDE,NO HAY,NO HAY,NO,SI,23.0,PLANTAS NORMALES,SI,NO,SI,SI,ESPACIADO,23.0,LENTO A MUY LENTO,LENTO,0.0,0.0,0.0,0.0,0.0,0.0,0.0,0.0,100.0,0.0,0.0,50.0,50.0,0.0,0.0,0.0,0.0,0.0,0.0
3174,2895,Manual,NO,PIONEER 30F35 HRR,Maiz,NO,Manual,NO,6.0,4343.023256,4.0,46.0,82.0,62000,8,0,0,0,0,0,0,0,0,0,1,1,0,0,0,2,0,0.0,0.0,115.0,0,0.0,0.0,0,0.0,0.0,0,0,0,0,0,2,2.0,PLANO O LLANO,PLANO,2.0,6.0,SIN ROCAS,NO,-1.0,-1.0,SI,-1.0,NO,GRANULAR,NO,NO,NO HAY,LA MANANA Y LA TARDE,NO HAY,NO HAY,NO,SI,15.0,PLANTAS NORMALES,NO,NO,SI,NO,ESPACIADO,32.0,LENTO A MUY LENTO,NINGUNO,0.0,51.67,0.0,0.0,0.0,0.0,0.0,0.0,48.33,0.0,0.0,100.0,0.0,0.0,0.0,0.0,0.0,0.0,0.0
3175,2896,Manual,NO,ADV 9293 (Syngenta),Maiz,NO,Manual,NO,4.0,3088.372093,4.0,47.0,84.0,60000,6,0,0,0,0,0,0,0,0,0,1,1,0,0,0,1,2,0.0,0.0,92.0,0,0.0,0.0,0,0.0,0.0,0,0,0,0,0,2,1.0,PLANO O LLANO,PLANO,2.0,6.0,SIN ROCAS,NO,-1.0,-1.0,SI,-1.0,NO,GRANULAR,NO,NO,POCO MARCADAS,LA MANANA Y LA TARDE,NO HAY,NO HAY,NO,SI,13.0,PLANTAS NORMALES,NO,NO,SI,NO,BUENO,24.0,LENTO A MUY LENTO,NINGUNO,0.0,38.33,0.0,0.0,0.0,0.0,61.67,0.0,0.0,0.0,0.0,61.67,38.33,0.0,0.0,0.0,0.0,0.0,0.0
3176,2897,Manual,NO,DK 234 YGRR,Maiz,NO,Manual,NO,5.0,5469.767442,5.0,48.0,72.0,60000,5,0,0,0,0,0,0,0,0,0,1,1,0,0,0,2,0,0.0,0.0,92.0,0,0.0,0.0,0,0.0,0.0,0,0,0,0,0,2,1.0,PLANO O LLANO,PLANO,2.0,6.0,SIN ROCAS,NO,-1.0,-1.0,SI,-1.0,NO,GRANULAR,NO,NO,NO HAY,LA MANANA Y LA TARDE,NO HAY,POCO MARCADAS,NO,SI,13.0,PLANTAS NORMALES,NO,NO,SI,NO,REGULAR,17.0,LENTO A MUY LENTO,NINGUNO,0.0,26.67,0.0,0.0,0.0,0.0,73.33,0.0,0.0,0.0,0.0,73.33,26.67,0.0,0.0,0.0,0.0,0.0,0.0
3177,2898,Manual,NO,DK 234 YGRR,Maiz,NO,Manual,NO,2.3,2991.860465,5.0,48.0,80.0,60000,8,0,0,0,0,0,0,0,0,0,1,1,0,0,0,2,0,0.0,0.0,92.0,0,0.0,0.0,0,0.0,0.0,0,0,0,0,0,2,2.0,PLANO O LLANO,PLANO,2.0,6.0,SIN ROCAS,NO,-1.0,-1.0,SI,-1.0,NO,GRANULAR,NO,NO,NO HAY,LA MANANA Y LA TARDE,POCO MARCADAS,NO HAY,NO,SI,16.0,PLANTAS NORMALES,NO,NO,SI,NO,REGULAR,19.0,LENTO A MUY LENTO,NINGUNO,0.0,30.0,0.0,0.0,0.0,0.0,70.0,0.0,0.0,0.0,0.0,100.0,0.0,0.0,0.0,0.0,0.0,0.0,0.0
3178,2899,,NO,,Maiz,NO,Manual,NO,1.8,5053.488372,5.0,48.0,79.0,60000,6,0,0,0,0,0,0,0,0,0,1,1,0,0,0,2,0,0.0,0.0,92.0,0,0.0,0.0,0,0.0,0.0,0,0,0,0,0,2,2.0,PLANO O LLANO,PLANO,2.0,6.0,SIN ROCAS,NO,-1.0,-1.0,SI,-1.0,NO,GRANULAR,NO,NO,NO HAY,LA MANANA Y LA TARDE,NO HAY,NO HAY,NO,SI,19.0,PLANTAS NORMALES,NO,NO,SI,NO,REGULAR,39.0,LENTO A MUY LENTO,NINGUNO,0.0,0.0,0.0,0.0,0.0,0.0,36.67,0.0,63.33,0.0,0.0,100.0,0.0,0.0,0.0,0.0,0.0,0.0,0.0
3179,2900,Manual,NO,PIONEER 30F35 HRR,Maiz,NO,Manual,NO,3.0,4862.790698,4.0,47.0,80.0,62000,9,0,0,0,0,0,0,0,0,0,1,1,0,0,0,2,0,0.0,0.0,92.0,0,0.0,0.0,0,0.0,0.0,0,0,0,0,0,2,1.0,PLANO O LLANO,PLANO,2.0,6.0,SIN ROCAS,NO,-1.0,-1.0,SI,-1.0,NO,GRANULAR,NO,NO,NO HAY,LA MANANA Y LA TARDE,NO HAY,NO HAY,NO,SI,16.0,PLANTAS NORMALES,NO,NO,SI,NO,REGULAR,36.0,LENTO A MUY LENTO,NINGUNO,0.0,40.0,0.0,0.0,0.0,0.0,0.0,0.0,60.0,0.0,0.0,100.0,0.0,0.0,0.0,0.0,0.0,0.0,0.0
3180,2901,Manual,NO,PIONEER 30F35 HRR,Maiz,NO,Manual,NO,1.5,4632.55814,4.0,46.0,78.0,60000,6,0,0,0,0,0,0,0,0,0,1,1,0,0,0,2,0,0.0,0.0,92.0,0,0.0,0.0,0,0.0,0.0,0,0,0,0,0,2,1.0,PLANO O LLANO,PLANO,2.0,6.0,SIN ROCAS,NO,-1.0,-1.0,SI,-1.0,NO,GRANULAR,NO,NO,NO HAY,LA MANANA Y LA TARDE,NO HAY,NO HAY,NO,SI,12.0,PLANTAS NORMALES,NO,NO,SI,NO,BUENO,25.0,LENTO A MUY LENTO,NINGUNO,0.0,40.0,0.0,0.0,0.0,0.0,0.0,0.0,60.0,0.0,0.0,60.0,40.0,0.0,0.0,0.0,0.0,0.0,0.0
3181,2902,Manual,NO,DK 234 YGRR,Maiz,NO,Manual,NO,1.3,4825.581395,4.0,46.0,81.0,60000,5,0,0,0,0,0,0,0,0,0,1,1,0,0,0,2,0,0.0,0.0,92.0,0,0.0,0.0,0,0.0,0.0,0,0,0,0,0,2,1.0,PLANO O LLANO,PLANO,2.0,6.0,SIN ROCAS,NO,-1.0,-1.0,SI,-1.0,NO,GRANULAR,NO,NO,NO HAY,LA MANANA Y LA TARDE,POCO MARCADAS,NO HAY,NO,SI,20.0,PLANTAS NORMALES,NO,NO,SI,NO,ESPACIADO,24.0,LENTO A MUY LENTO,NINGUNO,0.0,38.33,0.0,0.0,0.0,0.0,61.67,0.0,0.0,0.0,0.0,61.67,38.33,0.0,0.0,0.0,0.0,0.0,0.0
3182,2903,Mecanizado,NO,DK 234 YGRR,Maiz,NO,Manual,NO,1.5,3909.302326,5.0,45.0,85.0,62000,4,0,0,0,0,0,0,0,0,0,0,1,0,0,0,2,0,0.0,0.0,61.0,0,0.0,15.0,0,0.0,15.0,0,0,0,0,0,2,1.0,PLANO O LLANO,PLANO,2.0,6.0,SIN ROCAS,NO,-1.0,-1.0,SI,-1.0,NO,GRANULAR,NO,NO,NO HAY,LA MANANA Y LA TARDE,NO HAY,NO HAY,NO,SI,16.0,PLANTAS NORMALES,NO,NO,SI,NO,REGULAR,34.0,LENTO A MUY LENTO,NINGUNO,0.0,0.0,0.0,0.0,0.0,0.0,45.0,0.0,55.0,0.0,0.0,100.0,0.0,0.0,0.0,0.0,0.0,0.0,0.0
3183,2904,Manual,NO,DK7088,Maiz,NO,Manual,NO,2.0,4825.581395,4.0,49.0,85.0,60000,6,0,0,0,0,0,0,0,0,0,1,1,0,0,0,2,0,0.0,0.0,92.0,0,0.0,0.0,0,0.0,0.0,0,0,0,0,0,2,1.0,PLANO O LLANO,PLANO,2.0,6.0,SIN ROCAS,NO,-1.0,-1.0,SI,-1.0,NO,GRANULAR,NO,NO,NO HAY,LA MANANA Y LA TARDE,NO HAY,NO HAY,NO,SI,16.0,PLANTAS NORMALES,NO,NO,SI,NO,REGULAR,24.0,LENTO A MUY LENTO,NINGUNO,0.0,38.33,0.0,0.0,0.0,0.0,61.67,0.0,0.0,0.0,0.0,61.67,38.33,0.0,0.0,0.0,0.0,0.0,0.0
3184,2905,Manual,NO,PIONEER 30F35 HRR,Maiz,SI,Manual,NO,4.0,3474.418605,5.0,49.0,79.0,60000,5,0,0,0,0,0,0,0,0,0,1,1,0,0,0,2,0,0.0,0.0,92.0,0,0.0,0.0,0,0.0,0.0,0,0,0,0,0,2,1.0,PLANO O LLANO,PLANO,2.0,6.0,SIN ROCAS,NO,-1.0,-1.0,SI,-1.0,NO,GRANULAR,NO,NO,POCO MARCADAS,LA MANANA Y LA TARDE,POCO MARCADAS,NO HAY,NO,SI,17.0,PLANTAS NORMALES,NO,NO,SI,NO,BUENO,22.0,LENTO A MUY LENTO,NINGUNO,0.0,35.0,0.0,0.0,0.0,0.0,0.0,0.0,65.0,0.0,0.0,65.0,35.0,0.0,0.0,0.0,0.0,0.0,0.0
3185,2910,Mecanizado,SI,P3966 (Pioneer),Maiz,SI,Mecanizada,NO,12.0,5462.790698,5.0,46.0,92.0,73000,5,0,0,0,0,0,0,0,0,0,0,2,0,0,0,3,0,0.0,0.0,80.0,0,0.0,30.0,0,0.0,10.0,0,0,0,0,0,3,4.0,PLANO O LLANO,PLANO,3.0,5.5,SIN ROCAS,NO,-1.0,-1.0,SI,-1.0,NO,ATERRONADA,NO,NO,NO HAY,LA MANANA Y LA TARDE,NO HAY,NO HAY,NO,SI,45.0,PLANTAS NORMALES,SI,NO,SI,NO,REGULAR,45.0,LENTO A MUY LENTO,LENTO,0.0,0.0,0.0,0.0,0.0,0.0,0.0,0.0,100.0,0.0,0.0,0.0,0.0,0.0,48.33,51.67,0.0,0.0,0.0
3188,2912,Mecanizado,SI,PIONEER 30F35 HRR,Maiz,NO,Manual,NO,3.0,5790.697674,4.0,47.0,87.0,62000,8,0,0,0,0,0,0,0,0,0,1,0,0,0,0,1,0,0.0,0.0,61.0,0,0.0,15.0,0,0.0,15.0,0,0,0,0,0,2,1.0,PLANO O LLANO,PLANO,2.0,6.0,SIN ROCAS,NO,-1.0,-1.0,SI,-1.0,NO,GRANULAR,NO,NO,NO HAY,LA MANANA Y LA TARDE,NO HAY,NO HAY,NO,SI,12.0,PLANTAS NORMALES,NO,NO,SI,NO,BUENO,22.0,LENTO A MUY LENTO,NINGUNO,0.0,35.0,0.0,0.0,0.0,0.0,65.0,0.0,0.0,0.0,0.0,65.0,35.0,0.0,0.0,0.0,0.0,0.0,0.0
3190,2916,Mecanizado,SI,P3966 (Pioneer),Maiz,SI,Manual,SI,3.0,5180.232558,5.0,47.0,90.0,72000,5,0,0,0,0,0,0,0,0,0,2,1,0,0,0,1,0,0.0,0.0,76.0,0,0.0,0.0,0,0.0,20.0,0,0,0,0,0,2,4.0,PLANO O LLANO,PLANO,3.0,5.5,SIN ROCAS,NO,-1.0,-1.0,SI,-1.0,NO,ATERRONADA,NO,NO,NO HAY,LA MANANA Y LA TARDE,NO HAY,NO HAY,NO,SI,36.0,PLANTAS NORMALES,SI,NO,SI,NO,REGULAR,36.0,LENTO A MUY LENTO,LENTO,0.0,0.0,0.0,0.0,0.0,0.0,0.0,0.0,100.0,0.0,0.0,51.67,48.33,0.0,0.0,0.0,0.0,0.0,0.0
3191,2913,Mecanizado,SI,DK7088,Maiz,SI,Manual,NO,4.0,5816.27907,5.0,48.0,84.0,62000,6,0,0,0,0,0,0,0,0,0,1,0,0,0,0,1,0,0.0,0.0,61.0,0,0.0,15.0,0,0.0,15.0,0,0,0,0,0,2,2.0,PLANO O LLANO,PLANO,2.0,6.0,SIN ROCAS,NO,-1.0,-1.0,SI,-1.0,NO,GRANULAR,NO,NO,NO HAY,LA MANANA Y LA TARDE,NO HAY,NO HAY,NO,SI,18.0,PLANTAS NORMALES,NO,NO,SI,NO,MUY BUENO,20.0,LENTO A MUY LENTO,NINGUNO,0.0,30.0,0.0,0.0,0.0,0.0,0.0,0.0,70.0,0.0,0.0,100.0,0.0,0.0,0.0,0.0,0.0,0.0,0.0
3192,2914,Manual,NO,PIONEER 30F35 HRR,Maiz,NO,Manual,NO,1.0,5244.186047,4.0,49.0,78.0,62000,9,0,0,0,0,0,0,0,0,0,1,1,0,0,0,1,0,0.0,0.0,61.0,0,0.0,15.0,0,0.0,15.0,0,0,0,0,0,2,2.0,PLANO O LLANO,PLANO,2.0,6.0,SIN ROCAS,NO,-1.0,-1.0,SI,-1.0,NO,GRANULAR,NO,NO,POCO MARCADAS,LA MANANA Y LA TARDE,NO HAY,NO HAY,NO,SI,24.0,PLANTAS NORMALES,NO,NO,SI,NO,ESPACIADO,24.0,LENTO A MUY LENTO,NINGUNO,0.0,36.67,0.0,0.0,0.0,0.0,0.0,0.0,63.33,0.0,0.0,100.0,0.0,0.0,0.0,0.0,0.0,0.0,0.0
3193,2773,Mecanizado,NO,PIONEER 30F35 HRR,Maiz,NO,Manual,NO,4.0,4958.139535,3.0,47.0,78.0,62000,6,0,0,0,0,0,0,0,0,0,0,2,0,0,0,1,0,0.0,0.0,61.0,0,0.0,15.0,0,0.0,15.0,0,0,0,0,0,2,1.0,PLANO O LLANO,PLANO,2.0,6.0,SIN ROCAS,NO,-1.0,-1.0,SI,-1.0,NO,GRANULAR,NO,NO,POCO MARCADAS,LA MANANA Y LA TARDE,NO HAY,NO HAY,NO,SI,20.0,PLANTAS NORMALES,NO,NO,SI,NO,ESPACIADO,20.0,LENTO A MUY LENTO,NINGUNO,0.0,0.0,0.0,31.67,0.0,0.0,68.33,0.0,0.0,0.0,0.0,100.0,0.0,0.0,0.0,0.0,0.0,0.0,0.0
3194,2772,Mecanizado,NO,PIONEER 30F35 HRR,Maiz,NO,Manual,NO,4.0,4958.139535,6.0,43.0,83.0,60000,7,0,0,0,0,0,0,0,0,0,0,2,0,0,0,1,0,0.0,0.0,92.0,0,0.0,0.0,0,0.0,0.0,0,0,0,0,0,2,1.0,PLANO O LLANO,PLANO,2.0,5.5,SIN ROCAS,NO,-1.0,-1.0,SI,-1.0,NO,GRANULAR,NO,NO,NO HAY,LA MANANA Y LA TARDE,NO HAY,NO HAY,NO,NO,-1.0,PLANTAS NORMALES,NO,NO,SI,NO,BUENO,29.0,LENTO A MUY LENTO,NINGUNO,0.0,46.67,0.0,0.0,0.0,0.0,0.0,0.0,53.33,0.0,0.0,100.0,0.0,0.0,0.0,0.0,0.0,0.0,0.0
3195,2771,Mecanizado,NO,PIONEER 30F35 HRR,Maiz,NO,Manual,NO,4.0,3909.302326,5.0,45.0,78.0,62000,10,0,0,0,0,0,0,0,0,0,0,1,0,0,0,1,0,0.0,0.0,92.0,0,0.0,0.0,0,0.0,0.0,0,0,0,0,0,2,2.0,PLANO O LLANO,PLANO,2.0,6.0,SIN ROCAS,NO,-1.0,-1.0,SI,-1.0,NO,GRANULAR,NO,NO,NO HAY,LA MANANA Y LA TARDE,NO HAY,NO HAY,NO,SI,21.0,PLANTAS NORMALES,NO,NO,SI,NO,BUENO,27.0,LENTO A MUY LENTO,NINGUNO,0.0,45.0,0.0,0.0,0.0,0.0,0.0,0.0,55.0,0.0,0.0,100.0,0.0,0.0,0.0,0.0,0.0,0.0,0.0
3196,2917,Mecanizado,SI,P3966 (Pioneer),Maiz,SI,Manual,SI,1.0,5462.790698,5.0,46.0,96.0,73000,5,0,0,0,0,0,0,0,0,0,0,1,0,0,0,4,0,0.0,0.0,122.0,0,0.0,0.0,0,0.0,20.0,0,0,0,0,0,3,4.0,PLANO O LLANO,PLANO,3.0,5.5,SIN ROCAS,NO,-1.0,-1.0,SI,-1.0,NO,ATERRONADA,NO,NO,NO HAY,LA MANANA Y LA TARDE,NO HAY,NO HAY,NO,SI,41.0,PLANTAS NORMALES,SI,NO,SI,NO,REGULAR,41.0,LENTO A MUY LENTO,LENTO,0.0,0.0,0.0,0.0,0.0,0.0,0.0,0.0,100.0,0.0,0.0,0.0,0.0,0.0,51.43,48.57,0.0,0.0,0.0
3197,2918,Mecanizado,SI,P3966 (Pioneer),Maiz,SI,Mecanizada,NO,6.0,5462.790698,5.0,46.0,95.0,73000,5,0,0,0,0,0,0,0,0,0,0,2,0,0,0,2,0,0.0,0.0,110.5,0,0.0,0.0,0,0.0,20.0,0,0,0,0,0,3,3.0,PLANO O LLANO,PLANO,3.0,5.5,SIN ROCAS,NO,-1.0,-1.0,SI,-1.0,NO,ATERRONADA,NO,NO,NO HAY,LA MANANA Y LA TARDE,NO HAY,NO HAY,NO,SI,43.0,PLANTAS NORMALES,SI,NO,SI,NO,REGULAR,43.0,LENTO A MUY LENTO,LENTO,0.0,0.0,0.0,0.0,0.0,0.0,0.0,0.0,100.0,0.0,0.0,0.0,0.0,0.0,54.41,45.59,0.0,0.0,0.0
3198,2919,Mecanizado,SI,DK 234 YGRR,Maiz,SI,Mecanizada,NO,7.0,4930.232558,5.0,46.0,96.0,72000,4,0,0,0,0,0,0,0,0,0,2,1,0,0,1,2,0,0.0,0.0,76.0,0,0.0,0.0,0,0.0,20.0,0,0,0,0,0,2,3.0,PLANO O LLANO,PLANO,3.0,6.0,SIN ROCAS,NO,-1.0,-1.0,SI,-1.0,NO,ATERRONADA,NO,NO,NO HAY,LA MANANA Y LA TARDE,NO HAY,NO HAY,NO,SI,32.0,PLANTAS NORMALES,SI,NO,SI,SI,REGULAR,32.0,LENTO A MUY LENTO,LENTO,0.0,0.0,0.0,0.0,0.0,0.0,0.0,0.0,100.0,0.0,0.0,0.0,0.0,0.0,51.43,48.57,0.0,0.0,0.0
3201,2920,Manual,NO,PIONEER 30F35 HRR,Maiz,NO,Manual,NO,1.5,4922.093023,4.0,48.0,80.0,62000,4,0,0,0,0,0,0,0,0,0,0,1,0,0,0,2,0,0.0,0.0,92.0,0,0.0,0.0,0,0.0,0.0,0,0,0,0,0,2,1.0,PLANO O LLANO,PLANO,2.0,6.0,SIN ROCAS,NO,-1.0,-1.0,SI,-1.0,NO,GRANULAR,NO,NO,NO HAY,LA MANANA Y LA TARDE,POCO MARCADAS,NO HAY,NO,SI,20.0,PLANTAS NORMALES,NO,NO,SI,NO,REGULAR,20.0,LENTO A MUY LENTO,NINGUNO,0.0,31.67,0.0,0.0,0.0,0.0,68.33,0.0,0.0,0.0,0.0,68.33,31.67,0.0,0.0,0.0,0.0,0.0,0.0
3202,2921,Manual,NO,Impacto (Syngenta),Maiz,NO,Manual,NO,1.0,4343.023256,4.0,46.0,92.0,62000,3,0,0,0,0,0,0,0,0,0,1,1,0,0,0,2,0,0.0,0.0,92.0,0,0.0,0.0,0,0.0,0.0,0,0,0,0,0,2,1.0,PLANO O LLANO,PLANO,2.0,6.0,SIN ROCAS,NO,-1.0,-1.0,SI,-1.0,NO,GRANULAR,NO,NO,POCO MARCADAS,LA MANANA Y LA TARDE,NO HAY,NO HAY,NO,SI,13.0,PLANTAS NORMALES,NO,NO,SI,NO,REGULAR,17.0,LENTO A MUY LENTO,NINGUNO,0.0,26.67,0.0,0.0,0.0,0.0,73.33,0.0,0.0,0.0,0.0,73.33,26.67,0.0,0.0,0.0,0.0,0.0,0.0
3203,2922,Mecanizado,NO,Impacto (Syngenta),Maiz,NO,Manual,NO,5.0,4343.023256,3.0,45.0,85.0,62000,4,0,0,0,0,0,0,0,0,0,1,0,1,0,0,1,1,0.0,0.0,92.0,0,0.0,0.0,0,0.0,0.0,0,0,0,0,0,2,2.0,PLANO O LLANO,PLANO,2.0,6.0,SIN ROCAS,SI,13.0,4.0,SI,18.0,NO,GRANULAR,NO,NO,POCO MARCADAS,LA MANANA Y LA TARDE,NO HAY,NO HAY,NO,SI,16.0,PLANTAS NORMALES,NO,NO,NO,NO,BUENO,16.0,LENTO A MUY LENTO,NINGUNO,0.0,28.33,0.0,0.0,0.0,0.0,71.67,0.0,0.0,0.0,0.0,71.67,28.33,0.0,0.0,0.0,0.0,0.0,0.0
3204,2923,Manual,NO,PIONEER 30F35 HRR,Maiz,NO,Manual,NO,1.0,4150.0,4.0,48.0,83.0,62000,4,0,0,0,0,0,0,0,0,0,1,1,0,0,0,1,0,0.0,0.0,92.0,0,0.0,0.0,0,0.0,0.0,0,0,0,0,0,2,2.0,PLANO O LLANO,PLANO,2.0,5.5,SIN ROCAS,NO,-1.0,-1.0,SI,-1.0,NO,GRANULAR,NO,NO,POCO MARCADAS,LA MANANA Y LA TARDE,NO HAY,NO HAY,NO,SI,23.0,PLANTAS NORMALES,NO,NO,SI,NO,ESPACIADO,23.0,LENTO A MUY LENTO,NINGUNO,0.0,36.67,0.0,0.0,0.0,0.0,63.33,0.0,0.0,0.0,0.0,63.33,36.67,0.0,0.0,0.0,0.0,0.0,0.0
3205,2924,Manual,NO,DK 234,Maiz,NO,Manual,NO,1.0,4004.651163,4.0,47.0,81.0,60000,3,0,0,0,0,0,0,0,0,0,1,1,0,0,0,1,0,0.0,0.0,92.0,0,0.0,0.0,0,0.0,0.0,0,0,0,0,0,2,1.0,PLANO O LLANO,PLANO,2.0,5.5,SIN ROCAS,NO,-1.0,-1.0,SI,-1.0,NO,GRANULAR,NO,NO,POCO MARCADAS,LA MANANA Y LA TARDE,NO HAY,NO HAY,NO,SI,22.0,PLANTAS NORMALES,NO,NO,SI,NO,ESPACIADO,27.0,LENTO A MUY LENTO,NINGUNO,0.0,41.67,0.0,0.0,0.0,0.0,0.0,0.0,58.33,0.0,0.0,100.0,0.0,0.0,0.0,0.0,0.0,0.0,0.0
3206,2925,Manual,NO,DK 234 YGRR,Maiz,NO,Manual,NO,1.0,3377.906977,4.0,45.0,85.0,62000,3,0,0,0,0,0,0,0,0,0,1,1,0,0,0,1,0,0.0,0.0,92.0,0,0.0,0.0,0,0.0,0.0,0,0,0,0,0,2,2.0,PLANO O LLANO,PLANO,2.0,5.5,SIN ROCAS,NO,-1.0,-1.0,SI,-1.0,NO,GRANULAR,NO,NO,NO HAY,LA MANANA Y LA TARDE,NO HAY,NO HAY,NO,SI,19.0,PLANTAS NORMALES,NO,NO,SI,NO,ESPACIADO,22.0,LENTO A MUY LENTO,NINGUNO,0.0,35.0,0.0,0.0,0.0,0.0,0.0,0.0,65.0,0.0,0.0,100.0,0.0,0.0,0.0,0.0,0.0,0.0,0.0
3207,2926,Manual,NO,DK7088,Maiz,NO,Manual,NO,2.0,3281.395349,4.0,45.0,83.0,60000,4,0,0,0,0,0,0,0,0,0,1,0,0,0,0,2,0,0.0,0.0,92.0,0,0.0,0.0,0,0.0,0.0,0,0,0,0,0,2,2.0,PLANO O LLANO,PLANO,2.0,5.5,SIN ROCAS,NO,-1.0,-1.0,SI,-1.0,NO,GRANULAR,NO,NO,POCO MARCADAS,LA MANANA Y LA TARDE,NO HAY,NO HAY,NO,SI,22.0,PLANTAS NORMALES,NO,NO,SI,NO,REGULAR,22.0,LENTO A MUY LENTO,NINGUNO,0.0,26.67,0.0,0.0,0.0,0.0,0.0,0.0,73.33,0.0,0.0,100.0,0.0,0.0,0.0,0.0,0.0,0.0,0.0
3208,2927,Manual,NO,PIONEER 30F35 HRR,Maiz,NO,Manual,NO,1.0,4439.534884,5.0,48.0,85.0,6000,4,0,0,0,0,0,0,0,0,0,1,1,0,0,0,2,0,0.0,0.0,69.0,0,0.0,0.0,0,0.0,0.0,0,0,0,0,0,2,1.0,PLANO O LLANO,PLANO,2.0,6.0,SIN ROCAS,NO,-1.0,-1.0,SI,-1.0,NO,GRANULAR,NO,NO,POCO MARCADAS,LA MANANA Y LA TARDE,NO HAY,NO HAY,NO,SI,18.0,PLANTAS NORMALES,NO,NO,SI,NO,SIN COBERTURA,23.0,LENTO A MUY LENTO,NINGUNO,0.0,0.0,0.0,36.67,0.0,0.0,0.0,0.0,63.33,0.0,0.0,63.33,36.67,0.0,0.0,0.0,0.0,0.0,0.0
3209,2928,Mecanizado,NO,DK7088,Maiz,NO,Manual,NO,3.0,4958.139535,5.0,47.0,82.0,62000,4,0,0,0,0,0,0,0,0,0,1,1,0,0,0,1,0,0.0,0.0,61.0,0,0.0,15.0,0,0.0,15.0,0,0,0,0,0,2,1.0,PLANO O LLANO,PLANO,2.0,6.0,SIN ROCAS,NO,-1.0,-1.0,SI,-1.0,NO,GRANULAR,NO,NO,POCO MARCADAS,LA MANANA Y LA TARDE,NO HAY,NO HAY,NO,SI,19.0,PLANTAS NORMALES,NO,NO,SI,NO,ESPACIADO,19.0,LENTO A MUY LENTO,NINGUNO,0.0,26.67,0.0,0.0,0.0,0.0,0.0,0.0,73.33,0.0,0.0,73.33,26.67,0.0,0.0,0.0,0.0,0.0,0.0
3211,2930,Mecanizado,SI,PIONEER 30F35 HRR,Maiz,NO,Manual,NO,12.0,3860.465116,4.0,46.0,79.0,62000,3,0,0,0,0,0,0,0,0,0,1,1,0,0,0,1,0,0.0,0.0,61.0,0,0.0,15.0,0,0.0,15.0,0,0,0,0,0,2,1.0,PLANO O LLANO,PLANO,2.0,6.0,SIN ROCAS,NO,-1.0,-1.0,SI,-1.0,NO,GRANULAR,NO,NO,POCO MARCADAS,LA MANANA Y LA TARDE,POCO MARCADAS,NO HAY,NO,SI,16.0,PLANTAS NORMALES,NO,NO,SI,NO,BUENO,25.0,LENTO A MUY LENTO,NINGUNO,0.0,40.0,0.0,0.0,0.0,0.0,0.0,0.0,60.0,0.0,0.0,60.0,40.0,0.0,0.0,0.0,0.0,0.0,0.0
3212,2931,Manual,SI,PIONEER 30F35 HRR,Maiz,NO,Manual,NO,3.0,4150.0,4.0,45.0,81.0,60000,6,0,0,0,0,0,0,0,0,0,1,1,0,0,0,1,0,0.0,0.0,92.0,0,0.0,0.0,0,0.0,0.0,0,0,0,0,0,2,1.0,PLANO O LLANO,PLANO,2.0,6.0,SIN ROCAS,SI,13.0,4.0,SI,24.0,NO,GRANULAR,NO,NO,POCO MARCADAS,LA MANANA Y LA TARDE,NO HAY,NO HAY,NO,NO,-1.0,PLANTAS NORMALES,NO,NO,NO,NO,REGULAR,13.0,LENTO A MUY LENTO,NINGUNO,0.0,38.33,0.0,0.0,0.0,0.0,61.67,0.0,0.0,0.0,0.0,61.67,38.33,0.0,0.0,0.0,0.0,0.0,0.0
3213,2932,Manual,NO,DK7088,Maiz,NO,Manual,NO,4.0,4958.139535,4.0,46.0,80.0,60000,7,0,0,0,0,0,0,0,0,0,1,1,0,0,0,2,0,0.0,0.0,92.0,0,0.0,0.0,0,0.0,0.0,0,0,0,0,0,2,1.0,PLANO O LLANO,PLANO,2.0,5.5,SIN ROCAS,NO,-1.0,-1.0,SI,-1.0,NO,GRANULAR,NO,NO,POCO MARCADAS,LA MANANA Y LA TARDE,NO HAY,POCO MARCADAS,NO,SI,20.0,PLANTAS NORMALES,NO,NO,SI,NO,BUENO,23.0,LENTO A MUY LENTO,NINGUNO,0.0,36.67,0.0,0.0,0.0,0.0,63.33,0.0,0.0,0.0,0.0,63.33,36.67,0.0,0.0,0.0,0.0,0.0,0.0
3214,2933,Manual,NO,PIONEER 30F35 HRR,Maiz,NO,Manual,NO,1.0,5079.069767,4.0,45.0,94.0,60000,6,0,0,0,0,0,0,0,0,0,0,1,0,0,0,1,0,0.0,0.0,92.0,0,0.0,0.0,0,0.0,0.0,0,0,0,0,0,2,2.0,PLANO O LLANO,PLANO,2.0,5.5,SIN ROCAS,NO,-1.0,-1.0,SI,-1.0,NO,GRANULAR,NO,NO,POCO MARCADAS,LA MANANA Y LA TARDE,POCO MARCADAS,NO HAY,NO,SI,16.0,PLANTAS NORMALES,NO,NO,SI,NO,REGULAR,23.0,LENTO A MUY LENTO,NINGUNO,0.0,36.67,0.0,0.0,0.0,0.0,63.33,0.0,0.0,0.0,0.0,63.33,36.67,0.0,0.0,0.0,0.0,0.0,0.0
3215,2934,Mecanizado,SI,PIONEER 30F35 HRR,Maiz,NO,Manual,NO,3.0,4862.790698,4.0,47.0,87.0,60000,6,0,0,0,0,0,0,0,0,0,0,2,0,0,0,1,0,0.0,0.0,61.0,0,0.0,15.0,0,0.0,15.0,0,0,0,0,0,2,1.0,PLANO O LLANO,PLANO,2.0,5.5,SIN ROCAS,NO,-1.0,-1.0,SI,-1.0,NO,GRANULAR,NO,NO,POCO MARCADAS,LA MANANA Y LA TARDE,NO HAY,NO HAY,NO,SI,24.0,PLANTAS NORMALES,NO,NO,SI,NO,ESPACIADO,24.0,LENTO A MUY LENTO,NINGUNO,0.0,38.33,0.0,0.0,0.0,0.0,0.0,0.0,61.67,0.0,0.0,61.67,38.33,0.0,0.0,0.0,0.0,0.0,0.0
3216,2935,Manual,NO,DK 234,Maiz,NO,Manual,NO,1.0,4729.069767,4.0,46.0,84.0,60000,6,0,0,0,0,0,0,0,0,0,1,1,0,0,0,1,0,0.0,0.0,61.0,0,0.0,15.0,0,0.0,15.0,0,0,0,0,0,2,2.0,PLANO O LLANO,PLANO,2.0,5.5,SIN ROCAS,NO,-1.0,-1.0,SI,-1.0,NO,GRANULAR,NO,NO,NO HAY,LA MANANA Y LA TARDE,NO HAY,NO HAY,NO,SI,20.0,PLANTAS NORMALES,NO,NO,NO,NO,REGULAR,20.0,LENTO A MUY LENTO,NINGUNO,0.0,75.0,0.0,0.0,0.0,0.0,25.0,0.0,0.0,0.0,0.0,75.0,25.0,0.0,0.0,0.0,0.0,0.0,0.0
3217,2936,Manual,NO,PIONEER 30F35 HRR,Maiz,NO,Manual,NO,1.5,5018.604651,4.0,46.0,83.0,60000,8,0,0,0,0,0,0,0,0,0,1,1,0,0,0,2,0,0.0,0.0,92.0,0,0.0,0.0,0,0.0,0.0,0,0,0,0,0,2,2.0,PLANO O LLANO,PLANO,2.0,5.5,SIN ROCAS,NO,-1.0,-1.0,SI,-1.0,NO,GRANULAR,NO,NO,NO HAY,LA MANANA Y LA TARDE,NO HAY,NO HAY,NO,SI,20.0,PLANTAS NORMALES,NO,NO,SI,NO,BUENO,20.0,LENTO A MUY LENTO,NINGUNO,0.0,26.67,0.0,0.0,0.0,0.0,73.33,0.0,0.0,0.0,0.0,73.33,26.67,0.0,0.0,0.0,0.0,0.0,0.0
3218,2937,Manual,NO,DK7088,Maiz,NO,Manual,NO,2.0,3763.953488,4.0,48.0,83.0,60000,7,0,0,0,0,0,0,0,0,0,1,0,0,0,0,2,0,0.0,0.0,92.0,0,0.0,0.0,0,0.0,0.0,0,0,0,0,0,2,2.0,PLANO O LLANO,PLANO,2.0,5.5,SIN ROCAS,SI,12.0,4.0,SI,28.0,NO,GRANULAR,NO,NO,POCO MARCADAS,LA MANANA Y LA TARDE,NO HAY,NO HAY,NO,SI,16.0,PLANTAS NORMALES,NO,NO,SI,NO,BUENO,16.0,LENTO A MUY LENTO,NINGUNO,0.0,45.0,0.0,0.0,0.0,0.0,55.0,0.0,0.0,0.0,0.0,55.0,45.0,0.0,0.0,0.0,0.0,0.0,0.0
3219,2938,Manual,NO,Impacto (Syngenta),Pastos,NO,Manual,NO,2.0,4150.0,4.0,45.0,83.0,55000,3,0,0,0,0,0,0,0,0,0,1,0,0,0,0,2,0,0.0,0.0,92.0,0,0.0,0.0,0,0.0,0.0,0,0,0,0,0,2,1.0,PLANO O LLANO,PLANO,2.0,6.0,SIN ROCAS,NO,-1.0,-1.0,SI,-1.0,NO,GRANULAR,NO,NO,POCO MARCADAS,LA MANANA Y LA TARDE,NO HAY,NO HAY,NO,SI,19.0,PLANTAS NORMALES,NO,NO,SI,NO,BUENO,19.0,LENTO A MUY LENTO,NINGUNO,0.0,23.33,0.0,0.0,0.0,0.0,0.0,0.0,76.67,0.0,0.0,100.0,0.0,0.0,0.0,0.0,0.0,0.0,0.0
3220,2939,Manual,NO,PIONEER 30F35 HRR,Maiz,NO,Manual,NO,2.0,5018.604651,4.0,48.0,80.0,60000,3,0,0,0,0,0,0,0,0,0,1,1,0,0,0,1,0,0.0,0.0,92.0,0,0.0,0.0,0,0.0,0.0,0,0,0,0,0,2,2.0,PLANO O LLANO,PLANO,2.0,6.0,SIN ROCAS,NO,-1.0,-1.0,SI,-1.0,NO,GRANULAR,NO,NO,NO HAY,LA MANANA Y LA TARDE,NO HAY,NO HAY,NO,SI,21.0,PLANTAS NORMALES,NO,NO,SI,NO,ESPACIADO,25.0,LENTO A MUY LENTO,NINGUNO,0.0,40.0,0.0,0.0,0.0,0.0,0.0,0.0,60.0,0.0,0.0,100.0,0.0,0.0,0.0,0.0,0.0,0.0,0.0
3221,2940,Manual,NO,PIONEER 30F35 H,Maiz,NO,Manual,NO,1.0,4053.488372,3.0,47.0,81.0,60000,4,0,0,0,0,0,0,0,0,0,0,1,0,0,0,2,0,0.0,0.0,92.0,0,0.0,0.0,0,0.0,0.0,0,0,0,0,0,2,2.0,PLANO O LLANO,PLANO,2.0,6.0,SIN ROCAS,NO,-1.0,-1.0,NO,-1.0,NO,GRANULAR,NO,NO,NO HAY,LA MANANA Y LA TARDE,NO HAY,NO HAY,NO,SI,17.0,PLANTAS NORMALES,NO,NO,SI,NO,MUY BUENO,60.0,BUENO,NINGUNO,0.0,38.33,0.0,0.0,0.0,0.0,61.67,0.0,0.0,0.0,0.0,100.0,0.0,0.0,0.0,0.0,0.0,0.0,0.0
3222,2941,Manual,NO,Impacto (Syngenta),Pastos,NO,Manual,NO,3.0,4004.651163,4.0,47.0,83.0,50000,3,0,0,0,0,0,0,0,0,0,1,0,0,0,0,2,0,0.0,0.0,46.0,0,0.0,0.0,0,0.0,0.0,0,0,0,0,0,1,2.0,PLANO O LLANO,PLANO,2.0,6.0,SIN ROCAS,NO,-1.0,-1.0,SI,-1.0,NO,GRANULAR,NO,NO,NO HAY,LA MANANA Y LA TARDE,NO HAY,NO HAY,NO,SI,16.0,PLANTAS NORMALES,NO,NO,SI,NO,BUENO,27.0,LENTO A MUY LENTO,NINGUNO,0.0,43.33,0.0,0.0,0.0,0.0,56.67,0.0,0.0,0.0,0.0,56.67,43.33,0.0,0.0,0.0,0.0,0.0,0.0
3223,2942,Manual,NO,PIONEER 30F35 HRR,Pastos,NO,Manual,NO,3.0,4386.046512,4.0,47.0,80.0,60000,3,0,0,0,0,0,0,0,0,0,1,0,0,0,0,1,0,0.0,0.0,46.0,0,0.0,0.0,0,0.0,0.0,0,0,0,0,0,1,2.0,PLANO O LLANO,PLANO,2.0,6.0,SIN ROCAS,NO,-1.0,-1.0,SI,-1.0,NO,GRANULAR,NO,NO,NO HAY,LA MANANA Y LA TARDE,NO HAY,POCO MARCADAS,NO,SI,16.0,PLANTAS NORMALES,NO,NO,SI,NO,BUENO,22.0,LENTO A MUY LENTO,NINGUNO,0.0,35.0,0.0,0.0,0.0,0.0,65.0,0.0,0.0,0.0,0.0,65.0,35.0,0.0,0.0,0.0,0.0,0.0,0.0
3224,2943,Manual,NO,PIONEER 30F35 HRR,Maiz,NO,Manual,NO,1.0,4958.139535,5.0,47.0,84.0,60000,4,0,0,0,0,0,0,0,0,0,1,1,0,0,0,1,0,0.0,0.0,92.0,0,0.0,0.0,0,0.0,0.0,0,0,0,0,0,2,1.0,PLANO O LLANO,PLANO,2.0,6.0,SIN ROCAS,NO,-1.0,-1.0,SI,-1.0,NO,GRANULAR,NO,NO,POCO MARCADAS,LA MANANA Y LA TARDE,NO HAY,NO HAY,NO,SI,12.0,PLANTAS NORMALES,NO,NO,SI,NO,REGULAR,19.0,LENTO A MUY LENTO,NINGUNO,0.0,30.0,0.0,0.0,0.0,0.0,70.0,0.0,0.0,0.0,0.0,70.0,30.0,0.0,0.0,0.0,0.0,0.0,0.0
3225,2944,Manual,NO,ADV 9339 (Syngenta),Pastos,NO,Manual,NO,1.0,4290.697674,4.0,47.0,87.0,60000,4,0,0,0,0,0,0,0,0,0,1,0,0,0,0,2,0,0.0,0.0,92.0,0,0.0,0.0,0,0.0,0.0,0,0,0,0,0,2,2.0,PLANO O LLANO,PLANO,2.0,6.0,SIN ROCAS,NO,-1.0,-1.0,SI,-1.0,NO,GRANULAR,NO,NO,NO HAY,LA MANANA Y LA TARDE,POCO MARCADAS,NO HAY,NO,SI,22.0,PLANTAS NORMALES,NO,NO,SI,NO,REGULAR,26.0,LENTO A MUY LENTO,NINGUNO,0.0,31.67,0.0,0.0,0.0,0.0,68.33,0.0,0.0,0.0,0.0,68.33,31.67,0.0,0.0,0.0,0.0,0.0,0.0
3227,2946,Manual,NO,PIONEER 30F35 HRR,Pastos,NO,Manual,NO,2.0,4632.55814,4.0,49.0,87.0,60000,3,0,0,0,0,0,0,0,0,0,1,0,0,0,0,2,0,0.0,0.0,58.0,0,0.0,24.0,0,0.0,12.0,0,0,0,0,0,2,2.0,PLANO O LLANO,PLANO,2.0,6.0,SIN ROCAS,NO,-1.0,-1.0,SI,-1.0,NO,GRANULAR,NO,NO,POCO MARCADAS,LA MANANA Y LA TARDE,NO HAY,NO HAY,NO,SI,21.0,PLANTAS NORMALES,NO,NO,SI,NO,REGULAR,31.0,LENTO A MUY LENTO,NINGUNO,0.0,50.0,0.0,0.0,0.0,0.0,50.0,0.0,0.0,0.0,0.0,50.0,50.0,0.0,0.0,0.0,0.0,0.0,0.0
3228,2947,Manual,NO,Sinko (Syngenta),Maiz,NO,Manual,NO,1.0,2991.860465,4.0,47.0,85.0,60000,3,0,0,0,0,0,0,0,0,0,2,1,0,0,0,1,0,0.0,0.0,92.0,0,0.0,0.0,0,0.0,0.0,0,0,0,0,0,2,1.0,PLANO O LLANO,PLANO,2.0,6.0,SIN ROCAS,NO,-1.0,-1.0,SI,-1.0,NO,GRANULAR,NO,NO,NO HAY,LA MANANA Y LA TARDE,POCO MARCADAS,NO HAY,NO,SI,22.0,PLANTAS NORMALES,NO,NO,SI,NO,BUENO,24.0,LENTO A MUY LENTO,NINGUNO,0.0,38.33,0.0,0.0,0.0,0.0,61.67,0.0,0.0,0.0,0.0,61.67,38.33,0.0,0.0,0.0,0.0,0.0,0.0
3229,2948,Manual,NO,PIONEER 30F35 H,Maiz,NO,Manual,NO,1.0,3667.44186,4.0,47.0,86.0,60000,3,0,0,0,0,0,0,0,0,0,2,1,0,0,0,2,0,0.0,0.0,92.0,0,0.0,0.0,0,0.0,0.0,0,0,0,0,0,2,2.0,PLANO O LLANO,PLANO,2.0,6.0,SIN ROCAS,NO,-1.0,-1.0,SI,-1.0,NO,GRANULAR,NO,NO,NO HAY,LA MANANA Y LA TARDE,NO HAY,NO HAY,NO,SI,20.0,PLANTAS NORMALES,NO,NO,SI,NO,REGULAR,20.0,LENTO A MUY LENTO,NINGUNO,0.0,28.33,0.0,0.0,0.0,0.0,0.0,0.0,71.67,0.0,0.0,71.67,28.33,0.0,0.0,0.0,0.0,0.0,0.0
3230,2950,Manual,NO,Otro,Maiz,NO,Manual,NO,1.0,1158.139535,4.0,47.0,87.0,55000,4,0,0,0,0,0,0,0,0,0,2,1,0,0,0,2,0,0.0,0.0,69.0,0,0.0,0.0,0,0.0,0.0,0,0,0,0,0,2,2.0,PLANO O LLANO,PLANO,2.0,6.0,SIN ROCAS,SI,12.0,5.0,SI,24.0,NO,GRANULAR,NO,NO,POCO MARCADAS,LA MANANA Y LA TARDE,NO HAY,NO HAY,NO,SI,11.0,POCO AFECTADAS,NO,NO,SI,NO,ESPACIADO,12.0,LENTO A MUY LENTO,NINGUNO,0.0,0.0,0.0,0.0,0.0,0.0,61.67,0.0,38.33,0.0,0.0,100.0,0.0,0.0,0.0,0.0,0.0,0.0,0.0
3231,2951,Manual,NO,Sinko (Syngenta),Maiz,NO,Manual,NO,1.0,3088.372093,4.0,47.0,85.0,60000,3,0,0,0,0,0,0,0,0,0,2,1,0,0,0,2,0,0.0,0.0,92.0,0,0.0,0.0,0,0.0,0.0,0,0,0,0,0,2,1.0,PLANO O LLANO,PLANO,2.0,5.5,SIN ROCAS,NO,-1.0,-1.0,SI,-1.0,NO,GRANULAR,NO,NO,POCO MARCADAS,LA MANANA Y LA TARDE,NO HAY,NO HAY,NO,SI,23.0,PLANTAS NORMALES,NO,NO,SI,NO,BUENO,23.0,LENTO A MUY LENTO,NINGUNO,0.0,26.67,0.0,0.0,0.0,0.0,0.0,0.0,73.33,0.0,0.0,73.33,26.67,0.0,0.0,0.0,0.0,0.0,0.0
3237,2957,Mecanizado,SI,P3966 (Pioneer),Maiz,SI,Manual,SI,2.0,5488.372093,5.0,48.0,75.0,71000,7,0,0,0,0,0,0,0,0,0,0,1,0,0,0,3,0,0.0,0.0,76.0,0,0.0,0.0,0,0.0,20.0,0,0,0,0,0,2,4.0,PLANO O LLANO,PLANO,1.0,5.0,SIN ROCAS,NO,-1.0,-1.0,SI,-1.0,SI,GRANULAR,NO,NO,NO HAY,LA MANANA Y LA TARDE,NO HAY,NO HAY,NO,SI,20.0,PLANTAS NORMALES,SI,NO,SI,NO,REGULAR,20.0,LENTO A MUY LENTO,LENTO,0.0,0.0,0.0,0.0,0.0,0.0,0.0,0.0,100.0,0.0,0.0,0.0,0.0,0.0,0.0,100.0,0.0,0.0,0.0
3238,2958,Mecanizado,SI,DK 234 YGRR,Maiz,SI,Manual,SI,2.0,5462.790698,5.0,47.0,88.0,70000,7,0,0,0,0,0,0,0,0,0,0,1,0,0,0,1,0,0.0,0.0,76.0,0,0.0,0.0,0,0.0,20.0,0,0,0,0,0,2,4.0,PLANO O LLANO,PLANO,3.0,5.0,SIN ROCAS,NO,-1.0,-1.0,SI,-1.0,SI,GRANULAR,NO,NO,NO HAY,LA MANANA Y LA TARDE,NO HAY,NO HAY,NO,SI,43.0,PLANTAS NORMALES,SI,NO,SI,NO,REGULAR,43.0,LENTO A MUY LENTO,LENTO,0.0,0.0,0.0,0.0,0.0,0.0,0.0,0.0,100.0,0.0,0.0,0.0,0.0,0.0,48.57,51.43,0.0,0.0,0.0
3267,2976,Manual,NO,DK7088,Maiz,NO,Manual,NO,2.0,4862.790698,5.0,46.0,78.0,55000,7,0,0,1,0,0,0,0,0,0,0,1,0,0,0,1,0,0.0,0.0,61.0,0,0.0,15.0,0,0.0,15.0,0,0,0,0,0,2,1.0,PLANO O LLANO,PLANO,2.0,6.0,SIN ROCAS,NO,-1.0,-1.0,NO,-1.0,NO,GRANULAR,NO,NO,NO HAY,LA MANANA Y LA TARDE,NO HAY,NO HAY,NO,SI,16.0,PLANTAS NORMALES,NO,NO,SI,NO,ESPACIADO,60.0,BUENO,NINGUNO,0.0,26.67,0.0,0.0,0.0,0.0,73.33,0.0,0.0,0.0,0.0,73.33,26.67,0.0,0.0,0.0,0.0,0.0,0.0
3268,2977,Manual,NO,PIONEER 30F35 HRR,Maiz,NO,Manual,NO,1.0,4481.395349,4.0,45.0,82.0,55000,8,0,0,0,0,0,0,0,0,0,0,0,0,0,0,2,0,0.0,0.0,92.0,0,0.0,0.0,0,0.0,0.0,0,0,0,0,0,2,2.0,PLANO O LLANO,PLANO,2.0,5.5,SIN ROCAS,NO,-1.0,-1.0,SI,-1.0,NO,GRANULAR,NO,NO,NO HAY,LA MANANA Y LA TARDE,POCO MARCADAS,NO HAY,NO,SI,22.0,PLANTAS NORMALES,NO,NO,SI,NO,ESPACIADO,35.0,LENTO A MUY LENTO,NINGUNO,0.0,56.67,0.0,0.0,0.0,0.0,43.33,0.0,0.0,0.0,0.0,43.33,56.67,0.0,0.0,0.0,0.0,0.0,0.0
3270,2979,Manual,NO,PIONEER 30F35 HRR,Maiz,NO,Manual,NO,1.0,5244.186047,4.0,47.0,91.0,50000,8,0,0,0,0,0,0,0,0,0,0,1,0,0,0,1,0,0.0,0.0,61.0,0,0.0,15.0,0,0.0,15.0,0,0,0,0,0,2,2.0,PLANO O LLANO,PLANO,2.0,6.0,SIN ROCAS,NO,-1.0,-1.0,SI,-1.0,NO,GRANULAR,NO,NO,POCO MARCADAS,LA MANANA Y LA TARDE,POCO MARCADAS,NO HAY,NO,SI,22.0,PLANTAS NORMALES,NO,NO,SI,NO,REGULAR,22.0,LENTO A MUY LENTO,NINGUNO,0.0,25.0,0.0,0.0,0.0,0.0,0.0,0.0,75.0,0.0,0.0,75.0,25.0,0.0,0.0,0.0,0.0,0.0,0.0
3271,2980,Manual,NO,ADV 9339 (Syngenta),Maiz,NO,Manual,NO,1.0,3051.162791,4.0,46.0,84.0,60000,10,0,0,0,0,0,0,0,0,0,1,1,0,0,0,2,0,0.0,0.0,46.0,0,0.0,0.0,0,0.0,0.0,0,0,0,0,0,1,1.0,PLANO O LLANO,PLANO,2.0,6.0,SIN ROCAS,NO,-1.0,-1.0,SI,-1.0,NO,GRANULAR,NO,NO,POCO MARCADAS,LA MANANA Y LA TARDE,POCO MARCADAS,NO HAY,NO,SI,23.0,PLANTAS NORMALES,NO,NO,SI,NO,ESPACIADO,32.0,LENTO A MUY LENTO,NINGUNO,0.0,51.67,0.0,0.0,0.0,0.0,0.0,0.0,48.33,0.0,0.0,100.0,0.0,0.0,0.0,0.0,0.0,0.0,0.0
3273,2982,Manual,NO,Otro,Maiz,NO,Manual,NO,1.0,3051.162791,4.0,47.0,82.0,60000,5,0,0,0,0,0,0,0,0,0,1,1,0,0,0,2,0,0.0,0.0,92.0,0,0.0,0.0,0,0.0,0.0,0,0,0,0,0,2,1.0,PLANO O LLANO,PLANO,2.0,6.0,SIN ROCAS,NO,-1.0,-1.0,SI,-1.0,NO,GRANULAR,NO,NO,NO HAY,LA MANANA Y LA TARDE,POCO MARCADAS,NO HAY,NO,SI,19.0,PLANTAS NORMALES,NO,NO,SI,NO,BUENO,34.0,LENTO A MUY LENTO,NINGUNO,0.0,55.0,0.0,0.0,0.0,0.0,0.0,0.0,45.0,0.0,0.0,45.0,55.0,0.0,0.0,0.0,0.0,0.0,0.0
3274,2983,Manual,NO,DK 234,Maiz,NO,Manual,NO,1.0,4825.581395,5.0,46.0,55.0,55000,7,0,0,0,0,0,0,0,0,0,1,0,0,0,0,1,0,0.0,0.0,92.0,0,0.0,0.0,0,0.0,0.0,0,0,0,0,0,2,1.0,PLANO O LLANO,PLANO,2.0,6.0,SIN ROCAS,NO,-1.0,-1.0,SI,-1.0,NO,GRANULAR,NO,NO,POCO MARCADAS,LA MANANA Y LA TARDE,NO HAY,NO HAY,NO,SI,16.0,PLANTAS NORMALES,NO,NO,SI,NO,REGULAR,20.0,LENTO A MUY LENTO,NINGUNO,0.0,30.0,0.0,0.0,0.0,0.0,0.0,0.0,70.0,0.0,0.0,70.0,30.0,0.0,0.0,0.0,0.0,0.0,0.0
3275,2984,Mecanizado,NO,PIONEER 30F35 HRR,Maiz,NO,Manual,NO,1.5,4536.046512,4.0,47.0,83.0,60000,10,0,0,0,0,0,0,0,0,0,1,1,0,0,0,1,0,0.0,0.0,92.0,0,0.0,0.0,0,0.0,0.0,0,0,0,0,0,2,2.0,PLANO O LLANO,PLANO,2.0,6.0,SIN ROCAS,NO,-1.0,-1.0,SI,-1.0,NO,GRANULAR,NO,NO,POCO MARCADAS,LA MANANA Y LA TARDE,NO HAY,NO HAY,NO,SI,12.0,PLANTAS NORMALES,NO,NO,SI,NO,ESPACIADO,26.0,LENTO A MUY LENTO,NINGUNO,0.0,43.33,0.0,0.0,0.0,0.0,0.0,0.0,56.67,0.0,0.0,56.67,43.33,0.0,0.0,0.0,0.0,0.0,0.0
3276,2985,Manual,NO,PIONEER 30F35 HRR,Maiz,NO,Manual,NO,1.0,4576.744186,4.0,46.0,79.0,50000,9,0,0,0,0,0,0,0,0,0,1,1,0,0,0,1,0,0.0,0.0,15.0,0,0.0,15.0,0,0.0,15.0,0,0,0,0,0,1,2.0,PLANO O LLANO,PLANO,2.0,6.0,SIN ROCAS,NO,-1.0,-1.0,SI,-1.0,NO,GRANULAR,NO,NO,POCO MARCADAS,LA MANANA Y LA TARDE,NO HAY,NO HAY,NO,SI,12.0,PLANTAS NORMALES,NO,NO,SI,NO,ESPACIADO,26.0,LENTO A MUY LENTO,NINGUNO,0.0,43.33,0.0,0.0,0.0,0.0,0.0,0.0,56.67,0.0,0.0,56.67,43.33,0.0,0.0,0.0,0.0,0.0,0.0
3277,2997,Manual,NO,PIONEER 30F35 HRR,Maiz,NO,Manual,NO,1.3,5816.27907,4.0,45.0,80.0,55000,11,0,0,0,0,0,0,0,0,0,1,0,0,0,0,2,0,0.0,0.0,61.0,0,0.0,15.0,0,0.0,15.0,0,0,0,0,0,2,1.0,PLANO O LLANO,PLANO,2.0,6.0,SIN ROCAS,NO,-1.0,-1.0,SI,-1.0,NO,GRANULAR,NO,NO,POCO MARCADAS,LA MANANA Y LA TARDE,NO HAY,NO HAY,NO,SI,19.0,PLANTAS NORMALES,NO,NO,SI,NO,REGULAR,22.0,LENTO A MUY LENTO,NINGUNO,0.0,0.0,0.0,0.0,0.0,0.0,63.33,0.0,36.67,0.0,0.0,100.0,0.0,0.0,0.0,0.0,0.0,0.0,0.0
3278,2998,Manual,NO,Impacto (Syngenta),Maiz,NO,Manual,NO,1.2,5339.534884,4.0,44.0,86.0,55000,9,0,0,0,0,0,0,0,0,0,1,1,0,0,0,2,0,0.0,0.0,92.0,0,0.0,0.0,0,0.0,0.0,0,0,0,0,0,2,1.0,PLANO O LLANO,PLANO,2.0,6.0,SIN ROCAS,NO,-1.0,-1.0,SI,-1.0,NO,GRANULAR,NO,NO,NO HAY,LA MANANA Y LA TARDE,NO HAY,NO HAY,NO,SI,21.0,PLANTAS NORMALES,NO,NO,SI,NO,BUENO,30.0,LENTO A MUY LENTO,NINGUNO,0.0,50.0,0.0,0.0,0.0,0.0,0.0,0.0,50.0,0.0,0.0,100.0,0.0,0.0,0.0,0.0,0.0,0.0,0.0
3279,2999,Manual,NO,PIONEER 30F35 HRR,Maiz,NO,Manual,NO,2.0,5148.837209,4.0,47.0,87.0,55000,10,0,0,1,0,0,0,0,0,0,0,1,0,0,0,1,0,0.0,0.0,61.0,0,0.0,15.0,0,0.0,15.0,0,0,0,0,0,2,1.0,PLANO O LLANO,PLANO,2.0,6.0,SIN ROCAS,NO,-1.0,-1.0,SI,-1.0,NO,GRANULAR,NO,NO,NO HAY,LA MANANA Y LA TARDE,POCO MARCADAS,NO HAY,NO,SI,23.0,PLANTAS NORMALES,NO,NO,SI,NO,BUENO,25.0,LENTO A MUY LENTO,NINGUNO,0.0,41.67,0.0,0.0,0.0,0.0,58.33,0.0,0.0,0.0,0.0,58.33,41.67,0.0,0.0,0.0,0.0,0.0,0.0
3280,3000,Manual,NO,Otro,Maiz,NO,Manual,NO,1.0,1525.581395,5.0,51.0,84.0,15000,79,0,0,0,0,0,0,1,0,0,0,0,0,0,0,0,0,0.0,0.0,0.0,0,0.0,0.0,0,0.0,0.0,0,0,0,0,0,0,5.0,ONDULADO Y MONTANOSO,LADERA CONVEXA,2.0,5.5,SIN ROCAS,NO,-1.0,-1.0,NO,-1.0,NO,ATERRONADA,SI,NO,NO HAY,LA MANANA Y LA TARDE,NO HAY,NO HAY,NO,SI,16.0,PLANTAS NORMALES,NO,NO,SI,NO,REGULAR,60.0,BUENO,LENTO,0.0,21.67,0.0,0.0,78.33,0.0,0.0,0.0,0.0,0.0,0.0,0.0,100.0,0.0,0.0,0.0,0.0,0.0,0.0
3297,3016,Manual,NO,DK7088,Maiz,NO,Manual,NO,2.0,5053.488372,4.0,47.0,88.0,55000,11,0,0,0,0,0,0,0,0,0,1,1,0,0,0,2,0,0.0,0.0,15.0,0,0.0,15.0,0,0.0,15.0,0,0,0,0,0,1,1.0,PLANO O LLANO,PLANO,2.0,6.0,SIN ROCAS,NO,-1.0,-1.0,SI,-1.0,NO,GRANULAR,NO,NO,NO HAY,LA MANANA Y LA TARDE,POCO MARCADAS,NO HAY,NO,SI,21.0,PLANTAS NORMALES,NO,NO,SI,NO,REGULAR,21.0,LENTO A MUY LENTO,NINGUNO,0.0,31.67,0.0,0.0,0.0,0.0,68.33,0.0,0.0,0.0,0.0,68.33,31.67,0.0,0.0,0.0,0.0,0.0,0.0
3298,3017,Mecanizado,NO,DK7088,Maiz,NO,Manual,NO,2.0,4767.44186,4.0,42.0,89.0,55000,13,0,0,0,0,0,0,0,0,0,1,1,0,0,0,1,0,0.0,0.0,92.0,0,0.0,0.0,0,0.0,0.0,0,0,0,0,0,2,2.0,PLANO O LLANO,PLANO,2.0,5.5,SIN ROCAS,NO,-1.0,-1.0,SI,-1.0,NO,GRANULAR,NO,NO,POCO MARCADAS,LA MANANA Y LA TARDE,NO HAY,NO HAY,NO,SI,21.0,PLANTAS NORMALES,NO,NO,SI,NO,REGULAR,21.0,LENTO A MUY LENTO,NINGUNO,0.0,26.67,0.0,0.0,0.0,0.0,0.0,0.0,73.33,0.0,0.0,0.0,100.0,0.0,0.0,0.0,0.0,0.0,0.0
3299,3018,Manual,NO,PIONEER 30F35 HRR,Maiz,NO,Manual,NO,1.5,4958.139535,4.0,48.0,82.0,55000,12,0,0,1,0,0,0,0,0,0,0,1,0,0,0,1,0,0.0,0.0,61.0,0,0.0,15.0,0,0.0,15.0,0,0,0,0,0,2,1.0,PLANO O LLANO,PLANO,2.0,6.0,SIN ROCAS,NO,-1.0,-1.0,SI,-1.0,NO,GRANULAR,NO,NO,POCO MARCADAS,LA MANANA Y LA TARDE,NO HAY,NO HAY,NO,SI,16.0,PLANTAS NORMALES,NO,NO,SI,NO,BUENO,20.0,LENTO A MUY LENTO,NINGUNO,0.0,31.67,0.0,0.0,0.0,0.0,68.33,0.0,0.0,0.0,0.0,68.33,31.67,0.0,0.0,0.0,0.0,0.0,0.0
3300,3019,Manual,NO,Otro,Maiz,NO,Manual,NO,1.0,1716.27907,5.0,49.0,83.0,33000,48,0,0,0,0,0,0,1,0,0,0,0,0,0,0,0,0,0.0,0.0,23.0,0,0.0,0.0,0,0.0,0.0,0,0,0,0,0,1,2.0,ONDULADO Y MONTANOSO,LADERA CONCAVA,2.0,5.5,SIN ROCAS,NO,-1.0,-1.0,SI,-1.0,NO,ATERRONADA,NO,NO,POCO MARCADAS,LA MANANA Y LA TARDE,NO HAY,NO HAY,NO,SI,17.0,PLANTAS NORMALES,NO,NO,SI,NO,BUENO,22.0,LENTO A MUY LENTO,NINGUNO,0.0,35.0,0.0,0.0,65.0,0.0,0.0,0.0,0.0,0.0,0.0,65.0,35.0,0.0,0.0,0.0,0.0,0.0,0.0
3301,3020,Manual,NO,Otro,Maiz,NO,Manual,NO,1.0,1758.139535,5.0,47.0,84.0,30000,55,0,0,0,0,0,0,0,0,0,1,0,0,0,0,0,0,0.0,0.0,23.0,0,0.0,0.0,0,0.0,0.0,0,0,0,0,0,1,3.0,ONDULADO Y MONTANOSO,LADERA CONCAVA,2.0,5.5,SIN ROCAS,NO,-1.0,-1.0,NO,-1.0,NO,ATERRONADA,NO,NO,POCO MARCADAS,LA MANANA Y LA TARDE,NO HAY,NO HAY,NO,SI,11.0,PLANTAS NORMALES,NO,NO,SI,NO,REGULAR,60.0,BUENO,LENTO,0.0,26.67,0.0,0.0,0.0,0.0,73.33,0.0,0.0,0.0,0.0,0.0,100.0,0.0,0.0,0.0,0.0,0.0,0.0
3312,3031,Mecanizado,SI,DK 234 YGRR,Maiz,SI,Manual,SI,1.0,3673.255814,5.0,47.0,91.0,73000,6,0,0,0,0,0,0,0,0,0,0,1,0,0,0,1,0,0.0,0.0,69.0,0,0.0,0.0,0,0.0,0.0,0,0,0,0,0,2,4.0,PLANO O LLANO,PLANO,2.0,5.0,SIN ROCAS,NO,-1.0,-1.0,NO,-1.0,NO,ATERRONADA,NO,NO,NO HAY,LA MANANA Y LA TARDE,NO HAY,NO HAY,NO,SI,42.0,PLANTAS NORMALES,SI,NO,SI,NO,REGULAR,70.0,BUENO,LENTO,0.0,0.0,0.0,0.0,0.0,0.0,0.0,0.0,100.0,0.0,0.0,0.0,0.0,0.0,44.29,55.71,0.0,0.0,0.0
3313,3032,Mecanizado,SI,DK 234 YGRR,Maiz,SI,Manual,SI,1.5,3673.255814,5.0,47.0,92.0,73000,5,0,0,0,0,0,0,0,0,0,0,1,0,0,0,0,0,0.0,0.0,69.0,0,0.0,0.0,0,0.0,0.0,0,0,0,0,0,2,4.0,PLANO O LLANO,PLANO,2.0,5.0,SIN ROCAS,NO,-1.0,-1.0,NO,-1.0,NO,ATERRONADA,NO,NO,NO HAY,LA MANANA Y LA TARDE,NO HAY,NO HAY,NO,SI,44.0,PLANTAS NORMALES,SI,NO,SI,NO,REGULAR,70.0,BUENO,LENTO,0.0,0.0,0.0,0.0,0.0,0.0,0.0,0.0,100.0,0.0,0.0,0.0,0.0,0.0,47.14,52.86,0.0,0.0,0.0
3314,3033,Mecanizado,SI,Otro,Maiz,SI,Manual,SI,1.2,3767.44186,5.0,47.0,85.0,73000,4,0,0,0,0,0,0,0,0,0,0,1,0,0,0,3,0,0.0,0.0,46.0,0,0.0,0.0,0,0.0,0.0,0,0,0,0,0,1,4.0,PLANO O LLANO,PLANO,2.0,5.5,SIN ROCAS,NO,-1.0,-1.0,NO,-1.0,NO,ATERRONADA,NO,NO,NO HAY,LA MANANA Y LA TARDE,NO HAY,NO HAY,NO,SI,42.0,POCO AFECTADAS,SI,NO,SI,NO,REGULAR,70.0,BUENO,LENTO,0.0,0.0,0.0,0.0,0.0,0.0,0.0,0.0,100.0,0.0,0.0,0.0,0.0,0.0,45.71,54.29,0.0,0.0,0.0
3315,3034,Mecanizado,SI,P3966 (Pioneer),Maiz,SI,Manual,SI,4.0,4050.0,5.0,47.0,84.0,73000,3,0,0,0,0,0,0,0,0,0,0,1,0,0,0,2,0,0.0,0.0,92.0,0,0.0,0.0,0,0.0,0.0,0,0,0,0,0,2,4.0,PLANO O LLANO,PLANO,2.0,5.5,SIN ROCAS,NO,-1.0,-1.0,NO,-1.0,NO,ATERRONADA,NO,NO,NO HAY,LA MANANA Y LA TARDE,NO HAY,NO HAY,NO,SI,38.0,PLANTAS NORMALES,SI,NO,SI,NO,REGULAR,70.0,BUENO,LENTO,0.0,0.0,48.57,0.0,0.0,0.0,0.0,0.0,51.43,0.0,0.0,0.0,0.0,0.0,48.57,51.43,0.0,0.0,0.0
3316,3035,Manual,NO,Otro,Maiz,SI,Manual,SI,1.3,3296.511628,5.0,46.0,87.0,71000,4,0,0,0,0,0,0,0,0,0,0,1,0,0,0,3,0,0.0,0.0,69.0,0,0.0,0.0,0,0.0,0.0,0,0,0,0,0,2,4.0,PLANO O LLANO,PLANO,2.0,5.5,SIN ROCAS,NO,-1.0,-1.0,NO,-1.0,NO,ATERRONADA,NO,NO,NO HAY,LA MANANA Y LA TARDE,NO HAY,NO HAY,NO,SI,42.0,PLANTAS NORMALES,SI,NO,SI,NO,REGULAR,70.0,BUENO,LENTO,0.0,0.0,0.0,0.0,0.0,0.0,0.0,0.0,100.0,0.0,0.0,0.0,0.0,0.0,45.71,54.29,0.0,0.0,0.0
3317,3036,Manual,NO,P3966 (Pioneer),Maiz,SI,Manual,SI,1.5,3579.069767,5.0,46.0,86.0,71000,4,0,0,0,0,0,0,0,0,0,0,1,0,0,0,2,0,0.0,0.0,80.5,0,0.0,0.0,0,0.0,0.0,0,0,0,0,0,2,4.0,PLANO O LLANO,PLANO,2.0,5.5,SIN ROCAS,NO,-1.0,-1.0,NO,-1.0,NO,ATERRONADA,NO,NO,NO HAY,LA MANANA Y LA TARDE,NO HAY,NO HAY,NO,SI,38.0,PLANTAS NORMALES,SI,NO,SI,NO,ESPACIADO,70.0,BUENO,LENTO,0.0,0.0,0.0,0.0,0.0,0.0,0.0,0.0,100.0,0.0,0.0,0.0,0.0,0.0,48.57,51.43,0.0,0.0,0.0
3318,3037,Mecanizado,SI,P3966 (Pioneer),Maiz,SI,Manual,SI,2.0,3861.627907,6.0,47.0,87.0,72000,6,0,0,0,0,0,0,0,0,0,0,1,0,0,0,2,0,0.0,0.0,92.0,0,0.0,0.0,0,0.0,0.0,0,0,0,0,0,2,4.0,PLANO O LLANO,PLANO,3.0,5.0,SIN ROCAS,NO,-1.0,-1.0,SI,-1.0,NO,ATERRONADA,NO,NO,NO HAY,LA MANANA Y LA TARDE,NO HAY,NO HAY,NO,SI,40.0,PLANTAS NORMALES,SI,NO,SI,NO,REGULAR,40.0,LENTO A MUY LENTO,LENTO,0.0,0.0,0.0,0.0,0.0,0.0,0.0,0.0,100.0,0.0,0.0,0.0,0.0,0.0,41.43,58.57,0.0,0.0,0.0
3319,3038,Mecanizado,SI,DK 234 YGRR,Maiz,SI,Manual,SI,1.0,3861.627907,5.0,47.0,91.0,73000,5,0,0,0,0,0,0,0,0,0,0,1,0,0,0,1,0,0.0,0.0,74.5,0,0.0,0.0,0,0.0,0.0,0,0,0,0,0,2,4.0,PLANO O LLANO,PLANO,3.0,5.5,SIN ROCAS,NO,-1.0,-1.0,SI,-1.0,NO,ATERRONADA,NO,NO,NO HAY,LA MANANA Y LA TARDE,NO HAY,NO HAY,NO,SI,39.0,PLANTAS NORMALES,SI,NO,SI,NO,ESPACIADO,39.0,LENTO A MUY LENTO,LENTO,0.0,0.0,0.0,0.0,0.0,0.0,0.0,0.0,55.72,44.29,0.0,0.0,0.0,0.0,44.29,55.72,0.0,0.0,0.0
3320,3039,Mecanizado,SI,DK 234 YGRR,Maiz,SI,Manual,SI,2.0,3720.930233,5.0,47.0,90.0,73000,5,0,0,0,0,0,0,0,0,0,0,1,0,0,0,0,0,0.0,0.0,74.5,0,0.0,0.0,0,0.0,0.0,0,0,0,0,0,2,4.0,PLANO O LLANO,PLANO,3.0,5.5,SIN ROCAS,NO,-1.0,-1.0,SI,-1.0,NO,ATERRONADA,NO,NO,NO HAY,LA MANANA Y LA TARDE,NO HAY,NO HAY,NO,SI,36.0,PLANTAS NORMALES,SI,NO,SI,NO,REGULAR,36.0,LENTO A MUY LENTO,LENTO,0.0,0.0,0.0,0.0,0.0,0.0,0.0,0.0,50.0,50.0,0.0,0.0,0.0,0.0,50.0,50.0,0.0,0.0,0.0
3321,3040,Manual,NO,P3966 (Pioneer),Maiz,SI,Manual,SI,1.2,3673.255814,5.0,47.0,86.0,71000,6,0,0,0,0,0,0,0,0,0,0,1,0,0,0,2,0,0.0,0.0,46.0,0,0.0,0.0,0,0.0,0.0,0,0,0,0,0,1,3.0,PLANO O LLANO,PLANO,3.0,5.0,SIN ROCAS,NO,-1.0,-1.0,NO,-1.0,NO,ATERRONADA,NO,NO,NO HAY,LA MANANA Y LA TARDE,NO HAY,NO HAY,NO,SI,39.0,PLANTAS NORMALES,SI,NO,SI,NO,REGULAR,70.0,BUENO,LENTO,0.0,0.0,0.0,0.0,0.0,0.0,0.0,0.0,50.0,50.0,0.0,0.0,0.0,0.0,50.0,50.0,0.0,0.0,0.0
3322,3041,Manual,NO,P3966 (Pioneer),Maiz,SI,Manual,SI,1.5,3673.255814,5.0,47.0,86.0,71000,6,0,0,0,0,0,0,0,0,0,0,1,0,0,0,2,0,0.0,0.0,46.0,0,0.0,0.0,0,0.0,0.0,0,0,0,0,0,1,3.0,PLANO O LLANO,PLANO,3.0,5.0,SIN ROCAS,NO,-1.0,-1.0,NO,-1.0,NO,ATERRONADA,NO,NO,NO HAY,LA MANANA Y LA TARDE,NO HAY,NO HAY,NO,SI,43.0,PLANTAS NORMALES,SI,NO,SI,NO,REGULAR,70.0,BUENO,LENTO,0.0,0.0,0.0,0.0,0.0,0.0,0.0,0.0,55.71,44.29,0.0,0.0,0.0,0.0,44.29,55.71,0.0,0.0,0.0
3323,3042,Mecanizado,SI,DK 234 YGRR,Maiz,SI,Manual,SI,4.4,3767.44186,5.0,47.0,97.0,73000,4,0,0,0,0,0,0,0,0,0,0,1,0,0,0,1,0,0.0,0.0,86.0,0,0.0,0.0,0,0.0,0.0,0,0,0,0,0,2,3.0,PLANO O LLANO,PLANO,3.0,5.5,SIN ROCAS,NO,-1.0,-1.0,NO,-1.0,NO,GRANULAR,NO,NO,NO HAY,LA MANANA Y LA TARDE,NO HAY,NO HAY,NO,SI,41.0,PLANTAS NORMALES,SI,NO,SI,NO,REGULAR,70.0,BUENO,LENTO,0.0,0.0,0.0,0.0,0.0,0.0,0.0,0.0,55.72,44.29,0.0,0.0,0.0,0.0,44.29,55.72,0.0,0.0,0.0
3324,3043,Mecanizado,SI,DK 234 YGRR,Maiz,SI,Manual,SI,2.4,3767.44186,5.0,47.0,94.0,73000,7,0,0,0,0,0,0,0,0,0,0,1,0,0,0,2,0,0.0,0.0,86.0,0,0.0,0.0,0,0.0,0.0,0,0,0,0,0,2,3.0,PLANO O LLANO,PLANO,3.0,5.5,SIN ROCAS,NO,-1.0,-1.0,NO,-1.0,NO,GRANULAR,NO,NO,NO HAY,LA MANANA Y LA TARDE,NO HAY,NO HAY,NO,SI,38.0,PLANTAS NORMALES,SI,NO,SI,NO,REGULAR,70.0,BUENO,LENTO,0.0,0.0,0.0,0.0,0.0,0.0,0.0,0.0,51.43,48.57,0.0,0.0,0.0,0.0,48.57,51.43,0.0,0.0,0.0
3326,3045,Manual,NO,DK 234 YGRR,Maiz,SI,Manual,SI,1.0,3861.627907,5.0,46.0,90.0,72000,5,0,0,0,0,0,0,0,0,0,0,1,0,0,0,0,0,0.0,0.0,76.0,0,0.0,0.0,0,0.0,0.0,0,0,0,0,0,2,3.0,PLANO O LLANO,PLANO,3.0,5.0,SIN ROCAS,NO,-1.0,-1.0,NO,-1.0,NO,GRANULAR,NO,NO,NO HAY,LA MANANA Y LA TARDE,NO HAY,NO HAY,NO,SI,42.0,PLANTAS NORMALES,SI,NO,SI,NO,ESPACIADO,60.0,BUENO,LENTO,0.0,0.0,0.0,0.0,0.0,0.0,0.0,0.0,65.0,35.0,0.0,0.0,0.0,0.0,35.0,65.0,0.0,0.0,0.0
3328,3046,Manual,NO,DK 234,Maiz,NO,Manual,NO,3.0,4922.093023,4.0,47.0,85.0,55000,13,0,0,0,0,0,0,0,0,0,0,1,0,0,0,1,0,0.0,0.0,92.0,0,0.0,0.0,0,0.0,0.0,0,0,0,0,0,2,1.0,PLANO O LLANO,PLANO,2.0,6.0,SIN ROCAS,NO,-1.0,-1.0,SI,-1.0,NO,GRANULAR,NO,NO,POCO MARCADAS,LA MANANA Y LA TARDE,NO HAY,NO HAY,NO,SI,16.0,PLANTAS NORMALES,NO,NO,SI,NO,ESPACIADO,23.0,LENTO A MUY LENTO,NINGUNO,0.0,36.67,0.0,0.0,0.0,0.0,0.0,0.0,63.33,0.0,0.0,63.33,36.67,0.0,0.0,0.0,0.0,0.0,0.0
3329,3047,Manual,NO,PIONEER 30F35 HRR,Maiz,NO,Manual,NO,2.0,5720.930233,5.0,48.0,113.0,55000,12,0,0,0,0,0,0,0,0,0,1,1,0,0,0,2,0,0.0,0.0,69.0,0,0.0,0.0,0,0.0,0.0,0,0,0,0,0,3,1.0,PLANO O LLANO,PLANO,2.0,6.0,SIN ROCAS,NO,-1.0,-1.0,SI,-1.0,NO,GRANULAR,NO,NO,POCO MARCADAS,LA MANANA Y LA TARDE,NO HAY,NO HAY,NO,SI,16.0,PLANTAS NORMALES,NO,NO,SI,NO,REGULAR,18.0,LENTO A MUY LENTO,NINGUNO,0.0,28.33,0.0,0.0,0.0,0.0,71.67,0.0,0.0,0.0,0.0,71.67,28.33,0.0,0.0,0.0,0.0,0.0,0.0
3330,3048,Manual,NO,DK 234,Maiz,NO,Manual,NO,1.5,5148.837209,5.0,46.0,88.0,55000,12,0,0,1,0,0,0,0,0,0,0,1,0,0,0,1,0,0.0,0.0,92.0,0,0.0,0.0,0,0.0,0.0,0,0,0,0,0,2,1.0,PLANO O LLANO,PLANO,2.0,6.0,SIN ROCAS,SI,13.0,4.0,SI,27.0,NO,GRANULAR,NO,NO,NO HAY,LA MANANA Y LA TARDE,NO HAY,NO HAY,NO,SI,23.0,PLANTAS NORMALES,NO,NO,NO,NO,REGULAR,23.0,LENTO A MUY LENTO,NINGUNO,0.0,43.33,0.0,0.0,0.0,0.0,56.67,0.0,0.0,0.0,0.0,56.67,43.33,0.0,0.0,0.0,0.0,0.0,0.0
3331,3049,Mecanizado,NO,DK 234,Maiz,NO,Manual,NO,6.0,4922.093023,4.0,47.0,82.0,55000,10,0,0,0,0,0,0,0,0,0,0,1,0,0,0,1,0,0.0,0.0,61.0,0,0.0,15.0,0,0.0,15.0,0,0,0,0,0,2,1.0,PLANO O LLANO,PLANO,2.0,5.5,SIN ROCAS,NO,-1.0,-1.0,SI,-1.0,SI,GRANULAR,NO,NO,NO HAY,LA MANANA Y LA TARDE,POCO MARCADAS,NO HAY,NO,SI,25.0,PLANTAS NORMALES,NO,NO,SI,NO,ESPACIADO,25.0,LENTO A MUY LENTO,NINGUNO,0.0,0.0,0.0,0.0,0.0,0.0,61.67,0.0,38.33,0.0,0.0,100.0,0.0,0.0,0.0,0.0,0.0,0.0,0.0
3332,3050,Mecanizado,NO,Impacto (Syngenta),Maiz,NO,Manual,NO,2.0,5597.674419,4.0,48.0,84.0,55000,11,0,0,0,0,0,0,0,0,0,0,1,0,0,0,1,0,0.0,0.0,92.0,0,0.0,0.0,0,0.0,0.0,0,0,0,0,0,2,2.0,PLANO O LLANO,PLANO,2.0,5.5,SIN ROCAS,NO,-1.0,-1.0,SI,-1.0,NO,GRANULAR,NO,NO,POCO MARCADAS,LA MANANA Y LA TARDE,NO HAY,NO HAY,NO,SI,15.0,PLANTAS NORMALES,NO,NO,SI,NO,REGULAR,18.0,LENTO A MUY LENTO,NINGUNO,0.0,71.67,0.0,0.0,0.0,0.0,0.0,0.0,28.33,0.0,0.0,100.0,0.0,0.0,0.0,0.0,0.0,0.0,0.0
3333,3051,Mecanizado,NO,DK7088,Maiz,NO,Manual,NO,6.0,5597.674419,4.0,48.0,85.0,65000,10,0,0,1,0,0,0,0,0,0,0,1,0,0,0,1,0,0.0,0.0,61.0,0,0.0,15.0,0,0.0,15.0,0,0,0,0,0,2,1.0,PLANO O LLANO,PLANO,2.0,6.0,SIN ROCAS,NO,-1.0,-1.0,SI,-1.0,NO,GRANULAR,NO,NO,NO HAY,LA MANANA Y LA TARDE,POCO MARCADAS,NO HAY,NO,SI,22.0,PLANTAS NORMALES,NO,NO,SI,NO,REGULAR,22.0,LENTO A MUY LENTO,NINGUNO,0.0,28.33,0.0,0.0,0.0,0.0,0.0,0.0,71.67,0.0,0.0,100.0,0.0,0.0,0.0,0.0,0.0,0.0,0.0
3334,3052,Mecanizado,NO,PIONEER 30F35 HRR,Maiz,NO,Manual,NO,2.0,5404.651163,4.0,48.0,81.0,55000,10,0,0,1,0,0,0,0,0,0,1,1,0,0,0,1,0,0.0,0.0,61.0,0,0.0,15.0,0,0.0,15.0,0,0,0,0,0,2,2.0,PLANO O LLANO,PLANO,2.0,5.5,SIN ROCAS,NO,-1.0,-1.0,SI,-1.0,NO,GRANULAR,NO,NO,POCO MARCADAS,LA MANANA Y LA TARDE,NO HAY,NO HAY,NO,SI,22.0,PLANTAS NORMALES,NO,NO,SI,NO,ESPACIADO,22.0,LENTO A MUY LENTO,NINGUNO,0.0,0.0,0.0,0.0,0.0,0.0,68.33,0.0,31.67,0.0,0.0,68.33,31.67,0.0,0.0,0.0,0.0,0.0,0.0
3335,3053,Manual,NO,Impacto (Syngenta),Maiz,NO,Manual,NO,1.5,5053.488372,4.0,47.0,85.0,55000,11,0,0,0,0,0,0,0,0,0,1,1,0,0,0,2,0,0.0,0.0,61.0,0,0.0,15.0,0,0.0,15.0,0,0,0,0,0,2,1.0,PLANO O LLANO,PLANO,2.0,5.5,SIN ROCAS,NO,-1.0,-1.0,SI,-1.0,NO,GRANULAR,NO,NO,POCO MARCADAS,LA MANANA Y LA TARDE,NO HAY,NO HAY,NO,SI,18.0,PLANTAS NORMALES,NO,NO,SI,NO,REGULAR,23.0,LENTO A MUY LENTO,NINGUNO,0.0,0.0,0.0,0.0,0.0,0.0,63.33,0.0,36.67,0.0,0.0,63.33,36.67,0.0,0.0,0.0,0.0,0.0,0.0
3336,3054,Mecanizado,NO,DK7088,Maiz,NO,Manual,NO,3.0,4922.093023,2.0,49.0,89.0,55000,8,0,0,0,0,0,0,0,0,0,0,2,0,0,0,1,0,0.0,0.0,22.5,0,0.0,22.5,0,0.0,22.5,0,0,0,0,0,1,2.0,PLANO O LLANO,PLANO,2.0,6.0,SIN ROCAS,NO,-1.0,-1.0,SI,-1.0,NO,GRANULAR,NO,NO,NO HAY,LA MANANA Y LA TARDE,POCO MARCADAS,NO HAY,NO,NO,-1.0,PLANTAS NORMALES,NO,NO,SI,NO,BUENO,25.0,LENTO A MUY LENTO,NINGUNO,0.0,0.0,0.0,0.0,0.0,0.0,60.0,0.0,40.0,0.0,0.0,60.0,40.0,0.0,0.0,0.0,0.0,0.0,0.0
3337,3055,Manual,NO,PIONEER 30F35 HRR,Maiz,NO,Manual,NO,2.0,5115.116279,4.0,47.0,85.0,55000,8,0,0,0,0,0,0,0,0,0,0,1,0,0,0,2,0,0.0,0.0,22.5,0,0.0,22.5,0,0.0,22.5,0,0,0,0,0,1,1.0,PLANO O LLANO,PLANO,2.0,5.5,SIN ROCAS,NO,-1.0,-1.0,SI,-1.0,NO,GRANULAR,NO,NO,POCO MARCADAS,LA MANANA Y LA TARDE,POCO MARCADAS,NO HAY,NO,SI,16.0,PLANTAS NORMALES,NO,NO,SI,NO,REGULAR,24.0,LENTO A MUY LENTO,NINGUNO,0.0,38.33,0.0,0.0,0.0,0.0,61.67,0.0,0.0,0.0,0.0,0.0,100.0,0.0,0.0,0.0,0.0,0.0,0.0
3339,3057,Manual,SI,PIONEER 30F35 HRR,Maiz,NO,Manual,NO,2.0,4958.139535,4.0,48.0,83.0,55000,9,0,0,0,0,0,0,0,0,0,0,1,0,0,0,2,0,0.0,0.0,61.0,0,0.0,15.0,0,0.0,15.0,0,0,0,0,0,2,1.0,PLANO O LLANO,PLANO,2.0,6.0,SIN ROCAS,NO,-1.0,-1.0,SI,-1.0,NO,GRANULAR,NO,NO,POCO MARCADAS,LA MANANA Y LA TARDE,NO HAY,POCO MARCADAS,NO,SI,23.0,PLANTAS NORMALES,NO,NO,SI,NO,ESPACIADO,23.0,LENTO A MUY LENTO,NINGUNO,0.0,25.0,0.0,0.0,75.0,0.0,0.0,0.0,0.0,0.0,0.0,100.0,0.0,0.0,0.0,0.0,0.0,0.0,0.0
3340,3058,Manual,SI,PIONEER 30F35 H,Maiz,NO,Manual,NO,1.5,5597.674419,4.0,46.0,86.0,60000,10,0,0,0,0,0,0,0,0,0,0,2,0,0,0,1,0,0.0,0.0,92.0,0,0.0,0.0,0,0.0,0.0,0,0,0,0,0,2,1.0,PLANO O LLANO,PLANO,2.0,5.5,SIN ROCAS,NO,-1.0,-1.0,SI,-1.0,NO,GRANULAR,NO,NO,POCO MARCADAS,LA MANANA Y LA TARDE,NO HAY,POCO MARCADAS,NO,SI,18.0,PLANTAS NORMALES,NO,NO,SI,NO,ESPACIADO,23.0,LENTO A MUY LENTO,NINGUNO,0.0,36.67,0.0,0.0,0.0,0.0,63.33,0.0,0.0,0.0,0.0,100.0,0.0,0.0,0.0,0.0,0.0,0.0,0.0
3341,3059,Manual,SI,DK 234,Maiz,NO,Manual,NO,1.0,5308.139535,4.0,47.0,82.0,55000,10,0,0,1,0,0,0,0,0,0,0,1,0,0,0,1,0,0.0,0.0,69.0,0,0.0,0.0,0,0.0,0.0,0,0,0,0,0,2,1.0,PLANO O LLANO,PLANO,2.0,5.5,SIN ROCAS,NO,-1.0,-1.0,SI,-1.0,NO,GRANULAR,NO,NO,NO HAY,LA MANANA Y LA TARDE,NO HAY,NO HAY,NO,SI,19.0,PLANTAS NORMALES,NO,NO,SI,NO,ESPACIADO,25.0,LENTO A MUY LENTO,NINGUNO,0.0,40.0,0.0,0.0,0.0,0.0,0.0,0.0,60.0,0.0,0.0,0.0,100.0,0.0,0.0,0.0,0.0,0.0,0.0
3342,3060,Mecanizado,SI,DK7088,Maiz,NO,Manual,NO,4.0,5530.232558,4.0,47.0,84.0,60000,11,0,0,0,0,0,0,0,0,0,1,1,0,0,0,1,0,0.0,0.0,61.0,0,0.0,15.0,0,0.0,15.0,0,0,0,0,0,2,2.0,PLANO O LLANO,PLANO,2.0,6.0,SIN ROCAS,NO,-1.0,-1.0,SI,-1.0,NO,GRANULAR,NO,NO,NO HAY,LA MANANA Y LA TARDE,POCO MARCADAS,NO HAY,NO,NO,-1.0,PLANTAS NORMALES,NO,NO,SI,NO,REGULAR,16.0,LENTO A MUY LENTO,NINGUNO,0.0,25.0,0.0,0.0,75.0,0.0,0.0,0.0,0.0,0.0,0.0,100.0,0.0,0.0,0.0,0.0,0.0,0.0,0.0
3343,3061,Mecanizado,SI,PIONEER 30F35 HRR,Maiz,NO,Manual,NO,2.0,5308.139535,4.0,47.0,83.0,55000,12,0,0,0,0,0,0,0,0,0,1,1,0,0,0,1,0,0.0,0.0,115.0,0,0.0,0.0,0,0.0,0.0,0,0,0,0,0,2,1.0,PLANO O LLANO,PLANO,2.0,6.0,SIN ROCAS,NO,-1.0,-1.0,SI,-1.0,NO,GRANULAR,NO,NO,POCO MARCADAS,LA MANANA Y LA TARDE,NO HAY,NO HAY,NO,SI,21.0,PLANTAS NORMALES,NO,NO,SI,NO,REGULAR,32.0,LENTO A MUY LENTO,NINGUNO,0.0,51.67,0.0,0.0,0.0,0.0,0.0,0.0,0.0,48.33,0.0,48.33,51.67,0.0,0.0,0.0,0.0,0.0,0.0
3344,3062,Manual,SI,DK 234,Maiz,NO,Manual,NO,1.0,5434.883721,4.0,47.0,79.0,58000,10,0,0,1,0,0,0,0,0,0,0,1,0,0,0,1,0,0.0,0.0,61.0,0,0.0,15.0,0,0.0,15.0,0,0,0,0,0,2,1.0,PLANO O LLANO,PLANO,2.0,6.0,SIN ROCAS,NO,-1.0,-1.0,SI,-1.0,NO,GRANULAR,NO,NO,NO HAY,LA MANANA Y LA TARDE,POCO MARCADAS,NO HAY,NO,SI,17.0,PLANTAS NORMALES,NO,NO,SI,NO,BUENO,25.0,LENTO A MUY LENTO,NINGUNO,0.0,40.0,0.0,0.0,0.0,0.0,0.0,0.0,60.0,0.0,0.0,0.0,100.0,0.0,0.0,0.0,0.0,0.0,0.0
3345,3063,Manual,NO,Otro,Maiz,NO,Manual,NO,1.0,2002.325581,4.0,47.0,87.0,30000,45,0,0,0,0,0,0,1,0,0,0,0,0,0,0,0,0,0.0,0.0,23.0,0,0.0,0.0,0,0.0,0.0,0,0,0,0,0,1,4.0,ONDULADO Y MONTANOSO,LADERA CONVEXA,2.0,6.0,SIN ROCAS,NO,-1.0,-1.0,NO,-1.0,NO,ATERRONADA,NO,NO,POCO MARCADAS,LA MANANA Y LA TARDE,NO HAY,NO HAY,NO,SI,13.0,PLANTAS NORMALES,NO,NO,SI,NO,REGULAR,60.0,BUENO,LENTO,0.0,28.33,0.0,0.0,0.0,0.0,0.0,0.0,71.67,0.0,0.0,0.0,100.0,0.0,0.0,0.0,0.0,0.0,0.0
3346,3064,Manual,NO,Otro,Maiz,NO,Manual,NO,1.0,2123.255814,5.0,44.0,93.0,32000,47,0,0,0,0,0,0,1,0,0,0,0,0,0,0,1,0,0.0,0.0,23.0,0,0.0,0.0,0,0.0,0.0,0,0,0,0,0,1,4.0,ONDULADO Y MONTANOSO,LADERA CONVEXA,2.0,6.0,SIN ROCAS,NO,-1.0,-1.0,SI,-1.0,NO,ATERRONADA,NO,NO,NO HAY,LA MANANA Y LA TARDE,POCO MARCADAS,NO HAY,NO,SI,17.0,PLANTAS NORMALES,NO,NO,SI,NO,BUENO,17.0,LENTO A MUY LENTO,LENTO,0.0,23.33,0.0,0.0,76.67,0.0,0.0,0.0,0.0,0.0,0.0,0.0,100.0,0.0,0.0,0.0,0.0,0.0,0.0
3347,3065,Manual,NO,Otro,Maiz,NO,Manual,NO,1.0,2193.023256,4.0,47.0,82.0,32000,44,0,0,0,0,0,0,1,0,0,0,0,0,0,0,0,0,0.0,0.0,23.0,0,0.0,0.0,0,0.0,0.0,0,0,0,0,0,1,3.0,ONDULADO Y MONTANOSO,LADERA CONVEXA,2.0,6.0,SIN ROCAS,NO,-1.0,-1.0,SI,-1.0,NO,ATERRONADA,NO,NO,POCO MARCADAS,LA MANANA Y LA TARDE,NO HAY,NO HAY,NO,SI,14.0,PLANTAS NORMALES,NO,NO,SI,NO,BUENO,14.0,LENTO A MUY LENTO,LENTO,0.0,18.33,0.0,0.0,81.67,0.0,0.0,0.0,0.0,0.0,0.0,0.0,100.0,0.0,0.0,0.0,0.0,0.0,0.0
3348,3066,Manual,SI,PIONEER 30F35 HRR,Maiz,NO,Manual,NO,2.0,5339.534884,4.0,47.0,83.0,60000,9,0,0,1,0,0,0,0,0,0,0,1,0,0,0,1,0,0.0,0.0,61.0,0,0.0,15.0,0,0.0,15.0,0,0,0,0,0,2,1.0,PLANO O LLANO,PLANO,2.0,6.0,SIN ROCAS,NO,-1.0,-1.0,SI,-1.0,NO,GRANULAR,NO,NO,NO HAY,LA MANANA Y LA TARDE,POCO MARCADAS,NO HAY,NO,SI,23.0,PLANTAS NORMALES,NO,NO,SI,NO,ESPACIADO,23.0,LENTO A MUY LENTO,NINGUNO,0.0,28.33,0.0,0.0,0.0,0.0,71.67,0.0,0.0,0.0,0.0,71.67,28.33,0.0,0.0,0.0,0.0,0.0,0.0
3690,3507,Mecanizado,SI,Status (Syngenta),Maiz,SI,Manual,NO,2.0,6216.27907,5.0,47.0,91.0,62000,13,0,0,1,0,0,0,0,0,0,0,2,0,0,0,0,0,0.0,0.0,161.0,0,0.0,0.0,0,0.0,90.0,0,0,0,0,0,5,3.0,PLANO O LLANO,PLANO,2.0,6.0,SIN ROCAS,NO,-1.0,-1.0,NO,-1.0,NO,GRANULAR,NO,NO,NO HAY,LA MANANA Y LA TARDE,NO HAY,NO HAY,NO,SI,28.0,PLANTAS NORMALES,SI,NO,SI,NO,BUENO,60.0,BUENO,LENTO,0.0,0.0,0.0,0.0,0.0,0.0,0.0,0.0,100.0,0.0,0.0,0.0,0.0,0.0,100.0,0.0,0.0,0.0,0.0
3698,3516,Mecanizado,SI,P3966 (Pioneer),Algodón,SI,Mecanizada,NO,24.0,6404.651163,5.0,46.0,82.0,74000,14,0,0,1,0,0,0,0,0,0,2,1,0,0,1,1,0,0.0,15.0,92.0,0,15.0,0.0,0,15.0,30.0,0,0,0,0,1,3,4.0,PLANO O LLANO,PLANO,2.0,6.0,SIN ROCAS,NO,-1.0,-1.0,NO,-1.0,NO,ATERRONADA,NO,NO,NO HAY,LA MANANA Y LA TARDE,NO HAY,NO HAY,NO,SI,20.0,PLANTAS NORMALES,SI,NO,SI,NO,ESPACIADO,60.0,BUENO,LENTO,0.0,0.0,0.0,0.0,0.0,0.0,0.0,0.0,100.0,0.0,0.0,0.0,0.0,0.0,60.0,40.0,0.0,0.0,0.0
3699,3517,Mecanizado,SI,DK 234 YGRR,Algodón,SI,Mecanizada,SI,2.0,6102.325581,6.0,46.0,79.0,72000,14,0,0,1,0,0,0,0,0,0,2,1,0,0,1,1,0,0.0,15.0,92.0,0,15.0,0.0,0,15.0,30.0,0,0,0,0,1,3,4.0,PLANO O LLANO,PLANO,2.0,6.0,SIN ROCAS,NO,-1.0,-1.0,NO,-1.0,NO,ATERRONADA,NO,NO,NO HAY,LA MANANA Y LA TARDE,NO HAY,NO HAY,NO,SI,21.0,PLANTAS NORMALES,SI,NO,SI,NO,ESPACIADO,60.0,BUENO,LENTO,0.0,0.0,0.0,0.0,0.0,0.0,0.0,0.0,100.0,0.0,0.0,0.0,0.0,0.0,58.33,41.67,0.0,0.0,0.0
3701,3518,Mecanizado,SI,P4082 (Pioneer),Algodón,NO,Mecanizada,NO,1.0,5462.790698,10.0,41.0,84.0,72000,14,0,0,1,0,0,0,0,0,0,2,1,0,0,1,2,0,0.0,15.0,92.0,0,15.0,0.0,0,15.0,30.0,0,0,0,0,1,3,3.0,PLANO O LLANO,PLANO,2.0,6.0,SIN ROCAS,NO,-1.0,-1.0,NO,-1.0,NO,ATERRONADA,NO,NO,NO HAY,LA MANANA Y LA TARDE,NO HAY,NO HAY,NO,SI,23.0,PLANTAS NORMALES,SI,NO,SI,NO,REGULAR,60.0,BUENO,LENTO,0.0,0.0,0.0,0.0,0.0,0.0,0.0,0.0,100.0,0.0,0.0,0.0,0.0,0.0,61.67,38.33,0.0,0.0,0.0
3713,3540,Mecanizado,SI,DK7088,Algodón,SI,Mecanizada,NO,11.2,6076.744186,4.0,49.0,63.0,62000,8,0,0,0,0,0,0,0,0,0,0,1,0,0,0,1,0,0.0,0.0,92.0,0,0.0,0.0,0,0.0,30.0,0,0,0,0,0,3,1.0,PLANO O LLANO,PLANO,2.0,6.5,SIN ROCAS,NO,-1.0,-1.0,NO,-1.0,NO,GRANULAR,NO,NO,NO HAY,LA MANANA Y LA TARDE,NO HAY,NO HAY,NO,SI,22.0,PLANTAS NORMALES,NO,NO,SI,NO,REGULAR,60.0,BUENO,NINGUNO,0.0,0.0,0.0,26.67,0.0,73.33,0.0,0.0,0.0,0.0,0.0,100.0,0.0,0.0,0.0,0.0,0.0,0.0,0.0
3732,3559,Manual,SI,ADV 9339 (Syngenta),Maiz,NO,Manual,NO,1.0,4767.44186,4.0,47.0,78.0,62000,7,0,0,0,0,0,0,0,0,0,0,1,0,0,0,1,0,0.0,0.0,46.0,0,0.0,0.0,0,0.0,30.0,0,0,0,0,0,2,1.0,PLANO O LLANO,PLANO,2.0,6.5,SIN ROCAS,NO,-1.0,-1.0,SI,-1.0,NO,GRANULAR,NO,NO,POCO MARCADAS,LA MANANA Y LA TARDE,NO HAY,NO HAY,NO,SI,13.0,PLANTAS NORMALES,NO,NO,SI,SI,REGULAR,16.0,LENTO A MUY LENTO,NINGUNO,0.0,25.0,0.0,0.0,0.0,0.0,75.0,0.0,0.0,0.0,0.0,100.0,0.0,0.0,0.0,0.0,0.0,0.0,0.0
3739,3569,Manual,SI,Impacto (Syngenta),Maiz,SI,Manual,NO,2.0,5462.790698,5.0,46.0,84.0,62000,62,0,0,0,0,0,0,0,0,0,0,1,0,0,0,0,0,0.0,0.0,92.0,0,0.0,0.0,0,0.0,30.0,0,0,0,0,0,3,4.0,PLANO O LLANO,PLANO,2.0,5.0,SIN ROCAS,NO,-1.0,-1.0,NO,-1.0,NO,GRANULAR,NO,NO,NO HAY,LA MANANA Y LA TARDE,NO HAY,NO HAY,NO,SI,30.0,PLANTAS NORMALES,SI,NO,SI,SI,BUENO,60.0,BUENO,LENTO,0.0,0.0,53.33,0.0,0.0,0.0,0.0,0.0,46.67,0.0,0.0,0.0,0.0,0.0,100.0,0.0,0.0,0.0,0.0
3741,3571,Manual,SI,ADV 9339 (Syngenta),Maiz,NO,Manual,NO,4.0,5244.186047,4.0,46.0,82.0,62000,10,0,0,0,0,0,0,0,0,0,0,1,0,0,0,2,0,0.0,0.0,92.0,0,0.0,0.0,0,0.0,0.0,0,0,0,0,0,2,1.0,PLANO O LLANO,PLANO,2.0,6.0,SIN ROCAS,NO,-1.0,-1.0,SI,-1.0,NO,GRANULAR,NO,NO,NO HAY,LA MANANA Y LA TARDE,POCO MARCADAS,NO HAY,NO,SI,12.0,PLANTAS NORMALES,NO,NO,SI,SI,REGULAR,32.0,LENTO A MUY LENTO,NINGUNO,0.0,48.33,0.0,0.0,0.0,0.0,0.0,0.0,51.67,0.0,0.0,100.0,0.0,0.0,0.0,0.0,0.0,0.0,0.0
3744,3582,Mecanizado,NO,Impacto (Syngenta),Maiz,NO,Manual,SI,30.0,6593.023256,5.0,47.0,79.0,74000,60,0,0,0,0,0,0,0,0,0,0,2,0,0,0,0,0,0.0,12.0,92.0,0,40.0,0.0,0,0.0,30.0,0,0,0,0,1,3,5.0,PLANO O LLANO,PLANO,2.0,5.0,SIN ROCAS,NO,-1.0,-1.0,NO,-1.0,NO,GRANULAR,NO,NO,NO HAY,LA MANANA Y LA TARDE,NO HAY,NO HAY,NO,SI,21.0,PLANTAS NORMALES,SI,NO,SI,NO,ESPACIADO,60.0,BUENO,LENTO,0.0,0.0,0.0,0.0,0.0,0.0,0.0,0.0,100.0,0.0,0.0,0.0,0.0,0.0,100.0,0.0,0.0,0.0,0.0
3751,3586,Mecanizado,SI,Impacto (Syngenta),Maiz,NO,Manual,SI,20.0,6511.627907,5.0,48.0,82.0,74000,60,0,0,0,0,0,0,0,0,0,0,2,0,0,0,2,0,0.0,12.0,92.0,0,40.0,0.0,0,0.0,30.0,0,0,0,0,1,3,5.0,PLANO O LLANO,PLANO,2.0,5.0,SIN ROCAS,NO,-1.0,-1.0,NO,-1.0,NO,GRANULAR,NO,NO,NO HAY,LA MANANA Y LA TARDE,NO HAY,NO HAY,NO,SI,20.0,PLANTAS NORMALES,SI,NO,SI,NO,ESPACIADO,60.0,BUENO,LENTO,0.0,0.0,0.0,0.0,0.0,0.0,0.0,0.0,100.0,0.0,0.0,0.0,0.0,0.0,100.0,0.0,0.0,0.0,0.0
3775,3631,Mecanizado,SI,DK 234,Pastos,SI,Mecanizada,NO,15.0,2637.209302,4.0,46.0,85.0,65000,5,0,0,0,0,0,0,0,0,0,0,1,0,0,0,1,0,0.0,0.0,69.0,0,0.0,0.0,0,0.0,0.0,0,0,0,0,0,2,1.0,PLANO O LLANO,PLANO,2.0,5.5,SIN ROCAS,NO,-1.0,-1.0,SI,-1.0,NO,GRANULAR,NO,NO,NO HAY,LA MANANA Y LA TARDE,POCO MARCADAS,NO HAY,NO,SI,27.0,PLANTAS NORMALES,NO,NO,SI,SI,ESPACIADO,27.0,LENTO A MUY LENTO,NINGUNO,0.0,38.33,0.0,0.0,0.0,0.0,61.67,0.0,0.0,0.0,0.0,100.0,0.0,0.0,0.0,0.0,0.0,0.0,0.0
3815,3667,Mecanizado,SI,Otro,Algodón,SI,Manual,NO,2.0,5116.27907,5.0,44.0,88.0,71000,14,0,0,0,0,0,0,0,0,0,0,1,0,0,0,0,0,0.0,0.0,115.0,0,0.0,0.0,0,0.0,30.0,0,0,0,0,0,3,3.0,PLANO O LLANO,LADERA PLANA,2.0,6.0,SIN ROCAS,NO,-1.0,-1.0,SI,-1.0,NO,GRANULAR,NO,NO,NO HAY,LA MANANA Y LA TARDE,NO HAY,NO HAY,NO,SI,33.0,PLANTAS NORMALES,SI,NO,SI,NO,BUENO,33.0,LENTO A MUY LENTO,LENTO,0.0,0.0,0.0,0.0,0.0,0.0,0.0,0.0,47.46,52.54,0.0,0.0,0.0,0.0,100.0,0.0,0.0,0.0,0.0
3816,3668,Manual,SI,DK 234,Maiz,NO,Manual,NO,2.0,5651.162791,4.0,49.0,85.0,62000,6,0,0,0,0,0,0,0,0,0,1,1,0,0,0,0,0,0.0,0.0,92.0,0,0.0,0.0,0,0.0,0.0,0,0,0,0,0,2,2.0,PLANO O LLANO,PLANO,2.0,6.5,SIN ROCAS,NO,-1.0,-1.0,SI,-1.0,NO,GRANULAR,NO,NO,NO HAY,LA MANANA Y LA TARDE,NO HAY,NO HAY,NO,SI,13.0,PLANTAS NORMALES,NO,NO,SI,SI,REGULAR,32.0,LENTO A MUY LENTO,NINGUNO,0.0,0.0,0.0,0.0,0.0,0.0,48.33,0.0,51.67,0.0,0.0,100.0,0.0,0.0,0.0,0.0,0.0,0.0,0.0
3817,3633,Manual,SI,DK7088,Maiz,NO,Manual,NO,2.0,6197.674419,4.0,46.0,83.0,62000,10,0,0,0,0,0,0,0,0,0,0,1,0,0,0,0,0,0.0,0.0,46.0,0,0.0,0.0,0,0.0,30.0,0,0,0,0,0,2,1.0,PLANO O LLANO,PLANO,2.0,6.0,SIN ROCAS,NO,-1.0,-1.0,SI,-1.0,NO,GRANULAR,NO,NO,POCO MARCADAS,LA MANANA Y LA TARDE,NO HAY,NO HAY,NO,SI,12.0,PLANTAS NORMALES,NO,NO,SI,SI,ESPACIADO,21.0,LENTO A MUY LENTO,NINGUNO,0.0,0.0,0.0,0.0,0.0,0.0,66.67,0.0,33.33,0.0,0.0,100.0,0.0,0.0,0.0,0.0,0.0,0.0,0.0
3818,3643,Mecanizado,SI,Otro,Algodón,SI,Manual,NO,2.0,4767.44186,5.0,46.0,84.0,65000,9,0,0,0,0,0,0,0,0,0,0,1,0,0,0,1,0,0.0,0.0,57.5,0,0.0,0.0,0,0.0,0.0,0,0,0,0,0,1,1.0,PLANO O LLANO,PLANO,2.0,6.5,SIN ROCAS,NO,-1.0,-1.0,SI,-1.0,NO,GRANULAR,NO,NO,NO HAY,LA MANANA Y LA TARDE,POCO MARCADAS,NO HAY,NO,SI,25.0,PLANTAS NORMALES,NO,NO,SI,SI,ESPACIADO,32.0,LENTO A MUY LENTO,NINGUNO,0.0,53.33,0.0,0.0,0.0,0.0,0.0,0.0,46.67,0.0,0.0,100.0,0.0,0.0,0.0,0.0,0.0,0.0,0.0
3819,3644,Mecanizado,SI,PIONEER 30F35 HRR,Maiz,NO,Manual,NO,1.5,6122.093023,4.0,45.0,84.0,65000,9,0,0,0,0,0,0,0,0,0,1,0,0,0,0,1,0,0.0,0.0,92.0,0,0.0,0.0,0,0.0,0.0,0,0,0,0,0,2,1.0,PLANO O LLANO,PLANO,2.0,5.5,SIN ROCAS,NO,-1.0,-1.0,SI,-1.0,NO,GRANULAR,NO,NO,POCO MARCADAS,LA MANANA Y LA TARDE,NO HAY,NO HAY,NO,SI,10.0,PLANTAS NORMALES,NO,NO,SI,SI,ESPACIADO,32.0,LENTO A MUY LENTO,NINGUNO,0.0,46.67,0.0,0.0,0.0,0.0,0.0,0.0,53.33,0.0,0.0,100.0,0.0,0.0,0.0,0.0,0.0,0.0,0.0
3820,3632,Mecanizado,SI,P3966 (Pioneer),Pastos,NO,Mecanizada,NO,10.0,3013.953488,4.0,45.0,86.0,65000,6,0,0,0,0,0,0,0,0,0,1,1,0,0,0,1,0,0.0,0.0,92.0,0,0.0,0.0,0,0.0,0.0,0,0,0,0,0,2,1.0,PLANO O LLANO,PLANO,2.0,5.5,SIN ROCAS,NO,-1.0,-1.0,SI,-1.0,NO,GRANULAR,NO,NO,NO HAY,LA MANANA Y LA TARDE,POCO MARCADAS,NO HAY,NO,SI,20.0,PLANTAS NORMALES,NO,NO,SI,SI,ESPACIADO,20.0,LENTO A MUY LENTO,NINGUNO,0.0,25.0,0.0,0.0,0.0,0.0,0.0,0.0,75.0,0.0,0.0,100.0,0.0,0.0,0.0,0.0,0.0,0.0,0.0
3821,3642,Manual,NO,Otro,Maiz,SI,Manual,NO,1.0,4290.697674,5.0,43.0,86.0,55000,7,0,0,0,0,0,0,0,0,0,0,1,0,0,0,2,0,0.0,0.0,69.0,0,0.0,0.0,0,0.0,0.0,0,0,0,0,0,2,1.0,PLANO O LLANO,PLANO,2.0,5.5,SIN ROCAS,NO,-1.0,-1.0,SI,-1.0,NO,GRANULAR,NO,NO,POCO MARCADAS,LA MANANA Y LA TARDE,NO HAY,NO HAY,NO,SI,23.0,PLANTAS NORMALES,NO,NO,SI,SI,ESPACIADO,24.0,LENTO A MUY LENTO,NINGUNO,0.0,38.33,0.0,0.0,0.0,0.0,0.0,0.0,61.67,0.0,0.0,100.0,0.0,0.0,0.0,0.0,0.0,0.0,0.0
3824,3671,Mecanizado,SI,ADV 9293 (Syngenta),Algodón,SI,Manual,NO,3.0,4958.139535,4.0,49.0,80.0,62000,6,0,0,0,0,0,0,0,0,0,0,1,0,0,0,1,1,0.0,0.0,92.0,0,0.0,0.0,0,0.0,0.0,0,0,0,0,0,2,1.0,PLANO O LLANO,PLANO,2.0,7.0,SIN ROCAS,SI,13.0,10.0,NO,,NO,ATERRONADA,NO,NO,NO HAY,LA MANANA Y LA TARDE,NO HAY,NO HAY,NO,SI,16.0,PLANTAS NORMALES,NO,NO,SI,SI,ESPACIADO,16.0,BUENO,NINGUNO,0.0,0.0,0.0,0.0,54.29,0.0,45.71,0.0,0.0,0.0,0.0,100.0,0.0,0.0,0.0,0.0,0.0,0.0,0.0
3825,3672,Mecanizado,SI,DK 234,Maiz,SI,Manual,NO,2.0,5339.534884,,,,"0     NaN
1     NaN
2     NaN
3     NaN
4     NaN
       ..
993   NaN
994   NaN
995   NaN
996   NaN
997   NaN
Name: AREA, Length: 882, dtype: float64",9,0,0,0,0,0,0,0,0,0,0,0,0,0,0,0,0,0.0,0.0,0.0,0,0.0,0.0,0,0.0,0.0,0,0,0,0,0,0,1.0,PLANO O LLANO,PLANO,2.0,6.0,SIN ROCAS,NO,-1.0,-1.0,NO,-1.0,NO,GRANULAR,NO,NO,NO HAY,LA MANANA Y LA TARDE,POCO MARCADAS,NO HAY,NO,SI,23.0,PLANTAS NORMALES,NO,NO,SI,SI,REGULAR,60.0,BUENO,NINGUNO,0.0,38.33,0.0,0.0,0.0,0.0,0.0,0.0,61.67,0.0,0.0,100.0,0.0,0.0,0.0,0.0,0.0,0.0,0.0
3826,3673,Mecanizado,SI,DK 234,Maiz,NO,Manual,NO,3.0,5816.27907,2.0,48.0,81.0,65000,6,0,0,1,0,0,0,0,0,0,0,1,0,0,0,1,0,0.0,0.0,92.0,0,0.0,0.0,0,0.0,0.0,0,0,0,0,0,2,1.0,PLANO O LLANO,PLANO,2.0,6.5,SIN ROCAS,SI,8.0,14.0,SI,12.0,NO,ATERRONADA,NO,NO,NO HAY,LA MANANA Y LA TARDE,NO HAY,NO HAY,NO,SI,38.0,PLANTAS NORMALES,NO,NO,SI,SI,REGULAR,38.0,LENTO A MUY LENTO,NINGUNO,0.0,0.0,0.0,0.0,20.0,0.0,0.0,0.0,0.0,80.0,0.0,100.0,0.0,0.0,0.0,0.0,0.0,0.0,0.0
3828,3675,Mecanizado,SI,PIONEER 30F35 H,Maiz,SI,Manual,NO,3.0,5911.627907,4.0,45.0,86.0,65000,10,0,0,1,0,0,0,0,0,0,0,1,0,0,0,1,0,0.0,0.0,80.5,0,0.0,0.0,0,0.0,0.0,0,0,0,0,0,2,1.0,PLANO O LLANO,PLANO,2.0,6.0,SIN ROCAS,NO,-1.0,-1.0,SI,-1.0,NO,GRANULAR,NO,NO,NO HAY,LA MANANA Y LA TARDE,NO HAY,POCO MARCADAS,NO,SI,16.0,PLANTAS NORMALES,NO,NO,SI,SI,ESPACIADO,23.0,LENTO A MUY LENTO,NINGUNO,0.0,36.67,0.0,0.0,0.0,0.0,0.0,0.0,63.33,0.0,0.0,100.0,0.0,0.0,0.0,0.0,0.0,0.0,0.0
3830,3677,Mecanizado,SI,DK 1596,Maiz,SI,Mecanizada,NO,4.0,4897.674419,5.0,46.0,84.0,65000,9,0,0,0,0,0,0,0,0,0,0,2,0,0,0,1,0,0.0,0.0,46.0,0,0.0,0.0,0,0.0,0.0,0,0,0,0,0,1,2.0,PLANO O LLANO,PLANO,2.0,6.5,SIN ROCAS,NO,-1.0,-1.0,NO,-1.0,NO,GRANULAR,NO,NO,NO HAY,LA MANANA Y LA TARDE,NO HAY,NO HAY,NO,SI,18.0,PLANTAS NORMALES,NO,NO,SI,SI,REGULAR,60.0,BUENO,NINGUNO,0.0,40.0,0.0,0.0,0.0,0.0,0.0,0.0,60.0,0.0,0.0,100.0,0.0,0.0,0.0,0.0,0.0,0.0,0.0
3849,3692,Mecanizado,NO,PIONEER 30F35 HRR,Maiz,SI,Manual,NO,1.0,5260.465116,5.0,46.0,86.0,71000,15,0,0,0,0,0,0,0,0,0,0,1,0,0,0,2,0,0.0,0.0,69.0,0,0.0,0.0,0,0.0,30.0,0,0,0,0,0,3,4.0,PLANO O LLANO,PLANO,2.0,6.0,SIN ROCAS,NO,-1.0,-1.0,SI,-1.0,NO,GRANULAR,NO,NO,NO HAY,LA MANANA Y LA TARDE,NO HAY,NO HAY,NO,SI,32.0,PLANTAS NORMALES,SI,NO,SI,NO,BUENO,32.0,LENTO A MUY LENTO,LENTO,0.0,0.0,0.0,0.0,0.0,0.0,0.0,0.0,100.0,0.0,0.0,0.0,0.0,0.0,100.0,0.0,0.0,0.0,0.0
3851,3693,Mecanizado,NO,Otro,Algodón,SI,Manual,SI,4.5,6046.511628,5.0,46.0,85.0,71000,14,0,0,1,0,0,0,0,0,0,0,2,0,0,0,1,0,0.0,15.0,115.0,0,15.0,0.0,0,15.0,0.0,0,0,0,0,1,2,4.0,PLANO O LLANO,PLANO,2.0,5.5,SIN ROCAS,NO,-1.0,-1.0,NO,-1.0,NO,GRANULAR,NO,NO,NO HAY,LA MANANA Y LA TARDE,NO HAY,NO HAY,NO,SI,18.0,PLANTAS NORMALES,SI,NO,SI,NO,BUENO,60.0,BUENO,LENTO,0.0,0.0,0.0,0.0,0.0,0.0,0.0,0.0,100.0,0.0,0.0,0.0,0.0,0.0,0.0,100.0,0.0,0.0,0.0
3853,3694,Mecanizado,SI,P3966 (Pioneer),Maiz,SI,Manual,SI,1.0,6122.093023,5.0,45.0,86.0,72500,14,0,0,0,0,0,0,0,0,0,0,1,0,0,0,1,0,0.0,0.0,92.0,0,0.0,0.0,0,0.0,0.0,0,0,0,0,0,2,4.0,PLANO O LLANO,PLANO,2.0,6.0,SIN ROCAS,NO,-1.0,-1.0,SI,-1.0,NO,GRANULAR,NO,NO,NO HAY,LA MANANA Y LA TARDE,NO HAY,NO HAY,NO,SI,18.0,PLANTAS NORMALES,SI,NO,SI,NO,BUENO,22.0,LENTO A MUY LENTO,LENTO,0.0,0.0,0.0,0.0,0.0,0.0,0.0,0.0,100.0,0.0,0.0,0.0,0.0,0.0,60.0,40.0,0.0,0.0,0.0
3856,3695,Mecanizado,SI,P3966 (Pioneer),Maiz,SI,Manual,NO,2.0,5933.72093,5.0,46.0,83.0,72000,14,0,0,1,0,0,0,0,0,0,0,3,0,0,0,1,0,0.0,0.0,138.0,0,0.0,0.0,0,0.0,60.0,0,0,0,0,0,5,4.0,PLANO O LLANO,PLANO,2.0,6.0,SIN ROCAS,NO,-1.0,-1.0,SI,-1.0,NO,GRANULAR,NO,NO,NO HAY,LA MANANA Y LA TARDE,NO HAY,NO HAY,NO,SI,19.0,PLANTAS NORMALES,SI,NO,SI,NO,BUENO,25.0,LENTO A MUY LENTO,LENTO,0.0,0.0,0.0,0.0,0.0,0.0,0.0,0.0,100.0,0.0,0.0,0.0,0.0,0.0,55.74,44.26,0.0,0.0,0.0
3857,3696,Mecanizado,SI,P3966 (Pioneer),Maiz,SI,Mecanizada,NO,4.3,6310.465116,5.0,46.0,88.0,76000,14,0,0,1,0,0,0,0,0,0,0,2,0,0,0,6,0,0.0,15.0,106.0,0,15.0,0.0,0,15.0,30.0,0,0,0,0,1,3,3.0,PLANO O LLANO,PLANO,2.0,5.0,SIN ROCAS,NO,-1.0,-1.0,NO,-1.0,NO,GRANULAR,NO,NO,NO HAY,LA MANANA Y LA TARDE,NO HAY,NO HAY,NO,NO,-1.0,PLANTAS NORMALES,SI,NO,SI,NO,BUENO,61.0,BUENO,LENTO,0.0,0.0,0.0,0.0,0.0,0.0,0.0,0.0,100.0,0.0,0.0,57.38,42.62,0.0,0.0,0.0,0.0,0.0,0.0
3859,3697,Mecanizado,SI,P3966 (Pioneer),Maiz,SI,Mecanizada,NO,21.0,6046.511628,5.0,47.0,81.0,80000,12,0,0,0,1,0,0,0,0,0,2,2,0,0,1,3,2,0.0,15.0,92.0,0,15.0,0.0,0,15.0,30.0,0,0,0,0,1,3,4.0,PLANO O LLANO,PLANO,3.0,6.5,SIN ROCAS,NO,-1.0,-1.0,SI,-1.0,NO,GRANULAR,NO,NO,NO HAY,LA MANANA Y LA TARDE,NO HAY,NO HAY,NO,SI,32.0,PLANTAS NORMALES,SI,NO,SI,SI,BUENO,45.0,LENTO A MUY LENTO,LENTO,0.0,0.0,0.0,0.0,0.0,0.0,0.0,0.0,100.0,0.0,0.0,0.0,0.0,0.0,100.0,0.0,0.0,0.0,0.0
3860,3698,Mecanizado,SI,Otro,Maiz,SI,Mecanizada,NO,9.0,6046.511628,5.0,47.0,80.0,80000,12,0,0,0,1,0,0,0,0,0,0,2,0,0,0,1,2,0.0,15.0,92.0,0,15.0,0.0,0,15.0,30.0,0,0,0,0,1,3,3.0,PLANO O LLANO,PLANO,3.0,6.5,SIN ROCAS,NO,-1.0,-1.0,SI,-1.0,NO,GRANULAR,NO,NO,NO HAY,LA MANANA Y LA TARDE,NO HAY,NO HAY,NO,SI,33.0,PLANTAS NORMALES,SI,NO,SI,SI,BUENO,45.0,LENTO A MUY LENTO,LENTO,0.0,0.0,0.0,0.0,0.0,0.0,0.0,0.0,100.0,0.0,0.0,0.0,0.0,0.0,100.0,0.0,0.0,0.0,0.0
3862,3699,Mecanizado,SI,P3966 (Pioneer),Maiz,SI,Mecanizada,NO,31.0,6325.581395,5.0,46.0,84.0,84000,12,0,0,0,1,0,0,0,0,0,0,2,0,0,0,1,2,0.0,15.0,92.0,0,15.0,0.0,0,15.0,30.0,0,0,0,0,1,3,4.0,PLANO O LLANO,PLANO,3.0,6.5,SIN ROCAS,NO,-1.0,-1.0,SI,-1.0,NO,GRANULAR,NO,NO,NO HAY,LA MANANA Y LA TARDE,NO HAY,NO HAY,NO,SI,34.0,PLANTAS NORMALES,SI,NO,SI,SI,BUENO,43.0,LENTO A MUY LENTO,LENTO,0.0,0.0,0.0,0.0,0.0,0.0,0.0,0.0,100.01,0.0,0.0,0.0,0.0,0.0,100.01,0.0,0.0,0.0,0.0
3864,3700,Manual,SI,Otro,Maiz,SI,Manual,SI,1.0,5302.325581,5.0,47.0,83.0,62000,12,0,0,0,0,0,0,0,0,0,2,1,0,0,1,7,0,0.0,0.0,92.0,0,0.0,0.0,0,0.0,30.0,0,0,0,0,0,3,3.0,PLANO O LLANO,PLANO,2.0,6.0,SIN ROCAS,NO,-1.0,-1.0,NO,-1.0,NO,ATERRONADA,NO,NO,NO HAY,LA MANANA Y LA TARDE,NO HAY,NO HAY,NO,SI,17.0,PLANTAS NORMALES,SI,NO,SI,NO,REGULAR,65.0,BUENO,LENTO,0.0,0.0,0.0,0.0,0.0,0.0,0.0,0.0,53.85,46.15,0.0,0.0,0.0,0.0,46.15,53.85,0.0,0.0,0.0
3865,3701,Mecanizado,SI,Otro,Algodón,SI,Manual,SI,4.0,6027.906977,5.0,46.0,80.0,70000,13,0,0,1,0,0,0,0,0,0,0,1,0,0,0,2,0,0.0,0.0,115.0,0,0.0,0.0,0,0.0,30.0,0,0,0,0,0,3,4.0,PLANO O LLANO,PLANO,2.0,6.0,SIN ROCAS,NO,-1.0,-1.0,NO,-1.0,NO,GRANULAR,NO,NO,NO HAY,LA MANANA Y LA TARDE,NO HAY,NO HAY,NO,SI,18.0,PLANTAS NORMALES,SI,NO,SI,NO,BUENO,60.0,BUENO,LENTO,0.0,0.0,0.0,0.0,0.0,0.0,0.0,0.0,100.0,0.0,0.0,0.0,0.0,0.0,58.33,41.67,0.0,0.0,0.0
3866,3710,Mecanizado,SI,Otro,Algodón,SI,Manual,SI,5.0,6027.906977,5.0,46.0,85.0,70000,13,0,0,1,0,0,0,0,0,0,0,1,0,0,0,0,0,0.0,0.0,115.0,0,0.0,0.0,0,0.0,30.0,0,0,0,0,0,3,4.0,PLANO O LLANO,PLANO,2.0,6.0,SIN ROCAS,NO,-1.0,-1.0,NO,-1.0,NO,GRANULAR,NO,NO,NO HAY,LA MANANA Y LA TARDE,NO HAY,NO HAY,NO,SI,19.0,PLANTAS NORMALES,SI,NO,SI,NO,REGULAR,58.0,BUENO,LENTO,0.0,0.0,0.0,0.0,0.0,0.0,0.0,0.0,100.0,0.0,0.0,0.0,0.0,0.0,58.62,41.38,0.0,0.0,0.0
3881,3715,Manual,NO,Otro,Pastos,SI,Manual,SI,2.0,4615.116279,5.0,45.0,76.0,68000,40,0,0,0,0,0,0,0,0,0,0,1,0,0,0,2,0,0.0,0.0,75.0,0,0.0,12.0,0,0.0,36.0,0,0,0,0,0,4,4.0,PLANO O LLANO,PLANO,2.0,6.0,SIN ROCAS,NO,-1.0,-1.0,NO,-1.0,NO,ATERRONADA,NO,NO,NO HAY,LA MANANA Y LA TARDE,NO HAY,NO HAY,NO,NO,-1.0,PLANTAS NORMALES,SI,NO,SI,NO,REGULAR,53.0,BUENO,LENTO,0.0,0.0,0.0,0.0,0.0,0.0,0.0,0.0,100.0,0.0,0.0,0.0,0.0,0.0,60.38,39.62,0.0,0.0,0.0
3882,3716,Manual,NO,PIONEER 30F35,Pastos,SI,Manual,SI,1.0,4615.116279,5.0,46.0,108.0,70000,40,0,0,0,0,0,0,0,0,0,0,1,0,0,0,5,0,0.0,0.0,53.5,0,0.0,7.5,0,0.0,37.5,0,0,0,0,0,4,4.0,PLANO O LLANO,PLANO,2.0,6.0,SIN ROCAS,NO,-1.0,-1.0,NO,-1.0,NO,ATERRONADA,NO,NO,NO HAY,LA MANANA Y LA TARDE,NO HAY,NO HAY,NO,SI,19.0,PLANTAS NORMALES,SI,NO,SI,NO,REGULAR,55.0,BUENO,LENTO,0.0,0.0,0.0,0.0,0.0,0.0,0.0,0.0,36.36,63.64,0.0,0.0,0.0,0.0,63.64,36.36,0.0,0.0,0.0
3883,3717,Mecanizado,SI,P3966 (Pioneer),Algodón,SI,Mecanizada,NO,2.5,5603.488372,5.0,45.0,87.0,80500,14,0,0,0,0,0,0,0,0,0,0,2,0,0,0,3,0,0.0,0.0,68.8,0,0.0,9.0,0,0.0,21.0,0,0,0,0,0,5,3.0,PLANO O LLANO,PLANO,2.0,5.5,SIN ROCAS,NO,-1.0,-1.0,NO,-1.0,NO,ATERRONADA,NO,NO,NO HAY,LA MANANA Y LA TARDE,NO HAY,NO HAY,NO,SI,24.0,PLANTAS NORMALES,SI,NO,SI,NO,REGULAR,59.0,BUENO,LENTO,0.0,0.0,0.0,0.0,0.0,0.0,0.0,0.0,100.0,0.0,0.0,0.0,0.0,0.0,49.15,50.85,0.0,0.0,0.0
3885,3718,Manual,SI,PIONEER 30F35 HRR,Maiz,SI,Manual,SI,5.0,6338.372093,5.0,47.0,90.0,74000,8,0,0,1,0,0,0,0,0,0,0,2,0,0,0,4,0,0.0,0.0,115.0,0,0.0,0.0,0,0.0,0.0,0,0,0,0,0,3,3.0,PLANO O LLANO,PLANO,2.0,6.0,SIN ROCAS,NO,-1.0,-1.0,NO,-1.0,NO,ATERRONADA,NO,NO,NO HAY,LA MANANA Y LA TARDE,NO HAY,NO HAY,NO,SI,25.0,PLANTAS NORMALES,SI,NO,SI,NO,REGULAR,63.0,BUENO,LENTO,0.0,0.0,0.0,0.0,0.0,0.0,0.0,0.0,100.0,0.0,0.0,0.0,0.0,0.0,49.21,50.79,0.0,0.0,0.0
3888,3719,Manual,SI,Otro,Maiz,SI,Manual,NO,1.0,6613.953488,5.0,48.0,88.0,71000,8,0,0,1,0,0,0,0,0,0,0,2,0,0,0,5,0,0.0,0.0,115.0,0,0.0,0.0,0,0.0,0.0,0,0,0,0,0,3,3.0,PLANO O LLANO,PLANO,2.0,6.0,SIN ROCAS,NO,-1.0,-1.0,NO,-1.0,NO,ATERRONADA,NO,NO,NO HAY,LA MANANA Y LA TARDE,NO HAY,NO HAY,NO,SI,28.0,PLANTAS NORMALES,SI,NO,SI,NO,REGULAR,61.0,BUENO,LENTO,0.0,0.0,0.0,0.0,0.0,0.0,0.0,0.0,100.0,0.0,0.0,0.0,0.0,0.0,50.82,49.18,0.0,0.0,0.0
3890,3720,Manual,SI,Otro,Maiz,SI,Manual,SI,1.0,6613.953488,5.0,48.0,88.0,72000,8,0,0,1,0,0,0,0,0,0,0,2,0,0,0,0,0,0.0,0.0,115.0,0,0.0,0.0,0,0.0,0.0,0,0,0,0,0,3,3.0,PLANO O LLANO,LADERA PLANA,2.0,6.0,SIN ROCAS,NO,-1.0,-1.0,NO,-1.0,NO,ATERRONADA,NO,NO,NO HAY,LA MANANA Y LA TARDE,NO HAY,NO HAY,NO,SI,35.0,PLANTAS NORMALES,SI,NO,SI,NO,REGULAR,60.0,BUENO,LENTO,0.0,0.0,0.0,0.0,0.0,0.0,0.0,0.0,53.33,0.0,46.67,0.0,0.0,0.0,53.33,46.67,0.0,0.0,0.0
3910,3679,Mecanizado,SI,P3966 (Pioneer),Algodón,NO,Manual,NO,15.0,5983.72093,4.0,42.0,94.0,65000,6,0,0,0,0,0,0,0,0,0,0,1,0,0,0,1,0,0.0,0.0,92.0,0,0.0,0.0,0,0.0,0.0,0,0,0,0,0,2,1.0,PLANO O LLANO,PLANO,2.0,5.5,SIN ROCAS,SI,22.0,38.0,NO,,NO,GRANULAR,NO,NO,NO HAY,LA MANANA Y LA TARDE,NO HAY,NO HAY,SI,SI,22.0,PLANTAS NORMALES,NO,NO,SI,SI,REGULAR,22.0,BUENO,NINGUNO,0.0,0.0,0.0,0.0,0.0,0.0,63.33,0.0,36.67,0.0,0.0,100.0,0.0,0.0,0.0,0.0,0.0,0.0,0.0
3911,3686,Mecanizado,NO,ADV 9339 (Syngenta),Maiz,NO,Manual,NO,2.0,5434.883721,5.0,49.0,80.0,63000,5,0,0,1,0,0,0,0,0,0,0,1,0,0,0,2,0,0.0,0.0,92.0,0,0.0,0.0,0,0.0,0.0,0,0,0,0,0,2,1.0,PLANO O LLANO,PLANO,2.0,6.5,SIN ROCAS,NO,-1.0,-1.0,SI,-1.0,NO,GRANULAR,NO,NO,NO HAY,LA MANANA Y LA TARDE,NO HAY,NO HAY,NO,SI,35.0,PLANTAS NORMALES,NO,NO,SI,SI,REGULAR,35.0,LENTO A MUY LENTO,NINGUNO,0.0,0.0,0.0,0.0,0.0,0.0,60.0,0.0,40.0,0.0,0.0,100.0,0.0,0.0,0.0,0.0,0.0,0.0,0.0
3912,3685,Mecanizado,SI,ADV 9293 (Syngenta),Algodón,SI,Manual,NO,4.0,5816.27907,4.0,49.0,82.0,65000,6,0,0,0,0,0,0,0,0,0,0,1,0,0,0,1,1,0.0,0.0,92.0,0,0.0,0.0,0,0.0,0.0,0,0,0,0,0,2,1.0,PLANO O LLANO,PLANO,2.0,6.0,SIN ROCAS,NO,-1.0,-1.0,SI,-1.0,NO,GRANULAR,NO,NO,NO HAY,LA MANANA Y LA TARDE,NO HAY,NO HAY,NO,SI,31.0,PLANTAS NORMALES,NO,NO,SI,SI,ESPACIADO,38.0,LENTO A MUY LENTO,NINGUNO,0.0,0.0,0.0,0.0,0.0,0.0,41.67,0.0,58.33,0.0,0.0,100.0,0.0,0.0,0.0,0.0,0.0,0.0,0.0
3913,3684,Mecanizado,SI,P3966 (Pioneer),Algodón,SI,Mecanizada,NO,16.0,5933.72093,4.0,46.0,83.0,65000,5,0,0,0,0,0,0,0,0,0,0,1,0,0,0,1,0,0.0,0.0,92.0,0,0.0,0.0,0,0.0,30.0,0,0,0,0,0,3,1.0,PLANO O LLANO,PLANO,2.0,6.0,SIN ROCAS,NO,-1.0,-1.0,SI,-1.0,NO,GRANULAR,NO,NO,NO HAY,LA MANANA Y LA TARDE,NO HAY,NO HAY,NO,SI,20.0,PLANTAS NORMALES,NO,NO,SI,SI,REGULAR,20.0,LENTO A MUY LENTO,NINGUNO,0.0,0.0,0.0,0.0,0.0,0.0,0.0,0.0,30.0,70.0,0.0,100.0,0.0,0.0,0.0,0.0,0.0,0.0,0.0
3914,3683,Mecanizado,SI,DK7088,Frijol,NO,Mecanizada,NO,5.0,5720.930233,4.0,47.0,90.0,62000,5,0,0,0,0,0,0,0,0,0,1,0,0,0,0,1,0,0.0,0.0,92.0,0,0.0,0.0,0,0.0,30.0,0,0,0,0,0,3,1.0,PLANO O LLANO,PLANO,2.0,6.0,SIN ROCAS,NO,-1.0,-1.0,SI,-1.0,NO,GRANULAR,NO,NO,NO HAY,LA MANANA Y LA TARDE,NO HAY,NO HAY,NO,SI,22.0,PLANTAS NORMALES,NO,NO,SI,SI,ESPACIADO,22.0,LENTO A MUY LENTO,NINGUNO,0.0,26.67,0.0,0.0,0.0,0.0,0.0,0.0,73.33,0.0,0.0,100.0,0.0,0.0,0.0,0.0,0.0,0.0,0.0
3915,3682,Mecanizado,SI,ADV 9339 (Syngenta),Algodón,NO,Manual,NO,6.0,5244.186047,5.0,49.0,82.0,62000,6,0,0,0,0,0,0,0,0,0,0,1,0,0,0,2,0,0.0,0.0,92.0,0,0.0,0.0,0,0.0,0.0,0,0,0,0,0,2,1.0,PLANO O LLANO,PLANO,2.0,6.0,SIN ROCAS,NO,-1.0,-1.0,SI,-1.0,NO,GRANULAR,NO,NO,NO HAY,LA MANANA Y LA TARDE,NO HAY,NO HAY,NO,SI,34.0,PLANTAS NORMALES,NO,NO,SI,SI,ESPACIADO,34.0,LENTO A MUY LENTO,NINGUNO,0.0,30.0,0.0,0.0,0.0,0.0,0.0,0.0,0.0,70.0,0.0,100.0,0.0,0.0,0.0,0.0,0.0,0.0,0.0
3916,3681,Manual,SI,PIONEER 30F35,Maiz,NO,Manual,NO,1.0,5720.930233,4.0,45.0,86.0,56000,9,0,0,0,0,0,0,0,0,0,0,1,0,0,0,1,0,0.0,0.0,92.0,0,0.0,0.0,0,0.0,0.0,0,0,0,0,0,2,1.0,PLANO O LLANO,PLANO,2.0,6.0,SIN ROCAS,NO,-1.0,-1.0,NO,-1.0,NO,GRANULAR,NO,NO,NO HAY,LA MANANA Y LA TARDE,NO HAY,NO HAY,NO,SI,50.0,PLANTAS NORMALES,NO,NO,SI,NO,ESPACIADO,60.0,BUENO,NINGUNO,0.0,0.0,0.0,0.0,41.67,58.33,0.0,0.0,0.0,0.0,0.0,0.0,0.0,0.0,0.0,100.0,0.0,0.0,0.0
3917,3680,Mecanizado,SI,P3966 (Pioneer),Algodón,NO,Manual,NO,2.0,5530.232558,4.0,48.0,81.0,63000,7,0,0,0,0,0,0,0,0,0,1,1,0,0,0,2,0,0.0,0.0,92.0,0,0.0,0.0,0,0.0,0.0,0,0,0,0,0,2,1.0,PLANO O LLANO,PLANO,2.0,5.5,SIN ROCAS,NO,-1.0,-1.0,SI,-1.0,NO,GRANULAR,NO,NO,NO HAY,LA MANANA Y LA TARDE,NO HAY,NO HAY,NO,SI,33.0,PLANTAS NORMALES,NO,NO,SI,SI,ESPACIADO,33.0,LENTO A MUY LENTO,NINGUNO,0.0,20.0,0.0,0.0,0.0,0.0,0.0,0.0,0.0,80.0,0.0,100.0,0.0,0.0,0.0,0.0,0.0,0.0,0.0
3918,3724,Mecanizado,SI,ADV 9339 (Syngenta),Algodón,NO,Manual,NO,4.0,5816.27907,4.0,49.0,77.0,65000,6,0,0,0,0,0,0,0,0,0,0,1,0,0,0,2,0,0.0,0.0,92.0,0,0.0,0.0,0,0.0,0.0,0,0,0,0,0,2,1.0,PLANO O LLANO,PLANO,2.0,6.0,SIN ROCAS,NO,-1.0,-1.0,SI,-1.0,NO,GRANULAR,NO,NO,NO HAY,LA MANANA Y LA TARDE,POCO MARCADAS,NO HAY,NO,SI,18.0,PLANTAS NORMALES,NO,NO,SI,SI,ESPACIADO,18.0,LENTO A MUY LENTO,NINGUNO,0.0,28.33,0.0,0.0,0.0,0.0,0.0,0.0,71.67,0.0,0.0,100.0,0.0,0.0,0.0,0.0,0.0,0.0,0.0
3920,3733,Manual,SI,DK 234,Maiz,NO,Manual,NO,1.0,5434.883721,4.0,46.0,81.0,62000,8,0,0,0,0,0,0,0,0,0,0,1,0,0,0,0,0,0.0,0.0,92.0,0,0.0,0.0,0,0.0,0.0,0,0,0,0,0,2,1.0,PLANO O LLANO,PLANO,2.0,6.0,SIN ROCAS,NO,-1.0,-1.0,SI,-1.0,NO,GRANULAR,NO,NO,NO HAY,LA MANANA Y LA TARDE,NO HAY,NO HAY,NO,SI,28.0,PLANTAS NORMALES,NO,NO,SI,SI,REGULAR,30.0,LENTO A MUY LENTO,NINGUNO,0.0,0.0,0.0,0.0,0.0,0.0,0.0,0.0,46.67,53.33,0.0,100.0,0.0,0.0,0.0,0.0,0.0,0.0,0.0
3921,3734,Mecanizado,SI,DK 234,Algodón,NO,Manual,NO,4.0,5148.837209,5.0,49.0,84.0,65000,7,0,0,0,0,0,0,0,0,0,0,1,0,0,0,1,0,0.0,0.0,92.0,0,0.0,0.0,0,0.0,0.0,0,0,0,0,0,2,1.0,PLANO O LLANO,PLANO,2.0,5.5,SIN ROCAS,NO,-1.0,-1.0,SI,-1.0,NO,GRANULAR,NO,NO,NO HAY,LA MANANA Y LA TARDE,NO HAY,NO HAY,NO,SI,21.0,PLANTAS NORMALES,NO,NO,SI,SI,REGULAR,21.0,LENTO A MUY LENTO,NINGUNO,0.0,28.33,0.0,0.0,0.0,0.0,0.0,0.0,71.67,0.0,0.0,100.0,0.0,0.0,0.0,0.0,0.0,0.0,0.0
3923,3735,Mecanizado,SI,DK7088,Algodón,NO,Mecanizada,NO,11.0,6176.744186,3.0,48.0,92.0,62000,9,0,0,0,0,0,0,0,0,0,1,1,0,0,0,1,0,0.0,0.0,92.0,0,0.0,0.0,0,0.0,30.0,0,0,0,0,0,3,1.0,PLANO O LLANO,PLANO,2.0,5.5,SIN ROCAS,NO,-1.0,-1.0,SI,-1.0,NO,GRANULAR,NO,NO,NO HAY,LA MANANA Y LA TARDE,NO HAY,NO HAY,NO,SI,32.0,PLANTAS NORMALES,NO,NO,SI,SI,ESPACIADO,32.0,LENTO A MUY LENTO,NINGUNO,0.0,0.0,0.0,0.0,0.0,0.0,60.0,0.0,40.0,0.0,0.0,100.0,0.0,0.0,0.0,0.0,0.0,0.0,0.0
3924,3736,Manual,SI,ADV 9339 (Syngenta),Algodón,NO,Manual,NO,2.0,6006.976744,4.0,45.0,85.0,60000,7,0,0,0,0,0,0,0,0,0,1,1,0,0,0,2,0,0.0,0.0,61.0,0,0.0,15.0,0,0.0,15.0,0,0,0,0,0,2,1.0,PLANO O LLANO,PLANO,2.0,6.0,SIN ROCAS,NO,-1.0,-1.0,SI,-1.0,NO,GRANULAR,NO,NO,NO HAY,LA MANANA Y LA TARDE,NO HAY,NO HAY,NO,SI,10.0,PLANTAS NORMALES,NO,NO,SI,SI,REGULAR,26.0,LENTO A MUY LENTO,NINGUNO,0.0,0.0,0.0,0.0,0.0,0.0,58.33,0.0,41.67,0.0,0.0,100.0,0.0,0.0,0.0,0.0,0.0,0.0,0.0
3926,3737,Manual,NO,PIONEER 30F35 H,Algodón,NO,Manual,NO,2.0,5816.27907,4.0,46.0,75.0,62000,7,0,0,0,0,0,0,0,0,0,1,1,0,0,0,1,0,0.0,0.0,61.0,0,0.0,15.0,0,0.0,15.0,0,0,0,0,0,2,2.0,PLANO O LLANO,PLANO,2.0,6.0,SIN ROCAS,NO,-1.0,-1.0,NO,-1.0,NO,GRANULAR,NO,NO,NO HAY,LA MANANA Y LA TARDE,NO HAY,NO HAY,NO,SI,25.0,PLANTAS NORMALES,NO,NO,SI,SI,ESPACIADO,60.0,BUENO,NINGUNO,0.0,0.0,0.0,0.0,63.33,0.0,0.0,0.0,0.0,36.67,0.0,100.0,0.0,0.0,0.0,0.0,0.0,0.0,0.0
3927,3738,Mecanizado,SI,DK 234 YGRR,Maiz,NO,Manual,SI,12.0,5911.627907,4.0,49.0,82.0,63000,7,0,0,0,0,0,0,0,0,0,1,1,0,0,0,1,0,0.0,0.0,92.0,0,0.0,0.0,0,0.0,0.0,0,0,0,0,0,2,1.0,PLANO O LLANO,PLANO,2.0,6.5,SIN ROCAS,SI,12.0,12.0,NO,,NO,ATERRONADA,NO,NO,NO HAY,LA MANANA Y LA TARDE,NO HAY,NO HAY,NO,SI,18.0,PLANTAS NORMALES,NO,NO,NO,SI,ESPACIADO,18.0,BUENO,NINGUNO,0.0,0.0,0.0,53.33,0.0,46.67,0.0,0.0,0.0,0.0,0.0,100.0,0.0,0.0,0.0,0.0,0.0,0.0,0.0
3929,3739,Mecanizado,SI,P3966 (Pioneer),Maiz,NO,Manual,NO,2.3,6102.325581,4.0,47.0,82.0,62000,8,0,0,0,0,0,0,0,0,0,1,1,0,0,0,2,0,0.0,0.0,92.0,0,0.0,0.0,0,0.0,0.0,0,0,0,0,0,2,2.0,PLANO O LLANO,PLANO,2.0,6.5,SIN ROCAS,NO,-1.0,-1.0,NO,-1.0,NO,GRANULAR,NO,NO,NO HAY,LA MANANA Y LA TARDE,NO HAY,NO HAY,NO,SI,35.0,PLANTAS NORMALES,NO,NO,SI,SI,ESPACIADO,60.0,BUENO,NINGUNO,0.0,0.0,0.0,0.0,0.0,0.0,41.67,0.0,0.0,58.33,0.0,0.0,0.0,0.0,0.0,100.0,0.0,0.0,0.0
3930,3740,Mecanizado,SI,ADV 9293 (Syngenta),Algodón,NO,Manual,NO,5.0,5816.27907,4.0,45.0,82.0,65000,6,0,0,0,0,0,0,0,0,0,0,1,0,0,0,1,0,0.0,0.0,92.0,0,0.0,0.0,0,0.0,0.0,0,0,0,0,0,2,2.0,PLANO O LLANO,PLANO,2.0,6.0,SIN ROCAS,NO,-1.0,-1.0,SI,-1.0,NO,GRANULAR,NO,NO,NO HAY,LA MANANA Y LA TARDE,POCO MARCADAS,NO HAY,NO,SI,17.0,PLANTAS NORMALES,NO,NO,SI,SI,ESPACIADO,23.0,LENTO A MUY LENTO,NINGUNO,0.0,36.67,0.0,0.0,0.0,0.0,63.33,0.0,0.0,0.0,0.0,100.0,0.0,0.0,0.0,0.0,0.0,0.0,0.0
3931,3741,Mecanizado,SI,PIONEER 30F35 HRR,Maiz,NO,Manual,NO,8.0,5339.534884,5.0,47.0,81.0,65000,5,0,0,0,0,0,0,0,0,0,0,1,0,0,0,1,0,0.0,0.0,92.0,0,0.0,0.0,0,0.0,30.0,0,0,0,0,0,3,1.0,PLANO O LLANO,PLANO,2.0,6.0,SIN ROCAS,NO,-1.0,-1.0,NO,-1.0,NO,GRANULAR,NO,NO,NO HAY,LA MANANA Y LA TARDE,NO HAY,NO HAY,NO,SI,35.0,PLANTAS NORMALES,NO,NO,SI,SI,ESPACIADO,60.0,BUENO,NINGUNO,0.0,0.0,0.0,0.0,0.0,0.0,46.67,0.0,53.33,0.0,0.0,100.0,0.0,0.0,0.0,0.0,0.0,0.0,0.0
3932,3742,Mecanizado,SI,P3966 (Pioneer),Maiz,NO,Manual,NO,1.0,5911.627907,5.0,45.0,82.0,65000,5,0,0,0,0,0,0,0,0,0,0,1,0,0,0,2,0,0.0,0.0,92.0,0,0.0,0.0,0,0.0,0.0,0,0,0,0,0,2,2.0,PLANO O LLANO,PLANO,2.0,6.0,SIN ROCAS,SI,11.0,7.0,SI,35.0,NO,GRANULAR,NO,NO,NO HAY,LA MANANA Y LA TARDE,NO HAY,NO HAY,NO,SI,27.0,PLANTAS NORMALES,NO,NO,SI,SI,REGULAR,27.0,LENTO A MUY LENTO,NINGUNO,0.0,45.0,0.0,0.0,0.0,0.0,0.0,0.0,55.0,0.0,0.0,100.0,0.0,0.0,0.0,0.0,0.0,0.0,0.0
3935,3745,Mecanizado,SI,DK 234,Maiz,NO,Mecanizada,NO,10.0,5434.883721,5.0,49.0,80.0,62000,6,0,0,0,0,0,0,0,0,0,1,1,0,0,0,1,0,0.0,0.0,92.0,0,0.0,0.0,0,0.0,0.0,0,0,0,0,0,2,1.0,PLANO O LLANO,PLANO,2.0,6.0,SIN ROCAS,NO,-1.0,-1.0,SI,-1.0,NO,GRANULAR,NO,NO,NO HAY,LA MANANA Y LA TARDE,NO HAY,NO HAY,NO,SI,16.0,PLANTAS NORMALES,NO,NO,SI,SI,ESPACIADO,18.0,LENTO A MUY LENTO,NINGUNO,0.0,0.0,0.0,0.0,0.0,0.0,71.67,0.0,28.33,0.0,0.0,100.0,0.0,0.0,0.0,0.0,0.0,0.0,0.0
3936,3750,Manual,SI,ADV 9339 (Syngenta),Frijol,SI,Manual,NO,2.0,5244.186047,4.0,45.0,85.0,65000,6,0,0,0,0,0,0,0,0,0,0,1,0,0,0,2,0,0.0,0.0,92.0,0,0.0,0.0,0,0.0,0.0,0,0,0,0,0,2,1.0,PLANO O LLANO,PLANO,2.0,6.0,SIN ROCAS,NO,-1.0,-1.0,SI,-1.0,NO,GRANULAR,NO,NO,NO HAY,LA MANANA Y LA TARDE,NO HAY,POCO MARCADAS,NO,SI,24.0,PLANTAS NORMALES,NO,NO,SI,SI,ESPACIADO,24.0,LENTO A MUY LENTO,NINGUNO,0.0,0.0,0.0,0.0,0.0,0.0,73.33,0.0,26.67,0.0,0.0,100.0,0.0,0.0,0.0,0.0,0.0,0.0,0.0
3937,3743,Mecanizado,SI,PIONEER 30F35 HRR,Maiz,SI,Manual,NO,1.0,4767.44186,4.0,44.0,87.0,62000,9,0,0,1,0,0,0,0,0,0,0,1,0,0,0,1,0,0.0,0.0,92.0,0,0.0,0.0,0,0.0,0.0,0,0,0,0,0,2,1.0,PLANO O LLANO,PLANO,2.0,6.0,SIN ROCAS,NO,-1.0,-1.0,SI,-1.0,NO,GRANULAR,NO,NO,NO HAY,LA MANANA Y LA TARDE,POCO MARCADAS,NO HAY,NO,SI,16.0,PLANTAS NORMALES,NO,NO,SI,SI,REGULAR,23.0,LENTO A MUY LENTO,NINGUNO,0.0,0.0,0.0,0.0,0.0,0.0,63.33,0.0,36.67,0.0,0.0,100.0,0.0,0.0,0.0,0.0,0.0,0.0,0.0
3939,3744,Mecanizado,SI,DK 234,Algodón,NO,Manual,NO,9.0,5053.488372,4.0,46.0,85.0,65000,7,0,0,0,0,0,0,0,0,0,0,1,0,0,0,1,0,0.0,0.0,92.0,0,0.0,0.0,0,0.0,0.0,0,0,0,0,0,2,1.0,PLANO O LLANO,PLANO,2.0,6.0,SIN ROCAS,NO,-1.0,-1.0,SI,-1.0,NO,ATERRONADA,NO,NO,POCO MARCADAS,LA MANANA Y LA TARDE,NO HAY,NO HAY,NO,SI,22.0,PLANTAS NORMALES,NO,NO,NO,SI,REGULAR,29.0,LENTO A MUY LENTO,NINGUNO,0.0,0.0,0.0,0.0,0.0,0.0,53.33,0.0,46.67,0.0,0.0,100.0,0.0,0.0,0.0,0.0,0.0,0.0,0.0
3940,3746,Mecanizado,SI,DK7088,Algodón,NO,Manual,NO,10.0,5625.581395,4.0,48.0,85.0,60000,5,0,0,0,0,0,0,0,0,0,0,1,0,0,0,1,0,0.0,0.0,92.0,0,0.0,0.0,0,0.0,0.0,0,0,0,0,0,2,2.0,PLANO O LLANO,PLANO,2.0,5.5,SIN ROCAS,NO,-1.0,-1.0,SI,-1.0,NO,GRANULAR,NO,NO,NO HAY,LA MANANA Y LA TARDE,NO HAY,NO HAY,NO,SI,40.0,PLANTAS NORMALES,NO,NO,SI,NO,REGULAR,40.0,LENTO A MUY LENTO,NINGUNO,0.0,0.0,0.0,0.0,38.33,0.0,0.0,0.0,0.0,61.67,0.0,100.0,0.0,0.0,0.0,0.0,0.0,0.0,0.0
3942,3747,Mecanizado,SI,DK 234,Algodón,NO,Manual,NO,2.0,5339.534884,5.0,50.0,76.0,62000,10,0,0,0,0,0,0,0,0,0,0,1,0,0,0,1,0,0.0,0.0,92.0,0,0.0,0.0,0,0.0,0.0,0,0,0,0,0,2,1.0,PLANO O LLANO,PLANO,2.0,6.5,SIN ROCAS,NO,-1.0,-1.0,SI,-1.0,NO,GRANULAR,NO,NO,NO HAY,LA MANANA Y LA TARDE,NO HAY,NO HAY,NO,SI,29.0,PLANTAS NORMALES,NO,NO,SI,SI,REGULAR,29.0,LENTO A MUY LENTO,NINGUNO,0.0,0.0,0.0,0.0,0.0,0.0,47.54,0.0,52.46,0.0,0.0,100.0,0.0,0.0,0.0,0.0,0.0,0.0,0.0
3943,3748,Mecanizado,SI,ADV 9293 (Syngenta),Maiz,NO,Manual,NO,3.0,5625.581395,5.0,49.0,80.0,63000,9,0,0,0,0,0,0,0,0,0,2,0,0,0,0,2,0,0.0,0.0,92.0,0,0.0,0.0,0,0.0,0.0,0,0,0,0,0,2,1.0,PLANO O LLANO,PLANO,2.0,6.5,SIN ROCAS,SI,15.0,8.0,NO,,NO,ATERRONADA,NO,NO,NO HAY,LA MANANA Y LA TARDE,NO HAY,NO HAY,NO,SI,40.0,PLANTAS NORMALES,NO,NO,NO,SI,REGULAR,40.0,BUENO,NINGUNO,0.0,0.0,0.0,0.0,50.0,50.0,0.0,0.0,0.0,0.0,0.0,0.0,0.0,0.0,0.0,100.0,0.0,0.0,0.0
3944,3749,Mecanizado,SI,PIONEER 30F35 H,Maiz,NO,Manual,NO,2.0,6388.372093,4.0,48.0,82.0,60000,6,0,0,0,0,0,0,0,0,0,1,1,0,0,0,1,0,0.0,0.0,80.5,0,0.0,0.0,0,0.0,0.0,0,0,0,0,0,2,1.0,PLANO O LLANO,PLANO,2.0,5.5,SIN ROCAS,NO,-1.0,-1.0,SI,-1.0,NO,GRANULAR,NO,NO,POCO MARCADAS,LA MANANA Y LA TARDE,NO HAY,NO HAY,NO,SI,16.0,PLANTAS NORMALES,NO,NO,SI,SI,REGULAR,28.0,LENTO A MUY LENTO,NINGUNO,0.0,0.0,0.0,0.0,0.0,0.0,55.0,0.0,45.0,0.0,0.0,100.0,0.0,0.0,0.0,0.0,0.0,0.0,0.0
3945,3751,Mecanizado,SI,P3966 (Pioneer),Maiz,NO,Manual,NO,1.0,5911.627907,4.0,49.0,85.0,65000,6,0,0,0,0,0,0,0,0,0,0,1,0,0,0,1,0,0.0,0.0,92.0,0,0.0,0.0,0,0.0,0.0,0,0,0,0,0,2,1.0,PLANO O LLANO,PLANO,2.0,6.0,SIN ROCAS,NO,-1.0,-1.0,SI,-1.0,NO,GRANULAR,NO,NO,NO HAY,LA MANANA Y LA TARDE,POCO MARCADAS,NO HAY,NO,SI,18.0,PLANTAS NORMALES,NO,NO,SI,SI,ESPACIADO,23.0,LENTO A MUY LENTO,NINGUNO,0.0,0.0,0.0,0.0,0.0,0.0,63.33,0.0,36.67,0.0,0.0,100.0,0.0,0.0,0.0,0.0,0.0,0.0,0.0
3946,3752,Mecanizado,SI,P3966 (Pioneer),Maiz,NO,Manual,NO,2.0,6006.976744,4.0,47.0,91.0,65000,6,0,0,0,0,0,0,0,0,0,0,1,0,0,0,1,0,0.0,0.0,92.0,0,0.0,0.0,0,0.0,0.0,0,0,0,0,0,2,1.0,PLANO O LLANO,PLANO,2.0,5.5,SIN ROCAS,NO,-1.0,-1.0,SI,-1.0,NO,GRANULAR,NO,NO,POCO MARCADAS,LA MANANA Y LA TARDE,NO HAY,NO HAY,NO,SI,22.0,PLANTAS NORMALES,NO,NO,SI,SI,REGULAR,22.0,LENTO A MUY LENTO,NINGUNO,0.0,65.0,0.0,0.0,0.0,0.0,0.0,0.0,35.0,0.0,0.0,100.0,0.0,0.0,0.0,0.0,0.0,0.0,0.0
3957,3753,Mecanizado,SI,P3966 (Pioneer),Algodón,NO,Mecanizada,NO,9.0,5983.72093,4.0,47.0,94.0,62000,6,0,0,0,0,0,0,0,0,0,0,1,0,0,0,2,0,0.0,0.0,34.5,0,0.0,0.0,0,0.0,0.0,0,0,0,0,0,1,1.0,PLANO O LLANO,PLANO,2.0,6.0,SIN ROCAS,NO,-1.0,-1.0,SI,-1.0,NO,GRANULAR,NO,NO,POCO MARCADAS,LA MANANA Y LA TARDE,NO HAY,NO HAY,NO,SI,12.0,PLANTAS NORMALES,NO,NO,SI,SI,REGULAR,22.0,LENTO A MUY LENTO,NINGUNO,0.0,0.0,0.0,0.0,0.0,0.0,35.0,0.0,65.0,0.0,0.0,100.0,0.0,0.0,0.0,0.0,0.0,0.0,0.0
3958,3754,Mecanizado,SI,P3966 (Pioneer),Algodón,NO,Mecanizada,NO,14.0,5434.883721,4.0,47.0,91.0,62000,4,0,0,0,0,0,0,0,0,0,1,1,0,0,1,1,0,0.0,0.0,46.0,0,0.0,0.0,0,0.0,0.0,0,0,0,0,0,1,1.0,PLANO O LLANO,PLANO,2.0,6.0,SIN ROCAS,NO,-1.0,-1.0,SI,-1.0,NO,GRANULAR,NO,NO,POCO MARCADAS,LA MANANA Y LA TARDE,NO HAY,POCO MARCADAS,NO,SI,26.0,PLANTAS NORMALES,NO,NO,SI,SI,REGULAR,27.0,LENTO A MUY LENTO,NINGUNO,0.0,43.33,0.0,0.0,0.0,0.0,0.0,0.0,56.67,0.0,0.0,100.0,0.0,0.0,0.0,0.0,0.0,0.0,0.0
3960,3755,Mecanizado,SI,DK 234,Algodón,NO,Mecanizada,NO,15.0,5720.930233,4.0,46.0,98.0,60000,5,0,0,0,0,0,0,0,0,0,1,1,0,0,0,2,0,0.0,0.0,34.5,0,0.0,0.0,0,0.0,0.0,0,0,0,0,0,1,2.0,PLANO O LLANO,PLANO,2.0,6.5,SIN ROCAS,SI,13.0,11.0,NO,,NO,GRANULAR,NO,NO,NO HAY,LA MANANA Y LA TARDE,NO HAY,NO HAY,NO,SI,32.0,PLANTAS NORMALES,NO,NO,NO,SI,ESPACIADO,32.0,BUENO,NINGUNO,0.0,0.0,0.0,0.0,78.33,21.67,0.0,0.0,0.0,0.0,0.0,100.0,0.0,0.0,0.0,0.0,0.0,0.0,0.0
3961,3756,Mecanizado,NO,Otro,Algodón,SI,Manual,NO,1.0,4576.744186,4.0,47.0,84.0,62000,13,0,0,0,0,0,0,0,0,0,1,0,0,0,0,2,0,0.0,0.0,92.0,0,0.0,0.0,0,0.0,0.0,0,0,0,0,0,2,2.0,PLANO O LLANO,PLANO,2.0,6.0,SIN ROCAS,NO,-1.0,-1.0,SI,-1.0,NO,GRANULAR,NO,NO,NO HAY,LA MANANA Y LA TARDE,NO HAY,NO HAY,NO,SI,15.0,PLANTAS NORMALES,NO,NO,SI,NO,REGULAR,18.0,LENTO A MUY LENTO,NINGUNO,70.0,30.0,0.0,0.0,0.0,0.0,0.0,0.0,0.0,0.0,0.0,100.0,0.0,0.0,0.0,0.0,0.0,0.0,0.0
3963,3757,Mecanizado,SI,PIONEER 30F35 HRR,Maiz,SI,Manual,NO,3.0,5911.627907,4.0,48.0,78.0,62000,6,0,0,1,0,0,0,0,0,0,0,1,0,0,0,1,0,0.0,0.0,92.0,0,0.0,0.0,0,0.0,0.0,0,0,0,0,0,2,1.0,PLANO O LLANO,PLANO,2.0,7.0,SIN ROCAS,NO,-1.0,-1.0,SI,-1.0,NO,GRANULAR,NO,NO,NO HAY,LA MANANA Y LA TARDE,NO HAY,NO HAY,NO,SI,36.0,PLANTAS NORMALES,NO,NO,SI,SI,ESPACIADO,36.0,LENTO A MUY LENTO,NINGUNO,0.0,0.0,0.0,0.0,0.0,0.0,31.67,0.0,68.33,0.0,0.0,100.0,0.0,0.0,0.0,0.0,0.0,0.0,0.0
3981,3828,Mecanizado,SI,Otro,Maiz,SI,Mecanizada,SI,2.0,5953.488372,5.0,46.0,83.0,74000,8,0,0,2,0,0,0,0,0,0,2,2,0,0,1,2,0,0.0,6.0,115.0,0,20.0,0.0,0,30.0,30.0,0,0,0,0,2,3,4.0,PLANO O LLANO,PLANO,2.0,6.0,SIN ROCAS,NO,-1.0,-1.0,NO,-1.0,NO,ATERRONADA,NO,NO,NO HAY,LA MANANA Y LA TARDE,NO HAY,NO HAY,NO,SI,23.0,PLANTAS NORMALES,SI,NO,SI,NO,BUENO,60.0,BUENO,LENTO,0.0,0.0,0.0,0.0,0.0,0.0,0.0,0.0,100.0,0.0,0.0,0.0,0.0,0.0,53.33,46.67,0.0,0.0,0.0
3983,3830,Mecanizado,SI,Otro,Algodón,SI,Mecanizada,NO,22.0,5556.976744,5.0,46.0,88.0,74000,8,0,0,2,0,0,0,0,0,0,2,2,0,0,1,0,0,0.0,1.5,103.5,0,2.5,0.0,0,30.0,30.0,0,0,0,0,2,3,4.0,PLANO O LLANO,PLANO,2.0,6.0,SIN ROCAS,NO,-1.0,-1.0,NO,-1.0,NO,ATERRONADA,NO,NO,NO HAY,LA MANANA Y LA TARDE,NO HAY,NO HAY,NO,SI,24.0,PLANTAS NORMALES,SI,NO,SI,NO,BUENO,60.0,BUENO,LENTO,0.0,0.0,0.0,0.0,0.0,0.0,0.0,0.0,100.0,0.0,0.0,0.0,0.0,0.0,51.67,48.33,0.0,0.0,0.0
3984,3831,Mecanizado,SI,Otro,Algodón,SI,Mecanizada,NO,2.0,5651.162791,5.0,47.0,86.0,73000,9,0,0,1,0,0,0,0,0,0,2,0,0,0,1,4,0,0.0,1.5,103.5,0,2.5,0.0,0,30.0,30.0,0,0,0,0,2,3,4.0,PLANO O LLANO,PLANO,2.0,6.0,SIN ROCAS,NO,-1.0,-1.0,NO,-1.0,NO,ATERRONADA,NO,NO,NO HAY,LA MANANA Y LA TARDE,NO HAY,NO HAY,NO,SI,24.0,PLANTAS NORMALES,SI,NO,SI,NO,BUENO,61.0,BUENO,LENTO,0.0,0.0,0.0,0.0,0.0,0.0,0.0,0.0,100.0,0.0,0.0,0.0,0.0,0.0,54.1,45.9,0.0,0.0,0.0
4153,3922,Mecanizado,SI,DK 234,Algodón,NO,Manual,NO,2.0,6102.325581,4.0,47.0,78.0,65000,6,0,0,1,0,0,0,0,0,0,0,3,0,0,0,1,0,0.0,0.0,92.0,0,0.0,0.0,0,0.0,0.0,0,0,0,0,0,2,1.0,PLANO O LLANO,PLANO,2.0,5.5,SIN ROCAS,NO,-1.0,-1.0,SI,-1.0,NO,GRANULAR,NO,NO,NO HAY,LA MANANA Y LA TARDE,NO HAY,POCO MARCADAS,NO,SI,34.0,PLANTAS NORMALES,NO,NO,SI,SI,ESPACIADO,35.0,LENTO A MUY LENTO,NINGUNO,0.0,0.0,0.0,0.0,100.0,0.0,0.0,0.0,0.0,0.0,0.0,100.0,0.0,0.0,0.0,0.0,0.0,0.0,0.0
4155,3923,Mecanizado,SI,P3966 (Pioneer),Algodón,NO,Manual,NO,2.0,6466.27907,4.0,48.0,92.0,70000,8,0,0,1,0,0,0,0,0,0,0,2,0,0,0,2,0,0.0,0.0,61.0,0,0.0,15.0,0,0.0,15.0,0,0,0,0,0,2,1.0,PLANO O LLANO,PLANO,2.0,6.0,SIN ROCAS,NO,-1.0,-1.0,SI,-1.0,NO,GRANULAR,NO,NO,NO HAY,LA MANANA Y LA TARDE,NO HAY,POCO MARCADAS,NO,SI,22.0,PLANTAS NORMALES,NO,NO,SI,NO,ESPACIADO,29.0,LENTO A MUY LENTO,NINGUNO,0.0,0.0,0.0,0.0,0.0,0.0,56.67,0.0,43.33,0.0,0.0,100.0,0.0,0.0,0.0,0.0,0.0,0.0,0.0
4156,3924,Mecanizado,SI,DK 234,Maiz,NO,Manual,NO,4.0,5086.046512,4.0,48.0,78.0,65000,10,0,0,0,0,0,0,0,0,0,0,2,0,0,0,1,0,0.0,0.0,96.6,0,0.0,0.0,0,0.0,0.0,0,0,0,0,0,2,2.0,PLANO O LLANO,PLANO,2.0,5.5,SIN ROCAS,NO,-1.0,-1.0,NO,-1.0,NO,GRANULAR,NO,NO,NO HAY,LA MANANA Y LA TARDE,NO HAY,NO HAY,NO,SI,24.0,PLANTAS NORMALES,NO,NO,SI,SI,REGULAR,60.0,BUENO,NINGUNO,0.0,43.33,0.0,0.0,0.0,0.0,0.0,0.0,56.67,0.0,0.0,100.0,0.0,0.0,0.0,0.0,0.0,0.0,0.0
4157,3925,Mecanizado,SI,DK 234,Algodón,NO,Manual,NO,2.0,5053.488372,5.0,48.0,79.0,65000,8,0,0,1,0,0,0,0,0,0,1,1,0,0,0,1,0,0.0,0.0,92.0,0,0.0,0.0,0,0.0,0.0,0,0,0,0,0,2,1.0,PLANO O LLANO,PLANO,2.0,6.0,SIN ROCAS,NO,-1.0,-1.0,SI,-1.0,NO,GRANULAR,NO,NO,NO HAY,LA MANANA Y LA TARDE,NO HAY,NO HAY,NO,NO,-1.0,PLANTAS NORMALES,NO,NO,SI,SI,ESPACIADO,10.0,LENTO A MUY LENTO,NINGUNO,0.0,41.67,0.0,0.0,0.0,0.0,58.33,0.0,0.0,0.0,0.0,100.0,0.0,0.0,0.0,0.0,0.0,0.0,0.0
4158,3926,Mecanizado,SI,PIONEER 30F35 HRR,Algodón,NO,Manual,NO,1.5,5530.232558,4.0,48.0,79.0,70000,6,0,0,0,0,0,0,0,0,0,1,1,0,0,0,1,0,0.0,0.0,92.0,0,0.0,0.0,0,0.0,0.0,0,0,0,0,0,2,1.0,PLANO O LLANO,PLANO,2.0,6.0,SIN ROCAS,NO,-1.0,-1.0,SI,-1.0,NO,GRANULAR,NO,NO,NO HAY,LA MANANA Y LA TARDE,NO HAY,POCO MARCADAS,NO,SI,27.0,PLANTAS NORMALES,NO,NO,SI,SI,ESPACIADO,27.0,LENTO A MUY LENTO,NINGUNO,0.0,0.0,0.0,0.0,0.0,0.0,58.33,0.0,41.67,0.0,0.0,100.0,0.0,0.0,0.0,0.0,0.0,0.0,0.0
4159,3927,Manual,SI,P3966 (Pioneer),Algodón,NO,Manual,NO,2.0,6388.372093,,,,"0     NaN
1     NaN
2     NaN
3     NaN
4     NaN
       ..
993   NaN
994   NaN
995   NaN
996   NaN
997   NaN
Name: AREA, Length: 882, dtype: float64",8,0,0,0,0,0,0,0,0,0,0,0,0,0,0,0,0,0.0,0.0,0.0,0,0.0,0.0,0,0.0,0.0,0,0,0,0,0,0,1.0,PLANO O LLANO,PLANO,2.0,6.5,SIN ROCAS,NO,-1.0,-1.0,SI,-1.0,NO,GRANULAR,NO,NO,NO HAY,LA MANANA Y LA TARDE,NO HAY,POCO MARCADAS,NO,SI,11.0,PLANTAS NORMALES,NO,NO,SI,SI,ESPACIADO,17.0,LENTO A MUY LENTO,NINGUNO,0.0,0.0,0.0,0.0,0.0,0.0,75.86,0.0,24.14,0.0,0.0,100.0,0.0,0.0,0.0,0.0,0.0,0.0,0.0
4161,3928,Mecanizado,SI,ADV 9339 (Syngenta),Algodón,NO,Manual,NO,2.0,5148.837209,4.0,47.0,85.0,70000,6,0,0,0,0,0,0,0,0,0,1,1,0,0,0,2,0,0.0,0.0,92.0,0,0.0,0.0,0,0.0,0.0,0,0,0,0,0,2,1.0,PLANO O LLANO,PLANO,2.0,6.0,SIN ROCAS,NO,-1.0,-1.0,SI,-1.0,NO,GRANULAR,NO,NO,NO HAY,LA MANANA Y LA TARDE,NO HAY,NO HAY,NO,SI,23.0,PLANTAS NORMALES,NO,NO,SI,SI,REGULAR,23.0,LENTO A MUY LENTO,NINGUNO,0.0,33.33,0.0,0.0,0.0,0.0,0.0,0.0,66.67,0.0,0.0,100.0,0.0,0.0,0.0,0.0,0.0,0.0,0.0
4162,3929,Mecanizado,SI,DK 234,Algodón,NO,Manual,NO,1.0,4862.790698,5.0,47.0,81.0,62000,6,0,0,0,0,0,0,0,0,0,0,2,0,0,0,1,0,0.0,0.0,80.5,0,0.0,0.0,0,0.0,0.0,0,0,0,0,0,2,1.0,PLANO O LLANO,PLANO,2.0,6.0,SIN ROCAS,NO,-1.0,-1.0,SI,-1.0,NO,GRANULAR,NO,NO,NO HAY,LA MANANA Y LA TARDE,POCO MARCADAS,NO HAY,NO,SI,15.0,PLANTAS NORMALES,NO,NO,SI,SI,REGULAR,26.0,LENTO A MUY LENTO,NINGUNO,0.0,41.67,0.0,0.0,0.0,0.0,0.0,0.0,58.33,0.0,0.0,100.0,0.0,0.0,0.0,0.0,0.0,0.0,0.0
4163,3930,Manual,NO,Otro,Maiz,NO,Manual,NO,2.5,4862.790698,4.0,52.0,73.0,60000,8,0,0,0,0,0,0,0,0,0,1,1,0,0,0,2,0,0.0,0.0,69.0,0,0.0,0.0,0,0.0,0.0,0,0,0,0,0,2,1.0,PLANO O LLANO,PLANO,2.0,6.0,SIN ROCAS,NO,-1.0,-1.0,SI,-1.0,NO,GRANULAR,NO,NO,POCO MARCADAS,LA MANANA Y LA TARDE,NO HAY,NO HAY,NO,SI,26.0,PLANTAS NORMALES,NO,NO,SI,SI,REGULAR,26.0,LENTO A MUY LENTO,NINGUNO,0.0,0.0,0.0,0.0,0.0,0.0,63.33,0.0,36.67,0.0,0.0,100.0,0.0,0.0,0.0,0.0,0.0,0.0,0.0
4164,3931,Mecanizado,SI,DK 234,Algodón,NO,Manual,NO,2.0,5053.488372,4.0,47.0,80.0,65000,6,0,0,1,0,0,0,0,0,0,1,1,0,0,0,1,0,0.0,0.0,69.0,0,0.0,0.0,0,0.0,0.0,0,0,0,0,0,2,1.0,PLANO O LLANO,PLANO,2.0,6.0,SIN ROCAS,NO,-1.0,-1.0,SI,-1.0,NO,GRANULAR,NO,NO,NO HAY,LA MANANA Y LA TARDE,NO HAY,NO HAY,NO,SI,26.0,PLANTAS NORMALES,NO,NO,SI,SI,ESPACIADO,32.0,LENTO A MUY LENTO,NINGUNO,0.0,50.0,0.0,0.0,0.0,0.0,0.0,0.0,0.0,50.0,0.0,100.0,0.0,0.0,0.0,0.0,0.0,0.0,0.0
4165,3932,Mecanizado,SI,DK 234,Algodón,NO,Manual,NO,2.0,4958.139535,4.0,47.0,76.0,68000,6,0,0,0,0,0,0,0,0,0,0,2,0,0,0,1,0,0.0,0.0,92.0,0,0.0,0.0,0,0.0,0.0,0,0,0,0,0,2,1.0,PLANO O LLANO,PLANO,2.0,5.5,SIN ROCAS,NO,-1.0,-1.0,SI,-1.0,NO,GRANULAR,NO,NO,NO HAY,LA MANANA Y LA TARDE,NO HAY,NO HAY,NO,SI,42.0,PLANTAS NORMALES,NO,NO,SI,SI,REGULAR,42.0,LENTO A MUY LENTO,NINGUNO,0.0,0.0,0.0,0.0,23.33,0.0,0.0,0.0,0.0,76.67,0.0,100.0,0.0,0.0,0.0,0.0,0.0,0.0,0.0
4166,3934,Manual,SI,P3966 (Pioneer),Algodón,NO,Manual,NO,4.0,5816.27907,4.0,48.0,80.0,63000,4,0,0,0,0,0,0,0,0,0,1,1,0,0,0,2,0,0.0,0.0,61.0,0,0.0,15.0,0,0.0,15.0,0,0,0,0,0,2,1.0,PLANO O LLANO,PLANO,2.0,6.0,SIN ROCAS,NO,-1.0,-1.0,SI,-1.0,NO,GRANULAR,NO,NO,NO HAY,LA MANANA Y LA TARDE,NO HAY,POCO MARCADAS,NO,SI,18.0,PLANTAS NORMALES,NO,NO,SI,SI,REGULAR,19.0,LENTO A MUY LENTO,NINGUNO,0.0,70.0,0.0,0.0,0.0,0.0,0.0,0.0,30.0,0.0,0.0,100.0,0.0,0.0,0.0,0.0,0.0,0.0,0.0
4167,3933,Mecanizado,SI,P3966 (Pioneer),Maiz,NO,Manual,NO,5.0,5530.232558,4.0,46.0,85.0,65000,14,0,0,0,0,0,0,0,0,0,1,1,0,0,0,2,0,0.0,0.0,80.5,0,0.0,0.0,0,0.0,0.0,0,0,0,0,0,2,1.0,PLANO O LLANO,PLANO,2.0,6.0,SIN ROCAS,NO,-1.0,-1.0,SI,-1.0,NO,GRANULAR,NO,NO,NO HAY,LA MANANA Y LA TARDE,NO HAY,POCO MARCADAS,NO,SI,19.0,PLANTAS NORMALES,NO,NO,NO,SI,ESPACIADO,22.0,LENTO A MUY LENTO,NINGUNO,0.0,31.67,0.0,0.0,0.0,0.0,0.0,0.0,68.33,0.0,0.0,100.0,0.0,0.0,0.0,0.0,0.0,0.0,0.0
4230,3935,Mecanizado,SI,DK 234,Algodón,NO,Manual,NO,1.0,5244.186047,4.0,47.0,79.0,65000,9,0,0,0,0,0,0,0,0,0,1,1,0,0,0,1,0,0.0,0.0,92.0,0,0.0,0.0,0,0.0,0.0,0,0,0,0,0,2,2.0,PLANO O LLANO,PLANO,2.0,6.0,SIN ROCAS,SI,14.0,9.0,SI,23.0,NO,GRANULAR,NO,NO,NO HAY,LA MANANA Y LA TARDE,NO HAY,NO HAY,NO,SI,12.0,PLANTAS NORMALES,NO,NO,NO,SI,REGULAR,14.0,LENTO A MUY LENTO,NINGUNO,0.0,46.0,0.0,0.0,0.0,0.0,0.0,0.0,54.0,0.0,0.0,100.0,0.0,0.0,0.0,0.0,0.0,0.0,0.0
4236,3936,Mecanizado,SI,ADV 9339 (Syngenta),Algodón,NO,Manual,NO,3.0,5339.534884,5.0,47.0,86.0,65000,5,0,0,0,0,0,0,0,0,0,1,1,0,0,0,2,0,0.0,0.0,92.0,0,0.0,0.0,0,0.0,0.0,0,0,0,0,0,2,1.0,PLANO O LLANO,PLANO,2.0,5.5,SIN ROCAS,NO,-1.0,-1.0,SI,-1.0,NO,GRANULAR,NO,NO,NO HAY,LA MANANA Y LA TARDE,NO HAY,NO HAY,NO,SI,17.0,PLANTAS NORMALES,NO,NO,SI,SI,REGULAR,27.0,LENTO A MUY LENTO,NINGUNO,0.0,36.67,0.0,0.0,0.0,0.0,0.0,0.0,63.33,0.0,0.0,100.0,0.0,0.0,0.0,0.0,0.0,0.0,0.0
4237,3937,Mecanizado,SI,DK 234,Algodón,NO,Manual,NO,1.5,5434.883721,5.0,47.0,90.0,65000,6,0,0,0,0,0,0,0,0,0,1,1,0,0,0,1,0,0.0,0.0,92.0,0,0.0,0.0,0,0.0,0.0,0,0,0,0,0,2,2.0,PLANO O LLANO,PLANO,2.0,6.0,SIN ROCAS,SI,13.0,8.0,SI,31.0,NO,GRANULAR,NO,NO,NO HAY,LA MANANA Y LA TARDE,NO HAY,NO HAY,NO,SI,27.0,PLANTAS NORMALES,NO,NO,NO,SI,REGULAR,27.0,LENTO A MUY LENTO,NINGUNO,0.0,48.33,51.67,0.0,0.0,0.0,0.0,0.0,0.0,0.0,0.0,100.0,0.0,0.0,0.0,0.0,0.0,0.0,0.0
4238,3938,Mecanizado,SI,DK 234,Algodón,NO,Manual,NO,3.0,4958.139535,5.0,47.0,86.0,65000,7,0,0,1,0,0,0,0,0,0,1,1,0,0,0,1,0,0.0,0.0,61.0,0,0.0,15.0,0,0.0,15.0,0,0,0,0,0,2,1.0,PLANO O LLANO,PLANO,2.0,6.0,SIN ROCAS,NO,-1.0,-1.0,SI,-1.0,NO,GRANULAR,NO,NO,NO HAY,LA MANANA Y LA TARDE,NO HAY,NO HAY,NO,SI,27.0,PLANTAS NORMALES,NO,NO,SI,SI,REGULAR,27.0,LENTO A MUY LENTO,NINGUNO,0.0,15.0,0.0,0.0,0.0,0.0,85.0,0.0,0.0,0.0,0.0,100.0,0.0,0.0,0.0,0.0,0.0,0.0,0.0
4243,3939,Mecanizado,SI,ADV 9339 (Syngenta),Algodón,NO,Mecanizada,NO,6.0,5625.581395,4.0,48.0,84.0,65000,5,0,0,0,0,0,0,0,0,0,1,1,0,0,0,2,0,0.0,0.0,92.0,0,0.0,0.0,0,0.0,0.0,0,0,0,0,0,2,2.0,PLANO O LLANO,PLANO,2.0,6.0,SIN ROCAS,NO,-1.0,-1.0,SI,-1.0,NO,GRANULAR,NO,NO,NO HAY,LA MANANA Y LA TARDE,NO HAY,NO HAY,NO,SI,35.0,PLANTAS NORMALES,NO,NO,SI,SI,REGULAR,35.0,LENTO A MUY LENTO,NINGUNO,0.0,53.33,0.0,0.0,0.0,0.0,46.67,0.0,0.0,0.0,0.0,100.0,0.0,0.0,0.0,0.0,0.0,0.0,0.0
4249,4028,Mecanizado,SI,Otro,Algodón,NO,Manual,SI,2.0,6076.744186,5.0,45.0,85.0,72000,15,0,0,0,0,0,0,0,0,0,2,2,0,0,1,2,0,0.0,0.0,115.0,0,0.0,0.0,0,0.0,30.0,0,0,0,0,0,3,4.0,PLANO O LLANO,PLANO,2.0,6.0,SIN ROCAS,NO,-1.0,-1.0,NO,-1.0,NO,GRANULAR,NO,NO,NO HAY,LA MANANA Y LA TARDE,NO HAY,NO HAY,NO,SI,27.0,PLANTAS NORMALES,SI,NO,SI,NO,BUENO,58.0,BUENO,LENTO,0.0,0.0,0.0,0.0,0.0,0.0,0.0,0.0,100.0,0.0,0.0,0.0,0.0,0.0,100.0,0.0,0.0,0.0,0.0
4250,4029,Mecanizado,SI,Otro,Algodón,SI,Manual,NO,2.0,5970.930233,5.0,46.0,84.0,72000,15,0,0,2,0,0,0,0,0,0,2,3,0,0,0,3,0,0.0,0.0,115.0,0,0.0,0.0,0,0.0,30.0,0,0,0,0,0,3,4.0,PLANO O LLANO,PLANO,2.0,6.0,SIN ROCAS,NO,-1.0,-1.0,NO,-1.0,NO,GRANULAR,NO,NO,NO HAY,LA MANANA Y LA TARDE,NO HAY,NO HAY,NO,SI,26.0,PLANTAS NORMALES,SI,NO,SI,NO,BUENO,61.0,BUENO,LENTO,0.0,0.0,0.0,0.0,0.0,0.0,0.0,0.0,100.0,0.0,0.0,0.0,0.0,0.0,100.0,0.0,0.0,0.0,0.0
4251,4030,Mecanizado,SI,Otro,Algodón,SI,Manual,NO,2.0,5970.930233,5.0,46.0,87.0,72000,15,0,0,2,0,0,0,0,0,0,2,2,0,0,1,5,0,0.0,0.0,115.0,0,0.0,0.0,0,0.0,30.0,0,0,0,0,0,3,4.0,PLANO O LLANO,PLANO,2.0,6.0,SIN ROCAS,NO,-1.0,-1.0,NO,-1.0,NO,GRANULAR,NO,NO,NO HAY,LA MANANA Y LA TARDE,NO HAY,NO HAY,NO,SI,28.0,PLANTAS NORMALES,SI,NO,SI,NO,BUENO,61.0,BUENO,LENTO,0.0,0.0,0.0,0.0,0.0,0.0,0.0,0.0,100.0,0.0,0.0,0.0,0.0,0.0,100.0,0.0,0.0,0.0,0.0
4252,4031,Mecanizado,SI,ADV 9339 (Syngenta),Maiz,SI,Mecanizada,NO,2.0,6246.511628,5.0,46.0,84.0,75000,8,0,0,1,0,0,0,0,0,0,2,2,0,0,1,4,0,0.0,1.5,115.0,0,2.5,0.0,0,30.0,30.0,0,0,0,0,2,3,3.0,PLANO O LLANO,PLANO,2.0,5.5,SIN ROCAS,NO,-1.0,-1.0,NO,-1.0,NO,ATERRONADA,NO,NO,NO HAY,LA MANANA Y LA TARDE,NO HAY,NO HAY,NO,SI,40.0,PLANTAS NORMALES,SI,NO,SI,NO,BUENO,68.0,BUENO,LENTO,0.0,0.0,0.0,0.0,0.0,0.0,0.0,0.0,100.0,0.0,0.0,0.0,0.0,0.0,48.53,51.47,0.0,0.0,0.0
4276,3947,Mecanizado,SI,DK 234,Algodón,NO,Manual,NO,2.0,6674.418605,4.0,49.0,90.0,60000,7,0,0,1,0,0,0,0,0,0,0,1,0,0,0,2,0,0.0,0.0,92.0,0,0.0,0.0,0,0.0,0.0,0,0,0,0,0,2,1.0,PLANO O LLANO,PLANO,2.0,6.5,SIN ROCAS,NO,-1.0,-1.0,NO,-1.0,NO,ATERRONADA,NO,NO,NO HAY,LA MANANA Y LA TARDE,NO HAY,NO HAY,NO,SI,38.0,PLANTAS NORMALES,NO,NO,SI,SI,REGULAR,60.0,BUENO,NINGUNO,0.0,0.0,0.0,0.0,0.0,0.0,61.67,0.0,0.0,38.33,0.0,100.0,0.0,0.0,0.0,0.0,0.0,0.0,0.0
4277,3942,Mecanizado,SI,DK 234 YGRR,Algodón,SI,Manual,NO,2.0,5244.186047,4.0,48.0,80.0,65000,6,0,0,0,0,0,0,0,0,0,0,1,0,0,0,1,0,0.0,0.0,61.0,0,0.0,15.0,0,0.0,15.0,0,0,0,0,0,2,1.0,PLANO O LLANO,PLANO,2.0,6.0,SIN ROCAS,NO,-1.0,-1.0,NO,-1.0,NO,GRANULAR,NO,NO,NO HAY,LA MANANA Y LA TARDE,NO HAY,NO HAY,NO,SI,25.0,PLANTAS NORMALES,NO,NO,SI,SI,ESPACIADO,60.0,BUENO,NINGUNO,0.0,0.0,0.0,0.0,0.0,0.0,30.0,0.0,0.0,70.0,0.0,100.0,0.0,0.0,0.0,0.0,0.0,0.0,0.0
4291,3946,Mecanizado,SI,P3966 (Pioneer),Algodón,NO,Manual,NO,2.0,6310.465116,3.0,47.0,86.0,65000,6,0,0,0,0,0,0,0,0,0,1,1,0,0,0,2,0,0.0,0.0,92.0,0,0.0,0.0,0,0.0,0.0,0,0,0,0,0,2,1.0,PLANO O LLANO,PLANO,2.0,5.5,SIN ROCAS,NO,-1.0,-1.0,SI,-1.0,NO,GRANULAR,NO,NO,NO HAY,LA MANANA Y LA TARDE,NO HAY,NO HAY,NO,SI,14.0,PLANTAS NORMALES,NO,NO,SI,SI,REGULAR,14.0,LENTO A MUY LENTO,NINGUNO,0.0,0.0,0.0,0.0,16.67,0.0,83.33,0.0,0.0,0.0,0.0,100.0,0.0,0.0,0.0,0.0,0.0,0.0,0.0
4300,3944,Manual,SI,PIONEER 30F35 H,Maiz,SI,Manual,NO,1.0,5720.930233,4.0,47.0,86.0,65000,7,0,0,0,0,0,0,0,0,0,1,1,0,0,0,2,0,0.0,0.0,38.0,0,0.0,15.0,0,0.0,15.0,0,0,0,0,0,2,1.0,PLANO O LLANO,PLANO,2.0,6.0,SIN ROCAS,NO,-1.0,-1.0,SI,-1.0,NO,GRANULAR,NO,NO,POCO MARCADAS,LA MANANA Y LA TARDE,NO HAY,NO HAY,NO,SI,21.0,PLANTAS NORMALES,NO,NO,SI,SI,REGULAR,26.0,LENTO A MUY LENTO,NINGUNO,0.0,41.67,58.33,0.0,0.0,0.0,0.0,0.0,0.0,0.0,0.0,100.0,0.0,0.0,0.0,0.0,0.0,0.0,0.0
4301,3943,Mecanizado,SI,DK 234,Maiz,NO,Manual,NO,2.0,5767.44186,3.0,48.0,79.0,63000,6,0,0,1,0,0,0,0,0,0,0,2,0,0,0,1,0,0.0,0.0,92.0,0,0.0,0.0,0,0.0,0.0,0,0,0,0,0,2,1.0,PLANO O LLANO,PLANO,2.0,6.0,SIN ROCAS,NO,-1.0,-1.0,NO,-1.0,NO,GRANULAR,NO,NO,NO HAY,LA MANANA Y LA TARDE,NO HAY,NO HAY,NO,SI,38.0,PLANTAS NORMALES,NO,NO,SI,SI,REGULAR,60.0,BUENO,NINGUNO,0.0,38.33,0.0,0.0,0.0,0.0,0.0,0.0,61.67,0.0,0.0,100.0,0.0,0.0,0.0,0.0,0.0,0.0,0.0
4302,3941,Mecanizado,SI,P3966 (Pioneer),Maiz,SI,Manual,NO,2.5,5720.930233,4.0,46.0,83.0,68000,6,0,0,0,0,0,0,0,0,0,1,1,0,0,0,1,0,0.0,0.0,61.0,0,0.0,15.0,0,0.0,15.0,0,0,0,0,0,2,2.0,PLANO O LLANO,PLANO,2.0,5.0,SIN ROCAS,SI,15.0,10.0,NO,,NO,GRANULAR,NO,NO,NO HAY,LA MANANA Y LA TARDE,NO HAY,NO HAY,NO,SI,10.0,PLANTAS NORMALES,NO,NO,SI,SI,REGULAR,15.0,BUENO,NINGUNO,0.0,30.0,0.0,0.0,0.0,0.0,0.0,0.0,70.0,0.0,0.0,100.0,0.0,0.0,0.0,0.0,0.0,0.0,0.0
4303,3940,Mecanizado,SI,P3966 (Pioneer),Algodón,SI,Manual,SI,1.0,6122.093023,4.0,45.0,77.0,65000,4,0,0,0,0,0,0,0,0,0,1,1,0,0,0,2,0,0.0,0.0,80.5,0,0.0,0.0,0,0.0,0.0,0,0,0,0,0,2,1.0,PLANO O LLANO,PLANO,2.0,5.5,SIN ROCAS,NO,-1.0,-1.0,SI,-1.0,NO,GRANULAR,NO,NO,NO HAY,LA MANANA Y LA TARDE,POCO MARCADAS,NO HAY,NO,SI,17.0,PLANTAS NORMALES,NO,NO,SI,SI,REGULAR,24.0,LENTO A MUY LENTO,NINGUNO,0.0,0.0,0.0,0.0,0.0,0.0,61.67,0.0,38.33,0.0,0.0,100.0,0.0,0.0,0.0,0.0,0.0,0.0,0.0
4316,4083,Mecanizado,SI,P3966 (Pioneer),Algodón,SI,Manual,NO,3.5,6102.325581,4.0,48.0,91.0,65000,13,0,0,0,0,0,0,0,0,0,1,1,0,0,0,1,0,0.0,0.0,61.0,0,0.0,15.0,0,0.0,15.0,0,0,0,0,0,2,1.0,PLANO O LLANO,PLANO,2.0,6.0,SIN ROCAS,NO,-1.0,-1.0,SI,-1.0,NO,GRANULAR,NO,NO,NO HAY,LA MANANA Y LA TARDE,NO HAY,NO HAY,NO,SI,19.0,PLANTAS NORMALES,NO,NO,SI,NO,REGULAR,20.0,LENTO A MUY LENTO,NINGUNO,0.0,68.33,0.0,0.0,0.0,0.0,0.0,0.0,31.67,0.0,0.0,100.0,0.0,0.0,0.0,0.0,0.0,0.0,0.0
4323,4087,Mecanizado,SI,P3966 (Pioneer),Algodón,NO,Manual,NO,1.5,6197.674419,4.0,48.0,85.0,65000,8,0,0,0,0,0,0,0,0,0,1,1,0,0,0,1,0,0.0,0.0,92.0,0,0.0,0.0,0,0.0,0.0,0,0,0,0,0,2,1.0,PLANO O LLANO,PLANO,2.0,6.0,MUY ROCOSO,NO,-1.0,-1.0,SI,-1.0,NO,GRANULAR,NO,NO,NO HAY,LA MANANA Y LA TARDE,NO HAY,POCO MARCADAS,NO,SI,17.0,PLANTAS NORMALES,NO,NO,SI,SI,REGULAR,18.0,LENTO A MUY LENTO,NINGUNO,0.0,71.67,0.0,0.0,0.0,0.0,0.0,0.0,28.33,0.0,0.0,100.0,0.0,0.0,0.0,0.0,0.0,0.0,0.0
4324,4084,Mecanizado,SI,DK 234,Algodón,NO,Manual,NO,2.0,5816.27907,4.0,46.0,88.0,62000,7,0,0,0,0,0,0,0,0,0,0,1,0,0,0,1,0,0.0,0.0,92.0,0,0.0,0.0,0,0.0,0.0,0,0,0,0,0,2,1.0,PLANO O LLANO,PLANO,2.0,6.0,SIN ROCAS,NO,-1.0,-1.0,SI,-1.0,NO,GRANULAR,NO,NO,NO HAY,LA MANANA Y LA TARDE,NO HAY,NO HAY,NO,SI,13.0,PLANTAS NORMALES,NO,NO,SI,SI,REGULAR,37.0,LENTO A MUY LENTO,NINGUNO,0.0,0.0,0.0,0.0,0.0,0.0,38.33,0.0,61.67,0.0,0.0,100.0,0.0,0.0,0.0,0.0,0.0,0.0,0.0
4325,4085,Mecanizado,NO,P3966 (Pioneer),Algodón,NO,Manual,NO,3.0,6006.976744,4.0,47.0,89.0,62000,7,0,0,0,0,0,0,0,0,0,1,1,0,0,0,0,0,0.0,0.0,46.0,0,0.0,0.0,0,0.0,0.0,0,0,0,0,0,1,1.0,PLANO O LLANO,PLANO,2.0,6.0,SIN ROCAS,NO,-1.0,-1.0,SI,-1.0,NO,GRANULAR,NO,NO,NO HAY,LA MANANA Y LA TARDE,POCO MARCADAS,NO HAY,NO,SI,19.0,PLANTAS NORMALES,NO,NO,SI,SI,ESPACIADO,24.0,LENTO A MUY LENTO,NINGUNO,0.0,0.0,0.0,0.0,0.0,0.0,61.67,0.0,38.33,0.0,0.0,100.0,0.0,0.0,0.0,0.0,0.0,0.0,0.0
4326,4088,Mecanizado,SI,DK 234,Algodón,NO,Manual,NO,1.7,5053.488372,4.0,47.0,87.0,63000,6,0,0,0,0,0,0,0,0,0,0,1,0,0,0,0,1,0.0,0.0,69.0,0,0.0,0.0,0,0.0,0.0,0,0,0,0,0,1,1.0,PLANO O LLANO,PLANO,2.0,6.5,SIN ROCAS,NO,-1.0,-1.0,SI,-1.0,NO,GRANULAR,NO,NO,NO HAY,LA MANANA Y LA TARDE,POCO MARCADAS,NO HAY,NO,SI,16.0,PLANTAS NORMALES,NO,NO,SI,SI,REGULAR,17.0,LENTO A MUY LENTO,NINGUNO,0.0,0.0,0.0,0.0,0.0,0.0,73.33,0.0,26.67,0.0,0.0,100.0,0.0,0.0,0.0,0.0,0.0,0.0,0.0
4327,4086,Mecanizado,SI,DK 234,Algodón,NO,Manual,NO,3.0,5839.534884,4.0,44.0,87.0,65000,10,0,0,0,0,0,0,0,0,0,2,0,0,0,0,1,0,0.0,0.0,92.0,0,0.0,0.0,0,0.0,0.0,0,0,0,0,0,2,1.0,PLANO O LLANO,PLANO,2.0,5.0,SIN ROCAS,NO,-1.0,-1.0,SI,-1.0,NO,GRANULAR,NO,NO,NO HAY,LA MANANA Y LA TARDE,POCO MARCADAS,NO HAY,NO,SI,20.0,PLANTAS NORMALES,NO,NO,SI,SI,ESPACIADO,33.0,LENTO A MUY LENTO,NINGUNO,0.0,0.0,0.0,0.0,0.0,0.0,0.0,0.0,53.33,46.67,0.0,100.0,0.0,0.0,0.0,0.0,0.0,0.0,0.0
4328,4092,Mecanizado,SI,ADV 9293 (Syngenta),Maiz,NO,Manual,NO,1.0,4767.44186,4.0,48.0,78.0,65000,8,0,0,0,0,0,0,0,0,0,1,1,0,0,0,2,0,0.0,0.0,92.0,0,0.0,0.0,0,0.0,0.0,0,0,0,0,0,2,1.0,PLANO O LLANO,PLANO,2.0,6.5,SIN ROCAS,NO,-1.0,-1.0,SI,-1.0,NO,GRANULAR,NO,NO,NO HAY,LA MANANA Y LA TARDE,POCO MARCADAS,NO HAY,NO,NO,-1.0,PLANTAS NORMALES,NO,NO,SI,NO,ESPACIADO,20.0,LENTO A MUY LENTO,NINGUNO,0.0,0.0,0.0,0.0,0.0,0.0,68.33,0.0,0.0,31.67,0.0,100.0,0.0,0.0,0.0,0.0,0.0,0.0,0.0
4330,4089,Manual,SI,DK 234,Algodón,NO,Manual,NO,1.0,5180.232558,4.0,47.0,85.0,65000,5,0,0,0,0,0,0,0,0,0,0,1,0,0,0,1,0,0.0,0.0,92.0,0,0.0,0.0,0,0.0,0.0,0,0,0,0,0,2,1.0,PLANO O LLANO,PLANO,2.0,6.0,SIN ROCAS,NO,-1.0,-1.0,SI,-1.0,NO,GRANULAR,NO,NO,NO HAY,LA MANANA Y LA TARDE,POCO MARCADAS,NO HAY,NO,SI,18.0,PLANTAS NORMALES,NO,NO,SI,SI,REGULAR,29.0,LENTO A MUY LENTO,NINGUNO,0.0,46.67,0.0,0.0,0.0,0.0,0.0,0.0,53.33,0.0,0.0,100.0,0.0,0.0,0.0,0.0,0.0,0.0,0.0
4331,4094,Mecanizado,SI,DK 234,Algodón,NO,Manual,NO,7.0,5434.883721,5.0,47.0,90.0,60000,10,0,0,0,0,0,0,0,0,0,0,2,0,0,0,1,0,0.0,0.0,92.0,0,0.0,0.0,0,0.0,0.0,0,0,0,0,0,2,1.0,PLANO O LLANO,PLANO,2.0,6.5,SIN ROCAS,NO,-1.0,-1.0,SI,-1.0,NO,GRANULAR,NO,NO,NO HAY,LA MANANA Y LA TARDE,NO HAY,POCO MARCADAS,NO,SI,23.0,PLANTAS NORMALES,NO,NO,SI,SI,REGULAR,25.0,LENTO A MUY LENTO,NINGUNO,0.0,0.0,0.0,0.0,0.0,0.0,60.0,0.0,40.0,0.0,0.0,100.0,0.0,0.0,0.0,0.0,0.0,0.0,0.0
4332,4093,Mecanizado,SI,DK 234,Frijol,NO,Manual,NO,2.5,5148.837209,4.0,46.0,84.0,65000,4,0,0,0,0,0,0,0,0,0,0,1,0,0,0,1,0,0.0,0.0,92.0,0,0.0,0.0,0,0.0,0.0,0,0,0,0,0,2,1.0,PLANO O LLANO,PLANO,2.0,6.0,SIN ROCAS,NO,-1.0,-1.0,SI,-1.0,NO,GRANULAR,NO,NO,NO HAY,LA MANANA Y LA TARDE,NO HAY,POCO MARCADAS,NO,SI,18.0,PLANTAS NORMALES,NO,NO,SI,SI,REGULAR,27.0,LENTO A MUY LENTO,NINGUNO,0.0,0.0,0.0,0.0,0.0,0.0,56.67,0.0,43.33,0.0,0.0,100.0,0.0,0.0,0.0,0.0,0.0,0.0,0.0
4333,4090,Mecanizado,SI,DK 234,Algodón,NO,Manual,NO,1.5,5720.930233,4.0,48.0,81.0,65000,6,0,0,0,0,0,0,0,0,0,0,1,0,0,0,1,0,0.0,0.0,92.0,0,0.0,0.0,0,0.0,0.0,0,0,0,0,0,2,1.0,PLANO O LLANO,PLANO,2.0,6.0,SIN ROCAS,NO,-1.0,-1.0,SI,-1.0,NO,GRANULAR,NO,NO,NO HAY,LA MANANA Y LA TARDE,NO HAY,NO HAY,NO,NO,-1.0,PLANTAS NORMALES,NO,NO,SI,SI,REGULAR,13.0,LENTO A MUY LENTO,NINGUNO,0.0,0.0,0.0,0.0,0.0,0.0,80.0,0.0,20.0,0.0,0.0,100.0,0.0,0.0,0.0,0.0,0.0,0.0,0.0
4335,4082,Mecanizado,SI,P3966 (Pioneer),Algodón,NO,Manual,SI,3.0,6006.976744,4.0,47.0,81.0,65000,7,0,0,0,0,0,0,0,0,0,1,1,0,0,0,1,0,0.0,0.0,92.0,0,0.0,0.0,0,0.0,0.0,0,0,0,0,0,2,1.0,PLANO O LLANO,PLANO,2.0,6.0,SIN ROCAS,NO,-1.0,-1.0,SI,-1.0,NO,GRANULAR,NO,NO,POCO MARCADAS,LA MANANA Y LA TARDE,NO HAY,POCO MARCADAS,NO,SI,20.0,PLANTAS NORMALES,NO,NO,SI,SI,ESPACIADO,23.0,LENTO A MUY LENTO,NINGUNO,0.0,36.67,0.0,0.0,0.0,0.0,0.0,0.0,63.33,0.0,0.0,100.0,0.0,0.0,0.0,0.0,0.0,0.0,0.0
4336,4091,Mecanizado,SI,DK 234,Algodón,NO,Manual,NO,3.0,5148.837209,4.0,47.0,82.0,65000,5,0,0,0,0,0,0,0,0,0,0,2,0,0,0,0,0,0.0,0.0,92.0,0,0.0,0.0,0,0.0,0.0,0,0,0,0,0,2,1.0,PLANO O LLANO,PLANO,2.0,6.0,SIN ROCAS,NO,-1.0,-1.0,SI,-1.0,NO,GRANULAR,NO,NO,POCO MARCADAS,LA MANANA Y LA TARDE,NO HAY,NO HAY,NO,SI,13.0,PLANTAS NORMALES,NO,NO,SI,SI,ESPACIADO,18.0,LENTO A MUY LENTO,NINGUNO,0.0,28.33,0.0,0.0,0.0,0.0,0.0,0.0,71.67,0.0,0.0,100.0,0.0,0.0,0.0,0.0,0.0,0.0,0.0
4337,4112,Mecanizado,SI,P3966 (Pioneer),Maiz,SI,Manual,SI,15.0,5787.209302,5.0,46.0,82.0,72500,61,0,0,0,0,0,0,0,0,0,0,1,0,0,0,3,0,0.0,12.0,92.0,0,40.0,0.0,0,0.0,30.0,0,0,0,0,1,3,5.0,PLANO O LLANO,PLANO,2.0,5.5,SIN ROCAS,NO,-1.0,-1.0,NO,-1.0,NO,GRANULAR,NO,NO,NO HAY,LA MANANA Y LA TARDE,NO HAY,NO HAY,NO,SI,21.0,PLANTAS NORMALES,SI,NO,SI,NO,ESPACIADO,60.0,BUENO,LENTO,0.0,0.0,0.0,0.0,0.0,0.0,0.0,0.0,100.0,0.0,0.0,0.0,0.0,0.0,100.0,0.0,0.0,0.0,0.0
4341,4127,Mecanizado,SI,Otro,Pastos,SI,Mecanizada,NO,10.0,6593.023256,5.0,47.0,86.0,74000,10,0,0,2,0,0,0,0,0,0,0,2,0,0,0,1,0,0.0,1.5,103.5,0,2.5,0.0,0,30.0,30.0,0,0,0,0,2,3,3.0,PLANO O LLANO,PLANO,2.0,6.0,SIN ROCAS,NO,-1.0,-1.0,NO,-1.0,NO,ATERRONADA,NO,NO,NO HAY,LA MANANA Y LA TARDE,NO HAY,NO HAY,NO,SI,21.0,PLANTAS NORMALES,SI,NO,SI,NO,REGULAR,61.0,BUENO,LENTO,0.0,0.0,0.0,0.0,0.0,0.0,0.0,0.0,100.0,0.0,0.0,0.0,0.0,0.0,50.82,49.18,0.0,0.0,0.0
4343,4129,Mecanizado,SI,Otro,Maiz,SI,Mecanizada,NO,5.0,6246.511628,5.0,46.0,85.0,77000,7,0,0,1,0,0,0,0,0,0,2,1,0,0,1,0,0,0.0,1.5,115.0,0,2.5,0.0,0,30.0,30.0,0,0,0,0,2,3,3.0,PLANO O LLANO,PLANO,2.0,5.5,SIN ROCAS,NO,-1.0,-1.0,NO,-1.0,NO,ATERRONADA,NO,NO,NO HAY,LA MANANA Y LA TARDE,NO HAY,NO HAY,NO,SI,42.0,PLANTAS NORMALES,SI,NO,SI,NO,BUENO,71.0,BUENO,LENTO,0.0,0.0,0.0,0.0,0.0,0.0,0.0,0.0,100.0,0.0,0.0,0.0,0.0,0.0,50.7,49.3,0.0,0.0,0.0
4352,4135,Mecanizado,SI,Otro,Algodón,SI,Mecanizada,NO,12.0,6232.55814,5.0,46.0,84.0,75000,7,0,0,2,0,0,0,0,0,0,2,2,0,0,1,0,0,0.0,1.5,115.0,0,2.5,0.0,0,30.0,30.0,0,0,0,0,2,3,3.0,PLANO O LLANO,PLANO,2.0,5.5,SIN ROCAS,NO,-1.0,-1.0,NO,-1.0,NO,ATERRONADA,NO,NO,NO HAY,LA MANANA Y LA TARDE,NO HAY,NO HAY,NO,SI,40.0,PLANTAS NORMALES,SI,NO,SI,NO,BUENO,69.0,BUENO,LENTO,0.0,0.0,0.0,0.0,0.0,0.0,0.0,0.0,100.0,0.0,0.0,0.0,0.0,0.0,47.83,52.17,0.0,0.0,0.0
4354,4136,Manual,SI,ICA V 156,Maiz,SI,Manual,SI,2.0,3767.44186,5.0,48.0,85.0,62000,61,0,0,0,0,0,0,0,0,0,0,1,0,0,0,3,0,0.0,0.0,92.0,0,0.0,0.0,0,0.0,30.0,0,0,0,0,0,3,4.0,PLANO O LLANO,PLANO,2.0,5.0,SIN ROCAS,NO,-1.0,-1.0,NO,-1.0,NO,GRANULAR,NO,NO,NO HAY,LA MANANA Y LA TARDE,NO HAY,NO HAY,NO,SI,28.0,PLANTAS NORMALES,SI,NO,SI,SI,BUENO,59.0,BUENO,LENTO,0.0,0.0,0.0,0.0,0.0,0.0,0.0,0.0,49.15,50.85,0.0,0.0,0.0,0.0,100.0,0.0,0.0,0.0,0.0
4355,4137,Mecanizado,SI,Otro,Maiz,SI,Manual,SI,2.0,5327.906977,5.0,46.0,78.0,73000,14,0,0,1,0,0,0,0,0,0,0,1,0,0,0,4,0,0.0,15.0,80.5,0,15.0,0.0,0,15.0,30.0,0,0,0,0,1,3,4.0,PLANO O LLANO,PLANO,2.0,6.0,SIN ROCAS,NO,-1.0,-1.0,NO,-1.0,NO,ATERRONADA,NO,NO,NO HAY,LA MANANA Y LA TARDE,NO HAY,NO HAY,NO,SI,23.0,PLANTAS NORMALES,SI,NO,SI,NO,ESPACIADO,60.0,BUENO,LENTO,0.0,0.0,0.0,0.0,0.0,0.0,0.0,0.0,100.0,0.0,0.0,0.0,0.0,0.0,63.33,36.67,0.0,0.0,0.0
4359,4141,Mecanizado,SI,Otro,Algodón,SI,Mecanizada,NO,7.2,6046.511628,5.0,46.0,88.0,74000,11,0,0,2,0,0,0,0,0,0,0,4,0,0,0,6,0,0.0,7.5,115.0,0,7.5,0.0,0,37.5,30.0,0,0,0,0,2,3,4.0,PLANO O LLANO,PLANO,3.0,6.5,SIN ROCAS,NO,-1.0,-1.0,SI,-1.0,NO,GRANULAR,NO,NO,NO HAY,LA MANANA Y LA TARDE,NO HAY,NO HAY,NO,SI,30.0,PLANTAS NORMALES,SI,NO,SI,SI,BUENO,40.0,LENTO A MUY LENTO,LENTO,0.0,0.0,0.0,0.0,0.0,0.0,0.0,0.0,100.01,0.0,0.0,0.0,0.0,0.0,100.01,0.0,0.0,0.0,0.0
4362,4144,Mecanizado,SI,Otro,Maiz,SI,Mecanizada,NO,11.0,6232.55814,5.0,46.0,86.0,75000,15,0,0,2,0,0,0,0,0,0,0,2,0,0,0,5,0,0.0,7.5,103.5,0,7.5,0.0,0,37.5,30.0,0,0,0,0,2,3,3.0,PLANO O LLANO,PLANO,2.0,5.0,SIN ROCAS,NO,-1.0,-1.0,NO,-1.0,NO,GRANULAR,NO,NO,NO HAY,LA MANANA Y LA TARDE,NO HAY,NO HAY,NO,SI,24.0,PLANTAS NORMALES,SI,NO,SI,NO,BUENO,59.0,BUENO,LENTO,0.0,0.0,0.0,0.0,0.0,0.0,0.0,0.0,100.0,0.0,0.0,55.93,44.07,0.0,0.0,0.0,0.0,0.0,0.0
4366,4148,Mecanizado,SI,Otro,Algodón,SI,Mecanizada,NO,54.0,6046.511628,5.0,46.0,87.0,74000,11,0,0,2,0,0,0,0,0,0,0,2,0,0,0,6,0,0.0,7.5,82.8,0,7.5,0.0,0,37.5,60.0,0,0,0,0,2,4,3.0,PLANO O LLANO,PLANO,2.0,6.0,SIN ROCAS,NO,-1.0,-1.0,SI,-1.0,NO,GRANULAR,NO,NO,NO HAY,LA MANANA Y LA TARDE,NO HAY,NO HAY,NO,SI,35.0,PLANTAS NORMALES,SI,NO,SI,NO,BUENO,45.0,LENTO A MUY LENTO,LENTO,0.0,0.0,0.0,0.0,0.0,0.0,0.0,0.0,100.0,0.0,0.0,0.0,0.0,0.0,100.0,0.0,0.0,0.0,0.0
4369,4174,Mecanizado,SI,P3966 (Pioneer),Algodón,NO,Mecanizada,NO,6.0,6232.55814,5.0,46.0,88.0,74000,11,0,0,2,0,0,0,0,0,0,0,2,0,0,0,8,0,0.0,7.5,92.0,0,7.5,0.0,0,37.5,60.0,0,0,0,0,2,4,4.0,PLANO O LLANO,PLANO,2.0,6.0,SIN ROCAS,NO,-1.0,-1.0,SI,-1.0,NO,GRANULAR,NO,NO,NO HAY,LA MANANA Y LA TARDE,NO HAY,NO HAY,NO,SI,33.0,PLANTAS NORMALES,SI,NO,SI,NO,BUENO,42.0,LENTO A MUY LENTO,LENTO,0.0,0.0,0.0,0.0,0.0,0.0,0.0,0.0,100.0,0.0,0.0,0.0,0.0,0.0,100.0,0.0,0.0,0.0,0.0
4370,4183,Mecanizado,SI,Otro,Algodón,SI,Mecanizada,NO,40.0,6046.511628,5.0,46.0,79.0,75000,11,0,0,2,0,0,0,0,0,0,0,1,0,0,0,5,0,115.0,9.0,0.0,0,23.0,0.0,30,30.0,0.0,0,0,0,3,2,0,3.0,PLANO O LLANO,PLANO,3.0,5.5,SIN ROCAS,NO,-1.0,-1.0,NO,-1.0,NO,ATERRONADA,NO,NO,NO HAY,LA MANANA Y LA TARDE,NO HAY,NO HAY,NO,SI,14.0,PLANTAS NORMALES,SI,NO,SI,NO,REGULAR,62.0,BUENO,LENTO,0.0,0.0,0.0,0.0,0.0,0.0,0.0,0.0,100.0,0.0,0.0,0.0,0.0,0.0,46.77,53.23,0.0,0.0,0.0
4375,4186,Mecanizado,SI,Otro,Maiz,NO,Mecanizada,NO,9.0,6122.093023,4.0,47.0,87.0,74000,14,0,0,1,0,0,0,0,0,0,0,2,0,0,0,6,0,0.0,15.0,115.0,0,15.0,0.0,0,15.0,30.0,0,0,0,0,1,3,3.0,PLANO O LLANO,PLANO,3.0,5.5,SIN ROCAS,NO,-1.0,-1.0,SI,-1.0,NO,GRANULAR,NO,NO,NO HAY,LA MANANA Y LA TARDE,NO HAY,NO HAY,NO,SI,31.0,PLANTAS NORMALES,SI,NO,SI,NO,BUENO,37.0,LENTO A MUY LENTO,LENTO,0.0,0.0,0.0,0.0,0.0,0.0,0.0,0.0,100.0,0.0,0.0,70.49000000000001,29.51,0.0,0.0,0.0,0.0,0.0,0.0
4376,4187,Mecanizado,SI,Otro,Maiz,SI,Mecanizada,NO,2.0,5180.232558,5.0,46.0,90.0,73000,7,0,0,0,0,0,0,0,0,0,2,2,0,0,0,0,0,0.0,0.0,120.5,0,0.0,0.0,0,0.0,20.0,0,0,0,0,0,3,3.0,PLANO O LLANO,PLANO,3.0,5.5,SIN ROCAS,NO,-1.0,-1.0,NO,-1.0,NO,GRANULAR,NO,NO,NO HAY,LA MANANA Y LA TARDE,NO HAY,NO HAY,NO,SI,35.0,PLANTAS NORMALES,SI,NO,SI,NO,BUENO,60.0,BUENO,LENTO,0.0,0.0,0.0,0.0,0.0,0.0,0.0,0.0,100.0,0.0,0.0,0.0,0.0,0.0,31.67,68.33,0.0,0.0,0.0
4377,4188,Mecanizado,SI,Otro,Maiz,SI,Mecanizada,NO,17.0,5839.534884,5.0,46.0,98.0,74000,5,0,0,0,0,0,0,0,0,0,0,2,0,0,0,0,0,0.0,0.0,120.5,0,0.0,0.0,0,0.0,20.0,0,0,0,0,0,3,3.0,PLANO O LLANO,PLANO,3.0,6.0,SIN ROCAS,NO,-1.0,-1.0,SI,-1.0,NO,ATERRONADA,NO,NO,NO HAY,LA MANANA Y LA TARDE,NO HAY,NO HAY,NO,SI,32.0,PLANTAS NORMALES,SI,NO,SI,NO,BUENO,32.0,LENTO A MUY LENTO,LENTO,0.0,0.0,0.0,0.0,0.0,0.0,0.0,0.0,100.0,0.0,0.0,0.0,0.0,0.0,50.7,49.3,0.0,0.0,0.0
4378,4189,Mecanizado,SI,Otro,Maiz,NO,Mecanizada,NO,4.0,5839.534884,5.0,47.0,97.0,72000,5,0,0,0,0,0,0,0,0,0,0,2,0,0,0,3,0,0.0,0.0,109.0,0,0.0,0.0,0,0.0,20.0,0,0,0,0,0,3,3.0,PLANO O LLANO,PLANO,3.0,6.0,SIN ROCAS,NO,-1.0,-1.0,SI,-1.0,NO,ATERRONADA,NO,NO,NO HAY,LA MANANA Y LA TARDE,NO HAY,NO HAY,NO,SI,19.0,PLANTAS NORMALES,SI,NO,SI,SI,REGULAR,20.0,LENTO A MUY LENTO,LENTO,0.0,0.0,0.0,0.0,0.0,0.0,0.0,0.0,99.99000000000001,0.0,0.0,0.0,0.0,0.0,45.45,54.54,0.0,0.0,0.0
4379,4190,Mecanizado,SI,Otro,Maiz,NO,Mecanizada,NO,35.0,6027.906977,5.0,47.0,100.0,73000,6,0,0,0,0,0,0,0,0,0,0,2,0,0,0,1,0,0.0,0.0,109.0,0,0.0,0.0,0,0.0,20.0,0,0,0,0,0,3,3.0,PLANO O LLANO,PLANO,3.0,6.0,SIN ROCAS,NO,-1.0,-1.0,SI,-1.0,NO,ATERRONADA,NO,NO,NO HAY,LA MANANA Y LA TARDE,NO HAY,NO HAY,NO,SI,21.0,PLANTAS NORMALES,SI,NO,SI,SI,REGULAR,21.0,LENTO A MUY LENTO,LENTO,0.0,0.0,0.0,0.0,0.0,0.0,0.0,0.0,100.0,0.0,0.0,0.0,0.0,0.0,44.12,55.879999999999995,0.0,0.0,0.0
4380,4191,Mecanizado,SI,Otro,Maiz,NO,Mecanizada,NO,22.0,6046.511628,5.0,46.0,97.0,72000,6,0,0,0,0,0,0,0,0,0,2,1,0,0,0,1,0,0.0,0.0,120.5,0,0.0,0.0,0,0.0,20.0,0,0,0,0,0,3,3.0,PLANO O LLANO,PLANO,3.0,5.5,SIN ROCAS,NO,-1.0,-1.0,SI,-1.0,NO,ATERRONADA,NO,NO,NO HAY,LA MANANA Y LA TARDE,NO HAY,NO HAY,NO,SI,35.0,PLANTAS NORMALES,SI,NO,SI,NO,REGULAR,35.0,LENTO A MUY LENTO,LENTO,0.0,0.0,0.0,0.0,0.0,0.0,0.0,0.0,99.99000000000001,0.0,0.0,0.0,0.0,0.0,45.45,54.54,0.0,0.0,0.0
4381,4192,Mecanizado,SI,Otro,Maiz,NO,Mecanizada,NO,9.0,5745.348837,5.0,46.0,101.0,73000,6,0,0,0,0,0,0,0,0,0,0,2,0,0,0,2,0,0.0,0.0,120.5,0,0.0,0.0,0,0.0,20.0,0,0,0,0,0,3,3.0,PLANO O LLANO,PLANO,3.0,6.0,SIN ROCAS,NO,-1.0,-1.0,SI,-1.0,NO,ATERRONADA,NO,NO,NO HAY,LA MANANA Y LA TARDE,NO HAY,NO HAY,NO,SI,22.0,PLANTAS NORMALES,SI,NO,SI,SI,REGULAR,22.0,LENTO A MUY LENTO,LENTO,0.0,0.0,0.0,0.0,0.0,0.0,0.0,0.0,100.0,0.0,0.0,0.0,0.0,0.0,43.75,56.25,0.0,0.0,0.0
4382,4193,Mecanizado,SI,Otro,Algodón,SI,Mecanizada,NO,12.0,5860.465116,5.0,46.0,98.0,73000,6,0,0,0,0,0,0,0,0,0,2,1,0,0,0,2,0,0.0,0.0,132.0,0,0.0,0.0,0,0.0,0.0,0,0,0,0,0,3,3.0,PLANO O LLANO,PLANO,3.0,5.5,SIN ROCAS,NO,-1.0,-1.0,SI,-1.0,NO,ATERRONADA,NO,NO,NO HAY,LA MANANA Y LA TARDE,NO HAY,NO HAY,NO,SI,40.0,PLANTAS NORMALES,SI,NO,SI,NO,BUENO,40.0,LENTO A MUY LENTO,LENTO,0.0,0.0,0.0,0.0,0.0,0.0,0.0,0.0,100.0,0.0,0.0,0.0,0.0,0.0,50.0,50.0,0.0,0.0,0.0
4383,4194,Mecanizado,SI,Otro,Maiz,SI,Mecanizada,NO,7.0,5767.44186,5.0,47.0,98.0,72500,5,0,0,0,0,0,0,0,0,0,2,1,0,0,0,1,0,0.0,0.0,132.0,0,0.0,0.0,0,0.0,20.0,0,0,0,0,0,3,3.0,PLANO O LLANO,PLANO,3.0,5.5,SIN ROCAS,NO,-1.0,-1.0,SI,-1.0,NO,ATERRONADA,NO,NO,NO HAY,LA MANANA Y LA TARDE,NO HAY,NO HAY,NO,SI,38.0,PLANTAS NORMALES,SI,NO,SI,NO,BUENO,41.0,LENTO A MUY LENTO,LENTO,0.0,0.0,0.0,0.0,0.0,0.0,0.0,0.0,100.0,0.0,0.0,0.0,0.0,0.0,51.43,48.57,0.0,0.0,0.0
4384,4195,Mecanizado,SI,Otro,Maiz,SI,Mecanizada,NO,2.0,5462.790698,5.0,46.0,90.0,73000,6,0,0,0,0,0,0,0,0,0,0,2,0,0,0,0,0,0.0,40.0,69.0,0,0.0,0.0,0,20.0,30.0,0,0,0,0,1,3,3.0,PLANO O LLANO,PLANO,3.0,5.5,SIN ROCAS,NO,-1.0,-1.0,NO,-1.0,NO,GRANULAR,NO,NO,NO HAY,LA MANANA Y LA TARDE,NO HAY,NO HAY,NO,SI,37.0,PLANTAS NORMALES,SI,NO,SI,NO,BUENO,69.0,BUENO,LENTO,0.0,0.0,0.0,0.0,0.0,0.0,0.0,0.0,100.00999999999999,0.0,0.0,0.0,0.0,0.0,43.48,56.53,0.0,0.0,0.0
4386,4197,Mecanizado,SI,Otro,Maiz,NO,Mecanizada,NO,4.0,5180.232558,5.0,47.0,82.0,72000,6,0,0,0,0,0,0,0,0,0,0,2,0,0,0,0,0,0.0,0.0,120.5,0,0.0,0.0,0,0.0,50.0,0,0,0,0,0,4,4.0,PLANO O LLANO,PLANO,3.0,5.0,SIN ROCAS,NO,-1.0,-1.0,SI,-1.0,NO,GRANULAR,NO,NO,NO HAY,LA MANANA Y LA TARDE,NO HAY,NO HAY,NO,SI,43.0,PLANTAS NORMALES,SI,NO,SI,NO,BUENO,43.0,LENTO A MUY LENTO,LENTO,0.0,0.0,0.0,0.0,0.0,0.0,0.0,0.0,100.0,0.0,0.0,0.0,0.0,0.0,40.0,60.0,0.0,0.0,0.0
4387,4198,Mecanizado,SI,Otro,Maiz,NO,Mecanizada,NO,2.0,4897.674419,5.0,47.0,52.0,73000,4,0,0,0,0,0,0,0,0,0,0,2,0,0,0,2,0,0.0,0.0,120.5,0,0.0,0.0,0,0.0,50.0,0,0,0,0,0,4,4.0,PLANO O LLANO,PLANO,3.0,5.0,SIN ROCAS,NO,-1.0,-1.0,SI,-1.0,NO,GRANULAR,NO,NO,NO HAY,LA MANANA Y LA TARDE,NO HAY,NO HAY,NO,SI,40.0,PLANTAS NORMALES,SI,NO,SI,NO,BUENO,40.0,LENTO A MUY LENTO,LENTO,0.0,0.0,0.0,0.0,0.0,0.0,0.0,0.0,100.01,0.0,0.0,0.0,0.0,0.0,46.38,53.629999999999995,0.0,0.0,0.0
4388,4199,Mecanizado,SI,Otro,Maiz,NO,Mecanizada,NO,12.0,5953.488372,5.0,46.0,102.0,73000,5,0,0,0,0,0,0,0,0,0,0,2,0,0,0,2,0,0.0,0.0,120.5,0,0.0,0.0,0,0.0,20.0,0,0,0,0,0,3,3.0,PLANO O LLANO,PLANO,3.0,6.0,SIN ROCAS,NO,-1.0,-1.0,SI,-1.0,NO,ATERRONADA,NO,NO,NO HAY,LA MANANA Y LA TARDE,NO HAY,NO HAY,NO,SI,30.0,PLANTAS NORMALES,SI,NO,SI,SI,REGULAR,30.0,LENTO A MUY LENTO,LENTO,0.0,0.0,0.0,0.0,0.0,0.0,0.0,0.0,100.0,0.0,0.0,0.0,0.0,0.0,47.06,52.94,0.0,0.0,0.0
4389,4200,Mecanizado,SI,Otro,Algodón,SI,Mecanizada,NO,22.0,5651.162791,5.0,47.0,99.0,74000,7,0,0,0,0,0,0,0,0,0,2,2,0,0,0,1,0,57.5,0.0,63.0,0,0.0,0.0,0,0.0,50.0,0,0,0,1,0,3,3.0,PLANO O LLANO,PLANO,3.0,5.5,SIN ROCAS,NO,-1.0,-1.0,NO,-1.0,NO,GRANULAR,NO,NO,NO HAY,LA MANANA Y LA TARDE,NO HAY,NO HAY,NO,SI,40.0,PLANTAS NORMALES,SI,NO,SI,NO,BUENO,70.0,BUENO,LENTO,0.0,0.0,0.0,0.0,0.0,0.0,0.0,0.0,100.00999999999999,0.0,0.0,0.0,0.0,0.0,44.29,55.72,0.0,0.0,0.0
4390,4201,Mecanizado,SI,Otro,Maiz,SI,Mecanizada,NO,3.5,6122.093023,5.0,46.0,81.0,73000,5,0,0,0,0,0,0,0,0,0,2,2,0,0,0,0,0,0.0,0.0,109.0,0,0.0,0.0,0,0.0,20.0,0,0,0,0,0,3,4.0,PLANO O LLANO,PLANO,3.0,5.0,SIN ROCAS,NO,-1.0,-1.0,SI,-1.0,NO,ATERRONADA,NO,NO,NO HAY,LA MANANA Y LA TARDE,NO HAY,NO HAY,NO,SI,38.0,PLANTAS NORMALES,SI,NO,SI,NO,BUENO,38.0,LENTO A MUY LENTO,LENTO,0.0,0.0,0.0,0.0,0.0,0.0,0.0,0.0,100.0,0.0,0.0,0.0,0.0,0.0,50.0,50.0,0.0,0.0,0.0
4391,4202,Mecanizado,SI,Otro,Maiz,SI,Mecanizada,NO,12.0,6122.093023,5.0,46.0,87.0,73000,5,0,0,0,0,0,0,0,0,0,2,1,0,0,1,2,0,0.0,0.0,120.5,0,0.0,0.0,0,0.0,50.0,0,0,0,0,0,4,3.0,PLANO O LLANO,PLANO,3.0,5.0,SIN ROCAS,NO,-1.0,-1.0,SI,-1.0,NO,ATERRONADA,NO,NO,NO HAY,LA MANANA Y LA TARDE,NO HAY,NO HAY,NO,SI,37.0,PLANTAS NORMALES,SI,NO,SI,NO,BUENO,37.0,LENTO A MUY LENTO,LENTO,0.0,0.0,0.0,0.0,0.0,0.0,0.0,0.0,100.0,0.0,0.0,0.0,0.0,0.0,47.27,52.73,0.0,0.0,0.0
4392,4203,Mecanizado,SI,Otro,Maiz,SI,Mecanizada,NO,4.0,5933.72093,5.0,47.0,79.0,73000,5,0,0,0,0,0,0,0,0,0,2,1,0,0,1,2,0,0.0,0.0,109.0,0,0.0,0.0,0,0.0,20.0,0,0,0,0,0,3,3.0,PLANO O LLANO,PLANO,3.0,5.0,SIN ROCAS,NO,-1.0,-1.0,SI,-1.0,NO,ATERRONADA,NO,NO,NO HAY,LA MANANA Y LA TARDE,NO HAY,NO HAY,NO,SI,42.0,PLANTAS NORMALES,SI,NO,SI,NO,BUENO,42.0,LENTO A MUY LENTO,LENTO,0.0,0.0,0.0,0.0,0.0,0.0,0.0,0.0,100.00999999999999,0.0,0.0,0.0,0.0,0.0,41.18,58.83,0.0,0.0,0.0
4414,4247,Mecanizado,SI,Otro,Maiz,SI,Manual,NO,2.0,5462.790698,5.0,46.0,82.0,73000,5,0,0,0,0,0,0,0,0,0,0,2,0,0,0,1,0,0.0,0.0,92.0,0,0.0,0.0,0,0.0,30.0,0,0,0,0,0,3,4.0,PLANO O LLANO,PLANO,3.0,5.5,SIN ROCAS,NO,-1.0,-1.0,SI,-1.0,NO,ATERRONADA,NO,NO,NO HAY,LA MANANA Y LA TARDE,NO HAY,NO HAY,NO,SI,35.0,PLANTAS NORMALES,SI,NO,SI,NO,REGULAR,35.0,LENTO A MUY LENTO,LENTO,0.0,0.0,0.0,0.0,0.0,0.0,0.0,0.0,67.8,32.2,0.0,0.0,0.0,0.0,32.2,67.8,0.0,0.0,0.0
4417,4248,Mecanizado,NO,Otro,Maiz,SI,Manual,NO,1.4,5148.837209,,,,"0     NaN
1     NaN
2     NaN
3     NaN
4     NaN
       ..
993   NaN
994   NaN
995   NaN
996   NaN
997   NaN
Name: AREA, Length: 882, dtype: float64",5,0,0,0,0,0,0,0,0,0,0,0,0,0,0,0,0,0.0,0.0,0.0,0,0.0,0.0,0,0.0,0.0,0,0,0,0,0,0,4.0,PLANO O LLANO,PLANO,3.0,5.5,SIN ROCAS,NO,-1.0,-1.0,SI,-1.0,NO,ATERRONADA,NO,NO,NO HAY,LA MANANA Y LA TARDE,NO HAY,NO HAY,NO,SI,35.0,PLANTAS NORMALES,SI,NO,SI,NO,REGULAR,35.0,LENTO A MUY LENTO,LENTO,0.0,0.0,0.0,0.0,0.0,0.0,0.0,0.0,100.00999999999999,0.0,0.0,0.0,0.0,0.0,31.15,68.86,0.0,0.0,0.0
4419,4249,Mecanizado,SI,Otro,Maiz,SI,Manual,SI,1.0,5302.325581,5.0,46.0,84.0,73000,6,0,0,0,0,0,0,0,0,0,0,1,0,0,0,2,0,0.0,0.0,69.0,0,0.0,0.0,0,0.0,60.0,0,0,0,0,0,4,3.0,PLANO O LLANO,PLANO,2.0,5.5,SIN ROCAS,NO,-1.0,-1.0,NO,-1.0,NO,ATERRONADA,NO,NO,NO HAY,LA MANANA Y LA TARDE,NO HAY,NO HAY,NO,SI,41.0,PLANTAS NORMALES,SI,NO,SI,NO,REGULAR,69.0,BUENO,LENTO,0.0,0.0,0.0,0.0,0.0,0.0,0.0,0.0,100.0,0.0,0.0,0.0,0.0,0.0,49.28,50.72,0.0,0.0,0.0
4421,4250,Mecanizado,SI,Otro,Maiz,SI,Manual,NO,2.0,5581.395349,5.0,42.0,86.0,73000,5,0,0,0,0,0,0,0,0,0,0,2,0,0,0,0,0,0.0,0.0,69.0,0,0.0,0.0,0,0.0,60.0,0,0,0,0,0,4,3.0,PLANO O LLANO,PLANO,2.0,5.5,SIN ROCAS,NO,-1.0,-1.0,NO,-1.0,NO,ATERRONADA,NO,NO,NO HAY,LA MANANA Y LA TARDE,NO HAY,NO HAY,NO,SI,40.0,PLANTAS NORMALES,SI,NO,SI,NO,REGULAR,68.0,BUENO,LENTO,0.0,0.0,0.0,0.0,0.0,0.0,0.0,0.0,100.0,0.0,0.0,0.0,0.0,0.0,51.47,48.53,0.0,0.0,0.0
4431,4261,Manual,NO,ADV 9339 (Syngenta),Maiz,SI,Manual,SI,1.5,6232.55814,4.0,46.0,81.0,72000,6,0,0,0,0,0,0,0,0,0,0,1,0,0,1,1,0,0.0,0.0,92.0,0,0.0,0.0,0,0.0,0.0,0,0,0,0,0,2,3.0,PLANO O LLANO,PLANO,3.0,5.0,SIN ROCAS,NO,-1.0,-1.0,NO,-1.0,NO,ATERRONADA,NO,NO,NO HAY,LA MANANA Y LA TARDE,NO HAY,NO HAY,NO,SI,40.0,PLANTAS NORMALES,SI,NO,SI,NO,BUENO,70.0,BUENO,LENTO,0.0,0.0,0.0,0.0,0.0,0.0,0.0,0.0,57.14,42.86,0.0,0.0,0.0,0.0,42.86,57.14,0.0,0.0,0.0
4432,4265,Mecanizado,SI,Otro,Maiz,SI,Manual,SI,1.3,6122.093023,5.0,46.0,81.0,74000,5,0,0,0,0,0,0,0,0,0,0,2,0,0,0,1,0,0.0,0.0,92.0,0,0.0,0.0,0,0.0,0.0,0,0,0,0,0,2,4.0,PLANO O LLANO,PLANO,2.0,5.5,SIN ROCAS,NO,-1.0,-1.0,NO,-1.0,NO,ATERRONADA,NO,NO,NO HAY,LA MANANA Y LA TARDE,NO HAY,NO HAY,NO,SI,37.0,PLANTAS NORMALES,SI,NO,SI,NO,BUENO,70.0,BUENO,LENTO,0.0,0.0,0.0,0.0,0.0,0.0,0.0,0.0,100.0,0.0,0.0,0.0,0.0,0.0,45.71,54.29,0.0,0.0,0.0
4433,4270,Mecanizado,SI,Otro,Maiz,SI,Manual,NO,1.4,5745.348837,5.0,46.0,79.0,73000,5,0,0,0,0,0,0,0,0,0,0,1,0,0,0,1,0,0.0,0.0,92.0,0,0.0,0.0,0,0.0,0.0,0,0,0,0,0,2,3.0,PLANO O LLANO,PLANO,2.0,5.0,SIN ROCAS,NO,-1.0,-1.0,NO,-1.0,NO,ATERRONADA,NO,NO,NO HAY,LA MANANA Y LA TARDE,POCO MARCADAS,NO HAY,NO,SI,38.0,PLANTAS NORMALES,SI,NO,SI,NO,REGULAR,70.0,BUENO,LENTO,0.0,0.0,0.0,0.0,0.0,0.0,0.0,0.0,100.0,0.0,0.0,0.0,0.0,0.0,47.14,52.86,0.0,0.0,0.0
4434,4275,Mecanizado,SI,P4082 (Pioneer),Maiz,SI,Manual,SI,1.0,5556.976744,5.0,46.0,79.0,72000,8,0,0,0,0,0,0,0,0,0,0,1,0,0,0,3,0,0.0,0.0,92.0,0,0.0,0.0,0,0.0,0.0,0,0,0,0,0,2,3.0,PLANO O LLANO,PLANO,2.0,5.0,SIN ROCAS,NO,-1.0,-1.0,NO,-1.0,NO,ATERRONADA,NO,NO,NO HAY,LA MANANA Y LA TARDE,NO HAY,NO HAY,NO,SI,36.0,PLANTAS NORMALES,SI,NO,SI,NO,ESPACIADO,60.0,BUENO,LENTO,0.0,0.0,0.0,0.0,0.0,0.0,0.0,0.0,100.0,0.0,0.0,0.0,0.0,0.0,40.0,60.0,0.0,0.0,0.0
4435,4279,Manual,NO,Otro,Maiz,SI,Manual,SI,1.0,5368.604651,5.0,47.0,85.0,70000,7,0,0,0,0,0,0,0,0,0,0,2,0,0,0,2,0,0.0,0.0,69.0,0,0.0,0.0,0,0.0,30.0,0,0,0,0,0,3,4.0,PLANO O LLANO,PLANO,3.0,5.0,SIN ROCAS,NO,-1.0,-1.0,SI,-1.0,NO,ATERRONADA,NO,NO,NO HAY,LA MANANA Y LA TARDE,NO HAY,NO HAY,NO,SI,35.0,PLANTAS NORMALES,SI,NO,SI,NO,REGULAR,35.0,LENTO A MUY LENTO,LENTO,0.0,0.0,0.0,0.0,0.0,0.0,0.0,0.0,64.52,35.48,0.0,0.0,0.0,0.0,35.48,64.52,0.0,0.0,0.0
4436,4280,Mecanizado,SI,Otro,Maiz,NO,Manual,NO,1.6,5603.488372,5.0,46.0,86.0,72000,8,0,0,0,0,0,0,0,0,0,0,1,0,0,0,1,0,0.0,0.0,80.5,0,0.0,0.0,0,0.0,30.0,0,0,0,0,0,3,3.0,PLANO O LLANO,PLANO,3.0,5.5,SIN ROCAS,NO,-1.0,-1.0,SI,-1.0,NO,ATERRONADA,NO,NO,NO HAY,LA MANANA Y LA TARDE,NO HAY,NO HAY,NO,SI,39.0,PLANTAS NORMALES,SI,NO,SI,NO,REGULAR,39.0,LENTO A MUY LENTO,LENTO,0.0,0.0,0.0,0.0,0.0,0.0,0.0,0.0,100.0,0.0,0.0,0.0,0.0,0.0,35.0,65.0,0.0,0.0,0.0
4437,4281,Mecanizado,SI,P4082 (Pioneer),Maiz,SI,Manual,NO,1.7,5236.046512,5.0,46.0,86.0,72000,6,0,0,0,0,0,0,0,0,0,0,1,0,0,0,4,0,0.0,0.0,92.0,0,0.0,0.0,0,0.0,0.0,0,0,0,0,0,2,3.0,PLANO O LLANO,PLANO,3.0,5.0,SIN ROCAS,NO,-1.0,-1.0,SI,-1.0,NO,ATERRONADA,NO,NO,NO HAY,LA MANANA Y LA TARDE,NO HAY,NO HAY,NO,SI,38.0,PLANTAS NORMALES,SI,NO,SI,NO,BUENO,38.0,LENTO A MUY LENTO,LENTO,0.0,0.0,0.0,0.0,0.0,0.0,0.0,0.0,65.22,34.78,0.0,0.0,0.0,0.0,34.78,65.22,0.0,0.0,0.0
4438,4282,Mecanizado,SI,P4082 (Pioneer),Maiz,NO,Manual,SI,2.5,5274.418605,5.0,45.0,87.0,72000,5,0,0,0,0,0,0,0,0,0,0,1,0,0,0,2,0,0.0,0.0,80.5,0,0.0,0.0,0,0.0,30.0,0,0,0,0,0,3,3.0,PLANO O LLANO,PLANO,3.0,5.5,SIN ROCAS,NO,-1.0,-1.0,NO,-1.0,NO,ATERRONADA,NO,NO,NO HAY,LA MANANA Y LA TARDE,NO HAY,NO HAY,NO,SI,37.0,PLANTAS NORMALES,SI,NO,SI,NO,REGULAR,67.0,BUENO,LENTO,0.0,0.0,0.0,0.0,0.0,0.0,0.0,0.0,100.0,0.0,0.0,0.0,0.0,0.0,32.84,67.16,0.0,0.0,0.0
4439,4283,Mecanizado,SI,Otro,Maiz,NO,Manual,SI,1.0,5511.627907,5.0,46.0,85.0,73000,5,0,0,0,0,0,0,0,0,0,0,1,0,0,0,2,0,0.0,0.0,92.0,0,0.0,0.0,0,0.0,0.0,0,0,0,0,0,2,3.0,PLANO O LLANO,PLANO,3.0,5.0,SIN ROCAS,NO,-1.0,-1.0,SI,-1.0,NO,ATERRONADA,NO,NO,NO HAY,LA MANANA Y LA TARDE,NO HAY,NO HAY,NO,SI,40.0,PLANTAS NORMALES,SI,NO,SI,NO,REGULAR,40.0,LENTO A MUY LENTO,LENTO,0.0,0.0,0.0,0.0,0.0,0.0,0.0,0.0,63.38,36.62,0.0,0.0,0.0,0.0,36.62,63.38,0.0,0.0,0.0
4440,4284,Mecanizado,SI,Otro,Maiz,NO,Manual,SI,1.0,5462.790698,5.0,46.0,80.0,73000,5,0,0,0,0,0,0,0,0,0,0,1,0,0,0,2,0,0.0,0.0,92.0,0,0.0,0.0,0,0.0,0.0,0,0,0,0,0,2,3.0,PLANO O LLANO,PLANO,3.0,5.5,SIN ROCAS,NO,-1.0,-1.0,SI,-1.0,NO,ATERRONADA,NO,NO,NO HAY,LA MANANA Y LA TARDE,NO HAY,NO HAY,NO,SI,40.0,PLANTAS NORMALES,NO,SI,NO,SI,BUENO,40.0,LENTO A MUY LENTO,LENTO,0.0,0.0,0.0,0.0,0.0,0.0,0.0,0.0,58.33,41.67,0.0,0.0,0.0,0.0,41.67,58.33,0.0,0.0,0.0
4441,4286,Manual,NO,P4082 (Pioneer),Maiz,NO,Manual,SI,1.3,5395.348837,4.0,46.0,85.0,65000,4,0,0,0,0,0,0,0,0,0,0,1,0,0,0,4,0,0.0,0.0,80.5,0,0.0,0.0,0,0.0,0.0,0,0,0,0,0,2,3.0,PLANO O LLANO,PLANO,2.0,5.5,SIN ROCAS,NO,-1.0,-1.0,NO,-1.0,NO,ATERRONADA,NO,NO,NO HAY,LA MANANA Y LA TARDE,NO HAY,NO HAY,NO,SI,40.0,PLANTAS NORMALES,SI,NO,SI,NO,BUENO,72.0,BUENO,LENTO,0.0,0.0,0.0,0.0,0.0,0.0,0.0,0.0,100.0,0.0,0.0,0.0,0.0,0.0,51.39,48.61,0.0,0.0,0.0
4443,4287,Mecanizado,SI,Otro,Maiz,NO,Manual,SI,2.0,6046.511628,5.0,46.0,84.0,72000,5,0,0,0,0,0,0,0,0,0,0,1,0,0,0,0,0,0.0,0.0,92.0,0,0.0,0.0,0,0.0,0.0,0,0,0,0,0,2,3.0,PLANO O LLANO,PLANO,3.0,5.5,SIN ROCAS,NO,-1.0,-1.0,SI,-1.0,NO,ATERRONADA,NO,NO,NO HAY,LA MANANA Y LA TARDE,NO HAY,NO HAY,NO,SI,35.0,PLANTAS NORMALES,SI,NO,SI,NO,BUENO,35.0,LENTO A MUY LENTO,LENTO,0.0,0.0,0.0,0.0,0.0,0.0,0.0,0.0,53.43000000000001,46.58,0.0,0.0,0.0,0.0,46.58,53.43000000000001,0.0,0.0,0.0
4444,4288,Manual,NO,Otro,Maiz,NO,Manual,NO,1.5,5787.209302,4.0,45.0,86.0,65000,4,0,0,0,0,0,0,0,0,0,0,1,0,0,0,2,0,0.0,0.0,80.5,0,0.0,0.0,0,0.0,0.0,0,0,0,0,0,2,3.0,PLANO O LLANO,PLANO,2.0,5.5,SIN ROCAS,NO,-1.0,-1.0,NO,-1.0,NO,ATERRONADA,NO,NO,NO HAY,LA MANANA Y LA TARDE,NO HAY,NO HAY,NO,SI,35.0,PLANTAS NORMALES,SI,NO,SI,NO,BUENO,69.0,BUENO,LENTO,0.0,0.0,0.0,0.0,0.0,0.0,0.0,0.0,100.0,0.0,0.0,0.0,0.0,0.0,50.72,49.28,0.0,0.0,0.0
4445,4289,Mecanizado,SI,P4082 (Pioneer),Maiz,NO,Manual,SI,1.0,5488.372093,9.0,41.0,87.0,72000,6,0,0,0,0,0,0,0,0,0,0,1,0,0,0,2,0,0.0,0.0,92.0,0,0.0,0.0,0,0.0,30.0,0,0,0,0,0,3,3.0,PLANO O LLANO,PLANO,2.0,5.0,SIN ROCAS,NO,-1.0,-1.0,NO,-1.0,NO,ATERRONADA,NO,NO,NO HAY,LA MANANA Y LA TARDE,NO HAY,NO HAY,NO,SI,40.0,PLANTAS NORMALES,SI,NO,SI,NO,BUENO,71.0,BUENO,LENTO,0.0,0.0,0.0,0.0,0.0,0.0,0.0,0.0,100.0,0.0,0.0,0.0,0.0,0.0,47.89,52.11,0.0,0.0,0.0
4500,4328,Mecanizado,NO,DK 234 YGRR,Maiz,NO,Mecanizada,NO,1.0,7487.790698,6.0,45.0,83.0,70000,17,0,0,0,0,0,0,0,0,0,1,1,0,0,0,1,0,0.0,0.0,138.0,0,0.0,0.0,0,0.0,30.0,0,0,0,0,0,4,2.0,PLANO O LLANO,PLANO,2.0,6.0,SIN ROCAS,NO,-1.0,-1.0,NO,-1.0,NO,ATERRONADA,NO,NO,NO HAY,LA MANANA Y LA TARDE,NO HAY,NO HAY,NO,SI,31.0,PLANTAS NORMALES,NO,NO,SI,NO,BUENO,60.0,BUENO,NINGUNO,0.0,0.0,0.0,0.0,0.0,0.0,0.0,0.0,100.0,0.0,0.0,0.0,0.0,0.0,63.33,36.67,0.0,0.0,0.0
4501,4327,Mecanizado,NO,P3966 (Pioneer),Maiz,SI,Mecanizada,NO,2.4,7913.953488,6.0,49.0,79.0,75000,17,0,0,0,0,0,0,0,0,0,2,1,0,0,0,2,0,0.0,15.0,92.0,0,15.0,0.0,0,15.0,30.0,0,0,0,0,1,3,3.0,PLANO O LLANO,PLANO,2.0,6.0,SIN ROCAS,NO,-1.0,-1.0,NO,-1.0,NO,ATERRONADA,NO,NO,NO HAY,LA MANANA Y LA TARDE,NO HAY,NO HAY,NO,SI,24.0,PLANTAS NORMALES,NO,NO,SI,NO,REGULAR,60.0,BUENO,LENTO,0.0,0.0,0.0,0.0,0.0,0.0,0.0,0.0,100.0,0.0,0.0,0.0,0.0,0.0,53.33,46.67,0.0,0.0,0.0
4502,4368,Mecanizado,NO,P3966 (Pioneer),Maiz,NO,Mecanizada,NO,2.0,5826.348837,6.0,49.0,87.0,60000,17,0,0,0,0,0,0,0,0,0,2,1,0,0,0,2,0,0.0,0.0,48.0,0,0.0,5.0,0,0.0,20.0,0,0,0,0,0,2,2.0,PLANO O LLANO,PLANO,3.0,5.5,SIN ROCAS,NO,-1.0,-1.0,NO,-1.0,NO,MASIVA,NO,NO,NO HAY,LA MANANA Y LA TARDE,NO HAY,NO HAY,NO,SI,32.0,PLANTAS NORMALES,SI,NO,SI,NO,BUENO,32.0,BUENO,NINGUNO,0.0,66.15,0.0,0.0,0.0,0.0,0.0,0.0,33.85,0.0,0.0,0.0,0.0,0.0,33.85,66.15,0.0,0.0,0.0
4503,4376,Mecanizado,NO,Otro,Maiz,NO,Mecanizada,NO,1.3,7913.953488,6.0,47.0,81.0,72000,16,0,0,0,0,0,0,0,0,0,1,1,0,0,0,1,0,0.0,0.0,138.0,0,0.0,0.0,0,0.0,30.0,0,0,0,0,0,4,3.0,PLANO O LLANO,PLANO,2.0,6.0,SIN ROCAS,NO,-1.0,-1.0,NO,-1.0,NO,ATERRONADA,NO,NO,NO HAY,LA MANANA Y LA TARDE,NO HAY,NO HAY,NO,SI,18.0,PLANTAS NORMALES,SI,NO,SI,NO,REGULAR,60.0,BUENO,LENTO,0.0,41.67,0.0,0.0,0.0,0.0,0.0,0.0,58.33,0.0,0.0,0.0,0.0,0.0,58.33,41.67,0.0,0.0,0.0
4504,4371,Mecanizado,NO,P3966 (Pioneer),Maiz,NO,Mecanizada,NO,1.5,5987.906977,6.0,41.0,82.0,60000,17,0,0,0,1,0,0,0,0,0,0,0,1,0,0,2,1,0.0,0.0,92.0,0,0.0,0.0,0,0.0,0.0,0,0,0,0,0,2,3.0,PLANO O LLANO,PLANO,2.0,6.0,SIN ROCAS,NO,-1.0,-1.0,NO,-1.0,NO,MASIVA,NO,NO,NO HAY,LA MANANA Y LA TARDE,NO HAY,NO HAY,NO,SI,31.0,PLANTAS NORMALES,NO,NO,SI,NO,REGULAR,31.0,BUENO,LENTO,0.0,100.0,0.0,0.0,0.0,0.0,0.0,0.0,0.0,0.0,0.0,0.0,0.0,0.0,0.0,100.0,0.0,0.0,0.0
4505,4377,Mecanizado,NO,Otro,Maiz,NO,Mecanizada,NO,4.5,7063.953488,6.0,50.0,81.0,70000,13,0,0,0,0,0,0,0,0,0,0,1,0,0,0,2,0,0.0,0.0,109.0,0,0.0,0.0,0,0.0,20.0,0,0,0,0,0,3,7.0,ONDULADO,PLANO,2.0,5.5,SIN ROCAS,NO,-1.0,-1.0,NO,-1.0,NO,ATERRONADA,NO,NO,NO HAY,LA MANANA Y LA TARDE,NO HAY,NO HAY,NO,SI,18.0,POCO AFECTADAS,NO,NO,NO,NO,BUENO,60.0,BUENO,LENTO,0.0,100.0,0.0,0.0,0.0,0.0,0.0,0.0,0.0,0.0,0.0,0.0,0.0,0.0,0.0,100.0,0.0,0.0,0.0
4506,4369,Mecanizado,NO,Otro,Maiz,SI,Mecanizada,NO,2.2,5411.046512,7.0,48.0,76.0,60000,18,0,0,0,0,0,0,0,0,0,0,1,0,0,0,2,0,0.0,0.0,92.0,0,0.0,0.0,0,0.0,30.0,0,0,0,0,0,3,2.0,PLANO O LLANO,PLANO,2.0,5.5,SIN ROCAS,NO,-1.0,-1.0,NO,-1.0,NO,MASIVA,NO,NO,NO HAY,LA MANANA Y LA TARDE,NO HAY,NO HAY,NO,SI,28.0,PLANTAS NORMALES,NO,NO,SI,SI,BUENO,28.0,BUENO,NINGUNO,0.0,0.0,0.0,46.15,53.85,0.0,0.0,0.0,0.0,0.0,0.0,0.0,0.0,0.0,53.85,46.15,0.0,0.0,0.0
4507,4372,Mecanizado,NO,P4082 (Pioneer),Maiz,SI,Mecanizada,NO,3.0,6122.093023,8.0,41.0,87.0,60000,17,0,0,1,0,0,0,0,0,0,2,1,0,0,1,1,0,0.0,0.0,92.0,0,0.0,0.0,0,0.0,30.0,0,0,0,0,0,3,3.0,PLANO O LLANO,PLANO,2.0,6.0,SIN ROCAS,NO,-1.0,-1.0,NO,-1.0,NO,ATERRONADA,NO,NO,NO HAY,LA MANANA Y LA TARDE,NO HAY,NO HAY,NO,SI,24.0,PLANTAS NORMALES,NO,NO,SI,NO,REGULAR,60.0,BUENO,LENTO,0.0,53.33,0.0,0.0,0.0,0.0,0.0,0.0,46.67,0.0,0.0,0.0,0.0,0.0,46.67,53.33,0.0,0.0,0.0
4508,4378,Mecanizado,SI,Otro,Maiz,NO,Mecanizada,NO,2.2,6418.604651,7.0,47.0,84.0,70000,18,0,0,0,0,0,0,0,0,0,0,0,0,0,0,3,0,0.0,0.0,138.0,0,0.0,0.0,0,0.0,30.0,0,0,0,0,0,4,4.0,PLANO O LLANO,PLANO,2.0,6.0,SIN ROCAS,NO,-1.0,-1.0,NO,-1.0,NO,GRANULAR,NO,NO,NO HAY,LA MANANA Y LA TARDE,NO HAY,NO HAY,NO,SI,38.0,PLANTAS NORMALES,NO,NO,SI,NO,REGULAR,60.0,BUENO,LENTO,0.0,0.0,0.0,0.0,0.0,0.0,45.0,0.0,0.0,0.0,55.0,0.0,0.0,0.0,100.0,0.0,0.0,0.0,0.0
4509,4379,Manual,NO,Otro,Maiz,NO,Manual,NO,2.0,5581.395349,5.0,47.0,81.0,62000,16,0,0,0,0,0,0,0,0,0,0,0,0,0,0,3,0,0.0,0.0,99.0,0,0.0,10.0,0,0.0,20.0,0,0,0,0,0,3,3.0,PLANO O LLANO,PLANO,3.0,6.0,SIN ROCAS,NO,-1.0,-1.0,NO,-1.0,NO,ATERRONADA,NO,NO,NO HAY,LA MANANA Y LA TARDE,NO HAY,NO HAY,NO,SI,20.0,PLANTAS NORMALES,NO,NO,SI,NO,BUENO,60.0,BUENO,LENTO,0.0,36.67,0.0,0.0,0.0,0.0,0.0,0.0,63.33,0.0,0.0,0.0,0.0,0.0,63.33,36.67,0.0,0.0,0.0
4510,4370,Mecanizado,NO,DK 234 YGRR,Maiz,SI,Mecanizada,NO,8.8,5925.813953,6.0,48.0,85.0,60000,15,0,0,0,0,0,0,0,0,0,0,1,0,0,0,2,0,0.0,0.0,92.0,0,0.0,0.0,0,0.0,30.0,0,0,0,0,0,3,2.0,PLANO O LLANO,PLANO,2.0,6.0,SIN ROCAS,NO,-1.0,-1.0,SI,-1.0,NO,MASIVA,NO,NO,NO HAY,LA MANANA Y LA TARDE,NO HAY,NO HAY,NO,NO,-1.0,PLANTAS NORMALES,NO,NO,SI,NO,BUENO,0.0,LENTO A MUY LENTO,NINGUNO,0.0,100.0,0.0,0.0,0.0,0.0,0.0,0.0,0.0,0.0,0.0,0.0,0.0,0.0,0.0,100.0,0.0,0.0,0.0
4511,4380,Manual,NO,Otro,Maiz,SI,Manual,NO,1.7,5106.976744,6.0,49.0,79.0,61000,17,0,0,0,0,0,0,0,0,0,2,0,0,0,0,2,0,0.0,0.0,120.5,0,0.0,10.0,0,0.0,40.0,0,0,0,0,0,4,4.0,PLANO O LLANO,PLANO,2.0,5.5,SIN ROCAS,NO,-1.0,-1.0,NO,-1.0,NO,ATERRONADA,NO,NO,NO HAY,LA MANANA Y LA TARDE,NO HAY,NO HAY,NO,SI,27.0,POCO AFECTADAS,NO,NO,SI,NO,REGULAR,60.0,BUENO,LENTO,0.0,58.33,0.0,0.0,0.0,0.0,0.0,0.0,41.67,0.0,0.0,0.0,0.0,0.0,41.67,58.33,0.0,0.0,0.0
4512,4360,Mecanizado,NO,Otro,Maiz,SI,Mecanizada,NO,1.9,5050.255814,4.0,49.0,95.0,60000,17,0,0,0,0,0,0,0,0,0,0,2,0,0,0,1,1,0.0,0.0,120.5,0,0.0,0.0,0,0.0,50.0,0,0,0,0,0,4,4.0,PLANO O LLANO,PLANO,2.0,6.0,SIN ROCAS,NO,-1.0,-1.0,NO,-1.0,NO,ATERRONADA,NO,NO,NO HAY,LA MANANA Y LA TARDE,NO HAY,NO HAY,NO,SI,25.0,PLANTAS NORMALES,NO,NO,SI,NO,REGULAR,60.0,BUENO,LENTO,0.0,0.0,0.0,0.0,0.0,0.0,0.0,0.0,100.0,0.0,0.0,0.0,0.0,0.0,45.0,55.0,0.0,0.0,0.0
4513,4381,Manual,NO,Otro,Maiz,SI,Mecanizada,NO,3.4,64046.51163,5.0,46.0,76.0,60000,17,0,0,0,0,0,0,0,0,0,2,0,0,0,1,2,0,0.0,0.0,109.0,0,0.0,0.0,0,0.0,20.0,0,0,0,0,0,3,3.0,PLANO O LLANO,PLANO,2.0,6.0,SIN ROCAS,NO,-1.0,-1.0,SI,-1.0,NO,ATERRONADA,NO,NO,NO HAY,LA MANANA Y LA TARDE,NO HAY,NO HAY,NO,SI,23.0,POCO AFECTADAS,NO,NO,SI,NO,REGULAR,36.0,LENTO A MUY LENTO,LENTO,0.0,53.33,0.0,46.67,0.0,0.0,0.0,0.0,0.0,0.0,0.0,0.0,0.0,0.0,46.67,53.33,0.0,0.0,0.0
4514,4382,Manual,SI,Otro,Maiz,NO,Manual,NO,1.5,5764.186047,7.0,48.0,95.0,65000,17,0,0,0,0,0,0,0,0,0,0,1,0,0,0,2,0,0.0,0.0,115.0,0,0.0,0.0,0,0.0,0.0,0,0,0,0,0,3,2.0,PLANO O LLANO,PLANO,2.0,5.5,SIN ROCAS,NO,-1.0,-1.0,NO,-1.0,NO,ATERRONADA,NO,NO,NO HAY,LA MANANA Y LA TARDE,NO HAY,NO HAY,NO,SI,31.0,POCO AFECTADAS,NO,NO,SI,NO,REGULAR,60.0,BUENO,NINGUNO,0.0,100.0,0.0,0.0,0.0,0.0,0.0,0.0,0.0,0.0,0.0,0.0,0.0,0.0,0.0,100.0,0.0,0.0,0.0
4515,4296,Manual,SI,Otro,Maiz,NO,Mecanizada,NO,1.8,5441.860465,6.0,48.0,83.0,60000,17,0,0,0,0,0,0,0,0,0,0,1,0,0,0,2,0,0.0,0.0,115.0,0,0.0,0.0,0,0.0,0.0,0,0,0,0,0,2,2.0,PLANO O LLANO,PLANO,2.0,6.0,SIN ROCAS,NO,-1.0,-1.0,NO,-1.0,NO,GRANULAR,NO,NO,NO HAY,LA MANANA Y LA TARDE,NO HAY,NO HAY,NO,SI,24.0,PLANTAS NORMALES,SI,NO,SI,SI,REGULAR,60.0,BUENO,NINGUNO,0.0,100.0,0.0,0.0,0.0,0.0,0.0,0.0,0.0,0.0,0.0,0.0,0.0,0.0,0.0,100.0,0.0,0.0,0.0
4517,4293,Manual,NO,ADV 9293 (Syngenta),Maiz,SI,Mecanizada,NO,1.2,5180.232558,4.0,36.0,90.0,62000,16,0,0,0,0,0,0,0,0,0,0,1,0,0,0,2,0,0.0,0.0,92.0,0,0.0,0.0,0,0.0,30.0,0,0,0,0,0,3,2.0,PLANO O LLANO,PLANO,3.0,5.5,SIN ROCAS,NO,-1.0,-1.0,NO,-1.0,NO,ATERRONADA,NO,NO,NO HAY,LA MANANA Y LA TARDE,NO HAY,NO HAY,NO,SI,30.0,POCO AFECTADAS,NO,NO,SI,NO,REGULAR,65.0,BUENO,NINGUNO,0.0,30.77,0.0,0.0,0.0,0.0,0.0,0.0,69.23,0.0,0.0,0.0,0.0,0.0,40.0,60.0,0.0,0.0,0.0
4526,4223,Mecanizado,NO,Cerato (Syngenta),Algodón,SI,Mecanizada,NO,11.2,7103.488372,6.0,50.0,82.0,61000,17,0,0,0,0,0,0,0,0,0,0,2,0,0,0,3,0,0.0,0.0,92.0,0,0.0,0.0,0,0.0,0.0,0,0,0,0,0,2,2.0,PLANO O LLANO,PLANO,3.0,5.5,SIN ROCAS,NO,-1.0,-1.0,NO,-1.0,NO,ATERRONADA,NO,NO,NO HAY,LA MANANA Y LA TARDE,NO HAY,NO HAY,NO,SI,26.0,PLANTAS NORMALES,SI,NO,SI,NO,BUENO,60.0,BUENO,NINGUNO,0.0,0.0,0.0,0.0,0.0,0.0,0.0,0.0,100.0,0.0,0.0,0.0,0.0,0.0,33.33,66.67,0.0,0.0,0.0
4530,4207,Manual,NO,PIONEER 30F35 H,Maiz,SI,Manual,NO,1.0,4672.093023,6.0,48.0,82.0,65000,16,0,0,0,0,0,0,0,0,0,0,2,0,0,0,2,0,0.0,0.0,69.0,0,0.0,0.0,0,0.0,60.0,0,0,0,0,0,4,2.0,PLANO O LLANO,PLANO,2.0,6.0,SIN ROCAS,NO,-1.0,-1.0,NO,-1.0,NO,ATERRONADA,NO,NO,NO HAY,LA MANANA Y LA TARDE,NO HAY,NO HAY,NO,SI,17.0,POCO AFECTADAS,NO,NO,NO,NO,REGULAR,65.0,BUENO,NINGUNO,0.0,100.0,0.0,0.0,0.0,0.0,0.0,0.0,0.0,0.0,0.0,0.0,0.0,0.0,0.0,100.0,0.0,0.0,0.0
4537,4361,Mecanizado,NO,DK 234 YGRR,Algodón,SI,Mecanizada,NO,3.4,57762.32558,5.0,48.0,85.0,70000,16,0,0,0,0,0,0,0,0,0,0,4,0,0,0,1,0,0.0,0.0,120.5,0,0.0,0.0,0,0.0,50.0,0,0,0,0,0,4,2.0,PLANO O LLANO,PLANO,2.0,5.5,SIN ROCAS,NO,-1.0,-1.0,NO,-1.0,NO,ATERRONADA,NO,NO,NO HAY,LA MANANA Y LA TARDE,NO HAY,NO HAY,NO,SI,19.0,PLANTAS NORMALES,NO,NO,SI,NO,REGULAR,65.0,BUENO,NINGUNO,0.0,100.0,0.0,0.0,0.0,0.0,0.0,0.0,0.0,0.0,0.0,0.0,0.0,0.0,0.0,100.0,0.0,0.0,0.0
4538,4366,Manual,NO,Otro,Maiz,SI,Manual,NO,1.5,4539.767442,6.0,50.0,75.0,60000,17,0,0,0,0,0,0,0,0,0,0,1,0,0,0,2,0,0.0,0.0,69.0,0,0.0,0.0,0,0.0,0.0,0,0,0,0,0,2,2.0,PLANO O LLANO,PLANO,2.0,6.0,SIN ROCAS,NO,-1.0,-1.0,NO,-1.0,NO,ATERRONADA,NO,NO,NO HAY,LA MANANA Y LA TARDE,NO HAY,NO HAY,NO,SI,24.0,PLANTAS NORMALES,NO,NO,SI,NO,REGULAR,60.0,BUENO,NINGUNO,0.0,46.67,0.0,0.0,0.0,0.0,0.0,0.0,53.33,0.0,0.0,0.0,0.0,0.0,53.33,46.67,0.0,0.0,0.0
4541,4367,Mecanizado,NO,Otro,Maiz,NO,Mecanizada,NO,2.0,5963.860465,5.0,48.0,88.0,60000,17,0,0,0,0,0,0,0,0,0,2,0,0,0,0,1,0,0.0,0.0,106.0,0,0.0,0.0,0,0.0,30.0,0,0,0,0,0,2,4.0,PLANO O LLANO,PLANO,2.0,6.0,SIN ROCAS,NO,-1.0,-1.0,NO,-1.0,NO,GRANULAR,NO,NO,NO HAY,LA MANANA Y LA TARDE,NO HAY,POCO MARCADAS,NO,SI,28.0,PLANTAS NORMALES,NO,NO,SI,NO,BUENO,65.0,BUENO,LENTO,0.0,100.0,0.0,0.0,0.0,0.0,0.0,0.0,0.0,0.0,0.0,0.0,0.0,0.0,0.0,100.0,0.0,0.0,0.0
4543,4324,Mecanizado,NO,Otro,Algodón,SI,Mecanizada,NO,3.0,6674.418605,5.0,52.0,80.0,70000,18,0,0,0,0,0,0,0,0,0,0,0,0,0,0,2,0,0.0,0.0,80.5,0,0.0,0.0,0,0.0,0.0,0,0,0,0,0,2,3.0,PLANO O LLANO,PLANO,2.0,6.0,SIN ROCAS,NO,-1.0,-1.0,SI,-1.0,NO,ATERRONADA,NO,NO,NO HAY,LA MANANA Y LA TARDE,NO HAY,NO HAY,NO,SI,33.0,PLANTAS NORMALES,NO,NO,SI,NO,BUENO,37.0,LENTO A MUY LENTO,LENTO,0.0,38.33,0.0,0.0,0.0,0.0,0.0,0.0,61.67,0.0,0.0,0.0,0.0,0.0,61.67,38.33,0.0,0.0,0.0
4544,4354,Mecanizado,NO,P3966 (Pioneer),Maiz,SI,Mecanizada,NO,1.1,6781.395349,6.0,47.0,82.0,60000,18,0,0,0,0,0,0,0,0,0,0,0,0,0,0,2,0,0.0,0.0,132.0,0,0.0,0.0,0,0.0,20.0,0,0,0,0,0,3,2.0,PLANO O LLANO,PLANO,2.0,6.0,SIN ROCAS,NO,-1.0,-1.0,NO,-1.0,NO,ATERRONADA,NO,NO,NO HAY,LA MANANA Y LA TARDE,NO HAY,NO HAY,NO,SI,37.0,PLANTAS NORMALES,SI,NO,SI,NO,BUENO,60.0,BUENO,NINGUNO,0.0,43.33,0.0,0.0,0.0,0.0,0.0,0.0,56.67,0.0,0.0,0.0,0.0,0.0,0.0,100.0,0.0,0.0,0.0
4546,4355,Mecanizado,NO,P3966 (Pioneer),Maiz,SI,Mecanizada,NO,1.6,6436.046512,5.0,52.0,80.0,70000,17,0,0,0,0,0,0,0,0,0,0,1,0,0,0,1,0,0.0,0.0,120.5,0,0.0,0.0,0,0.0,20.0,0,0,0,0,0,3,3.0,PLANO O LLANO,PLANO,2.0,5.5,SIN ROCAS,NO,-1.0,-1.0,NO,-1.0,NO,ATERRONADA,NO,NO,NO HAY,LA MANANA Y LA TARDE,NO HAY,NO HAY,NO,SI,29.0,PLANTAS NORMALES,SI,NO,SI,NO,BUENO,60.0,BUENO,LENTO,0.0,100.0,0.0,0.0,0.0,0.0,0.0,0.0,0.0,0.0,0.0,0.0,0.0,0.0,0.0,100.0,0.0,0.0,0.0
4547,4325,Manual,NO,Otro,Algodón,SI,Mecanizada,NO,1.0,7723.255814,6.0,49.0,86.0,75000,16,0,0,0,0,0,0,0,0,0,0,2,0,0,0,1,0,0.0,0.0,92.0,0,0.0,0.0,0,0.0,30.0,0,0,0,0,0,3,2.0,PLANO O LLANO,PLANO,2.0,5.5,SIN ROCAS,NO,-1.0,-1.0,NO,-1.0,NO,ATERRONADA,NO,NO,NO HAY,LA MANANA Y LA TARDE,NO HAY,NO HAY,NO,SI,27.0,PLANTAS NORMALES,SI,NO,SI,NO,BUENO,60.0,BUENO,NINGUNO,0.0,100.0,0.0,0.0,0.0,0.0,0.0,0.0,0.0,0.0,0.0,0.0,0.0,0.0,0.0,100.0,0.0,0.0,0.0
4548,4326,Mecanizado,NO,Otro,Algodón,SI,Mecanizada,NO,1.1,7817.44186,6.0,48.0,85.0,76000,16,0,0,0,0,0,0,0,0,0,0,1,0,0,0,2,0,0.0,0.0,92.0,0,0.0,0.0,0,0.0,30.0,0,0,0,0,0,3,4.0,PLANO O LLANO,PLANO,2.0,6.0,SIN ROCAS,NO,-1.0,-1.0,NO,-1.0,NO,ATERRONADA,NO,NO,NO HAY,LA MANANA Y LA TARDE,NO HAY,NO HAY,NO,SI,19.0,PLANTAS NORMALES,NO,NO,SI,NO,BUENO,60.0,BUENO,LENTO,0.0,60.0,0.0,0.0,0.0,0.0,0.0,0.0,40.0,0.0,0.0,0.0,0.0,0.0,40.0,60.0,0.0,0.0,0.0
4551,4295,Mecanizado,NO,Otro,Maiz,SI,Mecanizada,NO,3.5,5911.627907,7.0,50.0,74.0,62500,17,0,0,0,0,0,0,0,0,0,0,1,0,0,0,2,0,0.0,0.0,92.0,0,0.0,0.0,0,0.0,0.0,0,0,0,0,0,2,2.0,PLANO O LLANO,PLANO,2.0,5.5,SIN ROCAS,NO,-1.0,-1.0,NO,-1.0,NO,ATERRONADA,NO,NO,NO HAY,LA MANANA Y LA TARDE,NO HAY,NO HAY,NO,SI,34.0,PLANTAS NORMALES,NO,NO,SI,NO,BUENO,70.0,BUENO,NINGUNO,0.0,100.0,0.0,0.0,0.0,0.0,0.0,0.0,0.0,0.0,0.0,0.0,0.0,0.0,0.0,100.0,0.0,0.0,0.0
4554,4285,Manual,NO,Otro,Maiz,NO,Manual,NO,1.2,5651.162791,7.0,47.0,81.0,70000,16,0,0,0,0,0,0,0,0,0,0,1,0,0,0,1,1,0.0,0.0,92.0,0,0.0,0.0,0,0.0,0.0,0,0,0,0,0,2,3.0,PLANO O LLANO,PLANO,3.0,6.0,SIN ROCAS,NO,-1.0,-1.0,SI,-1.0,NO,MASIVA,NO,NO,NO HAY,LA MANANA Y LA TARDE,NO HAY,NO HAY,NO,SI,28.0,PLANTAS NORMALES,NO,NO,SI,NO,BUENO,28.0,LENTO A MUY LENTO,LENTO,0.0,61.54,0.0,0.0,0.0,0.0,0.0,0.0,38.46,0.0,0.0,0.0,0.0,0.0,38.46,61.54,0.0,0.0,0.0
4556,4222,Mecanizado,NO,Otro,Algodón,SI,Mecanizada,NO,5.4,7303.72093,6.0,48.0,79.0,70000,17,0,0,0,0,0,0,0,0,0,1,0,0,0,1,1,0,0.0,0.0,92.0,0,0.0,0.0,0,0.0,0.0,0,0,0,0,0,2,3.0,PLANO O LLANO,PLANO,2.0,6.0,SIN ROCAS,NO,-1.0,-1.0,NO,-1.0,NO,ATERRONADA,NO,NO,NO HAY,LA MANANA Y LA TARDE,NO HAY,NO HAY,NO,SI,29.0,POCO AFECTADAS,NO,NO,SI,NO,REGULAR,60.0,BUENO,LENTO,0.0,58.33,0.0,0.0,0.0,0.0,0.0,0.0,41.67,0.0,0.0,0.0,0.0,0.0,41.67,58.33,0.0,0.0,0.0
4557,4173,Mecanizado,NO,DK7088,Maiz,SI,Mecanizada,NO,1.0,7618.372093,7.0,51.0,83.0,60000,16,0,0,0,0,0,0,0,0,0,0,1,0,0,0,2,0,0.0,0.0,69.0,0,0.0,0.0,0,0.0,60.0,0,0,0,0,0,4,2.0,PLANO O LLANO,PLANO,2.0,5.5,SIN ROCAS,NO,-1.0,-1.0,NO,-1.0,NO,MASIVA,NO,NO,NO HAY,LA MANANA Y LA TARDE,NO HAY,NO HAY,NO,SI,28.0,PLANTAS NORMALES,NO,NO,SI,NO,BUENO,28.0,BUENO,NINGUNO,0.0,0.0,0.0,0.0,0.0,0.0,0.0,0.0,100.0,0.0,0.0,0.0,0.0,0.0,100.0,0.0,0.0,0.0,0.0
4558,4432,Mecanizado,NO,DK 234 YGRR,Algodón,SI,Manual,NO,1.2,7341.860465,4.0,49.0,83.0,60000,19,0,0,0,0,0,0,0,0,0,0,2,0,0,0,3,1,0.0,0.0,92.0,0,0.0,0.0,0,0.0,30.0,0,0,0,0,0,3,3.0,PLANO O LLANO,PLANO,2.0,5.5,SIN ROCAS,SI,20.0,10.0,NO,,NO,ATERRONADA,NO,NO,NO HAY,LA MANANA Y LA TARDE,NO HAY,NO HAY,NO,SI,22.0,POCO AFECTADAS,NO,NO,SI,NO,REGULAR,22.0,BUENO,LENTO,0.0,55.0,0.0,0.0,0.0,0.0,0.0,0.0,45.0,0.0,0.0,0.0,0.0,0.0,0.0,100.0,0.0,0.0,0.0
4559,4170,Manual,NO,Otro,Maiz,SI,Manual,NO,1.0,6562.790698,6.0,49.0,83.0,60000,36,0,0,0,0,0,0,0,0,0,1,0,0,0,0,2,0,0.0,0.0,69.0,0,0.0,0.0,0,0.0,0.0,0,0,0,0,0,2,2.0,PLANO O LLANO,PLANO,2.0,5.5,SIN ROCAS,NO,-1.0,-1.0,NO,-1.0,NO,ATERRONADA,NO,NO,NO HAY,LA MANANA Y LA TARDE,NO HAY,NO HAY,NO,SI,20.0,PLANTAS NORMALES,NO,NO,SI,NO,BUENO,60.0,BUENO,NINGUNO,0.0,100.0,0.0,0.0,0.0,0.0,0.0,0.0,0.0,0.0,0.0,0.0,0.0,0.0,0.0,100.0,0.0,0.0,0.0
4560,4172,Mecanizado,NO,PIONEER 30F35 HRR,Maiz,SI,Manual,NO,4.1,7246.511628,6.0,58.0,77.0,60000,17,0,0,0,0,0,0,0,0,0,1,1,0,0,0,1,0,0.0,0.0,115.0,0,0.0,0.0,0,0.0,0.0,0,0,0,0,0,2,3.0,PLANO O LLANO,PLANO,2.0,6.0,SIN ROCAS,NO,-1.0,-1.0,SI,-1.0,NO,ATERRONADA,NO,NO,NO HAY,LA MANANA Y LA TARDE,NO HAY,NO HAY,NO,SI,26.0,PLANTAS NORMALES,NO,NO,SI,NO,BUENO,33.0,LENTO A MUY LENTO,LENTO,0.0,63.33,36.67,0.0,0.0,0.0,0.0,0.0,0.0,0.0,0.0,0.0,0.0,0.0,36.67,63.33,0.0,0.0,0.0
4561,4171,Manual,NO,Otro,Algodón,SI,Manual,NO,1.7,5501.162791,6.0,48.0,86.0,65000,18,0,0,0,0,0,0,0,0,0,0,1,0,0,0,2,0,0.0,0.0,80.5,0,0.0,0.0,0,0.0,0.0,0,0,0,0,0,2,2.0,PLANO O LLANO,PLANO,2.0,6.0,SIN ROCAS,NO,-1.0,-1.0,NO,-1.0,NO,ATERRONADA,NO,NO,NO HAY,LA MANANA Y LA TARDE,NO HAY,NO HAY,NO,SI,23.0,PLANTAS NORMALES,NO,NO,SI,NO,BUENO,60.0,BUENO,NINGUNO,0.0,100.0,0.0,0.0,0.0,0.0,0.0,0.0,0.0,0.0,0.0,0.0,0.0,0.0,0.0,100.0,0.0,0.0,0.0
4562,4253,Mecanizado,NO,P3966 (Pioneer),Algodón,SI,Mecanizada,NO,5.5,7532.55814,6.0,48.0,84.0,60000,16,0,0,0,0,0,0,0,0,0,0,2,0,0,0,2,0,0.0,0.0,92.0,0,0.0,0.0,0,0.0,30.0,0,0,0,0,0,3,3.0,PLANO O LLANO,PLANO,2.0,6.0,SIN ROCAS,NO,-1.0,-1.0,NO,-1.0,NO,ATERRONADA,NO,NO,NO HAY,LA MANANA Y LA TARDE,NO HAY,NO HAY,NO,SI,20.0,PLANTAS NORMALES,NO,NO,SI,NO,BUENO,60.0,BUENO,LENTO,0.0,68.33,0.0,31.67,0.0,0.0,0.0,0.0,0.0,0.0,0.0,0.0,0.0,0.0,31.67,68.33,0.0,0.0,0.0
4563,4208,Mecanizado,NO,P3966 (Pioneer),Maiz,SI,Mecanizada,NO,2.1,7421.860465,7.0,51.0,81.0,70000,16,0,0,0,0,0,0,0,0,0,0,0,0,0,0,3,0,0.0,0.0,109.0,0,0.0,0.0,0,0.0,20.0,0,0,0,0,0,3,2.0,PLANO O LLANO,PLANO,2.0,5.5,SIN ROCAS,SI,20.0,18.0,NO,,NO,ATERRONADA,NO,NO,NO HAY,LA MANANA Y LA TARDE,NO HAY,NO HAY,NO,SI,20.0,PLANTAS NORMALES,SI,NO,SI,NO,REGULAR,20.0,BUENO,NINGUNO,0.0,100.0,0.0,0.0,0.0,0.0,0.0,0.0,0.0,0.0,0.0,0.0,0.0,0.0,0.0,100.0,0.0,0.0,0.0
4564,4215,Mecanizado,NO,Otro,Maiz,NO,Mecanizada,NO,2.1,7256.976744,6.0,49.0,84.0,63000,17,0,0,0,0,0,0,0,0,0,0,1,0,0,0,1,0,0.0,0.0,92.0,0,0.0,0.0,0,0.0,0.0,0,0,0,0,0,2,2.0,PLANO O LLANO,PLANO,2.0,6.0,SIN ROCAS,NO,-1.0,-1.0,NO,-1.0,NO,ATERRONADA,NO,NO,NO HAY,LA MANANA Y LA TARDE,NO HAY,NO HAY,NO,SI,28.0,PLANTAS NORMALES,NO,NO,SI,NO,BUENO,60.0,BUENO,NINGUNO,0.0,46.67,0.0,0.0,0.0,0.0,0.0,0.0,53.33,0.0,0.0,0.0,0.0,0.0,53.33,46.67,0.0,0.0,0.0
4565,4205,Mecanizado,NO,DK 234 YGRR,Maiz,SI,Mecanizada,NO,1.0,7063.953488,5.0,48.0,92.0,60000,19,0,0,0,0,0,0,0,0,0,0,2,0,0,0,1,0,0.0,0.0,69.0,0,0.0,0.0,0,0.0,30.0,0,0,0,0,0,3,2.0,PLANO O LLANO,PLANO,2.0,6.0,SIN ROCAS,NO,-1.0,-1.0,NO,-1.0,NO,ATERRONADA,NO,NO,NO HAY,LA MANANA Y LA TARDE,NO HAY,NO HAY,NO,SI,25.0,PLANTAS NORMALES,NO,NO,SI,NO,BUENO,60.0,BUENO,NINGUNO,0.0,100.0,0.0,0.0,0.0,0.0,0.0,0.0,0.0,0.0,0.0,0.0,0.0,0.0,0.0,100.0,0.0,0.0,0.0
4566,4216,Mecanizado,NO,Otro,Maiz,SI,Mecanizada,NO,2.7,7198.837209,6.0,48.0,81.0,70000,17,0,0,0,0,0,0,0,0,0,0,1,0,0,0,2,1,0.0,0.0,92.0,0,0.0,0.0,0,0.0,0.0,0,0,0,0,0,2,3.0,PLANO O LLANO,PLANO,2.0,6.0,SIN ROCAS,NO,-1.0,-1.0,NO,-1.0,NO,ATERRONADA,NO,NO,NO HAY,LA MANANA Y LA TARDE,NO HAY,NO HAY,NO,SI,26.0,PLANTAS NORMALES,NO,NO,SI,NO,REGULAR,60.0,BUENO,LENTO,0.0,100.0,0.0,0.0,0.0,0.0,0.0,0.0,0.0,0.0,0.0,0.0,0.0,0.0,0.0,100.0,0.0,0.0,0.0
4567,4217,Mecanizado,NO,ADV 9339 (Syngenta),Maiz,SI,Mecanizada,NO,1.3,7532.55814,7.0,51.0,81.0,63000,17,0,0,0,0,0,0,0,0,0,0,1,0,0,0,2,0,0.0,0.0,69.0,0,0.0,0.0,0,0.0,30.0,0,0,0,0,0,3,3.0,PLANO O LLANO,PLANO,2.0,6.0,SIN ROCAS,NO,-1.0,-1.0,NO,-1.0,NO,ATERRONADA,NO,NO,NO HAY,LA MANANA Y LA TARDE,NO HAY,NO HAY,NO,SI,25.0,PLANTAS NORMALES,NO,NO,SI,NO,BUENO,60.0,BUENO,LENTO,0.0,48.33,0.0,0.0,0.0,0.0,0.0,0.0,51.67,0.0,0.0,0.0,0.0,0.0,51.67,48.33,0.0,0.0,0.0
4568,4218,Mecanizado,NO,Otro,Maiz,SI,Mecanizada,NO,10.1,6674.418605,6.0,48.0,86.0,63000,15,0,0,0,0,0,0,0,0,0,0,2,0,0,0,1,0,0.0,0.0,80.5,0,0.0,0.0,0,0.0,30.0,0,0,0,0,0,3,4.0,PLANO O LLANO,PLANO,2.0,5.5,SIN ROCAS,NO,-1.0,-1.0,SI,-1.0,NO,MASIVA,NO,NO,NO HAY,LA MANANA Y LA TARDE,NO HAY,NO HAY,NO,SI,28.0,PLANTAS NORMALES,NO,NO,SI,NO,BUENO,28.0,LENTO A MUY LENTO,LENTO,0.0,100.0,0.0,0.0,0.0,0.0,0.0,0.0,0.0,0.0,0.0,0.0,0.0,0.0,0.0,100.0,0.0,0.0,0.0
4569,4206,Mecanizado,NO,P3966 (Pioneer),Maiz,SI,Mecanizada,NO,1.0,7627.906977,7.0,49.0,89.0,60000,19,0,0,0,0,0,0,0,0,0,0,1,0,0,0,1,0,0.0,0.0,109.0,0,0.0,0.0,0,0.0,20.0,0,0,0,0,0,3,3.0,PLANO O LLANO,PLANO,2.0,6.0,SIN ROCAS,NO,-1.0,-1.0,NO,-1.0,NO,ATERRONADA,NO,NO,NO HAY,LA MANANA Y LA TARDE,NO HAY,NO HAY,NO,SI,29.0,PLANTAS NORMALES,NO,NO,SI,NO,BUENO,60.0,BUENO,LENTO,0.0,100.0,0.0,0.0,0.0,0.0,0.0,0.0,0.0,0.0,0.0,0.0,0.0,0.0,0.0,100.0,0.0,0.0,0.0
4570,4182,Mecanizado,NO,P3966 (Pioneer),Algodón,SI,Mecanizada,NO,4.3,7720.930233,6.0,48.0,93.0,68000,14,0,0,0,0,0,0,0,0,0,0,1,0,0,0,1,0,0.0,0.0,120.5,0,0.0,0.0,0,0.0,20.0,0,0,0,0,0,3,3.0,PLANO O LLANO,PLANO,2.0,6.0,SIN ROCAS,NO,-1.0,-1.0,NO,-1.0,NO,ATERRONADA,NO,NO,NO HAY,LA MANANA Y LA TARDE,NO HAY,NO HAY,NO,SI,21.0,PLANTAS NORMALES,SI,NO,SI,NO,BUENO,60.0,BUENO,LENTO,0.0,0.0,0.0,0.0,0.0,0.0,0.0,0.0,0.0,100.0,0.0,0.0,0.0,0.0,100.0,0.0,0.0,0.0,0.0
4571,4219,Mecanizado,NO,Otro,Maiz,SI,Mecanizada,NO,6.5,7008.139535,6.0,51.0,76.0,63000,16,0,0,0,0,0,0,0,0,0,1,1,0,0,1,2,0,0.0,0.0,80.5,0,0.0,0.0,0,0.0,30.0,0,0,0,0,0,3,3.0,PLANO O LLANO,PLANO,2.0,5.5,SIN ROCAS,NO,-1.0,-1.0,NO,-1.0,NO,MASIVA,NO,NO,NO HAY,LA MANANA Y LA TARDE,NO HAY,NO HAY,NO,SI,28.0,PLANTAS NORMALES,NO,NO,SI,NO,BUENO,28.0,BUENO,LENTO,0.0,55.38,0.0,0.0,44.62,0.0,0.0,0.0,0.0,0.0,0.0,0.0,0.0,0.0,0.0,100.0,0.0,0.0,0.0
4574,4221,Mecanizado,NO,Sinko (Syngenta),Maiz,SI,Mecanizada,NO,8.6,6769.767442,7.0,42.0,90.0,66000,16,0,0,0,0,0,0,0,0,0,0,1,0,0,0,1,1,0.0,0.0,92.0,0,0.0,0.0,0,0.0,0.0,0,0,0,0,0,2,2.0,PLANO O LLANO,PLANO,2.0,6.0,SIN ROCAS,NO,-1.0,-1.0,NO,-1.0,NO,ATERRONADA,NO,NO,NO HAY,LA MANANA Y LA TARDE,NO HAY,NO HAY,NO,SI,24.0,PLANTAS NORMALES,NO,NO,SI,NO,BUENO,60.0,BUENO,NINGUNO,0.0,0.0,0.0,0.0,0.0,0.0,0.0,0.0,100.0,0.0,0.0,0.0,0.0,0.0,45.0,55.0,0.0,0.0,0.0
4575,4180,Mecanizado,NO,DK 234 YGRR,Algodón,SI,Mecanizada,NO,4.4,7063.953488,5.0,47.0,95.0,70000,14,0,0,0,0,0,0,0,0,0,0,1,0,0,0,2,0,0.0,0.0,61.0,0,0.0,15.0,0,0.0,45.0,0,0,0,0,0,3,4.0,PLANO O LLANO,PLANO CON ONDULACIONES,2.0,6.0,SIN ROCAS,NO,-1.0,-1.0,NO,-1.0,NO,ATERRONADA,NO,NO,NO HAY,LA MANANA Y LA TARDE,NO HAY,NO HAY,NO,SI,21.0,PLANTAS NORMALES,SI,NO,SI,NO,BUENO,60.0,BUENO,LENTO,0.0,0.0,0.0,0.0,0.0,0.0,100.0,0.0,0.0,0.0,0.0,0.0,0.0,0.0,100.0,0.0,0.0,0.0,0.0
4576,4212,Mecanizado,NO,DK7088,Algodón,SI,Mecanizada,NO,2.1,7534.883721,6.0,49.0,81.0,62000,17,0,0,0,0,0,0,0,0,0,0,2,0,0,0,2,0,0.0,0.0,92.0,0,0.0,0.0,0,0.0,0.0,0,0,0,0,0,2,3.0,PLANO O LLANO,PLANO,2.0,6.0,SIN ROCAS,NO,-1.0,-1.0,NO,-1.0,NO,ATERRONADA,NO,NO,NO HAY,LA MANANA Y LA TARDE,NO HAY,NO HAY,NO,SI,29.0,PLANTAS NORMALES,NO,NO,SI,NO,REGULAR,60.0,BUENO,LENTO,0.0,60.0,0.0,0.0,0.0,0.0,0.0,0.0,40.0,0.0,0.0,0.0,0.0,0.0,40.0,60.0,0.0,0.0,0.0
4577,4181,Mecanizado,NO,P4082 (Pioneer),Algodón,SI,Mecanizada,NO,3.1,7063.953488,4.0,49.0,90.0,68000,13,0,0,0,0,0,0,0,0,0,0,1,0,0,0,2,0,0.0,0.0,61.0,0,0.0,15.0,0,0.0,45.0,0,0,0,0,0,3,4.0,PLANO O LLANO,PLANO CON ONDULACIONES,2.0,5.5,SIN ROCAS,NO,-1.0,-1.0,NO,-1.0,NO,SUELTA O POLVOSA,NO,NO,NO HAY,LA MANANA Y LA TARDE,NO HAY,NO HAY,NO,SI,15.0,POCO AFECTADAS,NO,NO,SI,NO,REGULAR,60.0,EXCESIVO,LENTO,0.0,0.0,0.0,0.0,0.0,0.0,61.67,0.0,0.0,0.0,38.33,0.0,0.0,0.0,100.0,0.0,0.0,0.0,0.0
4596,4163,Mecanizado,NO,P3966 (Pioneer),Algodón,SI,Mecanizada,NO,5.8,5768.604651,7.0,48.0,84.0,60000,16,0,0,0,0,0,0,0,0,0,0,2,0,0,0,2,0,0.0,0.0,92.0,0,0.0,0.0,0,0.0,30.0,0,0,0,0,0,4,3.0,PLANO O LLANO,PLANO,2.0,6.0,SIN ROCAS,NO,-1.0,-1.0,NO,-1.0,NO,ATERRONADA,NO,NO,NO HAY,LA MANANA Y LA TARDE,NO HAY,NO HAY,NO,SI,32.0,PLANTAS NORMALES,SI,NO,SI,NO,BUENO,60.0,BUENO,LENTO,0.0,100.0,0.0,0.0,0.0,0.0,0.0,0.0,0.0,0.0,0.0,0.0,0.0,0.0,0.0,100.0,0.0,0.0,0.0
4597,4211,Mecanizado,NO,Otro,Algodón,NO,Mecanizada,NO,4.0,6593.023256,7.0,49.0,77.0,65000,17,0,0,0,0,0,0,0,0,0,0,2,0,0,0,1,0,0.0,0.0,92.0,0,0.0,0.0,0,0.0,0.0,0,0,0,0,0,2,2.0,PLANO O LLANO,PLANO,2.0,6.0,SIN ROCAS,NO,-1.0,-1.0,NO,-1.0,NO,ATERRONADA,NO,NO,NO HAY,LA MANANA Y LA TARDE,NO HAY,NO HAY,NO,SI,21.0,PLANTAS NORMALES,NO,NO,SI,NO,BUENO,70.0,BUENO,NINGUNO,0.0,0.0,0.0,0.0,0.0,0.0,0.0,0.0,100.0,0.0,0.0,0.0,0.0,0.0,50.0,50.0,0.0,0.0,0.0
4598,4162,Mecanizado,NO,Otro,Algodón,SI,Mecanizada,NO,2.5,5911.627907,6.0,50.0,83.0,61000,16,0,0,0,0,0,0,0,0,0,0,2,0,0,0,2,0,0.0,0.0,115.0,0,0.0,0.0,0,0.0,0.0,0,0,0,0,0,3,2.0,PLANO O LLANO,PLANO,2.0,6.5,SIN ROCAS,NO,-1.0,-1.0,NO,-1.0,NO,ATERRONADA,NO,NO,NO HAY,LA MANANA Y LA TARDE,NO HAY,NO HAY,NO,SI,28.0,PLANTAS NORMALES,SI,NO,SI,NO,BUENO,60.0,BUENO,NINGUNO,0.0,100.0,0.0,0.0,0.0,0.0,0.0,0.0,0.0,0.0,0.0,0.0,0.0,0.0,0.0,100.0,0.0,0.0,0.0
4599,4210,Mecanizado,NO,PIONEER 30F35 HRR,Algodón,NO,Mecanizada,NO,7.4,6697.674419,6.0,50.0,74.0,65000,17,0,0,0,0,0,0,0,0,0,0,1,0,0,0,2,0,0.0,0.0,92.0,0,0.0,0.0,0,0.0,30.0,0,0,0,0,0,3,3.0,PLANO O LLANO,PLANO,2.0,5.5,SIN ROCAS,NO,-1.0,-1.0,SI,-1.0,NO,ATERRONADA,NO,NO,NO HAY,LA MANANA Y LA TARDE,NO HAY,NO HAY,NO,SI,26.0,PLANTAS NORMALES,NO,NO,SI,NO,BUENO,32.0,LENTO A MUY LENTO,LENTO,0.0,53.85,0.0,0.0,0.0,0.0,0.0,0.0,46.15,0.0,0.0,0.0,0.0,0.0,46.15,53.85,0.0,0.0,0.0
4600,4228,Mecanizado,NO,PIONEER 30F35,Algodón,NO,Mecanizada,NO,3.7,5813.953488,6.0,52.0,74.0,62000,18,0,0,0,0,0,0,0,0,0,0,1,0,0,0,2,0,0.0,0.0,92.0,0,0.0,0.0,0,0.0,30.0,0,0,0,0,0,4,2.0,PLANO O LLANO,PLANO,2.0,5.0,SIN ROCAS,NO,-1.0,-1.0,NO,-1.0,NO,MASIVA,NO,NO,NO HAY,LA MANANA Y LA TARDE,NO HAY,NO HAY,NO,SI,20.0,PLANTAS NORMALES,NO,NO,SI,NO,BUENO,20.0,BUENO,NINGUNO,0.0,100.0,0.0,0.0,0.0,0.0,0.0,0.0,0.0,0.0,0.0,0.0,0.0,0.0,0.0,100.0,0.0,0.0,0.0
4601,4166,Mecanizado,NO,Otro,Maiz,SI,Manual,NO,1.8,7440.697674,5.0,49.0,93.0,58000,16,0,0,0,0,0,0,0,0,0,0,1,0,0,0,2,1,46.0,0.0,23.0,0,0.0,0.0,0,0.0,0.0,0,0,0,1,0,1,2.0,PLANO O LLANO,PLANO,2.0,6.0,SIN ROCAS,NO,-1.0,-1.0,NO,-1.0,NO,ATERRONADA,NO,NO,NO HAY,LA MANANA Y LA TARDE,NO HAY,NO HAY,NO,SI,23.0,PLANTAS NORMALES,SI,NO,SI,NO,BUENO,60.0,BUENO,NINGUNO,0.0,0.0,0.0,0.0,0.0,0.0,100.0,0.0,0.0,0.0,0.0,0.0,0.0,0.0,46.67,53.33,0.0,0.0,0.0
4602,4230,Mecanizado,NO,DK7088,Maiz,NO,Mecanizada,NO,2.2,6216.744186,6.0,47.0,83.0,61000,17,0,0,0,0,0,0,0,0,0,0,1,0,0,0,2,0,0.0,0.0,103.5,0,0.0,0.0,0,0.0,30.0,0,0,0,0,0,4,3.0,PLANO O LLANO,PLANO,2.0,6.0,SIN ROCAS,NO,-1.0,-1.0,NO,-1.0,NO,ATERRONADA,NO,NO,NO HAY,LA MANANA Y LA TARDE,NO HAY,NO HAY,NO,SI,27.0,PLANTAS NORMALES,SI,NO,SI,NO,BUENO,60.0,BUENO,LENTO,0.0,0.0,0.0,0.0,0.0,0.0,0.0,0.0,100.0,0.0,0.0,0.0,0.0,0.0,100.0,0.0,0.0,0.0,0.0
4605,4151,Manual,NO,P3966 (Pioneer),Maiz,SI,Mecanizada,NO,1.5,6197.674419,4.0,50.0,75.0,68750,16,0,0,0,0,0,0,0,0,0,0,2,0,0,0,1,1,0.0,0.0,115.0,0,0.0,0.0,0,0.0,0.0,0,0,0,0,0,2,3.0,PLANO O LLANO,PLANO,2.0,5.5,SIN ROCAS,NO,-1.0,-1.0,NO,-1.0,NO,ATERRONADA,NO,NO,NO HAY,LA MANANA Y LA TARDE,NO HAY,NO HAY,NO,SI,23.0,PLANTAS NORMALES,SI,NO,SI,NO,BUENO,60.0,BUENO,LENTO,0.0,0.0,0.0,0.0,0.0,0.0,41.67,0.0,58.33,0.0,0.0,0.0,0.0,0.0,41.67,58.33,0.0,0.0,0.0
4606,4149,Mecanizado,NO,P3966 (Pioneer),Maiz,SI,Mecanizada,NO,1.4,5839.534884,3.0,47.0,86.0,62500,17,0,0,0,0,0,0,0,0,0,0,1,1,0,0,1,0,0.0,0.0,92.0,0,0.0,0.0,0,0.0,0.0,0,0,0,0,0,2,3.0,PLANO O LLANO,PLANO,2.0,6.0,SIN ROCAS,NO,-1.0,-1.0,SI,-1.0,NO,ATERRONADA,NO,NO,NO HAY,LA MANANA Y LA TARDE,NO HAY,NO HAY,NO,SI,32.0,PLANTAS NORMALES,NO,NO,SI,NO,BUENO,32.0,LENTO A MUY LENTO,LENTO,0.0,100.0,0.0,0.0,0.0,0.0,0.0,0.0,0.0,0.0,0.0,0.0,0.0,0.0,0.0,100.0,0.0,0.0,0.0
4607,4150,Mecanizado,NO,Otro,Maiz,SI,Mecanizada,NO,1.3,5528.72093,5.0,46.0,86.0,60500,15,0,0,0,0,0,0,0,0,0,0,2,0,0,0,2,0,0.0,0.0,92.0,0,0.0,0.0,0,0.0,0.0,0,0,0,0,0,2,3.0,PLANO O LLANO,PLANO,2.0,6.0,SIN ROCAS,NO,-1.0,-1.0,NO,-1.0,NO,ATERRONADA,NO,NO,NO HAY,LA MANANA Y LA TARDE,NO HAY,NO HAY,NO,SI,29.0,PLANTAS NORMALES,NO,NO,SI,NO,BUENO,60.0,BUENO,LENTO,0.0,100.0,0.0,0.0,0.0,0.0,0.0,0.0,0.0,0.0,0.0,0.0,0.0,0.0,0.0,100.0,0.0,0.0,0.0
4608,4179,Mecanizado,NO,Cerato (Syngenta),Algodón,SI,Mecanizada,NO,2.9,7440.697674,6.0,49.0,68.0,58000,17,0,0,0,0,0,0,0,0,0,0,2,0,0,0,1,0,0.0,0.0,107.0,0,0.0,15.0,0,0.0,45.0,0,0,0,0,0,4,2.0,PLANO O LLANO,PLANO,2.0,5.5,SIN ROCAS,NO,-1.0,-1.0,NO,-1.0,NO,ATERRONADA,NO,NO,NO HAY,LA MANANA Y LA TARDE,NO HAY,NO HAY,NO,SI,25.0,PLANTAS NORMALES,SI,NO,SI,NO,BUENO,60.0,BUENO,NINGUNO,0.0,100.0,0.0,0.0,0.0,0.0,0.0,0.0,0.0,0.0,0.0,0.0,0.0,0.0,0.0,100.0,0.0,0.0,0.0
4609,4177,Mecanizado,NO,P4082 (Pioneer),Algodón,SI,Mecanizada,NO,4.9,7627.906977,1.0,48.0,87.0,60000,18,0,0,0,0,0,0,0,0,0,0,2,0,0,0,3,0,0.0,0.0,92.0,0,0.0,0.0,0,0.0,30.0,0,0,0,0,0,3,2.0,PLANO O LLANO,PLANO,2.0,5.5,SIN ROCAS,NO,-1.0,-1.0,NO,-1.0,NO,ATERRONADA,NO,NO,NO HAY,LA MANANA Y LA TARDE,NO HAY,NO HAY,NO,SI,26.0,PLANTAS NORMALES,NO,NO,SI,NO,BUENO,60.0,BUENO,NINGUNO,0.0,100.0,0.0,0.0,0.0,0.0,0.0,0.0,0.0,0.0,0.0,0.0,0.0,0.0,0.0,100.0,0.0,0.0,0.0
4610,4178,Mecanizado,NO,Otro,Maiz,SI,Mecanizada,NO,1.7,7627.906977,6.0,49.0,80.0,60000,18,0,0,0,0,0,0,0,0,0,0,1,0,0,0,2,0,0.0,0.0,107.0,0,0.0,15.0,0,0.0,45.0,0,0,0,0,0,4,3.0,PLANO O LLANO,PLANO,2.0,6.0,SIN ROCAS,NO,-1.0,-1.0,NO,-1.0,NO,MASIVA,NO,NO,NO HAY,LA MANANA Y LA TARDE,NO HAY,NO HAY,NO,SI,27.0,PLANTAS NORMALES,SI,NO,SI,NO,BUENO,27.0,BUENO,LENTO,0.0,50.0,0.0,50.0,0.0,0.0,0.0,0.0,0.0,0.0,0.0,0.0,0.0,0.0,50.0,50.0,0.0,0.0,0.0
4611,4175,Mecanizado,NO,P3966 (Pioneer),Maiz,SI,Mecanizada,NO,1.5,7151.162791,7.0,49.0,82.0,61000,16,0,0,0,0,0,0,0,0,0,0,1,0,0,0,2,0,0.0,0.0,109.0,0,0.0,0.0,0,0.0,20.0,0,0,0,0,0,3,2.0,PLANO O LLANO,PLANO,2.0,6.0,SIN ROCAS,NO,-1.0,-1.0,NO,-1.0,NO,ATERRONADA,NO,NO,NO HAY,LA MANANA Y LA TARDE,NO HAY,NO HAY,NO,SI,29.0,PLANTAS NORMALES,SI,NO,SI,NO,BUENO,60.0,BUENO,NINGUNO,0.0,100.0,0.0,0.0,0.0,0.0,0.0,0.0,0.0,0.0,0.0,0.0,0.0,0.0,0.0,100.0,0.0,0.0,0.0
4612,4176,Mecanizado,NO,DK 234 YGRR,Algodón,SI,Mecanizada,NO,6.2,7151.162791,6.0,49.0,85.0,60000,19,0,0,0,0,0,0,0,0,0,0,3,0,0,0,1,0,0.0,0.0,92.0,0,0.0,0.0,0,0.0,30.0,0,0,0,0,0,3,3.0,PLANO O LLANO,PLANO,2.0,6.0,SIN ROCAS,NO,-1.0,-1.0,NO,-1.0,NO,ATERRONADA,NO,NO,NO HAY,LA MANANA Y LA TARDE,NO HAY,NO HAY,NO,SI,28.0,PLANTAS NORMALES,NO,NO,SI,NO,BUENO,60.0,BUENO,LENTO,0.0,100.0,0.0,0.0,0.0,0.0,0.0,0.0,0.0,0.0,0.0,0.0,0.0,0.0,0.0,100.0,0.0,0.0,0.0
4613,4214,Mecanizado,NO,Otro,Algodón,SI,Mecanizada,NO,5.4,7534.883721,5.0,50.0,78.0,66000,16,0,0,0,0,0,0,0,0,0,0,2,0,0,0,2,0,0.0,0.0,92.0,0,0.0,0.0,0,0.0,0.0,0,0,0,0,0,2,3.0,PLANO O LLANO,PLANO,2.0,5.5,SIN ROCAS,SI,22.0,9.0,NO,,NO,MASIVA,NO,NO,NO HAY,LA MANANA Y LA TARDE,NO HAY,NO HAY,NO,SI,20.0,POCO AFECTADAS,NO,NO,NO,NO,REGULAR,20.0,BUENO,LENTO,0.0,48.33,0.0,51.67,0.0,0.0,0.0,0.0,0.0,0.0,0.0,0.0,0.0,0.0,0.0,100.0,0.0,0.0,0.0
4614,4157,Manual,NO,Otro,Maiz,SI,Manual,NO,1.8,7627.906977,6.0,50.0,81.0,72000,17,0,0,0,0,0,0,0,0,0,0,1,0,0,0,3,0,0.0,0.0,61.0,0,0.0,15.0,0,0.0,15.0,0,0,0,0,0,3,3.0,PLANO O LLANO,PLANO,2.0,5.5,SIN ROCAS,SI,26.0,4.0,NO,,NO,MASIVA,NO,NO,NO HAY,LA MANANA Y LA TARDE,NO HAY,NO HAY,NO,SI,22.0,POCO AFECTADAS,NO,NO,SI,NO,REGULAR,22.0,BUENO,LENTO,0.0,100.0,0.0,0.0,0.0,0.0,0.0,0.0,0.0,0.0,0.0,0.0,0.0,0.0,0.0,100.0,0.0,0.0,0.0
4615,4167,Mecanizado,NO,Otro,Algodón,SI,Mecanizada,NO,2.8,7440.697674,6.0,50.0,83.0,70000,16,0,0,0,0,0,0,0,0,0,0,1,2,0,0,1,1,0.0,0.0,69.0,0,0.0,0.0,0,0.0,30.0,0,0,0,0,0,3,2.0,PLANO O LLANO,PLANO,2.0,6.0,SIN ROCAS,NO,-1.0,-1.0,NO,-1.0,NO,MASIVA,NO,NO,NO HAY,LA MANANA Y LA TARDE,NO HAY,NO HAY,NO,SI,19.0,POCO AFECTADAS,NO,NO,SI,NO,REGULAR,19.0,BUENO,NINGUNO,0.0,100.0,0.0,0.0,0.0,0.0,0.0,0.0,0.0,0.0,0.0,0.0,0.0,0.0,0.0,100.0,0.0,0.0,0.0
4616,4269,Mecanizado,NO,DK 234 YGRR,Algodón,SI,Mecanizada,NO,5.2,6674.418605,5.0,51.0,81.0,65000,18,0,0,0,0,0,0,0,0,0,0,1,0,0,0,2,0,46.0,0.0,23.0,0,0.0,0.0,0,0.0,0.0,0,0,0,1,0,1,3.0,PLANO O LLANO,PLANO,2.0,6.0,SIN ROCAS,NO,-1.0,-1.0,NO,-1.0,NO,ATERRONADA,NO,NO,NO HAY,LA MANANA Y LA TARDE,NO HAY,NO HAY,NO,SI,26.0,PLANTAS NORMALES,NO,NO,SI,NO,BUENO,65.0,BUENO,LENTO,0.0,50.77,0.0,0.0,0.0,0.0,0.0,0.0,49.23,0.0,0.0,0.0,0.0,0.0,49.23,50.77,0.0,0.0,0.0
4618,4277,Mecanizado,NO,Otro,Algodón,SI,Mecanizada,NO,3.3,6466.27907,4.0,50.0,83.0,69000,17,0,0,0,0,0,0,0,0,0,0,1,0,0,0,2,0,0.0,0.0,61.0,0,0.0,15.0,0,0.0,45.0,0,0,0,0,0,4,2.0,PLANO O LLANO,PLANO,2.0,6.0,SIN ROCAS,NO,-1.0,-1.0,NO,-1.0,NO,ATERRONADA,NO,NO,NO HAY,LA MANANA Y LA TARDE,NO HAY,NO HAY,NO,SI,28.0,PLANTAS NORMALES,SI,NO,SI,NO,BUENO,60.0,BUENO,NINGUNO,0.0,100.0,0.0,0.0,0.0,0.0,0.0,0.0,0.0,0.0,0.0,0.0,0.0,0.0,0.0,100.0,0.0,0.0,0.0
4620,4276,Mecanizado,NO,Otro,Algodón,SI,Mecanizada,NO,1.7,5720.930233,4.0,57.0,80.0,69500,17,0,0,0,0,0,0,0,0,0,0,1,0,0,0,1,0,0.0,0.0,92.0,0,0.0,0.0,0,0.0,30.0,0,0,0,0,0,4,3.0,PLANO O LLANO,PLANO,2.0,5.5,SIN ROCAS,SI,18.0,7.0,NO,,NO,MASIVA,NO,NO,NO HAY,LA MANANA Y LA TARDE,NO HAY,NO HAY,NO,SI,15.0,POCO AFECTADAS,NO,NO,NO,NO,REGULAR,15.0,BUENO,LENTO,0.0,100.0,0.0,0.0,0.0,0.0,0.0,0.0,0.0,0.0,0.0,0.0,0.0,0.0,0.0,100.0,0.0,0.0,0.0
4621,4274,Mecanizado,NO,Otro,Algodón,NO,Mecanizada,NO,4.6,5720.930233,5.0,49.0,80.0,68000,18,0,0,0,0,0,0,0,0,0,0,1,0,0,0,2,0,0.0,0.0,101.2,0,0.0,0.0,0,0.0,30.0,0,0,0,0,0,3,2.0,PLANO O LLANO,PLANO,2.0,6.0,SIN ROCAS,NO,-1.0,-1.0,NO,-1.0,NO,MASIVA,NO,NO,NO HAY,LA MANANA Y LA TARDE,NO HAY,NO HAY,NO,SI,23.0,PLANTAS NORMALES,NO,NO,SI,NO,BUENO,23.0,BUENO,NINGUNO,0.0,100.0,0.0,0.0,0.0,0.0,0.0,0.0,0.0,0.0,0.0,0.0,0.0,0.0,0.0,100.0,0.0,0.0,0.0
4623,4278,Mecanizado,NO,PIONEER 30F35 HRR,Algodón,SI,Mecanizada,NO,1.9,5887.209302,6.0,52.0,76.0,70000,18,0,0,0,0,0,0,0,0,0,0,1,0,0,0,2,0,0.0,0.0,115.0,0,0.0,0.0,0,0.0,30.0,0,0,0,0,0,4,2.0,PLANO O LLANO,PLANO,2.0,6.0,SIN ROCAS,NO,-1.0,-1.0,NO,-1.0,NO,MASIVA,NO,NO,NO HAY,LA MANANA Y LA TARDE,NO HAY,NO HAY,NO,SI,28.0,PLANTAS NORMALES,NO,NO,SI,NO,BUENO,28.0,BUENO,NINGUNO,0.0,100.0,0.0,0.0,0.0,0.0,0.0,0.0,0.0,0.0,0.0,0.0,0.0,0.0,0.0,100.0,0.0,0.0,0.0
4625,4271,Mecanizado,NO,P3966 (Pioneer),Maiz,SI,Mecanizada,NO,3.0,6436.046512,5.0,48.0,81.0,66700,17,0,0,0,0,0,0,0,0,0,0,1,1,0,0,1,0,0.0,0.0,69.0,0,0.0,0.0,0,0.0,60.0,0,0,0,0,0,4,2.0,PLANO O LLANO,PLANO,2.0,6.0,SIN ROCAS,NO,-1.0,-1.0,NO,-1.0,NO,MASIVA,NO,NO,NO HAY,LA MANANA Y LA TARDE,NO HAY,NO HAY,NO,SI,20.0,PLANTAS NORMALES,SI,NO,NO,NO,BUENO,20.0,BUENO,NINGUNO,0.0,100.0,0.0,0.0,0.0,0.0,0.0,0.0,0.0,0.0,0.0,0.0,0.0,0.0,0.0,100.0,0.0,0.0,0.0
4627,4272,Mecanizado,NO,P4082 (Pioneer),Maiz,SI,Mecanizada,NO,5.3,5745.348837,5.0,50.0,81.0,66800,16,0,0,0,0,0,0,0,0,0,0,1,0,0,0,2,0,0.0,0.0,61.0,0,0.0,15.0,0,0.0,15.0,0,0,0,0,0,3,3.0,PLANO O LLANO,PLANO,3.0,6.0,SIN ROCAS,NO,-1.0,-1.0,NO,-1.0,NO,ATERRONADA,NO,NO,NO HAY,LA MANANA Y LA TARDE,NO HAY,NO HAY,NO,SI,25.0,PLANTAS NORMALES,SI,NO,SI,NO,BUENO,60.0,BUENO,LENTO,0.0,100.0,0.0,0.0,0.0,0.0,0.0,0.0,0.0,0.0,0.0,0.0,0.0,0.0,0.0,100.0,0.0,0.0,0.0
4628,4273,Mecanizado,NO,DK7088,Algodón,SI,Mecanizada,NO,2.9,6310.465116,6.0,49.0,84.0,65750,17,0,0,0,0,0,0,0,0,0,0,1,0,0,0,2,0,0.0,0.0,84.0,0,0.0,15.0,0,0.0,45.0,0,0,0,0,0,4,2.0,PLANO O LLANO,PLANO,2.0,6.0,SIN ROCAS,NO,-1.0,-1.0,NO,-1.0,NO,MASIVA,NO,NO,NO HAY,LA MANANA Y LA TARDE,NO HAY,NO HAY,NO,SI,18.0,POCO AFECTADAS,NO,NO,NO,NO,REGULAR,18.0,BUENO,NINGUNO,0.0,100.0,0.0,0.0,0.0,0.0,0.0,0.0,0.0,0.0,0.0,0.0,0.0,0.0,0.0,100.0,0.0,0.0,0.0
4629,4169,Manual,NO,DK 234 YGRR,Algodón,SI,Mecanizada,NO,2.0,6404.651163,5.0,47.0,79.0,65000,15,0,0,0,0,0,0,0,0,0,0,1,0,0,0,2,0,0.0,0.0,41.0,0,0.0,36.0,0,0.0,18.0,0,0,0,0,0,3,4.0,PLANO O LLANO,PLANO,2.0,6.0,SIN ROCAS,NO,-1.0,-1.0,NO,-1.0,NO,MASIVA,NO,NO,NO HAY,LA MANANA Y LA TARDE,NO HAY,NO HAY,NO,SI,27.0,PLANTAS NORMALES,NO,NO,SI,NO,BUENO,27.0,BUENO,LENTO,0.0,100.0,0.0,0.0,0.0,0.0,0.0,0.0,0.0,0.0,0.0,0.0,0.0,0.0,0.0,100.0,0.0,0.0,0.0
4630,4168,Mecanizado,NO,P4082 (Pioneer),Algodón,SI,Mecanizada,NO,4.1,6593.023256,6.0,48.0,74.0,60000,15,0,0,0,0,0,0,0,0,0,0,1,0,0,0,3,0,0.0,0.0,69.0,0,0.0,0.0,0,0.0,0.0,0,0,0,0,0,2,2.0,PLANO O LLANO,PLANO,2.0,6.0,SIN ROCAS,NO,-1.0,-1.0,NO,-1.0,NO,ATERRONADA,NO,NO,NO HAY,LA MANANA Y LA TARDE,NO HAY,NO HAY,NO,SI,18.0,PLANTAS NORMALES,NO,NO,SI,NO,BUENO,65.0,BUENO,NINGUNO,0.0,50.77,0.0,0.0,0.0,0.0,0.0,0.0,49.23,0.0,0.0,0.0,0.0,0.0,49.23,50.77,0.0,0.0,0.0
4631,4224,Manual,NO,P4082 (Pioneer),Maiz,SI,Manual,NO,1.3,6498.837209,5.0,49.0,80.0,63000,17,0,0,0,0,0,0,0,0,0,0,1,0,0,0,2,0,0.0,0.0,92.0,0,0.0,0.0,0,0.0,30.0,0,0,0,0,0,4,3.0,PLANO O LLANO,PLANO,2.0,5.5,SIN ROCAS,NO,-1.0,-1.0,NO,-1.0,NO,ATERRONADA,NO,NO,NO HAY,LA MANANA Y LA TARDE,NO HAY,NO HAY,NO,SI,22.0,PLANTAS NORMALES,NO,NO,SI,NO,BUENO,60.0,BUENO,LENTO,0.0,100.0,0.0,0.0,0.0,0.0,0.0,0.0,0.0,0.0,0.0,0.0,0.0,0.0,0.0,100.0,0.0,0.0,0.0
4632,4267,Mecanizado,NO,Otro,Algodón,SI,Mecanizada,NO,1.0,6027.906977,5.0,48.0,66.0,58600,18,0,0,0,0,0,0,0,0,0,0,1,0,0,0,2,0,46.0,0.0,46.0,0,0.0,0.0,0,0.0,0.0,0,0,0,1,0,1,2.0,PLANO O LLANO,PLANO,2.0,6.0,SIN ROCAS,NO,-1.0,-1.0,NO,-1.0,NO,MASIVA,NO,NO,NO HAY,LA MANANA Y LA TARDE,NO HAY,NO HAY,NO,SI,20.0,PLANTAS NORMALES,NO,NO,SI,NO,BUENO,20.0,BUENO,NINGUNO,0.0,0.0,0.0,0.0,0.0,0.0,45.0,0.0,55.0,0.0,0.0,0.0,0.0,0.0,45.0,55.0,0.0,0.0,0.0
4633,4266,Mecanizado,NO,Otro,Algodón,SI,Mecanizada,NO,6.0,5838.953488,5.0,49.0,83.0,60000,17,0,0,0,0,0,0,0,0,0,0,1,0,0,0,2,0,0.0,0.0,92.0,0,0.0,0.0,0,0.0,30.0,0,0,0,0,0,4,2.0,PLANO O LLANO,PLANO,2.0,6.0,SIN ROCAS,NO,-1.0,-1.0,NO,-1.0,NO,MASIVA,NO,NO,NO HAY,LA MANANA Y LA TARDE,NO HAY,NO HAY,NO,SI,25.0,PLANTAS NORMALES,SI,NO,SI,NO,BUENO,25.0,BUENO,NINGUNO,0.0,56.67,0.0,43.33,0.0,0.0,0.0,0.0,0.0,0.0,0.0,0.0,0.0,0.0,43.33,56.67,0.0,0.0,0.0
4634,4294,Mecanizado,NO,Otro,Maiz,SI,Mecanizada,NO,2.6,6128.488372,6.0,49.0,83.0,61000,16,0,0,0,0,0,0,0,0,0,0,1,0,0,0,1,0,46.0,0.0,46.0,0,0.0,0.0,0,0.0,30.0,0,0,0,1,0,3,3.0,PLANO O LLANO,PLANO,2.0,6.0,SIN ROCAS,NO,-1.0,-1.0,NO,-1.0,NO,ATERRONADA,NO,NO,NO HAY,LA MANANA Y LA TARDE,NO HAY,NO HAY,NO,SI,22.0,PLANTAS NORMALES,NO,NO,SI,NO,BUENO,60.0,BUENO,LENTO,0.0,100.0,0.0,0.0,0.0,0.0,0.0,0.0,0.0,0.0,0.0,0.0,0.0,0.0,0.0,100.0,0.0,0.0,0.0
4635,4309,Mecanizado,NO,PIONEER 30F35 HRR,Maiz,SI,Mecanizada,NO,1.7,6245.348837,6.0,49.0,83.0,60000,16,0,0,0,0,0,0,0,0,0,0,1,0,0,0,2,0,0.0,0.0,92.0,0,0.0,0.0,0,0.0,0.0,0,0,0,0,0,2,2.0,PLANO O LLANO,PLANO,2.0,5.5,SIN ROCAS,NO,-1.0,-1.0,NO,-1.0,NO,ATERRONADA,NO,NO,NO HAY,LA MANANA Y LA TARDE,NO HAY,NO HAY,NO,SI,28.0,PLANTAS NORMALES,SI,NO,SI,NO,BUENO,60.0,BUENO,NINGUNO,0.0,100.0,0.0,0.0,0.0,0.0,0.0,0.0,0.0,0.0,0.0,0.0,0.0,0.0,0.0,100.0,0.0,0.0,0.0
4636,4229,Mecanizado,NO,Otro,Maiz,NO,Mecanizada,NO,4.6,5860.465116,6.0,48.0,71.0,60000,17,0,0,0,0,0,0,0,0,0,0,2,0,0,0,2,0,0.0,0.0,69.0,0,0.0,0.0,0,0.0,30.0,0,0,0,0,0,3,2.0,PLANO O LLANO,PLANO,2.0,5.5,SIN ROCAS,NO,-1.0,-1.0,NO,-1.0,NO,ATERRONADA,NO,NO,NO HAY,LA MANANA Y LA TARDE,NO HAY,NO HAY,NO,SI,18.0,PLANTAS NORMALES,SI,NO,SI,NO,BUENO,60.0,BUENO,NINGUNO,0.0,60.0,0.0,0.0,0.0,0.0,0.0,0.0,40.0,0.0,0.0,0.0,0.0,0.0,40.0,60.0,0.0,0.0,0.0
4637,4226,Mecanizado,NO,Otro,Algodón,NO,Mecanizada,NO,5.8,5860.465116,6.0,49.0,55.0,60000,17,0,0,0,0,0,0,0,0,0,0,1,0,0,0,3,0,0.0,0.0,80.5,0,0.0,0.0,0,0.0,30.0,0,0,0,0,0,3,3.0,PLANO O LLANO,PLANO,2.0,6.0,SIN ROCAS,NO,-1.0,-1.0,NO,-1.0,NO,MASIVA,NO,NO,NO HAY,LA MANANA Y LA TARDE,NO HAY,NO HAY,NO,SI,22.0,PLANTAS NORMALES,SI,NO,SI,NO,BUENO,22.0,BUENO,LENTO,0.0,100.0,0.0,0.0,0.0,0.0,0.0,0.0,0.0,0.0,0.0,0.0,0.0,0.0,0.0,100.0,0.0,0.0,0.0
4638,4227,Mecanizado,NO,Otro,Algodón,NO,Mecanizada,NO,4.0,5651.162791,7.0,50.0,83.0,62000,17,0,0,0,0,0,0,0,0,0,0,2,0,0,0,2,0,0.0,0.0,115.0,0,0.0,0.0,0,0.0,30.0,0,0,0,0,0,4,3.0,PLANO O LLANO,PLANO,2.0,6.0,SIN ROCAS,NO,-1.0,-1.0,NO,-1.0,NO,MASIVA,NO,NO,NO HAY,LA MANANA Y LA TARDE,NO HAY,NO HAY,NO,SI,26.0,PLANTAS NORMALES,NO,NO,SI,NO,BUENO,26.0,BUENO,LENTO,0.0,100.0,0.0,0.0,0.0,0.0,0.0,0.0,0.0,0.0,0.0,0.0,0.0,0.0,0.0,100.0,0.0,0.0,0.0
4639,4158,Mecanizado,NO,Otro,Algodón,SI,Mecanizada,NO,7.4,6197.674419,5.0,52.0,82.0,61000,16,0,0,0,0,0,0,0,0,0,0,2,0,0,0,2,0,0.0,0.0,92.0,0,0.0,0.0,0,0.0,30.0,0,0,0,0,0,3,2.0,PLANO O LLANO,PLANO,3.0,6.0,SIN ROCAS,NO,-1.0,-1.0,NO,-1.0,NO,ATERRONADA,NO,NO,NO HAY,LA MANANA Y LA TARDE,NO HAY,NO HAY,NO,SI,24.0,PLANTAS NORMALES,NO,NO,SI,NO,BUENO,60.0,BUENO,NINGUNO,0.0,0.0,0.0,0.0,28.33,0.0,0.0,0.0,71.67,0.0,0.0,0.0,0.0,0.0,28.33,71.67,0.0,0.0,0.0
4640,4312,Mecanizado,NO,Otro,Algodón,SI,Mecanizada,NO,1.0,6664.883721,1.0,49.0,84.0,60000,17,0,0,0,0,0,0,0,0,0,0,2,0,0,0,1,0,0.0,0.0,92.0,0,0.0,0.0,0,0.0,30.0,0,0,0,0,0,4,3.0,PLANO O LLANO,PLANO,2.0,6.0,SIN ROCAS,NO,-1.0,-1.0,NO,-1.0,NO,ATERRONADA,NO,NO,NO HAY,LA MANANA Y LA TARDE,NO HAY,NO HAY,NO,SI,23.0,PLANTAS NORMALES,NO,NO,SI,NO,BUENO,60.0,BUENO,LENTO,0.0,0.0,0.0,0.0,43.33,0.0,56.67,0.0,0.0,0.0,0.0,0.0,0.0,0.0,43.33,56.67,0.0,0.0,0.0
4641,4159,Mecanizado,NO,Otro,Algodón,SI,Mecanizada,NO,7.4,6498.837209,6.0,49.0,83.0,59000,17,0,0,0,0,0,0,0,0,0,0,1,0,0,0,2,1,0.0,0.0,138.0,0,0.0,0.0,0,0.0,30.0,0,0,0,0,0,4,3.0,PLANO O LLANO,PLANO,2.0,6.5,SIN ROCAS,NO,-1.0,-1.0,NO,-1.0,NO,MASIVA,NO,NO,NO HAY,LA MANANA Y LA TARDE,NO HAY,NO HAY,NO,SI,22.0,PLANTAS NORMALES,SI,NO,SI,NO,BUENO,22.0,BUENO,LENTO,0.0,100.0,0.0,0.0,0.0,0.0,0.0,0.0,0.0,0.0,0.0,0.0,0.0,0.0,0.0,100.0,0.0,0.0,0.0
4642,4311,Mecanizado,NO,Otro,Algodón,SI,Mecanizada,NO,1.0,6157.44186,7.0,51.0,76.0,61500,17,0,0,0,0,0,0,0,0,0,0,2,0,0,0,1,0,0.0,0.0,69.0,0,0.0,0.0,0,0.0,30.0,0,0,0,0,0,3,3.0,PLANO O LLANO,PLANO,2.0,5.5,SIN ROCAS,NO,-1.0,-1.0,NO,-1.0,NO,MASIVA,NO,NO,NO HAY,LA MANANA Y LA TARDE,NO HAY,NO HAY,NO,SI,24.0,PLANTAS NORMALES,SI,NO,SI,NO,BUENO,24.0,BUENO,LENTO,0.0,61.67,0.0,38.33,0.0,0.0,0.0,0.0,0.0,0.0,0.0,0.0,0.0,0.0,38.33,61.67,0.0,0.0,0.0
4643,4310,Mecanizado,NO,Otro,Algodón,SI,Mecanizada,NO,1.2,6436.046512,7.0,53.0,74.0,59800,17,0,0,0,0,0,0,0,0,0,0,1,0,0,0,2,0,0.0,0.0,69.0,0,0.0,0.0,0,0.0,30.0,0,0,0,0,0,3,2.0,PLANO O LLANO,PLANO,2.0,6.0,SIN ROCAS,NO,-1.0,-1.0,NO,-1.0,NO,MASIVA,NO,NO,NO HAY,LA MANANA Y LA TARDE,NO HAY,NO HAY,NO,SI,19.0,PLANTAS NORMALES,NO,NO,SI,NO,BUENO,19.0,BUENO,NINGUNO,0.0,0.0,0.0,48.33,0.0,0.0,51.67,0.0,0.0,0.0,0.0,0.0,0.0,0.0,48.33,51.67,0.0,0.0,0.0
4644,4255,Mecanizado,NO,P3966 (Pioneer),Algodón,SI,Mecanizada,NO,2.1,5838.953488,4.0,51.0,80.0,60000,18,0,0,0,0,0,0,0,0,0,0,2,0,0,0,1,0,0.0,0.0,84.0,0,0.0,15.0,0,0.0,15.0,0,0,0,0,0,3,3.0,PLANO O LLANO,PLANO,2.0,6.0,SIN ROCAS,NO,-1.0,-1.0,NO,-1.0,NO,MASIVA,NO,NO,NO HAY,LA MANANA Y LA TARDE,NO HAY,NO HAY,NO,SI,22.0,PLANTAS NORMALES,SI,NO,SI,NO,BUENO,22.0,BUENO,LENTO,0.0,100.0,0.0,0.0,0.0,0.0,0.0,0.0,0.0,0.0,0.0,0.0,0.0,0.0,0.0,100.0,0.0,0.0,0.0
4645,4254,Mecanizado,NO,DK 234 YGRR,Algodón,SI,Mecanizada,NO,1.4,6169.186047,5.0,49.0,81.0,59700,18,0,0,0,0,0,0,0,0,0,0,1,0,0,0,2,0,0.0,0.0,84.0,0,0.0,15.0,0,0.0,15.0,0,0,0,0,0,3,2.0,PLANO O LLANO,PLANO,2.0,6.0,SIN ROCAS,NO,-1.0,-1.0,NO,-1.0,NO,MASIVA,NO,NO,NO HAY,LA MANANA Y LA TARDE,NO HAY,NO HAY,NO,SI,16.0,POCO AFECTADAS,NO,NO,NO,NO,REGULAR,16.0,BUENO,NINGUNO,0.0,100.0,0.0,0.0,0.0,0.0,0.0,0.0,0.0,0.0,0.0,0.0,0.0,0.0,0.0,100.0,0.0,0.0,0.0
4647,4314,Mecanizado,NO,Otro,Maiz,SI,Mecanizada,NO,1.2,6562.790698,5.0,48.0,85.0,60800,17,0,0,0,0,0,0,0,0,0,0,1,0,0,0,2,0,0.0,0.0,69.0,0,0.0,0.0,0,0.0,60.0,0,0,0,0,0,4,2.0,PLANO O LLANO,PLANO,2.0,5.5,SIN ROCAS,NO,-1.0,-1.0,SI,-1.0,NO,MASIVA,NO,NO,NO HAY,LA MANANA Y LA TARDE,NO HAY,NO HAY,NO,SI,27.0,PLANTAS NORMALES,SI,NO,SI,NO,BUENO,27.0,LENTO A MUY LENTO,NINGUNO,0.0,100.0,0.0,0.0,0.0,0.0,0.0,0.0,0.0,0.0,0.0,0.0,0.0,0.0,0.0,100.0,0.0,0.0,0.0
4650,4154,Mecanizado,SI,Otro,Algodón,SI,Mecanizada,NO,2.7,7440.697674,6.0,50.0,82.0,70000,17,0,0,0,0,0,0,0,0,0,0,1,0,0,0,2,0,0.0,0.0,92.0,0,0.0,0.0,0,0.0,0.0,0,0,0,0,0,2,2.0,PLANO O LLANO,PLANO,2.0,6.0,SIN ROCAS,NO,-1.0,-1.0,NO,-1.0,NO,MASIVA,NO,NO,NO HAY,LA MANANA Y LA TARDE,NO HAY,NO HAY,NO,SI,21.0,PLANTAS NORMALES,SI,NO,SI,NO,BUENO,21.0,BUENO,NINGUNO,0.0,100.0,0.0,0.0,0.0,0.0,0.0,0.0,0.0,0.0,0.0,0.0,0.0,0.0,0.0,100.0,0.0,0.0,0.0
4651,4315,Mecanizado,NO,Otro,Maiz,SI,Mecanizada,NO,1.1,6948.837209,6.0,49.0,83.0,61000,17,0,0,0,0,0,0,0,0,0,0,1,0,0,0,2,0,0.0,0.0,84.0,0,0.0,15.0,0,0.0,15.0,0,0,0,0,0,3,3.0,PLANO O LLANO,PLANO,2.0,6.0,SIN ROCAS,NO,-1.0,-1.0,NO,-1.0,NO,MASIVA,NO,NO,NO HAY,LA MANANA Y LA TARDE,NO HAY,NO HAY,NO,SI,29.0,PLANTAS NORMALES,NO,NO,SI,NO,BUENO,29.0,BUENO,LENTO,0.0,100.0,0.0,0.0,0.0,0.0,0.0,0.0,0.0,0.0,0.0,0.0,0.0,0.0,0.0,100.0,0.0,0.0,0.0
4652,4156,Manual,SI,Otro,Maiz,SI,Manual,NO,1.1,7723.255814,7.0,48.0,86.0,58000,16,0,0,0,0,0,0,0,0,0,0,1,0,0,0,2,0,0.0,0.0,115.0,0,0.0,0.0,0,0.0,0.0,0,0,0,0,0,3,3.0,PLANO O LLANO,PLANO,2.0,5.5,SIN ROCAS,NO,-1.0,-1.0,NO,-1.0,NO,MASIVA,NO,NO,NO HAY,LA MANANA Y LA TARDE,NO HAY,NO HAY,NO,SI,20.0,PLANTAS NORMALES,SI,NO,NO,NO,BUENO,20.0,BUENO,LENTO,0.0,60.0,0.0,40.0,0.0,0.0,0.0,0.0,0.0,0.0,0.0,0.0,0.0,0.0,0.0,100.0,0.0,0.0,0.0
4653,4318,Mecanizado,NO,Otro,Algodón,SI,Mecanizada,NO,2.4,5816.27907,6.0,51.0,78.0,60000,17,0,0,0,0,0,0,0,0,0,0,1,0,0,0,1,0,0.0,0.0,61.0,0,0.0,15.0,0,0.0,45.0,0,0,0,0,0,4,3.0,PLANO O LLANO,PLANO,2.0,6.0,SIN ROCAS,NO,-1.0,-1.0,NO,-1.0,NO,MASIVA,NO,NO,NO HAY,LA MANANA Y LA TARDE,NO HAY,NO HAY,NO,SI,16.0,POCO AFECTADAS,NO,NO,SI,NO,REGULAR,16.0,BUENO,LENTO,0.0,100.0,0.0,0.0,0.0,0.0,0.0,0.0,0.0,0.0,0.0,0.0,0.0,0.0,0.0,100.0,0.0,0.0,0.0
4654,4316,Mecanizado,NO,Otro,Algodón,SI,Mecanizada,NO,4.6,6440.813953,5.0,49.0,81.0,61000,16,0,0,0,0,0,0,0,0,0,0,1,0,0,0,2,0,0.0,0.0,92.0,0,0.0,0.0,0,0.0,30.0,0,0,0,0,0,4,3.0,PLANO O LLANO,PLANO,2.0,6.0,SIN ROCAS,NO,-1.0,-1.0,NO,-1.0,NO,ATERRONADA,NO,NO,NO HAY,LA MANANA Y LA TARDE,NO HAY,NO HAY,NO,SI,26.0,PLANTAS NORMALES,SI,NO,SI,NO,BUENO,60.0,BUENO,LENTO,0.0,100.0,0.0,0.0,0.0,0.0,0.0,0.0,0.0,0.0,0.0,0.0,0.0,0.0,0.0,100.0,0.0,0.0,0.0
4655,4317,Mecanizado,NO,Otro,Algodón,SI,Mecanizada,NO,3.0,6755.813953,6.0,50.0,79.0,60000,16,0,0,0,0,0,0,0,0,0,0,2,0,0,0,1,0,0.0,0.0,92.0,0,0.0,0.0,0,0.0,30.0,0,0,0,0,0,4,3.0,PLANO O LLANO,PLANO,2.0,6.0,SIN ROCAS,NO,-1.0,-1.0,NO,-1.0,NO,ATERRONADA,NO,NO,NO HAY,LA MANANA Y LA TARDE,NO HAY,NO HAY,NO,SI,23.0,PLANTAS NORMALES,NO,NO,SI,NO,BUENO,60.0,BUENO,LENTO,0.0,100.0,0.0,0.0,0.0,0.0,0.0,0.0,0.0,0.0,0.0,0.0,0.0,0.0,0.0,100.0,0.0,0.0,0.0
4656,4264,Mecanizado,NO,PIONEER 30F35 HRR,Algodón,SI,Mecanizada,NO,6.2,6027.906977,6.0,50.0,84.0,69800,17,0,0,0,0,0,0,0,0,0,0,1,0,0,0,2,0,0.0,0.0,69.0,0,0.0,0.0,0,0.0,30.0,0,0,0,0,0,3,2.0,PLANO O LLANO,PLANO,2.0,6.0,SIN ROCAS,NO,-1.0,-1.0,NO,-1.0,NO,ATERRONADA,NO,NO,NO HAY,LA MANANA Y LA TARDE,NO HAY,NO HAY,NO,SI,22.0,PLANTAS NORMALES,NO,NO,SI,NO,BUENO,65.0,BUENO,NINGUNO,0.0,100.0,0.0,0.0,0.0,0.0,0.0,0.0,0.0,0.0,0.0,0.0,0.0,0.0,0.0,100.0,0.0,0.0,0.0
4657,4260,Mecanizado,NO,P3966 (Pioneer),Maiz,SI,Mecanizada,NO,10.5,6388.372093,6.0,41.0,93.0,68500,15,0,0,0,0,0,0,0,0,0,0,1,0,0,0,2,0,0.0,0.0,69.0,0,0.0,0.0,0,0.0,0.0,0,0,0,0,0,2,3.0,PLANO O LLANO,PLANO,2.0,6.0,SIN ROCAS,NO,-1.0,-1.0,NO,-1.0,NO,ATERRONADA,NO,NO,NO HAY,LA MANANA Y LA TARDE,NO HAY,NO HAY,NO,SI,27.0,PLANTAS NORMALES,NO,NO,SI,NO,BUENO,60.0,BUENO,LENTO,0.0,100.0,0.0,0.0,0.0,0.0,0.0,0.0,0.0,0.0,0.0,0.0,0.0,0.0,0.0,100.0,0.0,0.0,0.0
4658,4262,Mecanizado,NO,DK 234 YGRR,Algodón,SI,Mecanizada,NO,10.0,6404.651163,6.0,49.0,84.0,70000,16,0,0,0,0,0,0,0,0,0,0,1,0,0,0,0,2,0.0,0.0,61.0,0,0.0,15.0,0,0.0,15.0,0,0,0,0,0,3,3.0,PLANO O LLANO,PLANO,2.0,6.0,SIN ROCAS,NO,-1.0,-1.0,NO,-1.0,NO,ATERRONADA,NO,NO,NO HAY,LA MANANA Y LA TARDE,NO HAY,NO HAY,NO,SI,21.0,NO HAY CULTIVO,SI,NO,SI,NO,BUENO,60.0,BUENO,LENTO,0.0,100.0,0.0,0.0,0.0,0.0,0.0,0.0,0.0,0.0,0.0,0.0,0.0,0.0,0.0,100.0,0.0,0.0,0.0
4659,4263,Mecanizado,NO,P4082 (Pioneer),Algodón,SI,Mecanizada,NO,2.7,6225.0,6.0,50.0,83.0,68000,16,0,0,0,0,0,0,0,0,0,0,1,0,0,0,2,0,0.0,0.0,92.0,0,0.0,0.0,0,0.0,30.0,0,0,0,0,0,4,3.0,PLANO O LLANO,PLANO,2.0,6.0,SIN ROCAS,NO,-1.0,-1.0,NO,-1.0,NO,ATERRONADA,NO,NO,NO HAY,LA MANANA Y LA TARDE,NO HAY,NO HAY,NO,SI,18.0,PLANTAS NORMALES,SI,NO,SI,NO,BUENO,60.0,BUENO,LENTO,0.0,100.0,0.0,0.0,0.0,0.0,0.0,0.0,0.0,0.0,0.0,0.0,0.0,0.0,0.0,100.0,0.0,0.0,0.0
4660,4313,Mecanizado,NO,Otro,Algodón,SI,Mecanizada,NO,1.8,6722.093023,6.0,50.0,81.0,59800,16,0,0,0,0,0,0,0,0,0,0,1,0,0,0,2,0,0.0,0.0,84.0,0,0.0,15.0,0,0.0,15.0,0,0,0,0,0,3,2.0,PLANO O LLANO,PLANO,2.0,5.5,SIN ROCAS,NO,-1.0,-1.0,NO,-1.0,NO,MASIVA,NO,NO,NO HAY,LA MANANA Y LA TARDE,NO HAY,NO HAY,NO,SI,16.0,POCO AFECTADAS,NO,NO,NO,NO,REGULAR,16.0,BUENO,NINGUNO,0.0,100.0,0.0,0.0,0.0,0.0,0.0,0.0,0.0,0.0,0.0,0.0,0.0,0.0,0.0,100.0,0.0,0.0,0.0
4661,4225,Mecanizado,NO,P3966 (Pioneer),Algodón,SI,Mecanizada,NO,13.7,6147.790698,6.0,49.0,85.0,72000,16,0,0,0,0,0,0,0,0,0,0,1,0,0,0,2,0,0.0,0.0,92.0,0,0.0,0.0,0,0.0,30.0,0,0,0,0,0,4,3.0,PLANO O LLANO,PLANO,2.0,6.0,SIN ROCAS,NO,-1.0,-1.0,NO,-1.0,NO,ATERRONADA,NO,NO,NO HAY,LA MANANA Y LA TARDE,NO HAY,NO HAY,NO,SI,22.0,PLANTAS NORMALES,SI,NO,SI,NO,BUENO,60.0,BUENO,LENTO,0.0,100.0,0.0,0.0,0.0,0.0,0.0,0.0,0.0,0.0,0.0,0.0,0.0,0.0,0.0,100.0,0.0,0.0,0.0
4662,4155,Mecanizado,SI,Otro,Algodón,SI,Mecanizada,NO,1.0,7532.55814,5.0,49.0,84.0,69000,18,0,0,0,0,0,0,0,0,0,0,1,0,0,0,2,0,0.0,0.0,109.0,0,0.0,0.0,0,0.0,20.0,0,0,0,0,0,3,2.0,PLANO O LLANO,PLANO,2.0,6.0,SIN ROCAS,NO,-1.0,-1.0,NO,-1.0,NO,MASIVA,NO,NO,NO HAY,LA MANANA Y LA TARDE,NO HAY,NO HAY,NO,SI,26.0,PLANTAS NORMALES,SI,NO,SI,NO,BUENO,26.0,BUENO,NINGUNO,0.0,100.0,0.0,0.0,0.0,0.0,0.0,0.0,0.0,0.0,0.0,0.0,0.0,0.0,0.0,100.0,0.0,0.0,0.0
4663,4231,Manual,NO,P3966 (Pioneer),Maiz,SI,Mecanizada,NO,1.0,6817.44186,6.0,49.0,84.0,63000,19,0,0,0,0,0,0,0,0,0,0,1,0,0,0,2,0,0.0,0.0,69.0,0,0.0,0.0,0,0.0,0.0,0,0,0,0,0,2,3.0,PLANO O LLANO,PLANO,2.0,6.0,SIN ROCAS,NO,-1.0,-1.0,NO,-1.0,NO,MASIVA,NO,NO,NO HAY,LA MANANA Y LA TARDE,NO HAY,NO HAY,NO,SI,16.0,POCO AFECTADAS,NO,NO,NO,NO,REGULAR,16.0,BUENO,LENTO,0.0,100.0,0.0,0.0,0.0,0.0,0.0,0.0,0.0,0.0,0.0,0.0,0.0,0.0,0.0,100.0,0.0,0.0,0.0
4664,4164,Mecanizado,NO,Otro,Algodón,SI,Mecanizada,NO,2.4,5745.348837,6.0,50.0,82.0,60000,15,0,0,0,0,0,0,0,0,0,3,1,0,0,0,2,0,0.0,0.0,92.0,0,0.0,0.0,0,0.0,0.0,0,0,0,0,0,2,3.0,PLANO O LLANO,PLANO,2.0,6.0,SIN ROCAS,NO,-1.0,-1.0,NO,-1.0,NO,ATERRONADA,NO,NO,NO HAY,LA MANANA Y LA TARDE,NO HAY,NO HAY,NO,SI,27.0,PLANTAS NORMALES,NO,NO,SI,NO,BUENO,65.0,BUENO,LENTO,0.0,55.38,0.0,0.0,0.0,0.0,0.0,0.0,44.62,0.0,0.0,0.0,0.0,0.0,44.62,55.38,0.0,0.0,0.0
4665,4259,Manual,NO,DK7088,Maiz,SI,Manual,NO,1.2,5730.465116,6.0,51.0,81.0,60500,16,0,0,0,0,0,0,0,0,0,0,2,0,0,0,1,0,0.0,0.0,92.0,0,0.0,0.0,0,0.0,30.0,0,0,0,0,0,4,4.0,PLANO O LLANO,PLANO,2.0,6.0,SIN ROCAS,NO,-1.0,-1.0,NO,-1.0,NO,ATERRONADA,NO,NO,NO HAY,LA MANANA Y LA TARDE,NO HAY,NO HAY,NO,SI,22.0,PLANTAS NORMALES,SI,NO,SI,NO,BUENO,60.0,BUENO,LENTO,0.0,100.0,0.0,0.0,0.0,0.0,0.0,0.0,0.0,0.0,0.0,0.0,0.0,0.0,0.0,100.0,0.0,0.0,0.0
4666,4165,Mecanizado,NO,Otro,Algodón,SI,Mecanizada,NO,3.4,5873.488372,5.0,52.0,81.0,59000,15,0,0,0,0,0,0,0,0,0,0,1,0,0,0,2,0,0.0,0.0,115.0,0,0.0,0.0,0,0.0,0.0,0,0,0,0,0,3,3.0,PLANO O LLANO,PLANO,2.0,6.0,SIN ROCAS,NO,-1.0,-1.0,NO,-1.0,NO,MASIVA,NO,NO,NO HAY,LA MANANA Y LA TARDE,NO HAY,NO HAY,NO,SI,20.0,PLANTAS NORMALES,SI,NO,NO,NO,BUENO,20.0,BUENO,LENTO,0.0,100.0,0.0,0.0,0.0,0.0,0.0,0.0,0.0,0.0,0.0,0.0,0.0,0.0,0.0,100.0,0.0,0.0,0.0
4667,4161,Mecanizado,NO,ADV 9293 (Syngenta),Algodón,SI,Manual,NO,4.6,6674.418605,6.0,51.0,82.0,67000,18,0,0,0,0,0,0,0,0,0,0,1,0,0,0,2,0,0.0,0.0,115.0,0,0.0,0.0,0,0.0,30.0,0,0,0,0,0,4,3.0,PLANO O LLANO,PLANO,2.0,6.0,SIN ROCAS,SI,22.0,8.0,NO,,NO,MASIVA,NO,NO,NO HAY,LA MANANA Y LA TARDE,NO HAY,NO HAY,NO,SI,21.0,POCO AFECTADAS,NO,NO,NO,NO,REGULAR,21.0,BUENO,LENTO,0.0,100.0,0.0,0.0,0.0,0.0,0.0,0.0,0.0,0.0,0.0,0.0,0.0,0.0,0.0,100.0,0.0,0.0,0.0
4668,4160,Mecanizado,NO,Otro,Algodón,SI,Mecanizada,NO,4.3,6674.418605,5.0,50.0,86.0,70000,17,0,0,0,0,0,0,0,0,0,0,1,0,0,0,2,0,0.0,0.0,115.0,0,0.0,0.0,0,0.0,30.0,0,0,0,0,0,4,2.0,PLANO O LLANO,PLANO,2.0,5.5,SIN ROCAS,NO,-1.0,-1.0,NO,-1.0,NO,ATERRONADA,NO,NO,NO HAY,LA MANANA Y LA TARDE,NO HAY,NO HAY,NO,SI,27.0,PLANTAS NORMALES,NO,NO,SI,NO,BUENO,65.0,BUENO,NINGUNO,0.0,60.0,0.0,0.0,0.0,0.0,0.0,0.0,40.0,0.0,0.0,0.0,0.0,0.0,40.0,60.0,0.0,0.0,0.0
4669,4256,Mecanizado,NO,Otro,Algodón,SI,Mecanizada,NO,2.2,6197.674419,5.0,50.0,85.0,60000,17,0,0,0,0,0,0,0,0,0,0,1,0,0,0,2,0,0.0,0.0,76.0,0,0.0,30.0,0,0.0,30.0,0,0,0,0,0,2,2.0,PLANO O LLANO,PLANO,2.0,6.0,SIN ROCAS,NO,-1.0,-1.0,NO,-1.0,NO,MASIVA,NO,NO,NO HAY,LA MANANA Y LA TARDE,NO HAY,NO HAY,NO,SI,20.0,PLANTAS NORMALES,NO,NO,SI,NO,BUENO,20.0,BUENO,NINGUNO,0.0,65.0,0.0,35.0,0.0,0.0,0.0,0.0,0.0,0.0,0.0,0.0,0.0,0.0,35.0,65.0,0.0,0.0,0.0
4670,4268,Manual,NO,Otro,Maiz,SI,Manual,NO,1.0,6736.511628,6.0,49.0,79.0,61000,17,0,0,0,0,0,0,0,0,0,0,1,0,0,0,2,0,0.0,0.0,92.0,0,0.0,0.0,0,0.0,30.0,0,0,0,0,0,4,3.0,PLANO O LLANO,PLANO,2.0,5.5,SIN ROCAS,NO,-1.0,-1.0,NO,-1.0,NO,MASIVA,NO,NO,NO HAY,LA MANANA Y LA TARDE,NO HAY,NO HAY,NO,SI,18.0,PLANTAS NORMALES,SI,NO,NO,NO,BUENO,18.0,BUENO,LENTO,0.0,100.0,0.0,0.0,0.0,0.0,0.0,0.0,0.0,0.0,0.0,0.0,0.0,0.0,0.0,100.0,0.0,0.0,0.0
4671,4323,Manual,NO,Otro,Maiz,SI,Manual,NO,1.0,6900.581395,4.0,49.0,83.0,64200,18,0,0,0,0,0,0,0,0,0,0,1,0,0,0,2,0,0.0,0.0,69.0,0,0.0,0.0,0,0.0,30.0,0,0,0,0,0,3,2.0,PLANO O LLANO,PLANO,2.0,6.0,SIN ROCAS,NO,-1.0,-1.0,NO,-1.0,NO,ATERRONADA,NO,NO,NO HAY,LA MANANA Y LA TARDE,NO HAY,NO HAY,NO,SI,27.0,PLANTAS NORMALES,SI,NO,SI,NO,BUENO,60.0,BUENO,NINGUNO,0.0,100.0,0.0,0.0,0.0,0.0,0.0,0.0,0.0,0.0,0.0,0.0,0.0,0.0,0.0,100.0,0.0,0.0,0.0
4672,4322,Mecanizado,NO,Otro,Maiz,SI,Mecanizada,NO,2.1,5983.72093,6.0,49.0,84.0,60000,16,0,0,0,0,0,0,0,0,0,0,1,0,0,0,2,0,0.0,0.0,61.0,0,0.0,15.0,0,0.0,45.0,0,0,0,0,0,4,3.0,PLANO O LLANO,PLANO,2.0,6.0,SIN ROCAS,SI,17.0,5.0,NO,,NO,MASIVA,NO,NO,NO HAY,LA MANANA Y LA TARDE,NO HAY,NO HAY,NO,SI,15.0,POCO AFECTADAS,NO,NO,NO,NO,REGULAR,15.0,BUENO,LENTO,0.0,100.0,0.0,0.0,0.0,0.0,0.0,0.0,0.0,0.0,0.0,0.0,0.0,0.0,0.0,100.0,0.0,0.0,0.0
4673,4321,Mecanizado,NO,Otro,Algodón,NO,Mecanizada,NO,2.0,6105.325581,5.0,51.0,83.0,59800,16,0,0,0,0,0,0,0,0,0,0,1,0,0,0,2,0,0.0,0.0,92.0,0,0.0,0.0,0,0.0,30.0,0,0,0,0,0,4,2.0,PLANO O LLANO,PLANO,2.0,5.5,SIN ROCAS,NO,-1.0,-1.0,NO,-1.0,NO,ATERRONADA,NO,NO,NO HAY,LA MANANA Y LA TARDE,NO HAY,NO HAY,NO,SI,24.0,PLANTAS NORMALES,SI,NO,SI,NO,BUENO,60.0,BUENO,NINGUNO,0.0,100.0,0.0,0.0,0.0,0.0,0.0,0.0,0.0,0.0,0.0,0.0,0.0,0.0,0.0,100.0,0.0,0.0,0.0
4674,4320,Mecanizado,NO,DK 234 YGRR,Algodón,SI,Mecanizada,NO,2.2,6216.27907,6.0,49.0,80.0,70000,17,0,0,0,0,0,0,0,0,0,0,1,0,0,0,1,0,0.0,0.0,92.0,0,0.0,0.0,0,0.0,30.0,0,0,0,0,0,4,3.0,PLANO O LLANO,PLANO,2.0,6.0,SIN ROCAS,NO,-1.0,-1.0,SI,-1.0,NO,MASIVA,NO,NO,NO HAY,LA MANANA Y LA TARDE,NO HAY,NO HAY,NO,SI,22.0,PLANTAS NORMALES,NO,NO,SI,NO,BUENO,22.0,LENTO A MUY LENTO,LENTO,0.0,100.0,0.0,0.0,0.0,0.0,0.0,0.0,0.0,0.0,0.0,0.0,0.0,0.0,0.0,100.0,0.0,0.0,0.0
4675,4319,Mecanizado,NO,P3966 (Pioneer),Algodón,SI,Mecanizada,NO,2.3,6140.465116,5.0,52.0,78.0,67600,17,0,0,0,0,0,0,0,0,0,0,1,0,0,0,1,0,0.0,0.0,69.0,0,0.0,0.0,0,0.0,30.0,0,0,0,0,0,3,2.0,PLANO O LLANO,PLANO,2.0,5.5,SIN ROCAS,NO,-1.0,-1.0,NO,-1.0,NO,MASIVA,NO,NO,NO HAY,LA MANANA Y LA TARDE,NO HAY,NO HAY,NO,SI,24.0,PLANTAS NORMALES,SI,NO,SI,NO,BUENO,24.0,BUENO,NINGUNO,0.0,100.0,0.0,0.0,0.0,0.0,0.0,0.0,0.0,0.0,0.0,0.0,0.0,0.0,0.0,100.0,0.0,0.0,0.0
